lat,lon,class,Ce,Dy,Er,Eu,Gd,Ho,Lu,Nd,Sm,Th,Tm,U,Yb
40.49,-121.51,magmatic,8.45,31.79,58.36,0.49,5.73,12.14,28.29,0.3,0.85,32,14.37,65,139.69
40.49,-121.51,magmatic,46.28,66.46,189.8,0.51,14.86,37.68,88.34,0.57,1.69,314,46.54,511,436
40.49,-121.51,magmatic,68.14,90.61,225.64,0.85,21.73,45.38,96.36,0.72,2.46,757,53.23,811,501.76
40.49,-121.51,magmatic,170.38,303.39,519.85,2.95,70,111.31,217.11,2.78,7.38,3497,119.34,2127,1104.03
40.49,-121.51,magmatic,18.54,41.55,87.39,0.27,7.4,16.25,42.14,0.14,0.81,67,21.6,137,199.8
40.49,-121.51,magmatic,28.52,154.58,274.86,1.26,33.17,55.84,103.36,1.79,3.78,176,59.72,254,545.58
40.49,-121.51,magmatic,31.07,28.53,131.72,0.29,9.14,24.36,61.59,0.3,1.12,170,32.11,318,312.55
40.49,-121.51,magmatic,21.56,80.27,165.26,0.43,12.42,30.24,82.74,0.35,1.2,149,39.44,342,411.67
40.49,-121.51,magmatic,258.59,288.92,559.33,2.22,79.42,129.96,170.59,3.45,9.5,3823,119.03,2025,973.49
40.49,-121.51,magmatic,21.13,46.01,120.22,0.34,8.37,22.54,61.2,0.23,0.81,100,29.03,221,286.61
40.49,-121.51,magmatic,44.89,119.81,260.18,0.93,26.84,51.85,106.8,1.18,2.88,308,59.99,458,543.83
40.49,-121.51,magmatic,58.74,213.13,419.5,2.03,47.32,84.24,158.33,2.49,5.48,676,94.75,714,827.91
40.49,-121.51,magmatic,28.5,127.04,280.41,1.58,28.94,56,119.38,1.17,2.79,196,64.12,260,593.8
40.49,-121.51,magmatic,57.84,235.25,441.49,4.88,63.92,92.54,174.16,4.83,8.2,487,98.97,478,890.14
40.49,-121.51,magmatic,63.95,255.71,576.11,1.4,48.41,109.92,239,1.34,4.04,1172,134.35,1427,1205.73
40.49,-121.51,magmatic,19.79,43.93,108.28,0.3,8.76,20.05,61,0.61,0.84,128,28.18,286,283.82
40.49,-121.51,magmatic,8.88,26.14,53.64,0.38,4.66,9.61,29.13,0.12,0.53,32,13.51,67,138.13
40.49,-121.51,magmatic,22.56,41.88,90.04,0.24,5.89,16.91,45.73,0.12,0.67,74,22.66,168,222.26
40.49,-121.51,magmatic,21.4,66.96,124.82,0.63,13.65,25.61,55.02,0.56,1.34,104,30.48,183,281.33
40.49,-121.51,magmatic,18.55,57.87,92.52,0.41,10.33,19.88,48.09,0.39,0.96,152,23.12,204,217.47
40.49,-121.51,magmatic,29.78,133.27,231.45,1.29,26.63,47.52,95.74,1.66,3.81,190,52.31,246,487.51
40.49,-121.51,magmatic,23.33,72.1,182.42,0.55,13.96,32.95,99.63,0.32,1.33,162,46.28,311,448.79
40.49,-121.51,magmatic,39.45,93.31,202.97,1.07,20.57,41.73,86.36,0.73,2.05,205,47.5,318,455.54
40.49,-121.51,magmatic,34.54,63.75,128.2,0.43,11.35,25.6,60.05,0.29,1.06,219,29.86,365,298.97
40.49,-121.51,magmatic,39.67,133.54,234.09,1.23,27.66,49.92,97.7,1.25,3.57,272,52.76,366,505.82
40.49,-121.51,magmatic,56.44,136.2,274.85,1.33,30.39,54.69,109.71,1.63,3.69,361,63.39,424,591.74
40.49,-121.51,magmatic,41.54,161.48,382.32,1.88,47.08,80.7,159.62,2.64,5.9,355,88.18,464,802.06
40.49,-121.51,magmatic,32.38,178.5,330.94,1.23,30.15,61.36,164.18,1.03,2.74,314,81.9,488,769.8
40.49,-121.51,magmatic,45.15,69.13,160.29,0.55,13.32,31.22,72.08,0.51,1.45,324,38.63,503,368.7
40.49,-121.51,magmatic,60.37,94.61,277.13,0.69,20.96,53.03,130.41,0.58,1.99,318,67.61,546,660.97
40.49,-121.51,magmatic,86.62,158.12,301.39,1.17,30.62,58.07,127.02,0.85,3.03,1498,69.58,1204,660.99
40.49,-121.51,magmatic,14.51,97.31,184.31,0.33,11.49,34.29,85.84,0.19,1,90,46.04,205,425.38
40.49,-121.51,magmatic,25.45,68.35,143.34,0.49,12.97,26.72,63.31,0.34,1.11,164,34.94,250,316.93
40.49,-121.51,magmatic,45.09,129.82,244.08,1.17,29.6,50.81,104.56,1.82,4.16,335,54.04,430,528.93
40.49,-121.51,magmatic,61.42,74.07,201.53,0.74,17.47,42.96,92.37,1.16,2.06,257,50.04,454,450.09
40.49,-121.51,magmatic,18.63,38,95.98,0.41,7.67,18.63,55.1,0.58,0.93,96,25.58,253,258.25
40.49,-121.51,magmatic,27.04,68.54,165.33,0.4,13.52,31.6,85.21,1.03,1.49,148,42.28,349,391.79
40.49,-121.51,magmatic,24.58,54.06,131.35,0.47,10.47,25.04,71.72,0.73,0.99,158,34.44,361,331.3
40.49,-121.51,magmatic,19.55,52.05,124.93,0.29,9.94,24.44,61.24,0.23,0.73,103,31.69,256,297.73
40.49,-121.51,magmatic,21.48,66.77,145.81,0.33,9.3,28.1,71.85,0.24,0.87,127,37.29,299,347.94
40.49,-121.51,magmatic,22.58,58.69,142.43,0.39,10.47,27.14,74.15,0.26,0.88,135,37.07,299,348.29
40.49,-121.51,magmatic,45.28,148.25,276.35,1.34,33.07,58.15,112.38,1.64,3.97,316,66.12,431,571.52
40.49,-121.51,magmatic,48.06,105.97,261.76,0.96,30.84,54.34,103.09,0.97,3.09,363,60.34,468,543.67
40.49,-121.51,magmatic,94.4,244.83,437.02,3.03,57.62,95.24,162.64,3.45,8.54,503,95.56,598,880.72
40.49,-121.51,magmatic,12.91,17.12,53.14,0.16,3.02,9.77,30.03,0.08,0.46,44,14.36,120,139.43
40.49,-121.51,magmatic,18.93,66.83,125.57,0.49,11.84,25.27,65.62,0.48,1.19,106,32.22,194,309.69
40.49,-121.51,magmatic,23.41,55.45,125.17,0.34,10.98,24.24,60.87,0.28,0.92,117,31.82,234,304.82
40.49,-121.51,magmatic,24.36,41.03,125.86,0.37,8.68,23.83,66.22,0.21,0.99,113,32.28,242,321.63
40.49,-121.51,magmatic,25.88,155.44,200.13,1.08,21.93,39.83,84.84,1.25,2.97,172,48.02,249,431.33
40.49,-121.51,magmatic,40.91,164.7,265.45,2.15,32.36,57.94,126.13,1.83,4,230,66.41,268,628.45
40.49,-121.51,magmatic,31.27,55.99,154.71,0.33,10.08,27.37,79.52,0.3,1.07,149,38.7,314,377.41
40.49,-121.51,magmatic,34.51,145.95,250.25,3.34,38.57,54.85,111.52,3.33,6.59,289,58.5,323,541.52
40.49,-121.51,magmatic,28.95,64.58,150.69,0.4,10.47,29.99,75.43,0.22,0.93,157,37.86,345,373.99
40.49,-121.51,magmatic,35.5,72.76,186.92,0.43,13.31,34.04,96.98,0.28,1.11,165,46.68,355,471.98
40.49,-121.51,magmatic,40.37,86.8,199.81,0.49,14.04,39.31,99.32,0.46,1.62,202,50.26,403,480.38
40.49,-121.51,magmatic,40.42,90.39,195.6,0.47,13.7,36.66,96.08,0.36,1.07,193,48.46,409,478.12
40.49,-121.51,magmatic,42.58,104.69,249.98,1.01,28.28,50.67,101.52,0.89,3.1,306,56.94,418,523.27
40.49,-121.51,magmatic,52.72,153.48,292.89,1.31,32.41,61.23,116.14,1.49,4.14,382,67.81,458,605.36
40.49,-121.51,magmatic,43.06,84.8,167.94,0.57,14.1,33.81,78.71,0.46,1.23,340,41.16,489,390.94
40.49,-121.51,magmatic,51.2,91.85,178.59,0.49,15.22,35.42,77.78,0.49,1.65,354,42.93,511,386.34
40.49,-121.51,magmatic,56.81,105.18,222.3,0.54,17.97,43.95,106.54,0.48,1.94,463,54.23,627,528.4
40.49,-121.51,magmatic,4.92,12.57,28.28,0.15,2.32,5.28,17.69,0.07,0.28,16,7.75,39,80.54
40.49,-121.51,magmatic,7.36,20.15,47.63,0.19,4.84,9.33,23.74,0.15,0.34,38,11.74,101,113.69
40.49,-121.51,magmatic,19.53,80.11,150.9,2.17,23.68,31.83,67.48,2.89,3.83,157,34.52,198,324.52
40.49,-121.51,magmatic,24.12,42.16,110.88,0.23,7.68,19.97,52.03,0.21,0.57,101,26.98,237,256.53
40.49,-121.51,magmatic,18.28,46.34,119.13,0.31,8.77,21.07,59.15,0.23,0.68,103,29.39,242,284.14
40.49,-121.51,magmatic,20.09,47.4,121.52,0.26,9.39,22.88,61.85,0.35,0.72,120,31.17,266,291.87
40.49,-121.51,magmatic,32.11,95.27,215.3,0.72,20.73,42.74,97.08,0.89,2.09,209,50.81,367,478.88
40.49,-121.51,magmatic,38.16,109.97,234.51,1.04,24.98,48.53,101.76,1.22,3.01,277,56.1,408,506.43
40.49,-121.51,magmatic,32.02,77.21,196.27,0.48,14.51,36.01,96.66,0.57,1.29,207,48.48,414,469.23
40.49,-121.51,magmatic,39.73,72.99,170.89,0.53,15.12,32.25,75.34,0.56,1.47,284,40.3,475,366.76
40.49,-121.51,magmatic,50.92,256.81,541.23,3.68,62.88,112.39,221.65,3.65,7.61,505,125.69,691,1139.3
40.49,-121.51,magmatic,10.42,286.86,678.96,0.61,40.77,136.31,245.07,0.62,2.97,96,157.1,302,1362.6
40.49,-121.51,magmatic,35.6,101.86,221.53,0.84,23.3,45.73,92.42,0.89,2.35,200,49.97,311,457.24
40.49,-121.51,magmatic,24.58,62.99,161.53,0.42,11.89,29.9,80.31,0.38,1,154,40.31,326,373.09
40.49,-121.51,magmatic,26.93,60.18,156.13,0.33,11.02,29.07,76.52,0.35,1,134,38.8,335,364.94
40.49,-121.51,magmatic,43.53,97.66,249.74,0.72,18.66,45.79,123.47,0.65,1.73,239,62.32,462,592.1
40.49,-121.51,magmatic,41.49,146.45,314.5,1.41,37.71,62.85,132.41,2.05,4.6,441,73.08,572,668.06
40.49,-121.51,magmatic,63.56,131.01,317.91,0.9,24.26,59.87,138.74,0.87,2.19,390,76.27,610,708.69
40.49,-121.51,magmatic,167.97,421.89,980.3,3.84,92.42,187.15,420.53,4.85,10.29,3217,231.38,2922,2173.82
32,103.27,detrital,9.7,29.6,53,0.34,8.9,11.1,23.3,1.31,1.84,9,11.3,12.6,114
32,103.27,detrital,5.2,76.9,111,0.44,21,27,35.5,2.39,4.41,22,21.1,27.7,198
32,103.27,detrital,7.7,56.9,88,0.57,15.1,20.6,31.6,2.12,3.67,23,17.6,28,164
32,103.27,detrital,10.6,77.4,112,0.38,22.8,27,39,5.37,4.92,26.2,22.8,36.3,207
32,103.27,detrital,37.9,46.6,72.3,1.23,14.9,18.1,26.8,3.47,3.91,44.9,14.4,42.7,143
32,103.27,detrital,7.2,67.1,85.7,2.26,22.4,21.3,28.7,2.36,4.75,21.7,16.8,45.2,153
32,103.27,detrital,11.7,84.8,108,3.1,23.7,27.7,35.7,2.27,4.9,43.9,21,48.8,193
32,103.27,detrital,6.4,31.8,54.6,0.74,8.26,11.8,19.8,1.14,1.89,91.7,10.8,71.2,103
32,103.27,detrital,12.2,69.8,117,1.6,17.4,25.8,42.8,2.7,3.7,46.2,24.4,75.3,222
32,103.27,detrital,14.1,122,154,4.05,43.3,39.3,51.6,9.62,11.12,56.6,29.3,84.5,258
32,103.27,detrital,16.4,53.6,101,0.25,12.2,20.8,39.6,1.88,2.16,90.2,21.6,87,207
32,103.27,detrital,4.9,61.9,109,1.45,18.2,23.2,40.7,2.11,3.77,30.2,21.5,88.4,194
32,103.27,detrital,25.7,47.1,64,1.46,14.8,14.3,30.4,1.94,3.7,90.8,14.3,89.3,147
32,103.27,detrital,13,30.1,40,1.08,9.1,9.92,18.3,1.18,3.04,37.1,8.6,91.4,83.3
32,103.27,detrital,11.1,128,191,1.19,38.4,45.2,56.7,8.53,10.2,60.3,36,97.3,314
33.3,102.29,detrital,123,172,264,5.28,52.6,60.2,118,38.6,17.9,433,55.6,246,564
33.3,102.29,detrital,23.3,81.1,157,0.63,15.4,32.4,74.1,7.69,3.56,120,34.8,257,349
33.3,102.29,detrital,19.9,75.5,138,0.73,15.9,29.8,65.6,3.82,3.14,194,29.9,260,312
33.3,102.29,detrital,11.4,102,196,2.19,22.6,40.9,98.3,3.31,4.36,212,43.2,262,451
33.3,102.29,detrital,14.1,154,225,0.64,43.8,54.4,74.9,7.56,9.83,172,43.7,274,413
33.3,102.29,detrital,1.26,50.8,113,0.4,10.2,21.6,63.3,1.24,2.15,70.6,26.8,284,293
33.3,102.29,detrital,29.3,104,189,0.99,23.5,39.9,86.5,3.69,4.85,245,42.5,285,421
33.3,102.29,detrital,33,137,197,3.72,37.5,46.6,76.8,14.2,10.2,129,40.7,288,396
33.3,102.29,detrital,24.9,57.8,127,0.57,10.6,24.6,63.6,0.63,1.8,150,28.7,294,300
33.3,102.29,detrital,54.8,79.6,121,0.85,23.5,28.4,40.2,30.4,9.46,162,24.9,297,220
33.3,102.29,detrital,2.51,163,306,0.25,33.7,66.3,115,1.81,5.27,95,64.1,308,600
33.3,102.29,detrital,9.58,158,271,0.88,37.2,57.9,101,3.2,6.45,151,54.6,312,500
33.3,102.29,detrital,11.1,148,281,1.01,32.2,60.6,111,2.49,4.78,246,56.7,318,536
33.3,102.29,detrital,6.43,124,165,1.54,34.5,40.5,52,4.15,6.36,202,31.2,319,276
33.3,102.29,detrital,39,177,270,1.56,40,63.3,56.4,2.75,6.58,465,49.3,320,380
33.3,102.29,detrital,16.8,57.8,107,0.34,11.9,22.5,44.7,3.84,2.61,159,22.8,346,222
33.3,102.29,detrital,6.53,100,198,1.19,22.7,42.7,76,3.16,4.61,335,40.8,358,382
33.3,102.29,detrital,10.1,189,271,1.19,53.6,66.4,79.8,10.7,11.9,195,51.1,359,438
33.3,102.29,detrital,5.74,169,306,0.31,35,68.1,109,3.22,5.62,151,62.5,382,575
33.3,102.29,detrital,35.7,142,238,1.77,33.5,51.9,92.8,8.52,6.4,224,49.8,406,463
33.3,102.29,detrital,11.3,77.6,120,1.7,20.3,27.8,52.2,2.03,4.42,349,24.9,408,250
33.3,102.29,detrital,11.9,73.6,121,0.18,16.6,27.1,45.9,1.4,3.04,162,25.4,410,236
33.3,102.29,detrital,6.84,23.7,57.9,0.14,,10.6,36.8,0.6,0.59,121,14,434,162
33.3,102.29,detrital,4.55,66.2,100,0.2,9.56,24.6,32.1,0.61,1.47,51.3,19.5,456,178
33.3,102.29,detrital,18,393,544,0.95,112,135,159,10.5,20,453,101,513,865
33.3,102.29,detrital,56.8,105,184,3.04,29,38.7,89.7,28,11.6,266,42,534,433
33.3,102.29,detrital,11.1,56.6,109,2.43,13.7,21.4,62.9,3.02,3.91,137,25.6,557,274
33.3,102.29,detrital,48.6,71.7,89.9,5.03,26.5,22.1,41.1,23.5,13.7,342,19.3,588,197
33.3,102.29,detrital,67.7,157,197,7.35,57.5,49,70.1,41.2,22.7,210,39.8,590,357
33.3,102.29,detrital,3.73,24.8,52.4,0.1,4.37,10.3,30.5,0.47,0.7,61.5,11.9,696,130
33.3,102.29,detrital,46.1,97.5,136,5.15,34.9,30.5,76.9,13.5,11.1,304,30.8,710,332
33.3,102.29,detrital,10.9,293,474,3.82,73,108,179,7.64,16.1,740,98.6,713,944
33.3,102.29,detrital,120,244,224,22,108,63.8,75.9,83.4,52.9,479,41.8,735,401
33.3,102.29,detrital,59.8,116,166,3.54,32.8,39.4,66.1,29.8,15,295,35.1,921,338
33.3,102.29,detrital,50.6,96.7,186,1.19,23.6,38.2,82.7,20,7.15,232,41.3,943,433
33.3,102.29,detrital,86.2,330,475,2.54,81.7,119,145,44.7,20.7,683,90.7,1216,811
33.3,102.29,detrital,39.4,293,500,1.61,72.1,110,176,12.4,16.1,1061,103,1620,945
33.3,102.29,detrital,2.01,39.1,65.2,1.51,11,14.8,33.1,2.01,2.73,10,14.3,15.3,149
33.3,102.29,detrital,16.9,133,183,1.98,44.6,42.6,59.7,19.4,12.2,20.1,35.8,23.3,306
33.3,102.29,detrital,15.4,23.4,37.5,0.33,7.05,8.35,14.9,0.84,1.36,33.3,7.98,26.9,75.1
33.3,102.29,detrital,2.97,21.6,57.2,0.47,3.49,10.4,53,0.92,1.05,4.7,16,53.7,176
33.3,102.29,detrital,80.2,123,190,2.69,37.8,45.4,79,16.6,11.3,86.6,38.8,55.1,376
33.3,102.29,detrital,9.36,60.1,98.5,0.74,17.7,22.2,32.5,2.48,4.38,32.9,19.3,55.3,171
33.3,102.29,detrital,4.19,58.7,60.3,3.25,21.3,16.4,21.3,2.04,5.95,22.9,12.3,55.8,118
33.3,102.29,detrital,19.5,59.2,115,0.62,13.1,24.3,53.1,4.66,3.11,49.5,25.5,66.4,259
33.3,102.29,detrital,16.4,52.3,93.2,0.6,12,21.3,41,2.01,3.73,82.2,20.1,68.8,197
33.3,102.29,detrital,12.4,8.72,7.9,0.61,5.06,2.38,1.86,1.21,1.96,43.7,1.51,70.4,11.9
33.3,102.29,detrital,7.17,38.7,69.2,0.9,11.1,15.8,31.4,0.88,1.93,53.5,15.2,72.1,145
33.3,102.29,detrital,6.58,66.7,124,0.84,14.5,27.3,50.3,0.88,2.52,52.1,27.2,76.7,249
33.3,102.29,detrital,25.8,97.1,144,1.93,33,33.9,54.3,7.33,9.35,112,29.4,76.7,276
33.3,102.29,detrital,63.8,81.8,114,1.98,28.5,28.6,40.5,6.24,8.61,108,23,94.3,213
33.3,102.29,detrital,9.13,406,230,20.3,172,86.1,43.1,10.2,32.3,41.6,34.2,99,261
33.3,102.29,detrital,5.44,92.3,133,0.27,27.6,32.4,42.8,4.11,5.57,105,26.2,108,232
33.3,102.29,detrital,17.3,28,71.1,0.6,6.12,12.7,52.8,0.9,1.5,84.2,17.8,111,215
33.3,102.29,detrital,15.3,29.9,53.8,0.25,6.82,11.3,24.6,0.87,1.2,81.7,11.6,113,117
33.3,102.29,detrital,8.41,131,88.1,6.71,54.2,29.9,19.3,3.72,11.5,89.7,13.9,114,112
33.3,102.29,detrital,39.9,64.3,102,1.16,19.9,23.5,39.1,19.6,7.37,86.2,21.1,122,193
33.3,102.29,detrital,15,101,184,1.2,20.1,39.5,76.9,2.49,3.62,106,39.2,136,372
33.3,102.29,detrital,61.1,57.8,119,1.09,16.4,24.2,58.5,27.3,7.13,91.6,26.2,138,275
33.3,102.29,detrital,26.3,78.7,134,1.05,18.8,29.2,59.7,4.58,4,98.5,28.4,140,284
33.3,102.29,detrital,35.2,206,293,0.29,62.1,71.5,96.2,11.2,14.7,252,55.8,142,503
33.3,102.29,detrital,17.2,89.9,142,1.3,24,33.2,59.5,5.16,5.77,102,29.5,149,289
33.3,102.29,detrital,31.9,29.6,67.7,0.35,7.5,13,39.6,0.93,1.55,127,16.3,150,170
33.3,102.29,detrital,20.4,280,392,0.42,75.6,97.4,108,8.69,15.1,84.5,75.2,155,616
33.3,102.29,detrital,16.1,48.7,90.1,1.43,11.9,18.6,50.1,2.36,3.23,136,21.1,170,221
33.3,102.29,detrital,11.7,45.6,98.7,0.75,8.86,19.3,59.6,0.95,1.41,80.3,23.5,177,257
33.3,102.29,detrital,15.2,695,429,34.6,298,151,107,19.9,59.2,121,68.9,194,573
33.3,102.29,detrital,14.6,87.3,136,1.08,22.1,30.5,52.5,1.73,4.46,156,28.8,197,281
33.3,102.29,detrital,18,60.9,94.8,1.73,18.2,21,42.4,3.81,4.23,157,20.5,198,204
33.3,102.29,detrital,30,119,197,1.11,35.9,44.1,75.5,17.2,11.1,129,40.6,204,386
33.3,102.29,detrital,35.6,109,200,1.39,23.9,42.8,97.6,2.1,4.18,182,44.8,213,475
33.3,102.29,detrital,31.6,223,284,2.26,69.5,74.4,90.8,19.9,18.1,158,52.6,217,484
33.3,102.29,detrital,7.15,104,137,0.67,28.8,35.2,37.1,2.94,6.29,308,25.2,217,217
33.3,102.29,detrital,48.6,69.5,118,1.92,17.6,26.1,56.6,1.86,3.2,110,26.7,220,277
33.3,102.29,detrital,26,95.8,195,1.21,18.9,40.4,86.2,6.23,4.32,118,45.1,234,442
33.3,102.29,detrital,5.53,49.6,106,0.45,11.6,21.2,50.1,0.86,1.95,100,24.6,237,235
33.3,102.29,detrital,30.5,54.5,131,1.16,10.4,25.3,82,4.65,2.81,169,32.7,242,362
33.3,102.29,detrital,33,51.7,106,1.06,11,21.6,67,3.32,2.44,155,25.9,252,302
33.3,102.29,detrital,79.3,215,341,2.95,62.3,80.2,104,48,21.3,227,65.3,254,563
33.3,102.29,detrital,15.2,82.6,174,0.57,16,35,85.4,0.98,3.06,121,39.9,256,403
33.3,102.29,detrital,32.1,349,217,19.3,154,77.5,60.8,10.6,31.1,207,34.7,259,315
33.3,102.29,detrital,9.57,55.3,91.8,0.13,11.7,21.6,33.1,1.24,2.26,177,18.9,264,171
33.3,102.29,detrital,157,94.5,141,0.79,39.5,33.2,48.6,102,24.6,100,28.3,271,259
33.3,102.29,detrital,10.7,85.7,193,0.55,13,36.4,104,0.93,2.96,119,46.7,275,472
33.3,102.29,detrital,1.99,111,216,0.22,20.7,44.5,82.5,1.29,3.72,71.2,46.6,282,437
33.3,102.29,detrital,14.9,101,159,2.6,27.3,36.6,65.6,8.13,7.35,177,33.1,306,320
33.3,102.29,detrital,81.2,56.2,104,1.7,16.5,21.8,52.7,33.8,7.4,227,24.2,309,250
33.3,102.29,detrital,69.2,63.8,92.4,2.81,18.9,21.3,37.2,21.3,8.26,266,19.1,317,186
33.3,102.29,detrital,46.6,65.6,96,3.69,22.3,21.6,39.2,19.5,10.3,154,20.1,319,194
33.3,102.29,detrital,19.1,61.4,102,0.25,16.5,23.3,40.6,5.67,4.56,87.5,21.6,320,202
33.3,102.29,detrital,7.71,19,62.2,0.37,3.08,10,80.3,0.58,0.77,52.6,18.5,321,248
33.3,102.29,detrital,34.9,159,172,5.14,50.6,43.7,62.1,8.08,11.7,307,34.4,353,324
33.3,102.29,detrital,81.2,68.6,110,3.25,23.4,24.8,51.4,31.6,10.5,252,24.8,355,244
33.3,102.29,detrital,6.26,53.8,75.6,1.33,23.1,18,25.2,5.52,7.14,53,15.3,356,137
33.3,102.29,detrital,46.7,142,198,1.8,48.2,48.9,64.1,34.9,15.9,164,38.9,360,340
33.3,102.29,detrital,33.6,62.2,118,0.29,14.2,24.4,52.3,13.2,4.99,146,26.2,369,265
33.3,102.29,detrital,4.52,7.81,5.99,0.33,4.2,1.69,2.93,1.14,1.09,161,0.99,397,8.65
33.3,102.29,detrital,102,82.1,143,2.43,24.8,30.6,78.4,39.8,10,253,34.1,437,369
33.3,102.29,detrital,3.06,67.9,121,0.32,13.4,27.2,52.7,1.19,2.16,68.8,27.2,452,264
33.3,102.29,detrital,13.8,62.2,85.7,1.56,19.2,20,29.2,5.51,5.21,188,16.9,456,159
33.3,102.29,detrital,96.2,59.7,117,1.27,15,23.7,84.8,18.7,5.14,303,31,477,357
33.3,102.29,detrital,49.9,218,361,2.33,46,82.8,123,16,10.5,438,70.9,637,650
33.3,102.29,detrital,58,198,274,0.53,57.7,67.7,97.1,32.1,17.3,338,55.1,643,505
33.3,102.29,detrital,58.3,87.9,166,0.82,22.8,35,77.6,27.2,8.99,365,39,743,394
33.3,102.29,detrital,26.4,214,338,0.36,49.4,78.9,99.1,5.82,9.74,558,64.9,778,569
33.3,102.29,detrital,51.3,461,696,0.41,115,167,172,13.3,21.6,356,127,804,1024
33.3,102.29,detrital,55.7,214,341,0.76,55,79.1,110,28.3,15.2,401,66.3,820,610
33.3,102.29,detrital,32.9,101,163,0.93,23.6,35.7,63.2,16.9,8.68,295,34,938,325
33.3,102.29,detrital,143,440,539,14.5,125,136,150,69.9,51.3,938,102,940,890
33.3,102.29,detrital,971,200,231,15.5,87.4,58.1,73.5,327,66.9,1502,44.7,1089,400
33.3,102.29,detrital,66.5,114,199,2.76,27.5,44.2,76,19,11.5,411,42.4,1236,398
33.3,102.29,detrital,69.2,99.2,228,2.77,21.4,42.4,222,13.6,8.54,433,66.9,1338,872
33.3,102.29,detrital,133,506,725,1.63,155,176,215,73.9,51.6,1167,142,1364,1262
33.3,102.29,detrital,221,194,322,7.4,43.9,68.8,133,80.1,27.2,418,73,1754,714
33.3,102.29,detrital,88.7,173,287,7,53,60.3,114,44.3,26,606,62.3,1771,593
33.3,102.29,detrital,62.2,159,223,5.99,38.9,53.1,95.9,26.3,17.4,695,48,2722,480
33.3,102.29,detrital,345,819,995,27,217,249,241,147,109,1665,188,2872,1542
33.3,102.29,detrital,64.1,290,580,3.42,47.9,119,218,19.3,13.6,879,128,3041,1215
33.3,102.29,detrital,111,135,387,4.58,24.7,58.2,546,30.2,14,435,136,3865,2017
33.3,102.29,detrital,13.8,42,65.7,0.65,10.3,13.5,26.9,1.6,2.75,31.5,11.7,56.7,126
33.3,102.29,detrital,4.33,79.3,136,0.67,15.5,31,48,1.07,2.77,22.4,35,62.5,392
33.3,102.29,detrital,14.6,168,247,1.06,50.9,60,81.2,8.29,13,74,51.3,62.8,459
33.3,102.29,detrital,11.6,236,370,0.9,68,89.1,124,9.22,14,116,72.3,69.3,620
33.3,102.29,detrital,16.3,105,134,0.37,25.9,33.7,38.1,4.09,7.66,105,32,87.2,334
33.3,102.29,detrital,21.2,187,343,1.59,31,72.7,133,1.46,3.92,111,81.6,95.2,799
33.3,102.29,detrital,13.5,95.6,174,0.62,20.1,38.3,68.8,2.08,4.2,102,37.4,97.4,349
33.3,102.29,detrital,11.4,291,408,1.38,82.7,103,122,11.1,16,200,81.5,99.9,716
33.3,102.29,detrital,27.4,67.1,125,0.5,10.4,25.6,54.1,1.04,2.29,106,33.3,113,373
33.3,102.29,detrital,8.59,173,266,1.83,41.2,63.4,88.7,6.37,8.25,117,55.5,120,485
33.3,102.29,detrital,7.11,50.5,63,0.44,15.7,16.8,22.6,2.56,3.94,56.5,16.5,121,164
33.3,102.29,detrital,2.08,124,196,0.25,27.9,46.7,60.6,2.36,3.98,119,39.7,126,341
33.3,102.29,detrital,3.55,173,268,0.4,35.3,62.8,82.1,2.08,8.26,84,58.5,128,539
33.3,102.29,detrital,7.08,105,214,0.77,20,45.6,86.5,1.28,4.55,101,48,136,435
33.3,102.29,detrital,5.01,123,192,0.54,26.4,47.1,57.3,1.95,5.23,97.6,44,142,404
33.3,102.29,detrital,12.4,197,322,0.67,46.1,74.6,96.2,4.78,8.13,146,64.5,147,550
33.3,102.29,detrital,19.7,112,221,0.4,20.3,46.5,84.2,1.19,5.46,145,55.1,159,524
33.3,102.29,detrital,103,142,226,1.16,44.4,53.4,83.6,66.6,20.2,148,47.6,163,417
33.3,102.29,detrital,33.4,133,274,1.33,27.1,56.5,127,2.5,4.23,94.2,64.5,171,632
33.3,102.29,detrital,5.34,205,320,1.53,48.1,77,100,3.35,7.02,123,70,173,634
33.3,102.29,detrital,15.8,390,586,0.24,83.4,142,153,5.22,13.8,164,112,174,909
33.3,102.29,detrital,10.5,120,174,1.04,33.1,41.8,52.2,5.91,8.37,209,37.8,174,351
33.3,102.29,detrital,69.3,118,198,0.52,32,44.2,69.5,52.9,14.4,84.8,43.2,176,393
33.3,102.29,detrital,25.1,130,207,0.86,38.7,48.8,80.2,9.35,8.75,164,44.1,176,403
33.3,102.29,detrital,49.2,189,314,1.79,48.7,71.3,114,34.9,13.3,180,66.6,181,594
33.3,102.29,detrital,94.6,112,186,3.1,33.3,42.3,70.9,45.1,12.7,276,42.4,189,386
33.3,102.29,detrital,24.8,115,220,1.2,22.7,44.9,87.8,3.53,4.52,232,59.9,199,654
33.3,102.29,detrital,1.76,17.9,16.4,0.29,10.2,4.74,5.9,1.11,3.6,39.3,3.56,225,32.6
33.3,102.29,detrital,56.9,279,419,0.48,71.2,102,127,28,17,250,82.4,227,714
33.3,102.29,detrital,25,214,368,3.11,56.5,83.4,142,6.18,9.94,307,82.1,230,764
33.3,102.29,detrital,54.7,218,398,1.7,50.2,85.9,165,14.4,9.82,455,87.5,230,829
33.3,102.29,detrital,69.1,167,245,0.55,44.1,58.4,78.5,31.8,13.1,257,57,235,536
33.3,102.29,detrital,47.8,322,503,4.16,76.7,117,160,5.27,14.2,321,113,237,1020
33.3,102.29,detrital,9,195,341,1.06,42.1,75.9,126,3.78,6.18,264,76.2,257,707
33.3,102.29,detrital,0.8,202,345,0.16,36.5,79,113,1.33,2.56,55.8,71.8,260,621
33.3,102.29,detrital,0.99,262,421,0.39,45,97.1,132,0.84,5.12,70.5,91.5,260,824
33.3,102.29,detrital,20.5,212,355,2.1,51,80.4,136,6.21,9.89,321,76.3,274,690
33.3,102.29,detrital,20.2,243,324,0.74,68.6,81.1,83.5,10.3,16,369,72.1,310,687
33.3,102.29,detrital,16.9,186,230,0.35,50.7,59.1,59.1,17.2,12.7,225,47,311,398
33.3,102.29,detrital,17.3,89.7,153,1.43,23,34,65.6,2.65,4.4,227,35.3,328,352
33.3,102.29,detrital,6.88,75.4,149,0.69,14.8,31.4,60.3,1.02,3.86,162,35.5,336,351
33.3,102.29,detrital,0.68,248,313,0.42,57.9,81.9,88.9,2,6.45,87.6,59.1,338,487
33.3,102.29,detrital,12.6,221,344,1.32,51.9,80.3,104,4.11,9.83,317,75.6,343,686
33.3,102.29,detrital,43,166,300,0.9,37.5,65,113,3.49,6.22,338,62.6,343,566
33.3,102.29,detrital,3.52,130,200,0.4,29.7,43.5,61.1,3.57,5,166,50.1,349,539
33.3,102.29,detrital,33.3,161,245,2.45,46.1,57.5,98.5,6.69,11.2,575,55.2,374,542
33.3,102.29,detrital,20.5,105,165,0.4,25.6,37.7,58.9,3.23,6.03,405,37.3,388,348
33.3,102.29,detrital,42.5,124,260,3.17,26.1,52.2,128,3.24,5.28,605,62.9,391,651
33.3,102.29,detrital,23.4,244,411,0.51,48.7,93.4,135,4.24,7.75,280,82.7,395,712
33.3,102.29,detrital,2.82,111,87.1,0.47,44.8,27.8,17.4,4.48,8.86,121,15,417,116
33.3,102.29,detrital,79.1,186,381,1.56,39,77.4,199,14.9,7.52,525,90.4,417,904
33.3,102.29,detrital,55.9,191,386,1.64,41.3,84.2,190,3.45,6.06,977,93.3,420,921
33.3,102.29,detrital,1.05,212,283,0.25,40.8,72.7,77.2,1.38,4.59,71.5,57.9,422,495
33.3,102.29,detrital,19.8,80.3,151,0.66,16.7,31,65.2,2.16,3.07,352,34.5,433,331
33.3,102.29,detrital,1.15,290,496,0.28,46.3,111,161,1.2,4.48,105,100,453,851
33.3,102.29,detrital,11.4,115,184,0.4,27.3,41.5,58.9,5.44,6.21,166,41.7,477,401
33.3,102.29,detrital,17.6,121,270,0.32,19,51.8,132,1.26,2.42,292,64.7,506,623
33.3,102.29,detrital,47.3,113,164,2.89,36.6,38.7,66.2,4.53,8.52,860,38.4,513,380
33.3,102.29,detrital,6.71,62.9,93.5,0.85,17.4,21.3,38.3,4.77,3.46,166,20,532,204
33.3,102.29,detrital,49.2,198,436,0.74,34.1,85.6,230,3.14,4.99,699,107,535,1100
33.3,102.29,detrital,32.6,191,342,0.33,41.8,74.3,119,13.2,8.56,771,71.1,581,632
33.3,102.29,detrital,25.8,383,595,3.67,101,139,190,12.1,20.2,661,127,586,1095
33.3,102.29,detrital,7.85,96.8,218,0.21,13.4,43.6,95.6,0.87,2.11,292,53,587,526
33.3,102.29,detrital,1.88,73.7,63.3,0.22,22.9,19.2,13,1.28,2.34,162,11.3,590,94.4
33.3,102.29,detrital,17.2,77,154,0.6,15.1,30.2,82.8,1.72,3.02,421,38.2,638,383
33.3,102.29,detrital,62.2,190,300,1.49,49.9,70.9,100,40.2,16.5,421,70,660,655
33.3,102.29,detrital,15.4,211,311,0.26,42.3,74.8,83.2,3.7,8.7,492,72.5,707,677
33.3,102.29,detrital,10,119,261,0.69,19.9,51.4,121,3.82,3.52,328,62,744,606
33.3,102.29,detrital,356,209,342,0.6,75,78.7,121,216,53.6,524,74.8,750,698
33.3,102.29,detrital,0.82,281,383,0.41,49.3,97.3,97.2,2.1,5.83,82.7,77.3,773,636
33.3,102.29,detrital,8.91,153,272,1.45,30.5,62.4,104,3.98,6.26,372,60.2,791,549
33.3,102.29,detrital,11.6,173,306,0.37,37.8,66.8,115,2,5.9,459,67,795,612
33.3,102.29,detrital,6.43,188,355,0.58,38.2,77.2,119,5.19,6.72,664,72.4,840,603
33.3,102.29,detrital,38.9,173,149,9.39,82.9,44.6,33.8,12.4,21.1,771,25.8,841,207
33.3,102.29,detrital,27.8,358,512,0.41,81.4,129,130,13.5,15.7,1033,105,858,897
33.3,102.29,detrital,9.48,99.2,180,0.48,18.6,38.8,81.7,0.86,2.85,433,42.8,1122,414
33.3,102.29,detrital,34.5,263,466,0.81,54.1,103,174,6.92,9.17,1420,102,1129,930
33.3,102.29,detrital,32.5,196,385,1.27,37.8,81.3,165,16.7,8.5,632,84.6,1138,781
33.3,102.29,detrital,36.9,152,285,0.73,26.9,60.7,111,6.1,7.11,1736,82.4,1358,953
33.3,102.29,detrital,14.9,99.2,222,0.54,12.4,42.3,116,1.33,3.02,94,68.4,1928,879
42.12,94.3,magmatic,15.68,124.11,209.25,3.24,29.02,46.87,151.58,2.68,6.67,49.68,55.15,106.76,680.55
42.12,94.3,magmatic,31.45,200.57,356.53,4.13,44,77.91,258.48,3.16,8.24,88.38,95.01,171.16,1177.97
42.12,94.3,magmatic,16.2,93.62,197.37,1.47,16.4,40.28,157.73,0.99,3.23,44.34,54.78,112.76,676.95
42.12,94.3,magmatic,27.6,160.03,302.7,2.3,28.79,66.67,215.41,1.78,4.05,70.01,79.27,154.49,996.35
42.12,94.3,magmatic,6.74,59.16,119.4,1.21,11.71,24.66,98.83,1.17,2.52,15.89,33.89,51.6,441.65
42.12,94.3,magmatic,27.34,150.58,320.08,2.07,25.8,64.87,252.72,1.6,4.22,62.47,87.47,179.88,1115.11
42.12,94.3,magmatic,16.43,89.5,188.67,1.5,16.84,38.45,160.02,1.11,2.64,29.77,52.97,89.04,675.78
42.12,94.3,magmatic,4.55,32.28,64.4,0.59,6.19,12.79,59.39,0.4,1.35,6.85,18.89,28.69,253.41
42.12,94.3,magmatic,17,112.05,222.15,2.03,21.75,46.32,174.22,1.16,3.66,43.58,62.04,107.98,769.27
42.12,94.3,magmatic,22.93,226.66,380.34,5.57,53.72,85.16,256.1,5.91,11.5,78.32,98.78,147.85,1173.53
42.12,94.3,magmatic,8.27,61.76,121.46,1.13,11.99,24.48,96.8,0.97,2.59,17.69,33.32,54.23,429.15
42.12,94.3,magmatic,21.61,126.42,263.22,1.71,21.66,53.57,205.77,1.27,3.62,41.37,71.45,116.65,900.92
42.12,94.3,magmatic,14.33,100.43,210.99,1.63,18.23,42.51,173.42,1.05,2.9,27.1,58.64,95.03,755.28
42.12,94.3,magmatic,8.11,59.01,116.05,1.17,11.89,23.76,100.54,1.02,2.06,15.44,32.37,52.37,428.18
42.12,94.3,magmatic,26.67,164.64,325.74,2.21,27.86,68.13,245.59,1.76,3.99,86.85,88.13,186.98,1124.47
42.12,94.3,magmatic,8.7,54.75,114.2,0.95,9.87,23.43,95.03,0.56,2.07,15.46,32.32,53.72,416.25
42.12,94.3,magmatic,15.81,110.1,213.28,2.26,24.15,44.42,173.29,2.18,5.21,42.88,59.89,125.14,774.87
42.12,94.3,magmatic,7.45,44.04,95.09,0.84,8.54,18.77,90.97,0.9,1.69,9.98,27.82,45.25,382.19
42.12,94.3,magmatic,10.1,63.19,137,1.1,11.76,26.45,121.28,1.08,2.36,17,38.82,62.24,512.12
42.12,94.3,magmatic,21.8,135.21,270.47,2,24.14,55.76,212.4,1.43,3.95,48.83,74.8,145.38,939.66
42.12,94.3,magmatic,18.67,109.68,231.64,1.64,19.56,46.9,187.53,1.13,3.47,37.22,63.81,119.85,813.94
42.12,94.3,magmatic,17.35,105.01,214.09,1.6,18.7,43.32,172.09,1.32,2.98,36.45,58.95,113.01,737.81
42.12,94.3,magmatic,19.33,119.5,238.23,1.78,22.02,49.24,187.57,1.24,3.08,43.58,65.13,110.46,818.8
42.12,94.3,magmatic,22.14,127.9,237.77,2.1,26.65,50.57,173.71,1.41,4.07,50.93,63.62,116.06,804.84
42.12,94.3,magmatic,27.85,95.24,172.2,5.98,26.9,36.25,127.4,15.4,10.3,41.39,45.54,119.27,564.46
42.12,94.3,magmatic,8.88,71.35,125.02,1.75,18.34,27.04,90.51,1.84,4.03,21.12,32.94,54.45,399.24
42.12,94.3,magmatic,6.89,27.41,57.66,0.58,5.38,11.48,52.97,0.65,0.9,12.52,16.86,47.85,221.33
42.12,94.3,magmatic,11.52,59.56,123.41,0.94,11,25.3,101.46,1.99,1.78,18.05,34.42,55.31,429.82
42.12,94.3,magmatic,62.02,299.61,596.43,4.27,55.28,125.28,389.85,9.58,11.46,228.19,158.45,505.79,1864
42.12,94.3,magmatic,12.78,76.63,154.92,1.31,15,32.24,122.95,1.09,2.92,27.81,41.99,75.72,528.57
42.12,94.3,magmatic,19.73,117.32,231.82,2,22.05,48.71,175.13,1.59,3.59,46.28,62.34,111.87,766.65
42.12,94.3,magmatic,22.37,126.36,302.38,1.87,20.06,58.19,248.37,1.49,3.41,46.98,86.87,165.58,1112.47
42.12,94.3,magmatic,6.12,30.52,61.78,0.59,6.06,12.32,53.62,0.45,1.13,10.08,17.48,36.51,228.53
42.12,94.3,magmatic,18.09,107.85,224.04,1.66,18.4,45.25,173.61,1.45,3.22,37.7,61.89,115.68,780.14
42.12,94.3,magmatic,9.86,41.51,87.85,0.59,7.66,17.59,78.74,0.54,1.46,25.41,25.74,86.16,337.18
42.12,94.3,magmatic,14.9,89.16,188.58,1.45,15.55,38.34,152.98,1.05,2.77,27.16,53.58,88.56,675.05
42.12,94.3,magmatic,12.83,79.12,169.16,1.3,13.38,34.03,142.1,1.12,2.48,22.15,47.66,83.29,615.75
42.12,94.3,magmatic,11.59,74.7,151.15,1.06,14.14,31.23,121.83,0.63,2.24,21.14,42.11,70.47,539.98
42.12,94.3,magmatic,16.66,101.22,195.7,1.73,20.1,41.58,150.87,1.08,3.49,36.91,52.69,93.11,672.09
42.12,94.3,magmatic,8.67,63.34,132.59,1.14,11.89,26.28,118.31,0.78,2.27,17.61,39.01,68.92,512.59
42.12,94.3,magmatic,13.47,84.92,175.12,1.3,14.37,35.73,143.33,0.79,2.54,25.39,48.68,85.17,613.76
42.12,94.3,magmatic,9.67,72.49,152.28,1.17,12.51,30.84,129.49,0.82,2.33,19.27,43.97,68.75,562.5
42.12,94.3,magmatic,16.09,105.54,223.1,1.4,16.71,45.63,169.07,0.94,2.84,30.55,61,100.53,755.78
42.12,94.3,magmatic,19.89,131.77,257.01,2.24,24.61,54.08,184.93,1.69,4.19,44.43,68.92,118.05,839.44
42.12,94.3,magmatic,9.57,59.29,122.69,1.23,12.49,24.75,106.71,3.44,3.43,14.11,34.36,60.6,431.26
42.12,94.3,magmatic,12.83,97.45,203.4,1.79,18.76,41.08,163.27,1.65,4.01,29.66,56.92,89.53,707.98
42.12,94.3,magmatic,11.11,62.78,148.94,1,11.06,28.05,135.04,0.97,2.08,16.46,42.7,74.54,558.18
42.12,94.3,magmatic,15.49,82.61,167.3,1.3,15.03,35.27,129.08,1.04,2.36,43.62,46.26,101.7,575.36
42.12,94.3,magmatic,11.47,62.25,139.06,0.98,10.63,27.28,115.55,0.65,1.87,23.78,39.69,83.32,519.19
42.12,94.3,magmatic,21.39,108.22,207.24,1.65,20.33,43.79,150.19,4.79,3.85,59.61,56.7,177.52,714.43
42.12,94.3,magmatic,41.68,241.62,418.34,4.97,53.89,91.67,296.05,4.52,10.78,125.16,109.97,238.34,1379.34
42.12,94.3,magmatic,75.26,199.09,416.16,1.97,33.03,83.86,338.47,1.61,5.7,159.47,119.76,356.5,1531.93
42.12,94.3,magmatic,77.99,542.85,781.5,16.4,166.27,187.48,470.31,12.69,39.58,441.16,191.31,399.83,2094.61
42.12,94.3,magmatic,19.83,109.17,213.53,1.82,22.6,44.36,171.52,1.18,3.6,43.51,58.82,109.2,749.86
42.12,94.3,magmatic,95.41,543.05,800.45,12.23,147.04,188.91,456.13,6.81,26.55,447.83,195.19,451.99,2242
42.12,94.3,magmatic,71.1,404.28,621.15,8.5,105.27,145.57,372.17,4.53,18.65,317.77,152.16,352.98,1743.96
42.12,94.3,magmatic,94.5,493.28,773.55,9.61,120.52,178.94,435.49,5.29,18.87,397.24,186.33,456.73,2181
42.12,94.3,magmatic,8.53,58.33,133.91,1.17,11.33,25.93,121.86,0.98,2.34,14.76,38.91,61.54,516.43
42.12,94.3,magmatic,27.05,140.24,275.04,2.04,27.52,58.55,219.65,1.4,4.93,60.25,75.14,160.87,961.61
42.12,94.3,magmatic,47.69,263.64,472.48,4.87,59.73,102.94,338.13,4.59,11.16,151.65,124.83,266.41,1528.39
42.12,94.3,magmatic,18.02,118.37,234.41,2.27,23.54,47.83,198.49,1.69,5.25,50.29,67.1,134.74,877.2
42.12,94.3,magmatic,46.98,275.99,469.59,5.4,62.55,103.78,318.67,5.98,11.37,144.5,119.82,263.2,1478.38
42.12,94.3,magmatic,66.08,215.82,439.16,2.46,38.22,89.96,335.05,2.01,6.16,150.31,121.31,329.02,1523.45
42.12,94.3,magmatic,43.95,219.07,402.56,3.39,42.28,85.53,288.94,2.43,5.85,133.33,107.58,261.26,1344.92
42.12,94.3,magmatic,11.02,70.61,147.75,1.18,12.3,29.3,129.93,0.7,2.27,19.25,42.58,77.12,558.52
42.12,94.3,magmatic,45.18,289.19,444.3,8.31,81.04,101.12,299.02,9.03,19.88,177.78,114.37,249.43,1388.55
42.12,94.3,magmatic,22.68,127.73,256.43,2.03,24.24,52.73,203.99,1.6,4.21,52.11,71.37,141.31,922.69
42.12,94.3,magmatic,48.78,221.85,428.29,2.84,41.19,90.52,311.24,2.22,6.01,124.15,116.55,252.28,1450.74
42.12,94.3,magmatic,30.92,149.7,299.02,2.24,27.06,62.13,230.25,1.69,4.17,68.53,80.74,182.46,1038.91
42.12,94.3,magmatic,15.9,94.43,189.75,1.38,17.74,39.27,154.14,0.74,2.52,34.72,51.55,98.08,675.48
42.12,94.3,magmatic,31.11,178.91,335.63,2.81,35.22,71.14,250.57,2.17,5.71,86.64,89.44,180.79,1112.77
42.12,94.3,magmatic,17.14,120.13,233.29,2.35,26.64,47.92,195.53,1.93,5.23,50.89,65.73,122.68,862.03
42.12,94.3,magmatic,83.27,420.87,670.9,7.11,94.89,153.56,409.03,4.79,14.12,319.98,169.32,407.61,1994.17
42.12,94.3,magmatic,14.06,51.6,104.85,1.03,10.48,21.29,89.64,1.02,2.29,48.36,29.83,118.11,387.8
42.12,94.3,magmatic,10.25,63.19,131.9,0.95,11.26,26.76,114.71,0.6,1.71,19.26,36.68,60.39,477.59
31.82,92.07,,121.75,129,225,2.43,41.2,49,97.6,65.14,17.48,158,48.1,198,450
31.82,92.07,,8.21,120,186,0.53,33.2,43.7,57.3,3.64,6.42,159,36.2,275,307
31.82,92.07,,10.46,42.5,70.9,0.71,10.9,16.4,28,0.9,2.16,90,14.6,159,132
31.82,92.07,,13.2,53.3,102,0.67,12.6,20,44.3,1.36,2.04,89,20.8,121,235
31.82,92.07,,17.59,196,239,4.62,65.7,61.7,81.1,6.49,13.53,131,45.8,173,404
31.82,92.07,,23.98,57.4,115,0.82,13.8,23.3,63.6,4.73,3.58,196,26.9,507,272
31.82,92.07,,20.57,56.5,114.6,0.82,13.1,23.3,59.3,1.65,2.5,201,26.2,389,265
31.82,92.07,,6.76,69.8,126,1.25,17.6,27,61.2,1.17,2.76,63,27.6,274,272
31.82,92.07,,12.26,86.1,152,0.61,16.3,33.7,61.6,0.7,2.18,127,32.4,457,299
31.82,92.07,,5.38,63.6,110,1.52,16.8,24.1,56,2,3.32,50,24.9,157,249
31.82,92.07,,8.65,109,181,0.59,27.4,41.6,61.1,2.68,4.74,43,36.2,69,323
31.82,92.07,,35.1,53.7,97.5,1.56,17.1,20.2,53,4.19,5.49,240,23.1,405,240
31.82,92.07,,11.86,95.5,165,1.25,22,36.9,62.8,2.02,4.14,30,35.2,34,322
31.82,92.07,,15.87,43.8,88.6,0.72,10.1,17.9,49.6,1.13,1.91,134,20.7,320,212
31.82,92.07,,8.88,68.1,124,0.25,15.3,27.8,45.4,1.58,2.26,104,25.6,151,237
31.82,92.07,,19.5,54.2,112,0.11,10.5,20.8,48,0.84,1.85,215,23.7,386,267
31.82,92.07,,5.75,30.1,62,0.26,5.97,12.4,30.5,0.48,0.85,86,14.4,491,141
31.82,92.07,,29.47,76.5,118,1.05,23.6,27.2,41,3.29,4.9,116,23.6,105,215
31.82,92.07,,5.9,82.7,140,0.48,19.2,32.1,46.8,1.82,3.64,81,28.3,120,250
31.82,92.07,,28.2,88.8,134,1.11,25.4,29.5,40.9,14.95,6.65,116,24.4,309,244
31.82,92.07,,9.18,69.8,143,0.19,13.7,28.6,61.3,0.54,1.76,282,32.2,794,311
31.82,92.07,,13.74,12.1,16.8,0.47,4.22,4,7.5,1,1.04,78,3.7,113,38.4
31.82,92.07,,24.84,48.7,92,0.21,10.8,19.1,39.7,0.93,2,231,20.4,373,195
31.82,92.07,,18.95,155,243,0.94,43.9,57.3,76.3,9.97,9.89,341,46.8,548,402
31.82,92.07,,13.19,32.7,57.7,0.31,7.98,12.2,24.5,0.72,1.31,161,12.6,252,119
31.82,92.07,,16.9,83.6,118,0.43,24.9,28.4,37,2.14,5.08,265,23.1,306,203
31.82,92.07,,11.79,41.2,79.8,0.13,9.16,16.8,33.1,0.61,1.63,120,17.9,280,164
31.82,92.07,,83.94,89.9,119,2.26,38.9,29.1,45.3,38.41,14.62,400,24.8,559,230
31.82,92.07,,17.66,71.8,123,0.42,17.3,27.1,49,1.15,2.69,175,26.4,345,247
31.82,92.07,,39.95,187.3,239,3.24,72.3,60.7,69.5,31.57,22.19,202,44.4,205,377
31.82,92.07,,31.88,80.5,139,0.71,22,30.1,56.8,3.18,4.6,424,30.5,655,288
31.82,92.07,,21.4,36.4,68.4,0.38,9,13.3,30.5,1,1.8,92,14.7,169,166
31.82,92.07,,25.45,134,206,1.05,38.8,48.5,74.6,14.1,9.71,123,41.3,287,369
31.82,92.07,,18.15,44.2,96.7,0.23,7.94,18.9,48.9,3.29,1.67,69,22.9,184,228
31.82,92.07,,12.57,94.5,150,0.2,23,35.5,48.3,1.71,3.52,162,30.6,230,261
31.82,92.07,,6.64,16.5,66.1,0.13,1.92,9.9,53.8,0.63,0.4,71,19.1,705,224
31.82,92.07,,7.89,35.4,57.2,0.31,10.7,13.2,21.5,0.79,1.74,49,11.8,91,110
31.82,92.07,,42.68,179,303,0.6,37.8,68.4,94,2.64,6.11,377,61.6,869,540
31.82,92.07,,12.71,99.3,189,0.8,21.7,39.7,80.9,1.78,3.4,56,42.3,257,409
31.82,92.07,,5.54,41.4,68.9,0.07,10,15.4,24.1,0.92,1.78,119,13.9,269,127
31.82,92.07,,20.49,214,332,0.32,58.5,79.7,104.2,7.47,12.78,504,66.4,493,569
31.82,92.07,,19.46,27.1,57.5,0.24,5.58,11.2,30.2,0.42,0.87,91,14.2,385,146
31.82,92.07,,10.89,35,71.3,0.34,7.52,14.1,36.2,0.42,0.9,149,16.2,327,166
31.82,92.07,,6.34,263,412,1.34,80.4,96.9,141,9.66,16.46,244,81.4,144,711
31.82,92.07,,1.27,173,341,0.09,26.8,72,127.8,1.03,3.28,87,73.7,573,671
31.82,92.07,,9.22,68.7,106,1.48,23,24.7,40.5,3.24,5.05,218,21.4,325,194
31.82,92.07,,29.38,125,211,1.44,30.98,46.4,91,5.31,5.77,607,46.9,1042,450
31.82,92.07,,3.92,167,278,0.71,47.9,62.9,98.3,5.06,7.83,117,56.3,89,512
31.82,92.07,,8.29,102.6,181,0.3,22.1,40.2,68,1.48,3.53,117,37.2,223,334
31.82,92.07,,4.87,101,96.3,5.72,51.4,27.5,29.5,2.88,10.29,109,18.7,403,163
31.82,92.07,,9.83,42,90.9,0.09,7.99,18.1,45.2,0.55,1.18,108,20.8,286,212
31.82,92.07,,12.77,31.6,62.1,0.79,7.56,12.7,33.2,1.36,1.6,142,14.3,275,146
31.82,92.07,,2.67,164.3,303,0.28,30.4,66.5,110,1.48,3.64,74,62.8,285,547
31.82,92.07,,8.88,76.4,138,0.24,17.2,30,54,1.09,2.94,102,28.4,202,261
31.82,92.07,,16.38,88.8,156,0.45,21.2,34.5,60.5,2.27,3.92,181,32.3,319,290
31.82,92.07,,14.8,31.9,50.8,0.26,8.49,11.6,20.5,1.2,1.54,73,10.8,101,102
31.82,92.07,,16.64,106,185,0.44,28.4,41.3,72.1,6.85,6.15,173,39.4,277,358
31.82,92.07,,13.28,128,261,0.27,23.7,54.6,112,1.31,3.38,390,58.9,886,569
31.82,92.07,,14.33,52.4,77.4,0.72,17.4,18.1,27.1,1.97,3.42,199,15.9,407,144
31.82,92.07,,15.96,72.8,129,0.35,17.1,28.2,51.9,1.34,2.91,146,26.7,233,253
31.82,92.07,,6.47,32.5,70.3,0.25,6.06,13.4,39,0.78,0.86,138,17.5,776,182
31.82,92.07,,24.16,97.9,185,0.69,24.6,39,78.4,6.55,5.34,195,40.3,308,387
31.82,92.07,,51.06,222,426,0.11,42.1,91.9,158,2.9,6.33,356,90.1,692,796
31.82,92.07,,24.9,41.9,78.2,0.47,11,15.3,34.8,4.33,2.58,111,16.3,173,185
31.82,92.07,,13.45,62.2,124,0.28,12.9,25.6,58.5,2.36,2.11,102,27.6,328,265
31.82,92.07,,6.97,101,175,0.73,25.5,39,61.7,2.29,3.57,181,35.3,371,322
31.82,92.07,,10.75,90,166,0.42,20,36.4,63.3,1.38,3.43,189,35.2,367,324
31.82,92.07,,7.93,57.2,133,0.67,9.2,25.6,72.1,1,1.49,161,32.1,1096,330
31.82,92.07,,13.02,104,174,0.58,27.6,39.4,69.9,4.61,4.78,107,35.7,191,329
31.82,92.07,,3.75,132,223,0.55,37.6,47.1,74.8,3.47,7.01,99,42.1,86,433
31.82,92.07,,7.42,75.7,140,0.33,15.4,30.5,57.1,0.85,2.11,94,29.8,348,273
31.82,92.07,,23.67,149,270,0.3,31.7,59.6,104,3.31,5.02,622,55.9,908,505
31.82,92.07,,16.53,101,194,1.04,22.5,39.8,94.7,2.75,4.35,281,44.8,429,449
31.82,92.07,,26.85,364,573,1.45,85.6,135,188,18.65,16.87,169,114,756,957
31.82,92.07,,5.95,238,515,0.49,35.1,103,229,1.47,4.17,59,117,186,1134
31.82,92.07,,4.61,52.4,85.9,0.51,14.5,19.4,32,1.92,2.6,43,17.7,90,164
31.82,92.07,,8.34,85.2,135,0.04,16.3,31.9,39.9,0.62,2.13,216,26.7,521,222
31.82,92.07,,6.48,38.4,74.2,0.12,7.78,15.2,31,0.79,1.34,95,16.2,250,156
31.82,92.07,,4.84,60.4,99.7,0.17,17.2,22.7,39.5,1.96,3.28,184,20.3,350,188
31.82,92.07,,20.79,194,346,0.39,44.3,76.7,138,4.5,7.51,612,71.7,1159,656
31.82,92.07,,3.55,76.5,141,0.13,15.1,30.6,54.7,0.85,2.16,79,29.2,234,269
31.82,92.07,,13.36,219,319,0.85,65.3,78.7,97.8,9.7,13.6,256,60.6,227,499
31.82,92.07,,21.69,52.1,96.6,0.22,11.6,20.8,39.9,1.13,1.95,138,20.7,180,200
31.82,92.07,,62.18,65.5,124,0.6,16.6,25.8,57.8,22.37,6.01,401,29,834,287
31.82,92.07,,7.53,40.8,115.8,0.07,5.53,19.3,96.3,0.8,0.78,98,32.6,804,383
31.82,92.07,,7.48,135,250,3.21,21,50,83.8,5.11,4.02,70,49,776,504
31.82,92.07,,4.8,50.3,88.4,0.33,9.63,18.5,48.3,1.9,1.43,81,21.7,1794,228
31.82,92.07,,16.46,99.8,167,0.48,23.7,38,62.3,3.54,4.32,212,33.9,314,302
31.82,92.07,,11.16,46.4,100,0.07,8.55,19.8,53.3,0.62,1.33,207,23.7,819,238
31.82,92.07,,2.52,94.7,162,0.2,18.8,34.3,82.7,1.77,2.92,98,38.1,1538,388
31.82,92.07,,5.13,54.8,103,0.27,12.9,21.7,49.8,1.49,2.19,217,22.7,585,224
31.82,92.07,,18.17,80.3,167,0.73,15.6,33.2,88.8,1.56,2.55,219,39.2,456,402
31.82,92.07,,24,90.5,170,0.36,20.2,34,67.1,2.21,3.51,112,34.3,150,375
31.82,92.07,,9.97,81.5,144,0.49,18.5,31.7,56.7,1.4,3.06,100,30.3,215,274
31.82,92.07,,11.2,60.3,176,1.1,11.2,28,151.3,4.79,3.08,117,52.9,1221,653
31.82,92.07,,5.03,98.4,141,0.15,27.1,34.6,43.6,2.42,4.93,253,27.8,398,229
31.82,92.07,,53.82,204,325,10.26,77.5,68.7,131,32.19,30.82,222,72.5,466,690
31.82,92.07,,6.07,7,14.7,0.18,1.9,2.9,9.3,0.15,0.37,46,3.5,166,38.2
31.82,92.07,,17.16,94.7,154,1.01,24.2,33.7,79.2,1.85,3.67,156,35.5,777,367
31.82,92.07,,4.29,22.3,44.9,0.13,4.29,9.3,17.2,0.14,0.56,66,9.6,270,90.4
31.82,92.07,,10.74,198,302,2.13,55.6,71.2,98.9,8.56,11.73,108,57.8,215,507
31.82,92.07,,30.29,262,393,3.05,78.3,92.1,131,11.39,18.58,510,79,723,704
31.82,92.07,,9.46,185,316,0.9,43.9,69.7,121,3.05,7.27,226,65.6,612,599
31.82,92.07,,6.98,135,241,0.52,23.7,53,84,0.68,2.51,243,51.7,776,464
31.82,92.07,,12.22,149,210,0.47,42.9,52.5,57.8,5.54,9.47,207,39.9,207,332
31.82,92.07,,9.25,95.4,152,2.23,29.3,35,60.2,3.97,6.03,126,31.2,266,282
31.82,92.07,,9.88,98.9,199,0.32,22.2,40.6,95.5,1.74,3.67,167,46.6,779,470
31.82,92.07,,18.82,90,157,0.74,20.6,35.1,59,3.1,3.98,195,32.7,375,303
31.82,92.07,,46.02,89.7,191,0.39,21,37.6,105,21.24,6.84,289,44.2,1061,450
31.82,92.07,,91.83,137,213,0.85,40.7,50.2,74.7,39.33,13.77,206,41.7,240,365
31.82,92.07,,2.1,67.9,48.6,0.34,30.3,16.1,10.6,2.82,5.99,60,7.7,172,59.4
31.82,92.07,,18.1,75.7,118,1.4,24.7,24.3,53.1,4.22,5.38,291,24.2,671,279
31.82,92.07,,4.68,89.3,176,0.55,17.4,36.4,90.7,0.98,2.67,55,41.6,444,422
31.82,92.07,,21.47,142,249,1.31,32.2,53.8,105,3.53,6.09,526,54.2,1148,525
31.82,92.07,,9.4,92.1,136,0.22,24.4,30.9,37.2,2.84,4.89,125,24,159,230
31.82,92.07,,5.83,60.1,112,1.35,15.9,23,58.5,3.11,3.68,151,25.3,196,261
31.82,92.07,,13.09,96.2,190,0.38,19.02,39.9,86.6,0.89,2.73,116,42.2,243,401
31.82,92.07,,21.15,70.5,150,0.61,12.8,29.9,80.7,1.67,2.51,223,36.8,655,386
31.82,92.07,,11.82,88.8,167,0.24,19.4,36.2,63.9,1.82,2.76,219,35.9,486,330
31.82,92.07,,12.49,49.8,80.6,0.51,13.7,18.6,29.7,1.71,2.56,18,16.5,17,151
31.82,92.07,,4.28,86.9,131,0.18,22.3,31.5,42.6,1.89,3.71,109,26.7,229,227
31.82,92.07,,2.6,10,23.4,0.2,2.03,4.4,13.2,0.19,0.2,26,5.8,76,61.6
31.82,92.07,,38.99,61.9,118,1.44,16.3,24.3,61.6,2.11,3.49,250,28.2,371,284
31.82,92.07,,10.05,93.1,164,0.13,20.7,36,66.2,1.84,3.68,327,35,559,319
31.82,92.07,,10.74,31.7,77.6,0.11,5.36,14.4,47.9,0.29,1.05,116,19.9,692,213
31.82,92.07,,24.9,133,233,2.52,30,50,96.6,9.03,7.68,508,50.9,816,490
31.82,92.07,,1.28,197,273,0.32,44.6,67.6,83.8,1.96,5.63,141,52.1,604,436
31.82,92.07,,10.24,101,189,0.13,18.7,41.1,70.9,0.77,2.75,289,41,630,377
31.82,92.07,,2,116,205,0.61,27.6,45.4,78.3,2.38,4.49,61,43.1,118,396
31.82,92.07,,33.96,240,349,1.67,72.9,84.5,109,10.38,14.97,780,67.1,394,563
31.82,92.07,,17.79,111,203,1.46,24.3,43,93.5,5.16,5.31,253,45.3,888,437
31.82,92.07,,5.25,442,682,0.62,124,163,221,15.09,23.56,367,131,553,1119
31.82,92.07,,24.62,176,348,0.26,34.6,73.5,150,1.63,4.64,306,75.1,717,699
31.82,92.07,,3.89,281,524,0.35,55.1,113,195.9,3.67,8.52,230,108.3,828,991
31.82,92.07,,34.53,42.6,65.9,0.69,14.4,15.3,26.1,2.14,3.69,171,14.3,202,130
31.82,92.07,,2.27,171,305,0.84,30.9,67.3,113,2.48,4.69,48,63.8,205,583
31.82,92.07,,533.48,168,100,45.9,142,34.7,20.3,393.59,141,1145,16.3,142,124
31.82,92.07,,8.75,218,280,6.53,65.8,70.2,86.1,11.32,18.11,153,53.9,489,455
31.82,92.07,,3.72,128,211,0.15,31.2,48.4,70,2.07,5.69,300,42.9,305,374
31.82,92.07,,3.64,81.4,129,0.05,16.8,30.1,34.9,0.59,2.2,211,24.5,635,196
31.82,92.07,,6.86,312,445,2.33,92.5,108.7,139,8.5,17.03,236,83.6,416,709
31.82,92.07,,8.51,127.7,177,3.86,44.3,42.7,65.5,3.98,9.76,109,35.7,703,321
31.82,92.07,,3.57,85.5,147,0.08,17.3,32.5,55,1.23,2.72,202,30.9,540,285
31.82,92.07,,1.09,91.2,130,0.03,20.1,31.9,37.3,0.87,2.67,67,24.5,264,207
31.82,92.07,,10.78,198,316,0.27,51.6,73.9,105,3.58,8.16,405,64.7,482,546
31.82,92.07,,3.17,221,261,0.3,57,68.3,81.7,3.01,7.43,118,49.9,652,424
31.82,92.07,,5.21,152,225,0.16,38.3,53.1,73.9,2.98,6.11,257,44.1,549,386
31.82,92.07,,5.05,226,325,1.26,59.33,79.9,95.5,7.1,11.88,334,62.8,185,535
31.82,92.07,,45.46,112,164,2.06,38.5,38.3,56.8,5.9,9.94,312,33.2,267,297
31.82,92.07,,16.83,116,177,0.9,34.2,41.6,55.8,4.63,7.15,638,33.8,326,291
31.82,92.07,,18.5,84.6,170,0.76,16.2,34.3,77.3,2.5,3.28,141,38,413,371
31.82,92.07,,61.72,98.8,192,1.09,22.7,39.8,92.1,3.43,4.99,375,44.2,530,436
31.82,92.07,,23.43,105,262,4.62,22.9,43.5,297,12.49,6.7,266,82.5,1928,1071
31.82,92.07,,30.18,221,422,0.12,44.5,90.7,171,2.54,5.65,378,91.4,740,829
31.82,92.07,,0.58,42.5,150,0.04,2.6,26.2,44.3,0.07,0.12,25,31.2,1387,244
31.82,92.07,,10.67,84,163,0.15,14.6,34,68,0.8,1.68,299,36.8,790,348
31.82,92.07,,10.11,74.9,127,0.56,18.8,28.5,49.7,1.4,3.22,225,26.4,638,240
31.82,92.07,,73.03,143,222,1.15,40.8,52.6,69.7,47.74,15.49,72,44,167,385
31.82,92.07,,20.34,455,489,18,174,131,143.6,18.65,38,169,91.1,523,785
31.82,92.07,,2.27,55.7,77.2,0.58,17.9,18.8,25.9,2.5,4.04,25,15.3,35,134
31.82,92.07,,1.11,137,217,0.14,26.2,50.3,74.3,1.09,3.36,92,44.3,546,389
31.82,92.07,,11.58,53.5,118,0.62,10.3,23.7,70.5,0.86,1.64,128,28.1,437,289
31.82,92.07,,8.89,46.9,76.2,0.14,12.5,17.2,27.1,1.06,2.22,85,15.7,161,142
31.82,92.07,,22.71,110.6,207,1.64,26.6,43.1,104,7.94,6.4,224,46.9,606,477
31.82,92.07,,1.76,128,175,0.25,31.6,43.4,64.6,1.75,4.98,109,35.2,842,320
31.82,92.07,,16.05,130,213,0.35,32.8,49.4,75,2.59,5.61,188,42.7,341,378
31.82,92.07,,1.16,39.1,34.8,0.13,14.3,9.6,7.6,0.77,2.36,66,5.6,531,52.3
31.82,92.07,,9.4,49.8,92,0.1,10.2,19.3,36.4,0.89,1.79,130,20.4,306,189
31.82,92.07,,1.89,163,173,0.51,36.9,48.4,49.2,1.5,4.78,112,31.2,706,257
31.82,92.07,,3.72,215,236,0.32,59.2,67.4,52.5,3.75,8.93,210,41.4,380,312
31.82,92.07,,8.24,88.9,120,1.12,18.7,27.7,40.7,1.64,3.08,194,21.9,1214,235
31.82,92.07,,3.08,123,181,0.26,27.49,42.6,68.4,1.66,4.44,269,37.3,756,337
31.82,92.07,,13.54,168,259,0.84,46.5,60.9,87.1,5.74,9.53,222,50.4,305,436
31.82,92.07,,1.77,185,332,0.09,35.2,73.5,122,1.33,4.31,100,68.2,479,601
31.82,92.07,,12.08,51.1,105,0.44,10,20.8,59.2,1.14,1.96,247,25.5,881,267
31.82,92.07,,9.13,131.1,217,0.07,32.6,45.6,69.3,2.56,5.65,256,41,298,414
31.82,92.07,,68.25,280,487,1.65,60.1,108,190,14.76,12.09,1736,103.4,2212,946
31.82,92.07,,2.65,36.8,70.2,0.67,9.24,14.6,36.1,0.63,1.58,82,15.7,155,156
31.82,92.07,,11.31,117,190,0.22,30,43.3,71,2.54,5.66,398,39.5,439,353
31.82,92.07,,12.11,125,219,0.48,27.7,49.4,75.1,2.25,4.22,195,44,294,380
31.82,92.07,,18.15,77,142,0.38,17.5,30.3,63.1,1.29,2.98,198,30.5,360,292
31.82,92.07,,5.22,104,153,0.19,27.4,36.1,50.7,2.05,4.81,239,30.2,460,261
31.82,92.07,,14.9,59.7,99.2,0.7,17.1,20.4,45,3.61,4.29,273,20.4,481,235
31.82,92.07,,10.48,70,111,0.22,21.2,25,40.2,1.65,3.84,243,23.3,195,210
31.82,92.07,,0.79,28.7,15.7,0.09,17.8,6,2.6,1.07,3.81,74,2.2,510,14.9
31.82,92.07,,16.89,93.9,161,0.57,26.8,35,73.3,4.07,6.21,177,36,717,343
31.82,92.07,,10.8,234,366,1.67,61.6,85.5,131,5.99,11.36,233,73.5,676,657
31.82,92.07,,26.27,93.6,155,0.63,23.4,34.3,59.2,16.64,8.82,235,32.1,335,292
31.82,92.07,,5.26,15.8,11.4,0.23,9.27,3.8,2.1,1.72,2.69,72,1.8,60,12.1
31.82,92.07,,5.46,199.5,324,0.99,35.4,74.9,112,4.14,5.08,3620,65.3,1179,571
31.82,92.07,,11.89,84.9,248,0.7,13.9,39.7,185,1.49,2.36,136,73.6,787,851
31.82,92.07,,9.66,191,328,2.05,45.3,74.1,120,3.14,7.23,147,65.9,193,591
31.82,92.07,,18.78,83.5,166,0.4,14.41,34.5,70.3,0.86,2.12,204,36.3,394,339
31.82,92.07,,17.26,115.7,221,1.27,27.1,46,118,4,4.97,275,52.4,1082,544
31.82,92.07,,10.7,70.9,117,0.28,13.3,25.9,58.1,4.91,2.05,58,27.7,835,282
31.82,92.07,,13.62,52.6,87.2,1.51,16.9,18.9,40.7,1.92,3.65,122,19.1,253,190
31.82,92.07,,17.4,65.7,128,0.33,12.5,24.9,52.4,0.79,1.8,132,26.6,275,295
31.82,92.07,,16.32,98.8,168,0.36,23.2,37.9,63.2,1.83,4.57,173,35.7,377,327
31.82,92.07,,29.79,146,265,1.73,38.2,56.8,129,9.64,9.52,812,61.4,1484,598
31.82,92.07,,2.74,34.6,51.7,0.39,15.8,11.6,24.3,1.61,4.21,103,11.8,506,120
31.82,92.07,,3.14,34.7,67.3,0.8,7.06,13.4,44.3,1.59,1.6,61,17.3,1469,188
31.82,92.07,,3.28,31.9,48.9,0.39,9.2,10.6,16.6,0.98,1.98,38,9.1,100,96.9
31.82,92.07,,5.07,41.5,29,0.09,19.6,9.2,4.8,1.12,3.92,136,4.1,806,33.9
31.82,92.07,,13.91,54.1,91,0.38,15.2,20,36.3,3.72,3.34,170,19.2,440,174
31.82,92.07,,56.36,101,189,2.07,24.5,39.5,97.2,4.75,5.73,477,43,787,432
31.82,92.07,,28.53,151,270,4.25,37.3,56.6,142,9.49,8.68,792,64.4,2249,663
31.82,92.07,,106.59,179,288,2.44,56.12,65.7,110,44.4,18.67,490,60.3,339,539
31.82,92.07,,4.38,169,287,0.45,32.2,63.7,117,2.65,4.33,134,60.9,682,563
31.82,92.07,,18.79,131,265,0.8,25.6,54.5,126,4.53,4.5,351,60.3,1110,585
31.82,92.07,,11.97,48.6,99.6,0.17,9.83,20.3,46.8,2.25,1.86,131,22.6,589,218
31.82,92.07,,6.74,39.9,59.9,0.26,11.2,13.3,21.2,0.87,2.28,123,11.4,336,121
31.82,92.07,,14.62,59,117,0.36,12.4,24,57.1,0.73,1.78,195,26.7,477,263
31.82,92.07,,3.73,64.6,66,0.75,22.6,17.7,25.7,1.75,3.28,135,13.2,824,127
31.82,92.07,,28.56,213.2,235,6.1,101,61.3,77.7,4.03,18.48,170,45,913,391
31.82,92.07,,7.97,65.5,85.4,0.41,22.7,20.1,23.1,4.37,5.88,123,14.9,57,145
31.82,92.07,,2.87,5.9,5.5,0.24,3.08,1.7,1.3,0.6,0.72,56,0.9,86,7.7
31.82,92.07,,88.03,64.5,74.4,1.79,31.5,19.8,22,42.75,15.45,214,14,184,115
31.82,92.07,,9.49,16,52.4,0.2,1.98,8.7,30.3,4.27,1,13,13.2,226,136
31.82,92.07,,30.6,136,154,2.98,58.9,41.5,41.8,14.47,19.44,369,27.4,227,225
31.82,92.07,,31.77,122.5,265,1.05,22.7,52.7,140,1.07,3.13,329,61.2,594,616
31.82,92.07,,12.29,59.4,111,0.7,13.6,23.1,49.6,1.32,2.9,245,24.7,308,242
31.82,92.07,,10.84,64.3,163,0.15,9.15,29.2,102.1,0.71,1.3,186,44.3,932,484
31.82,92.07,,20.17,159,289,1,34.9,62.3,121,3.64,5.89,428,67.3,949,590
31.82,92.07,,24.24,56.8,93,0.44,15.1,21.2,35.8,1.59,3.03,160,19.3,186,173
31.82,92.07,,36.69,143,197,0.72,49,47.5,65.6,5.63,11.53,591,38.4,825,340
31.82,92.07,,69.26,129,183,0.38,42.2,44.3,60.3,29.33,14.37,525,36.3,431,310
31.82,92.07,,5.23,93.8,119,0.74,33.9,30.8,35,4.43,8.01,88,21.9,37,181
31.82,92.07,,84.22,87.6,168,0.97,24.4,35,79.5,39.02,10.51,298,37.7,761,368
31.82,92.07,,13.72,83.9,171,0.43,15.9,34.7,97.1,0.85,2.32,249,40.3,959,425
31.82,92.07,,19.85,121,248,0.82,21.6,50.6,114,1.12,2.81,310,55.7,826,539
31.82,92.07,,25.83,81.6,127,0.92,25.6,28.6,53.4,4.29,5.8,282,27.2,832,258
31.82,92.07,,3.74,16.4,31,0.41,3.5,6.3,14.4,0.48,0.65,102,7.5,527,72.2
31.82,92.07,,20.97,85,157,0.43,17.5,33.6,73.2,1.42,2.84,126,35.3,772,345
31.82,92.07,,3.51,67.6,147,0.42,10.9,29.2,94.4,1.49,1.81,108,36.6,1124,403
31.82,92.07,,32.2,52.5,85,0.57,14.2,19,33.9,2.09,2.84,372,18.6,433,176
31.82,92.07,,10.13,35.2,72.7,0.17,6.79,14.7,36.8,0.37,1.03,76,16.4,421,162
31.82,92.07,,16.4,33,53.3,0.39,9.02,12.1,20.9,0.86,1.74,85,11.2,128,103
31.82,92.07,,27.17,268,419,0.62,64.7,99.2,124,4.62,9.4,1067,80.9,1020,688
31.82,92.07,,35.2,277,486,3.55,56.5,106,185,7.98,10.46,662,103,1487,927
31.82,92.07,,27.36,198,267,0.61,63.1,66,80,10.06,14.85,489,51.6,348,434
31.82,92.07,,57.67,69.3,94.6,2.15,25.9,23,35,4.97,7.14,225,18.6,160,170
31.82,92.07,,42.32,252,423,0.45,56.2,97.5,144.3,3.18,7.62,781,84.3,1322,727
31.82,92.07,,12.04,58.4,98.2,0.08,14,22.4,35.8,1.2,2.45,75,20.2,89,177
31.82,92.07,,17.35,97.6,181,0.54,21.5,38.9,77.9,1.23,3.36,279,39.1,371,367
31.82,92.07,,12.02,154,259,0.94,39.2,56.7,122,6.29,7.76,339,56.4,642,559
31.82,92.07,,13.28,109,188,1.22,28,41.9,83.3,3.47,6.19,256,41.3,497,390
31.82,92.07,,12.43,41.5,95.4,0.3,7.54,17.9,58.8,0.64,1.04,152,24.2,532,255
31.82,92.07,,2.82,44.1,77.6,0.65,8.88,17,31.7,1.1,1.51,57,17.2,1806,160
31.82,92.07,,12.27,54.7,256,0.24,7.04,33.3,356,6,2.41,272,89.4,3501,1256
31.82,92.07,,5.23,26.8,66.5,0.16,4.3,11.4,40.1,0.36,0.49,88,15.7,673,202
31.82,92.07,,33.86,197,286,0.33,56.6,68.5,94.3,11.63,12.96,299,55.8,416,478
31.82,92.07,,8,96.9,160,0.6,23.9,37,56.7,2.55,4.54,52,31.9,78,278
31.82,92.07,,5.85,77.2,128,0.57,19.7,29.3,46.8,2.1,3.42,54,25.5,72,226
31.82,92.07,,4.28,61.3,101,0.45,15.6,21.7,34.4,1.63,2.97,36,19.1,56,195
31.82,92.07,,171.74,183.1,276,0.47,63.4,65.1,86.6,113.75,32.89,86,52.4,226,446
31.82,92.07,,18.78,105,191,1.95,27.3,41.4,86.2,3.06,4.6,119,41.9,152,408
31.82,92.07,,18.58,102,195,1.21,22.7,40.6,93.5,1.89,3.68,233,44.1,444,428
31.82,92.07,,13.32,33.5,78.1,0.36,6.8,14.5,47.7,0.29,1.09,153,19.9,463,214
31.82,92.07,,33.88,85.8,167,0.76,18.8,34.2,86.2,4.52,3.49,425,38.6,684,391
31.82,92.07,,142.75,133,273,5,34.3,54.4,143.3,53.35,14.48,701,66.7,1560,678
31.82,92.07,,26.33,73.9,144,0.52,14.9,30,72.7,0.83,2.2,321,33.3,486,329
31.82,92.07,,23.42,103,225,3.73,22.2,42.5,142.2,8.79,5.91,345,58.1,1948,643
31.82,92.07,,14.23,31.4,70.4,0.41,6.1,13.6,44.1,0.52,1.02,137,17.2,410,186
31.82,92.07,,8.21,60.3,143,0.71,11.9,27,88.6,0.79,1.99,67,35.2,180,372
31.82,92.07,,19.76,99,216,0.93,18.6,42,122,3.09,3.54,325,53.2,1285,556
31.82,92.07,,15.61,59.7,97.1,1.17,16.3,21.2,47.9,1.78,3.09,210,21.3,578,215
31.82,92.07,,6.66,42.5,111,0.37,6.5,18.7,63.8,0.45,0.84,113,26.3,505,326
31.82,92.07,,94.51,150,294,2.58,34.1,60.6,145.6,13.18,6.96,948,67.3,726,660
31.82,92.07,,205.6,133.1,207,3.04,61.8,46.9,82.2,153.97,45.38,355,44.3,915,404
31.82,92.07,,28.96,79.2,165,0.74,16.2,33.2,90.1,1.68,2.69,362,38.5,592,394
31.82,92.07,,49.62,142,254,1.6,34.6,55.1,108,4.76,6.89,386,54.6,402,512
31.82,92.07,,19.8,71.6,131,2.01,16.8,27.4,64.4,4.92,5.3,216,29.7,787,295
31.82,92.07,,13.25,85.8,181,0.57,19.7,36.1,95.2,1.94,3.11,348,42.4,698,423
31.82,92.07,,17.03,37.5,61.8,0.49,10.8,14,25,1.01,1.91,69,12.8,92,118
31.82,92.07,,11.13,208,317,1.69,57.2,75.2,107.9,5.76,10.7,306,62.2,520,535
31.82,92.07,,80.45,56.9,105,2.26,17.5,22.1,51.8,22.58,6.27,242,23.4,279,232
31.82,92.07,,17.98,101,219,0.77,17.6,42.5,115.5,3.1,3.01,228,52.2,756,530
31.82,92.07,,11.95,127.1,190,0.69,36.4,45.6,63.1,3.58,6.87,300,37.2,458,319
31.82,92.07,,20.28,132,256,0.79,23.4,53.8,108,0.68,2.74,289,55.9,676,525
31.82,92.07,,75.18,75.6,124,1.36,21.1,27.8,48.1,3.38,4.86,824,26.1,382,238
31.82,92.07,,24.12,62.2,130,0.63,13.01,25.7,67.3,0.94,2.09,290,30,436,307
31.82,92.07,,26.83,61.2,128,0.49,12.7,25.7,68.8,1.43,2.03,316,30.1,474,306
31.82,92.07,,35.69,442,609,0.99,139,152,181,10.85,27.09,992,114,1096,960
31.82,92.07,,13.71,66.9,119,0.53,15.1,25.7,54.5,0.95,2.37,161,25.9,452,250
31.82,92.07,,34.16,783,712,23.4,409,204,189,20.59,64.9,699,124,1244,1014
31.82,92.07,,30.55,52,105,0.59,11.5,21.4,56,0.74,1.83,244,24.5,350,248
31.82,92.07,,8.92,93.7,168,0.75,21.9,36.2,71.3,1.34,3.6,97,36,257,339
31.82,92.07,,11.56,91.4,205,0.36,16.15,40.9,105.2,1.74,2.28,122,47.1,239,482
31.82,92.07,,17.02,36.1,78.9,0.41,6.62,14.9,48.7,0.48,1.04,149,19.7,268,211
31.82,92.07,,20.17,84.5,175,0.87,17.2,35.2,89.7,1.1,2.69,214,40.3,396,400
31.82,92.07,,11.76,29.7,56.4,0.42,7.55,11.7,29,0.58,1.43,88,13.3,163,135
31.82,92.07,,34.19,168,224,2.47,55.7,55.4,78.2,18.3,13.96,481,45,1165,396
31.82,92.07,,19.77,36.3,75.8,0.32,7.41,15.3,43.9,1.11,1.28,206,18.5,303,199
31.82,92.07,,3.55,32.8,66.2,0.19,6.47,13.5,35.1,0.41,0.93,69,16.1,484,157
31.82,92.07,,8.87,37.2,66.6,0.17,8.14,14.4,29.3,0.66,1.26,132,14.7,371,141
31.82,92.07,,730.85,184,280,4.85,93.9,64.6,116.3,384.37,78.09,520,58.7,566,542
31.82,92.07,,19.63,36.3,80.8,0.33,7.71,15.8,48.9,0.42,1.12,185,19.7,341,209
31.82,92.07,,11.98,98.2,199,0.62,18.9,40.3,101,0.95,2.51,259,46.1,541,455
31.82,92.07,,17.8,67,141,0.63,13.2,26.4,67.1,0.94,2.04,189,30.3,330,351
31.82,92.07,,6.19,65.6,97.5,0.27,17.4,23.2,34.4,1.19,2.96,170,19.4,582,172
31.82,92.07,,11.21,46.7,107,0.48,7.88,20.7,61.6,0.61,1.1,170,25.9,827,269
31.82,92.07,,26.96,269,429,1.59,65.4,101,139,4.96,9.94,516,83.1,671,706
31.82,92.07,,22.77,69.2,142,0.64,14.5,28.1,79.5,1.42,2.67,246,33.3,354,342
31.82,92.07,,21.22,97.6,191,0.78,18.3,40.1,86.9,0.84,2.54,362,42.6,690,406
31.82,92.07,,42.98,133,256,1.34,28.3,53.4,122,1.92,4.35,489,57,590,561
31.82,92.07,,7.43,165,244,1.9,49.3,58.8,83.3,5.03,9.54,143,47.4,361,417
31.82,92.07,,62.08,78.6,160,0.66,19.1,32.7,80.2,22.97,6.14,342,36.3,509,357
31.82,92.07,,26.88,93.9,194,0.74,18.4,39.2,97.5,1.89,2.99,269,44.1,500,440
31.82,92.07,,9.52,83.8,169,0.61,17.7,34.8,76.5,1.35,2.95,221,37.1,454,365
31.82,92.07,,12.72,44.7,93,0.45,8.35,18.7,50.8,0.65,1.08,121,22.4,240,236
31.82,92.07,,20.74,70.2,150,0.7,13.8,30.2,79.4,1.44,2.18,215,35.4,391,360
31.82,92.07,,11.63,79.5,160,0.22,15.9,33.2,71.5,0.83,2.68,347,35.4,801,335
31.82,92.07,,22.93,220,326,0.86,69.8,77.4,106.7,9.13,14.7,596,62.1,625,546
31.82,92.07,,12.46,179,244,5.78,70.8,59.9,86.3,15.54,19.88,193,48.4,161,434
31.82,92.07,,31.9,314,476,1.8,85.1,114,153,12.58,15.37,653,91.8,727,780
31.82,92.07,,10,45.5,95.6,0.3,9.9,17.9,43.4,4.04,2.86,71,20.5,363,236
31.82,92.07,,26.48,93.6,186,0.48,19.5,38.2,93.7,1.2,2.72,364,42.7,711,426
31.82,92.07,,10.17,136,244,0.33,31.7,52.6,95.5,2.58,5.41,532,51.9,845,493
31.82,92.07,magmatic,12.59,159,280,1.25,38.3,61.9,120.1,3.5,7.3,302,59.3,518,563
31.82,92.07,,27.53,127,254,1.15,25.1,51.8,124,1.63,3.55,343,59.2,515,585
31.82,92.07,,6.59,90.9,172,0.14,20.2,36.3,69.9,1.91,3.25,545,37,1063,351
31.82,92.07,magmatic,27.45,58.7,125,0.62,12.7,24.7,69.5,1.74,2.44,256,29.8,551,303
31.82,92.07,,28.5,126,251,0.74,27.9,51.8,117,2.96,4.65,325,56.8,831,550
31.82,92.07,magmatic,65.72,163,351,1.63,32.8,69.7,189.5,8.21,6.89,737,82.9,1386,839
31.82,92.07,magmatic,33.31,83.2,179,1.01,17.5,34.8,96.4,2.48,3.06,420,41.4,464,424
31.82,92.07,,33.12,138,297,1.43,25.7,59.6,157.7,1.52,3.63,342,69.3,634,692
31.82,92.07,magmatic,34.25,78.4,171,0.66,15.6,33.4,96.4,1.27,2.68,367,40.6,700,419
31.82,92.07,magmatic,34.15,89.7,189,0.87,18.6,37.9,104,3.49,3.1,329,44.5,527,452
31.82,92.07,,51.33,97.2,211,1.5,21.8,41.3,123.6,8.71,5.52,815,51.5,1176,543
31.82,92.07,magmatic,28.32,84.2,173,0.8,16.4,35,88,0.85,2.44,311,41.2,465,425
31.82,92.07,magmatic,10.59,17,40.5,0.18,3.26,7.4,26.7,0.29,0.41,85,10.4,196,117
31.82,92.07,,6.43,43.3,73.2,0.48,7.17,16.1,37,0.67,1.13,47,16.3,622,164
31.82,92.07,magmatic,20.99,49.4,120,0.45,9.54,21.9,74.7,0.84,1.47,201,28.6,407,310
31.82,92.07,magmatic,30.43,85.9,169,1.07,20.4,34.7,83.8,3.17,3.87,322,38.3,387,378
31.82,92.07,,4.12,78.6,79,0.82,26,23,17.2,1.91,4.52,164,12.9,389,98
31.82,92.07,,23.33,64.3,139,0.62,12.6,27.2,79.1,0.75,1.97,237,33,378,338
31.82,92.07,magmatic,13.88,25.3,57.9,0.29,4.96,11.1,38.9,0.41,0.78,124,14.6,224,157
31.82,92.07,,16.84,86.4,159,0.49,18.6,34.2,67.8,1.2,2.91,283,34.3,545,318
31.82,92.07,magmatic,65.44,166,314,1.94,39.4,65.4,150.9,4.67,7.49,1091,70.5,1280,695
31.82,92.07,magmatic,50.13,101,222,1.02,20.7,42.9,131.9,5.78,5.46,468,53.5,974,564
31.82,92.07,magmatic,32.98,123,255,1.01,24.5,52,129.5,1.43,3.49,444,58.5,622,578
31.82,92.07,magmatic,29.65,78.2,160,0.84,16.7,33.1,84.8,4.71,2.76,270,37.4,477,375
31.82,92.07,magmatic,16.65,44,97.2,0.49,9.09,18.8,55.6,1.31,1.6,159,23.3,332,252
31.82,92.07,magmatic,64.66,27.2,59.1,0.67,7.6,11.4,38.1,21.85,4.19,123,14.7,261,158
31.82,92.07,magmatic,24.92,49.8,104,0.48,10.5,20.9,59.7,0.81,1.83,264,24.4,349,258
31.82,92.07,magmatic,27.98,156,287,2.42,37.2,61.2,137,3.28,6.56,349,63.2,291,620
31.82,92.07,magmatic,21.76,151,294,2.43,34.6,60.8,147.5,4.14,6.97,308,67.1,517,656
31.82,92.07,magmatic,249.63,287,535,5.72,82.4,112,249.8,23,20.9,12275,120,4002,1172
31.82,92.07,magmatic,221.8,147,472,12.17,84.3,67.2,664,158.67,87.81,1288,163,5272,2249
31.82,92.07,magmatic,29.99,66.1,136,0.72,14,27.8,68.4,4.02,2.38,337,31,460,306
31.82,92.07,magmatic,48.82,263,528,2.18,47,110,221,11.13,7.94,981,115,2443,1076
31.82,92.07,magmatic,36.49,57.7,116,0.78,12.7,23.5,64.2,8.4,3.14,290,27.3,443,281
31.82,92.07,magmatic,11.08,86.9,160,0.51,20.18,33.7,81.4,1.46,3.07,223,36,544,362
31.82,92.07,magmatic,24.76,64.7,132,0.65,12.4,27,69.4,0.68,2,336,30.6,524,307
31.82,92.07,magmatic,26.19,142,283,1.4,28.7,58,141,2.47,4.34,336,65.9,601,651
31.82,92.07,magmatic,90.46,81.5,168,1.35,18.7,33.8,85.7,34.91,6.16,440,38.8,656,386
31.82,92.07,,67.36,257,483,3.11,53.7,103,208,3.51,7.54,774,104,755,995
31.82,92.07,magmatic,17.78,34.3,78,0.38,6.51,14.7,50.6,0.39,0.96,182,19.3,399,208
31.82,92.07,magmatic,23.62,43.3,93.5,0.46,9.01,18.2,55.9,2.01,1.76,235,22.7,327,238
31.82,92.07,magmatic,54.93,50.3,109,0.8,10.9,21.2,60,16.03,3.73,222,25.8,436,262
31.82,92.07,magmatic,30.92,71,151,0.66,13.9,30.3,86.2,1.2,2.12,369,36.4,596,375
31.82,92.07,magmatic,19.23,42,87.8,0.46,8.93,17.8,48.2,0.72,1.5,164,20.8,295,211
31.82,92.07,magmatic,20.43,71.5,146,0.78,14.3,29.7,75.5,0.91,1.95,209,33.6,378,338
31.82,92.07,magmatic,22.09,53.3,114,0.59,10.9,22.6,64.7,0.77,1.77,264,27.2,391,285
31.82,92.07,magmatic,35.3,118.7,261,0.62,20,52.5,138,1.28,2.68,448,62,907,626
31.82,92.07,magmatic,63.89,240,433,4.87,60.6,94.8,187,6.42,11.77,920,96.1,765,921
31.82,92.07,magmatic,19.69,33.2,73.5,0.33,6.28,14.3,45.9,0.6,1.01,186,18.2,332,191
31.82,92.07,magmatic,19.56,44.7,97.6,0.48,8.73,18.9,58.4,0.78,1.28,207,23.7,364,246
31.82,92.07,magmatic,33.65,155.1,304,1.93,32.2,63.6,150,2.2,4.58,377,68,344,670
31.82,92.07,magmatic,21.63,42.5,92.3,0.46,8.68,18.1,56.1,0.76,1.5,220,22.6,343,237
31.82,92.07,magmatic,26.19,143,254,2.81,37.3,54.8,121,3.72,7.65,351,56,279,543
31.82,92.07,magmatic,17.1,107.2,186,1.24,24.6,37.8,73.2,1.24,3.56,274,37.1,513,404
31.82,92.07,magmatic,25.46,57.3,124,0.61,11.1,24.8,67.5,2.74,1.96,308,29.4,560,299
31.82,92.07,magmatic,27.07,81.2,175,0.7,15.4,35,96.1,0.75,2.18,335,41.2,639,421
31.82,92.07,magmatic,32.92,68.4,137,0.86,15.5,27.5,73.4,3.67,3.19,364,32,416,319
31.82,92.07,magmatic,69.9,47.9,95.1,0.83,13.7,18.1,44.6,25.23,6.16,216,20.6,341,235
31.82,92.07,magmatic,27.18,93.4,204,0.78,17.1,40.2,109,0.81,2.3,367,48.1,714,483
31.82,92.07,magmatic,33.22,135,286,1.15,24.6,58.1,141.8,1.11,3.16,497,65.5,875,657
31.82,92.07,magmatic,27.46,62.7,135,0.63,12.3,26.6,72.7,0.76,2.04,411,31.4,600,320
31.82,92.07,magmatic,25.58,54.3,117,0.56,11.1,23.2,67.4,0.74,1.65,291,28.2,480,291
31.82,92.07,magmatic,31.44,74.2,152,0.67,15.5,30.8,81.4,1.08,2.54,378,35.3,497,357
31.82,92.07,magmatic,20,57,119,0.64,11.2,22.3,59.9,0.57,1.57,212,26.2,354,307
31.82,92.07,magmatic,34.63,68.3,134,0.79,15.7,27.9,69,5.94,3.54,299,31.1,385,313
31.82,92.07,magmatic,25.83,85.5,184,0.7,15.2,36.8,97.2,0.7,1.96,312,42.9,629,428
31.82,92.07,magmatic,25.99,59.8,121,0.63,13.5,24.8,62.7,0.83,2.11,260,28.2,345,279
31.82,92.07,magmatic,26.06,59.8,131,0.56,11.7,25.6,77.5,1.66,1.97,291,32.6,561,346
32.02,91.25,magmatic,29.18,87.9,178,0.92,16.6,36.6,90.8,0.9,2.41,488,41,749,405
32.02,91.25,magmatic,16.35,72.2,144,0.4,13.7,29.9,68.4,0.63,1.87,221,32.2,491,317
32.02,91.25,magmatic,33.12,105,204,1.15,24.9,42.7,98.2,2.45,4.49,421,46,496,446
32.02,91.25,magmatic,40.29,114,240,1.01,21.7,47.8,127.5,1.72,3.43,451,55.8,732,565
32.02,91.25,magmatic,26.84,51.4,108,0.5,11.8,21.7,57.4,1.84,2.04,243,25.2,414,255
32.02,91.25,magmatic,24.03,88.4,180,0.86,17.7,36.8,90.9,0.86,2.36,366,41.6,594,412
32.02,91.25,magmatic,41.4,143,274,1.39,31.9,57.6,126,9.74,6.31,382,60.2,434,582
32.02,91.25,magmatic,22.67,64.1,133,0.75,14.7,26.3,74.8,1.29,2.49,257,30.6,394,320
32.02,91.25,magmatic,23.59,104,202,2.09,26.1,41.4,107,3.66,5.41,349,46.7,298,470
32.02,91.25,magmatic,15.49,28.8,66.5,0.33,5.98,12.8,42.7,0.45,0.85,155,16.5,302,178
32.02,91.25,magmatic,31.07,61,124,0.72,13.1,25.2,69.4,1.34,2.2,434,29.2,509,301
32.02,91.25,magmatic,50.31,72.9,148,0.91,17.1,30.3,76.9,10.29,4.3,325,34.2,441,340
32.02,91.25,magmatic,33.37,120.8,239,1.11,24.2,49.8,116,1.29,3.43,482,53.8,633,527
32.02,91.25,magmatic,32.45,151,238,1.8,41.7,53.4,104,3.22,7.1,506,50.7,605,484
32.02,91.25,magmatic,38.89,185,382,1.49,32.1,78.5,178,4.43,4.33,757,87.3,1569,835
32.02,91.25,magmatic,40.58,156,315,1.14,29.3,65,148,1.24,3.62,593,70.4,872,687
32.02,91.25,magmatic,18.49,42.2,93.7,0.46,8.55,18.4,56.1,0.44,1.37,186,22.7,273,237
32.02,91.25,magmatic,23.38,56.8,134,0.46,10.41,25.4,83.2,0.64,1.55,263,32.9,627,356
32.02,91.25,magmatic,43.12,107,219,0.98,21.5,44.6,110,5.19,3.83,526,50.2,776,502
32.02,91.25,magmatic,23.71,111,226,1.4,24,46.5,119.7,1.62,3.88,302,52.1,408,528
32.02,91.25,magmatic,36.26,115,240,1.29,23.2,48.3,123.2,6.67,4.46,384,55.7,777,561
32.02,91.25,magmatic,19.57,33.6,75.7,0.38,6.93,14.5,46.2,0.4,0.97,193,18.4,313,194
32.02,91.25,magmatic,26.92,57.9,126,0.65,12,25,72.9,0.98,1.96,341,30.2,474,313
32.02,91.25,magmatic,28.85,54.6,117,0.47,11.4,23.2,60.3,0.66,1.85,236,26.9,400,268
32.02,91.25,magmatic,26.63,76.2,168,0.69,14.7,33.1,94.7,0.8,2.13,264,39.8,400,410
32.02,91.25,magmatic,31.28,58.8,127,0.65,11.5,25.1,68.3,6.43,2.49,259,30.1,546,304
32.02,91.25,magmatic,47.76,105,210,1.26,21.7,42.9,111,2.24,3.82,622,48.4,709,487
32.02,91.25,magmatic,27.66,129.1,272,1.09,22.9,54.6,132,1.03,3.1,344,62.1,655,627
32.02,91.25,magmatic,28.64,101,211,0.79,18.5,42.6,112,0.87,3,379,49.2,805,491
32.02,91.25,magmatic,30.26,129,259,1.02,25,53.9,121.1,1.06,3.25,435,58.1,623,552
32.02,91.25,magmatic,39.24,55,113,0.76,13.3,22.9,63.3,9.44,3.68,321,26.5,432,273
32.02,91.25,magmatic,26.97,84.2,180,0.88,16.5,35.7,99.1,1.41,2.67,352,42.2,564,437
32.02,91.25,magmatic,40.35,100,205,0.95,21.4,41.5,104.7,1.68,3.3,547,46.5,747,468
32.02,91.25,magmatic,58,121,253,0.88,24.3,51.5,128,1.28,3.16,667,59.9,829,599
32.02,91.25,magmatic,23.11,89.3,192,0.79,17.4,38.6,96.7,2.39,2.72,395,45,838,458
32.02,91.25,magmatic,47.67,271,462,4.77,69.9,102,197,5.97,12.9,733,98.3,545,924
32.02,91.25,magmatic,45.89,173.9,353,1.85,34,72.6,174.7,1.75,4.79,541,80,613,785
32.02,91.25,magmatic,19.01,65.4,138,0.51,11.8,27.9,71.3,0.38,1.42,302,32,608,322
32.02,91.25,magmatic,30.51,57.9,128,0.57,12.1,25.1,76.6,1.12,1.77,305,30.8,472,323
32.02,91.25,magmatic,37.31,143.9,284,1.24,28,59.6,130,1.32,3.83,521,62.4,688,599
32.02,91.25,magmatic,34.17,140,279,2.04,29.8,57.6,138,2.23,4.34,354,63.1,347,616
32.02,91.25,magmatic,28.84,104,225,0.78,18.4,44.9,114.2,0.85,2.21,389,52.2,734,515
32.02,91.25,magmatic,24.88,91.7,202,0.77,16.62,39.7,107,1.02,2.26,253,47,445,474
32.02,91.25,magmatic,21.85,44.9,96.8,0.55,9.25,18.8,59.4,1.13,1.61,231,23.4,328,249
32.02,91.25,magmatic,32.05,109,217,0.99,22,45,105,0.93,3.23,520,49.1,679,485
32.02,91.25,magmatic,23.8,40.3,88,0.51,8.42,17.1,52.9,0.71,1.51,291,21.1,570,223
32.02,91.25,magmatic,31.17,64.2,142,0.57,12.9,28,80.4,0.95,1.87,377,33.9,492,356
32.02,91.25,magmatic,30.15,56.8,120,0.65,12.3,23.7,70.6,1.43,2.33,389,28.9,490,302
32.02,91.25,magmatic,18.96,115,246,1.67,26.6,49.6,135,2.91,4.76,388,57.7,525,585
32.02,91.25,magmatic,19.32,32,73,0.35,6.33,14.2,45.2,0.47,0.97,175,17.9,327,189
32.02,91.25,magmatic,19.87,48.1,101,0.51,10.2,20,57.4,0.75,1.61,221,23.6,398,246
32.02,91.25,magmatic,52.11,166,338,1.47,33,69.1,168,4.5,6.24,666,77.1,1179,763
32.02,91.25,magmatic,25.92,50.9,111,0.51,10.24,21.6,64,0.61,1.7,279,26.5,404,275
32.02,91.25,magmatic,38.74,71.2,148,0.8,14.4,29.6,82.7,4.4,3.07,350,35.3,430,356
32.02,91.25,magmatic,32.57,85.1,192,1.28,18.5,37.2,112,7.25,3.83,286,46.1,440,477
32.02,91.25,magmatic,56.27,132,269,1.63,29.4,54.7,146.2,3.34,5.39,1003,63.2,1156,640
32.02,91.25,magmatic,26.57,65.3,134,0.62,14.4,26.7,69.3,1.5,2.32,240,30.7,365,313
32.02,91.25,magmatic,25.66,50.1,106,0.6,10.5,20.9,62.7,1.11,1.73,328,25.4,411,266
32.02,91.25,magmatic,14.8,27.9,62.3,0.34,5.82,12.5,39.9,0.35,0.94,139,15.3,237,164
32.02,91.25,magmatic,45.23,107,231,0.84,20.04,46.2,129,1.97,3.29,492,55.7,976,570
32.02,91.25,magmatic,28.77,74.3,155,0.61,14.4,31,84.5,0.76,1.91,353,36.5,539,373
32.02,91.25,magmatic,19.68,32.8,79,0.3,6.43,14.6,53.1,0.27,0.95,188,19.6,465,220
32.02,91.25,magmatic,28.19,103,210,0.86,19.8,42.8,102,1.07,2.89,351,47.1,500,459
32.02,91.25,magmatic,20.3,48.8,101,0.54,10.1,20.2,53.8,0.72,1.77,170,23.5,331,239
32.02,91.25,magmatic,25.34,44.6,96.2,0.42,9.08,18.8,51.2,0.81,1.45,247,22.1,415,228
32.02,91.25,magmatic,26.83,148,290,2.83,35.7,59.6,145.3,3.91,7.58,307,65.2,279,638
32.02,91.25,magmatic,23.58,41.8,91.2,0.5,8.85,18,56.3,1.61,1.68,261,22.2,364,234
32.02,91.25,magmatic,38.59,112,241,0.91,22.3,47.9,125,1.23,3.07,428,55.5,570,562
32.02,91.25,magmatic,30.4,69,145,0.9,15.1,26.6,77.7,1.91,2.73,449,32.3,564,388
32.02,91.25,magmatic,21.05,53.5,120,0.51,9.68,23.1,70.7,0.51,1.61,231,28.9,422,303
32.02,91.25,magmatic,19.12,41.1,91.5,0.42,8.27,17.6,56.4,0.36,1.21,185,22.2,323,235
32.02,91.25,magmatic,32.49,72.5,154,0.81,15.4,30.5,86.2,0.95,2.33,403,36,470,372
32.02,91.25,magmatic,36.79,86.1,184,0.66,16.6,36.3,101,0.9,2.34,386,42.8,720,437
32.02,91.25,magmatic,30.03,69,157,0.56,13.2,30.2,95.4,1.15,2,330,38.4,820,407
32.02,91.25,magmatic,42.29,111.6,235,0.86,21.6,46.6,122,1.62,3.44,469,54.5,752,553
32.02,91.25,magmatic,60.31,428,702,5.87,101,159.1,251,6.27,16.82,1039,148,1082,1365
32.02,91.25,magmatic,26.01,59.9,125,0.71,12.7,24.8,68.7,1.01,2.12,375,28.6,440,299
32.02,91.25,magmatic,17.11,130,285,0.64,19.5,55.7,136,0.52,2.21,447,68.2,1439,677
32.02,91.25,magmatic,30.23,69.1,154,0.4,12.7,30.5,87.7,0.78,1.75,379,36.5,785,375
32.02,91.25,magmatic,43.03,126,257,1.44,25.4,52.4,129.6,4.74,4.49,433,58.6,513,580
31.82,92.07,magmatic,23.9,58.9,125,0.68,11.91,25.1,66.1,0.62,1.7,351,30.4,506,315
19.1,108.82,magmatic,33.26,45.56,96.38,0.43,9.99,19.45,52.62,1.53,1.9,320.42,23.19,638.54,233.69
19.1,108.82,magmatic,88.61,191.15,312.16,6.52,58.98,69.29,144.62,11.46,15.77,1923.01,68.37,1383.65,673.4
19.1,108.82,magmatic,20.31,27.86,62.13,0.45,5.42,12.19,35.61,0.72,1.15,153.99,15.09,324.14,157.09
19.1,108.82,magmatic,40.37,88.74,166.84,1.73,22.74,35.19,82.52,2.1,5.27,539.23,37.92,652.49,376.84
19.1,108.82,magmatic,48.66,75.51,144.53,2.07,20.56,29.87,79.31,2.45,4.02,933.06,33.37,1024.87,349.72
19.1,108.82,magmatic,32.36,29.79,74.26,0.45,6.49,13.57,61.27,0.96,1.34,474.68,20.47,1242.17,231.23
19.1,108.82,magmatic,28.46,49.77,92.16,1.45,15.56,18.92,54.16,3.27,3.47,441.48,21.07,517.77,227.03
19.1,108.82,magmatic,209.55,409.01,651.71,14.09,134.34,145.6,279.99,24.97,33.01,5281.48,139.69,2916.55,1321.52
19.1,108.82,magmatic,211.48,196.24,313.53,6.83,63.79,70.71,136.87,7.15,14.31,8229.34,67.44,4119.79,652.72
19.1,108.82,magmatic,98.4,235.89,399.63,7.8,74.48,87.67,189.56,11.98,17.97,2702.2,87.24,2240.43,846.68
19.1,108.82,magmatic,20.21,31.52,73.15,0.22,5.8,13.4,43.49,0.26,0.98,159.75,17.4,371.58,190.03
19.1,108.82,magmatic,15.82,16.61,44.12,0.16,3.42,7.62,35.92,0.17,0.47,145.01,11.92,359.19,138.66
19.1,108.82,magmatic,44.88,93.44,165.26,2.6,27.83,35.35,83.54,3.91,6.93,812.85,37.22,722.17,377
19.1,108.82,magmatic,40.21,78.9,136.76,2.44,22.91,28.83,82.75,4.16,5.3,911.09,31.18,2133.09,324.35
19.1,108.82,magmatic,71.11,154.05,272.26,5,45.54,57.68,133.17,8.98,10.73,1469.04,60.59,1258.64,604.37
19.1,108.82,magmatic,51.13,60.04,114.43,1.12,15.13,23.4,58.29,1.46,2.59,857.09,26.14,910.06,266.83
19.1,108.82,magmatic,16.54,21.7,52.5,0.14,4.07,9.78,32.87,0.32,0.59,120.8,12.75,305.27,138.69
19.1,108.82,magmatic,30.67,61.7,115.44,1.6,16.93,24.06,62.44,2.72,4.1,430.18,26.35,482.75,275.21
19.1,108.82,magmatic,24.66,57.79,112.48,0.86,14.42,22.65,61.18,1.35,2.64,335.9,26.34,459.23,270.88
19.1,108.82,magmatic,130.99,384.27,577.04,13.44,133.79,132.5,245.06,20.77,33.63,3238.37,121.48,1625.31,1160.47
19.1,108.82,magmatic,17.17,23.81,56.09,0.39,5.15,10.52,34.48,0.51,0.91,149.36,13.47,291.77,146.14
19.1,108.82,magmatic,162.65,164.44,269.5,5.44,50.69,59.68,120.97,10.75,11.95,5251.39,58.76,3078.55,562.66
19.1,108.82,magmatic,25.62,57.5,105.81,1.44,16.41,22.51,55.35,2.08,3.37,376.75,24.27,436.43,245.68
19.1,108.82,magmatic,16.46,19.39,48.53,0.11,3.94,8.67,31.26,0.17,0.65,120.06,12.04,362.14,131.27
19.1,108.82,magmatic,244.21,424.6,650.3,15.61,143.39,148.73,267.51,26.6,38.38,6339.41,138.85,3324.25,1300.74
19.1,108.82,magmatic,15.52,17.42,45.14,0.11,3.31,7.96,32.4,0.1,0.41,124.08,11.56,326.04,129.87
19.1,108.82,magmatic,44.38,96.26,175.61,2.9,28.17,36.65,87.21,4.53,6.6,715.34,39.66,764.43,390.57
19.1,108.82,magmatic,22.42,38.8,85.51,0.42,8.45,16.64,48.31,0.65,1.39,200.95,20.89,526.29,212.51
19.1,108.82,magmatic,89.94,223.79,375.07,7.81,70.83,83.39,172.51,12.32,16.67,2173.58,81.21,1566.67,789.76
19.1,108.82,magmatic,102.32,220.12,364.7,6.2,68.25,79.74,168.66,10.46,15.56,2617.19,79.72,1654.85,769.74
19.1,108.82,magmatic,40.72,102.08,184.93,3.26,29.48,38.91,89.44,4.27,6.69,776.26,41.4,759.98,404.56
19.1,108.82,magmatic,33.14,68.39,128.7,1.85,18.41,26.84,69.32,2.54,4.34,487.13,30.13,568.09,306.54
19.1,108.82,magmatic,28.73,71.88,140.58,0.6,15.7,28.6,67.93,1.08,2.79,340.53,30.91,573.36,314.3
19.1,108.82,magmatic,17.17,67.58,115.65,0.79,18.98,25.67,49.16,1.58,3.34,171.62,24.35,216.64,230.14
19.1,108.82,magmatic,25.44,63.09,118.67,0.59,15.62,24.82,54.83,1.13,2.85,266.67,26.02,386.47,254.2
19.1,108.82,magmatic,43.87,78.17,159.09,0.61,17.6,32.41,76.95,1.27,2.94,444.16,35.46,766.98,355.22
19.1,108.82,magmatic,23.17,45.56,95.62,0.37,9.61,18.53,49.1,0.81,1.42,204.11,21.58,399.02,218.86
19.1,108.82,magmatic,23.34,73.54,136.92,0.92,18.82,29.46,60.16,1.34,3.73,276.34,29.02,335.39,282.15
19.1,108.82,magmatic,23.15,65.24,126.35,0.65,14.44,26.38,61.8,0.95,2.45,199.61,27.63,325.54,279.88
19.1,108.82,magmatic,61.7,100.52,201.81,0.83,22.37,41.43,98.14,1.7,3.56,761.87,45.37,1167.88,455.34
19.1,108.82,magmatic,40.77,86.64,167.4,0.87,19.55,34.7,80.17,1.92,3.27,494.85,36.83,727.58,364.68
19.1,108.82,magmatic,51.86,81.04,162.35,0.55,18.02,32.6,78.66,1.37,3.12,584.31,36.4,932.85,362.89
19.1,108.82,magmatic,56.98,71.66,149.57,0.74,16.11,29.69,82.96,10.04,3.57,375.71,35.46,662.25,373.87
19.1,108.82,magmatic,19.19,95.14,153.02,1.53,29.1,34.66,58.29,2.93,6.3,214.11,30.99,225.08,283.01
19.1,108.82,magmatic,21.5,105.25,170.68,1.79,32.2,38.57,66.22,3.95,5.9,339.75,34.62,295.53,316.35
19.1,108.82,magmatic,61.76,84.3,172.91,0.62,18.7,35.01,87.81,7.31,4.76,608.45,39.19,1165.56,397.38
19.1,108.82,magmatic,15.62,52.61,93.26,0.52,13.05,20.3,42.07,1.02,2.44,133.2,20.08,202.31,194.78
19.1,108.82,magmatic,19.23,49.91,96.19,0.4,11.94,20.17,46.04,0.98,1.99,163.28,21.14,264.89,204.49
19.1,108.82,magmatic,49.24,84.91,165.4,0.77,18.94,34.86,78.32,3.28,3.71,539.78,36.92,806.12,363.2
19.1,108.82,magmatic,88.35,159.12,290,1.91,40.21,61.27,133.83,15.38,9.36,1042.34,64.34,1352.13,624.14
19.1,108.82,magmatic,37.15,72.37,145.83,0.63,15.58,29.99,75.8,1.24,2.64,399.45,33.85,683.07,342.81
19.1,108.82,magmatic,41.36,105.19,184.45,2,28.62,39.31,84.9,3.22,6.46,406.43,40.35,557.66,397.3
19.1,108.82,magmatic,52.81,70.06,141.62,0.65,15.67,28.59,77.58,1.84,2.77,798.85,33.15,1178.12,340.52
19.1,108.82,magmatic,23.54,59.61,113.82,0.6,12.33,22.77,54.68,0.77,2.19,216.72,25.46,373.52,249.93
19.1,108.82,magmatic,55.44,144.41,270.45,1.38,36.79,56.87,137.38,3.38,6.71,949.02,60.63,1345.24,609.9
19.1,108.82,magmatic,41.44,66.97,136.09,0.53,14.42,27.16,68.75,1.16,2.04,451.35,31.43,799.1,314.8
19.1,108.82,magmatic,68.19,56.44,124.62,0.68,13.33,23.86,71.2,14.18,3.76,503.13,29.11,1084.98,312.5
19.1,108.82,magmatic,58.21,95.48,201.66,0.72,21.18,39.98,103.16,8.15,4.63,496.54,46.31,899.76,462.74
19.1,108.82,magmatic,47.45,58.22,110.12,0.63,13.76,22.94,55.19,9.51,2.88,211.18,25.13,371.44,246.75
19.1,108.82,magmatic,49.68,68.64,138.99,0.63,14.93,27.92,71.42,2.28,2.53,583.13,32.24,942.61,323.65
19.1,108.82,magmatic,19.12,54.19,103.36,0.6,13.43,21.67,49.06,0.98,2.25,159.36,22.43,263.4,224.46
19.1,108.82,magmatic,14.73,55.65,99.28,0.65,14.31,21.3,44.07,1.34,2.62,119.41,21.42,183.13,207.81
19.1,108.82,magmatic,32.51,84.49,170.78,0.64,18.41,34.71,84.71,1.19,3.36,403.14,38.76,753.38,388.15
19.1,108.82,magmatic,16.22,61.56,113.36,0.56,14.34,23.67,52.37,1.05,2.38,139.08,25.04,233.98,242.77
19.1,108.82,magmatic,36.64,75.78,154.03,0.59,15.3,31.06,79.58,1.03,2.3,347.42,35.71,689.03,358.38
19.1,108.82,magmatic,62.41,110.39,220.33,0.73,23.84,44.55,108.6,1.58,4.16,813.32,50.58,1468.22,496.22
19.1,108.82,magmatic,48.08,103.61,198.67,1.05,25.12,41.17,92.57,2.22,4.34,605.26,43.9,844.39,427.93
19.1,108.82,magmatic,21.56,55.64,115.86,0.54,12.38,23.1,64.38,1,2.07,223.3,27.14,430.48,281.37
19.1,108.82,magmatic,119.13,73.24,143.14,1.06,20.83,28.88,68.76,39.27,9.32,395.77,32.24,690.22,318.01
19.1,108.82,magmatic,19.97,68.98,123.62,0.71,17.74,26.34,55.64,1.31,3.3,199.2,27.26,272.62,256.25
19.1,108.82,magmatic,15.18,37.3,69.51,0.37,8.58,14.89,33.61,0.57,1.63,112.91,15.43,195.19,153.52
19.1,108.82,magmatic,9.15,11.82,35.08,0.12,2.03,5.74,33.27,0.08,0.37,76.98,9.62,247.45,123.06
19.1,108.82,magmatic,45.81,81.77,175.67,0.59,17.22,34.75,94.21,1.3,2.4,448.6,41.03,782.64,415.28
19.1,108.82,magmatic,44.27,78,169.28,0.55,15.67,33.32,89.57,1.27,2.54,406.22,39.81,770.42,404.61
19.1,108.82,magmatic,73.03,218.07,341.5,6.65,70.01,78.12,150.58,6.87,13.85,2116.28,72.77,1186.79,704.03
19.1,108.82,magmatic,28.14,143.79,229.93,2,42.41,53.07,88.51,5.41,9.37,430.03,46.62,427.46,432.21
19.1,108.82,magmatic,24.56,141.73,227.11,2.19,41.82,52.81,85.6,4.99,9.11,435.44,46.52,389.67,421.15
19.1,108.82,magmatic,20.86,56.86,114.7,0.45,12.4,23.53,56.61,0.65,2.28,205,26.01,358.61,257.66
19.1,108.82,magmatic,28.94,61.6,125.01,0.44,13.13,25.92,63.41,0.7,1.91,269.92,29.01,506.02,288.01
19.1,108.82,magmatic,47.12,91.03,185.68,0.81,18.93,37.47,95.27,1.28,3.25,493.82,43.89,847.89,435.49
19.1,108.82,magmatic,21.81,63.35,127.23,0.59,15.63,25.94,62.82,1.23,2.53,203.88,28.69,365.98,286.23
19.1,108.82,magmatic,49.69,66.96,145.19,0.58,14.28,28.57,80.51,3.48,2.54,487.42,34.33,842.23,354.11
19.1,108.82,magmatic,27.01,59.6,112.56,0.59,14.9,24.09,52.62,0.95,2.7,273.37,25.17,409.56,242.81
19.1,108.82,magmatic,23.21,72.12,126.18,0.92,19.02,27.67,52.17,2.74,3.66,293.27,26.61,328.97,249.06
19.1,108.82,magmatic,16.15,52.67,97.26,0.5,13.1,20.66,44.3,1.09,2.48,133.6,21.42,204.25,205.62
19.1,108.82,magmatic,16.46,53.55,92.95,0.55,13.85,19.87,41.93,1.13,2.38,140.36,19.97,199.95,193.33
19.1,108.82,magmatic,56.44,109.7,214.52,1.09,26.4,44.29,104.66,2.16,4.33,822.5,48.97,1123.29,484.54
19.1,108.82,magmatic,28.77,97.13,170.7,1.1,26.36,37.69,73.78,2.04,5.05,331.78,37.33,416.75,350.24
19.1,108.82,magmatic,49.98,70.73,151.32,0.75,15.71,30.49,81.1,3.08,2.85,496.62,35.25,722.51,363.48
19.1,108.82,magmatic,25.37,39.37,80.05,0.43,8.92,16.37,42.13,0.59,1.32,217.51,18.74,443.85,189.98
19.1,108.82,magmatic,47.66,73.88,147.72,0.62,15.74,30.5,72.84,0.79,2.76,563.14,34.22,920.02,336.65
19.1,108.82,magmatic,23.11,61.11,118.57,0.5,13.08,24.26,60.12,0.77,1.96,218.8,27.6,384.1,273.08
19.1,108.82,magmatic,33.74,69.41,145.41,0.45,15.52,29.22,75.13,0.53,2.71,357.2,33.76,653.23,340.4
19.1,108.82,magmatic,59.04,88.06,180.98,0.85,19.76,36.34,89.79,4.06,3.74,652.88,40.96,981.92,412.38
19.1,108.82,magmatic,50.61,76.16,158.71,0.69,15.69,31.5,82.75,1.05,2.71,646.58,36.77,1009.64,375.4
19.1,108.82,magmatic,21.26,115.95,183.66,1.9,35.22,42.5,70.17,4.11,8.01,258.45,37.72,261.15,343.5
19.1,108.82,magmatic,38.33,74.37,142.32,0.58,16.97,30.15,69.63,1.41,3.02,532.55,32.49,835.27,318.37
19.1,108.82,magmatic,24.71,62.5,122.49,0.36,13.95,25.49,59.94,0.93,2.38,246.23,27.58,409.22,278.53
66.85,65.13,magmatic,21.73,763.82,698.02,1.35,268.36,195.64,163.92,29.5,68.5,362.9,121.23,156.09,956.3
66.85,65.13,magmatic,19.07,129.94,272.91,0.06,21.15,52.14,136.2,1.46,3.03,466.63,66.3,376.1,670.45
66.85,65.13,magmatic,17.6,144.09,240.9,0.18,32.22,52.56,83.92,3.12,5.06,193.49,49.41,46,440.66
66.85,65.13,magmatic,29.17,274.33,537.16,0.11,42.48,107.97,204.64,6.12,6.58,1030.29,117.36,238.47,1087.4
66.85,65.13,magmatic,128.5,197.46,146.14,33.83,150.4,42.33,48.8,80.91,82.95,242.96,27.97,563.15,249.79
66.85,65.13,magmatic,17.03,182.21,272.06,0.68,50.58,62.91,88.85,5.98,10.18,244.15,53.42,677.7,464.97
66.85,65.13,magmatic,34.86,176.3,267.15,0.34,44.12,60.63,83.89,4.8,8.55,666.01,52.56,1452.52,454.24
66.85,65.13,magmatic,5.04,149.29,204.93,1.46,47.35,48.99,66.31,6.29,10.03,75.61,38.95,684.26,338.09
65.23,66.26,magmatic,16.21,235.47,430.3,0.16,42.29,89.38,167.3,4.97,6.51,624.91,93.58,1313.48,865.39
65.23,66.26,magmatic,18.09,196.14,292.81,1.16,58.02,65.91,111.43,10.5,13.06,194.58,61.24,658.05,564.76
65.23,66.26,magmatic,36.74,136.21,234.25,0.18,29.63,50.76,83.93,12.02,6.59,236.97,48.25,264.42,436.12
65.23,66.26,magmatic,38.77,282.01,364.64,9.28,101.94,88.75,109.82,21.51,29.65,379.69,68.03,344.27,574.42
65.23,66.26,magmatic,10.53,134.56,227.82,0.53,35.86,49.39,85.31,3.43,6.63,119.92,46.05,412.12,411.28
65.23,66.26,magmatic,7.17,67.41,105.22,0.34,17.77,23.43,39.12,1.79,3.41,50.64,21.64,404.61,196.17
65.87,68.81,magmatic,18.44,194.7,265.94,0.99,58.3,64.02,84.6,8.74,12.44,189.06,52.15,207.89,444.14
65.87,68.81,magmatic,17.35,172.25,343.81,0.06,27.85,68.4,143.44,2.48,3.8,424.64,77.09,65.68,739.37
65.87,68.81,magmatic,23.93,194.25,325.21,0.33,41.71,70.53,111.92,7.83,7.9,795.31,66.86,170.11,589.02
65.87,68.81,magmatic,19.21,235.49,451.35,0.12,38.93,91.85,166.66,2.44,5.58,791.77,98.88,1291.34,894.4
65.87,68.81,hydrothermal,113.49,293.86,534.18,0.1,55.45,111.9,187.11,43.81,13.81,1061.21,111.9,644.96,1001.85
65.87,68.81,magmatic,7.58,74.87,117.8,0.35,19.08,26.13,40.89,1.67,3.76,49.97,23.44,172.29,209.75
65.87,68.81,magmatic,19.48,178.4,297.84,0.16,37.02,64.97,99.75,2.89,5.97,252.89,60.62,225.64,531.46
34.01,105.32,magmatic,15.6,67.4,140,1.24,12.7,28.3,69.9,0.87,1.98,65.4,32.4,224,336
34.01,105.32,magmatic,8.63,51.3,115,0.71,9,22.3,65.4,0.37,0.97,77.5,27.6,299,301
34.01,105.32,magmatic,17.5,71.5,138,1.28,14.7,28.2,68.4,0.58,2.32,117,31.7,346,329
34.01,105.32,magmatic,19.8,101,219,1.59,17.8,43,109,0.81,2.22,85,50.6,351,527
34.01,105.32,magmatic,16.3,91.5,190,1.35,15.8,38.8,94.7,0.84,2.39,103,43.1,380,459
34.01,105.32,magmatic,12.5,68.6,143,1.44,14.1,28.7,79.1,0.84,2.44,80.5,33.8,383,366
34.01,105.32,magmatic,14.4,90.7,204,1.23,15.6,40.2,106,0.57,2.15,87.6,48.1,429,509
34.01,105.32,magmatic,16.1,92.6,199,1.31,16.1,39.6,99.6,0.48,1.61,109,45.6,444,488
34.01,105.32,magmatic,15.7,79.2,162,1.33,14.2,33,79.7,0.48,1.91,104,37.4,454,389
34.01,105.32,magmatic,12.6,57.7,122,1.13,11.8,23.9,76.6,0.7,2.22,74.3,29.6,461,332
34.01,105.32,magmatic,26.5,112,232,1.88,20,47.5,113,3.58,3.31,150,53.2,461,550
34.01,105.32,magmatic,20,109,231,1.71,18.5,46.3,113,0.63,2.1,103,53.4,467,548
34.01,105.32,magmatic,23.5,99.8,209,1.48,18,42.4,102,0.61,2.32,142,47.9,495,494
34.01,105.32,magmatic,24.9,103,204,1.69,19.3,42.3,97.1,0.76,2.75,226,46.4,575,477
34.01,105.32,magmatic,48.1,107,209,2.72,24.5,43.4,98.7,20,7.26,209,47.3,593,486
34.01,105.32,magmatic,32,83.5,155,2.05,19.3,33.2,71.7,9.12,4.71,259,34.3,612,353
34.01,105.32,magmatic,18.7,85.2,170,1.65,17.2,34.8,80.5,0.51,2.43,193,38.4,659,395
34.01,105.32,magmatic,32.4,107,200,2.07,23.7,43,88.9,0.88,3.37,288,44.3,730,446
34.01,105.32,magmatic,26.7,100,195,1.92,21.3,40.3,89.4,0.9,2.99,299,43.5,807,447
34.01,105.32,magmatic,28.6,104,184,2.35,24,40,82.9,1.52,3.78,440,40.8,947,415
34.01,105.32,magmatic,6.79,44.7,105,0.62,7.62,19.9,62.5,0.15,1.02,43.7,26,265,287
34.01,105.32,magmatic,15.7,75.1,165,1.15,13.9,32.9,89.7,0.6,2.73,70.7,39.6,288,421
34.01,105.32,magmatic,10.7,74,179,0.91,11.9,33.8,99.4,0.31,1.72,55.6,43.2,349,467
34.01,105.32,magmatic,15.2,85.3,193,1.46,13.8,38,105,1.55,1.96,74.2,46.4,363,494
34.01,105.32,magmatic,18.7,86.3,185,1.45,16.6,37.1,97.2,0.62,2.41,90.2,44,382,463
34.01,105.32,magmatic,12.1,62.3,148,0.98,10.9,28.2,88.3,0.53,1.51,72.8,36.4,385,404
34.01,105.32,magmatic,23.1,69.9,151,1.11,13.7,29.6,82.7,4,2.49,75.3,36.3,388,386
34.01,105.32,magmatic,10.3,65.5,159,0.93,10.8,30,90.8,0.34,1.04,69.3,38.8,409,419
34.01,105.32,magmatic,13.7,69.1,156,1.06,12.5,29.9,88.3,0.59,1.65,82.1,37.7,412,414
34.01,105.32,magmatic,16.8,72.2,167,1.32,13.4,31.9,92.3,1.67,1.96,109,39.5,484,434
34.01,105.32,magmatic,8.81,59.4,147,0.78,9.58,27.3,91.3,0.34,1.16,77.9,37.2,497,417
34.01,105.32,magmatic,16.9,104,230,1.65,17.4,45.9,114,0.75,2.32,97.8,53.3,507,557
34.01,105.32,magmatic,52.8,151,200,2.88,41.6,50.1,76.6,3.58,7.46,618,40.9,560,393
34.01,105.32,magmatic,15.5,108,243,1.29,17.2,47.2,128,0.56,2.45,79.7,57.8,574,617
34.01,105.32,magmatic,13.7,78.8,178,1.46,13.8,34.8,103,0.6,2.12,98.7,43.5,591,479
34.01,105.32,magmatic,20.6,107,231,1.68,18.6,46,116,0.47,2.63,179,54.2,664,566
34.01,105.32,magmatic,25.9,103,209,1.8,20.5,42,105,1.02,3.33,249,48.4,758,510
34.01,105.32,magmatic,17.3,102,236,1.43,16.4,45.1,129,0.47,1.77,163,57.1,775,610
34.01,105.32,magmatic,26.5,89.4,193,1.67,18.3,38.1,101,3.21,3.02,273,45.6,912,481
34.01,105.32,magmatic,38.4,133,266,2.85,29.1,54.1,137,1.85,4.95,619,61.9,1838,665
34.01,105.32,magmatic,59.4,48,111,0.41,9.56,20.9,64.9,1.36,1.7,155,28.1,154,296
34.01,105.32,magmatic,78.3,46.2,121,0.44,9.56,21.4,84.3,2.5,1.86,421,32.1,298,372
34.01,105.32,magmatic,56.3,62.2,130,0.48,13.3,25.9,62.8,1.26,2.45,124,30.2,128,297
34.01,105.32,magmatic,57,66.1,121,0.57,14.9,26.3,48,1.39,2.79,95.9,26.3,103,251
34.01,105.32,magmatic,66.9,88.8,144,0.79,22.7,32.8,50.3,1.91,4.16,113,30,106,273
34.01,105.32,magmatic,66.3,87.8,145,0.76,21.4,32.9,50.4,1.84,4.43,114,30.1,107,273
34.01,105.32,magmatic,69.7,88,148,0.83,21.5,33.1,52.5,1.79,4.22,126,30.1,112,275
34.01,105.32,magmatic,61,65.1,127,0.56,14.7,26.4,55,1.48,2.96,150,28.4,136,273
34.01,105.32,magmatic,52.6,36.1,97.6,0.36,7.44,17.2,63.8,0.88,1.28,150,25.5,153,288
34.01,105.32,magmatic,76.4,47.6,114,0.46,9.53,21.3,65.7,6.36,2.64,182,28.6,167,306
34.01,105.32,magmatic,69.7,88.1,147,0.77,22.2,33,51.9,2.29,4.16,96.8,30.6,99.5,278
34.01,105.32,magmatic,62.6,71.9,134,0.5,16,28.5,53.9,1.33,2.91,117,29.3,108,271
34.01,105.32,magmatic,83.8,39.9,94.8,0.43,8.56,18,53.9,9.92,2.67,119,23.4,122,250
34.01,105.32,magmatic,76.1,125,210,0.67,27.3,47.4,71.7,2.21,4.31,257,43.3,224,394
29.19,89.89,detrital,110.57,92.32,166.19,66.88,32.16,34.9,51.6,39.01,30.04,97.08,33.49,91.14,406.01
29.19,89.89,detrital,311.82,151.56,253.32,461.43,65.32,60.14,102.45,125.75,85.91,322.24,62.68,429.9,721.95
29.19,89.89,detrital,64.99,62.99,137.6,17.74,16.27,23.94,45.87,18.12,12.61,207.97,26.78,501.71,384.36
29.19,89.89,detrital,540.81,65.79,112.15,224.34,33.95,30.18,56.8,97.55,47.91,256.43,34.53,426.39,305.38
29.19,89.89,detrital,29.93,84.36,176.81,14.86,22.07,34.07,60.65,10.91,17.17,46.68,37.51,168.12,472.49
29.19,89.89,detrital,17.65,68.1,166.3,3.72,11.23,23.03,58.32,3.99,5.51,49.15,27.76,110.52,537.2
29.19,89.89,detrital,62.35,53.83,91.28,82.94,15.62,15.63,25.59,30.5,17.57,108.55,15.03,218.49,250.08
29.19,89.89,detrital,62.18,62.84,135.18,10.21,11.43,16.98,35.56,4.85,4.86,66.21,17.77,81.19,398.9
29.19,89.89,detrital,1.83,51.33,56.05,7.45,9.95,13.7,5.37,3.39,5.07,18.36,6.6,355.2,68.86
29.19,89.89,detrital,873.64,462.18,768.79,315.2,194.95,281.96,387.28,252.43,194.39,738.96,292.72,371.78,1538.62
29.19,89.89,detrital,49.62,48.93,79.76,75.77,18.95,16.6,24.98,16.18,16.77,56.18,15.61,97.81,201.75
29.19,89.89,detrital,267.98,109.55,209.14,110.84,35.11,39.69,64.41,73.74,34.58,102.68,39.76,63.45,537.82
29.19,89.89,detrital,1665.84,333.73,452.49,2356.71,256.45,164.69,269.46,1059.97,495.83,813.57,178.67,664.82,1040.68
29.19,89.89,detrital,87.5,155.07,306.31,141.48,43.55,66.31,115.79,60.18,45.32,210.12,72.1,358.88,809.12
29.19,89.89,detrital,686.73,52.25,63.91,685.61,52.17,23.55,39.2,308.53,122.86,333.33,22.96,116.27,156.5
29.19,89.89,detrital,45.26,57.62,115.2,14.4,12.9,16.72,26.6,32.39,8.78,36.07,15.37,83.54,295.54
29.19,89.89,detrital,399.63,105.25,176.69,122.64,49.65,44.57,65.77,92.55,59.94,211.85,43.87,131.83,419.34
29.19,89.89,detrital,99.67,26.35,57.94,9.31,6.43,9.15,20.86,13.72,5.22,68.02,10.62,115.07,180.06
29.19,89.89,detrital,146.75,235.57,354.18,288.74,109.47,116.69,131.87,183.16,133.71,330.88,107.61,298.19,693.64
29.19,89.89,detrital,179.16,103.75,151.26,79.64,52.14,38.86,49.19,135.23,72.43,54.05,32.76,30.67,333.36
29.19,89.89,detrital,260.27,125.68,173.76,114.9,74.12,71.25,92.22,79.28,82.85,112.41,69.51,96.19,332.6
29.19,89.89,detrital,68.86,47,81.21,32.21,16.14,16.58,23,13.22,14.3,78.35,15.34,138.17,192.62
29.19,89.89,detrital,201.58,230.3,349.49,67.91,113.24,122.34,154.17,90.12,108.94,234.68,117.4,219.15,707.27
29.19,89.89,detrital,323.29,192.19,281.78,68.19,91.73,78.69,85.02,241.06,121.75,380.37,66.65,225.31,571.07
29.19,89.89,detrital,948.44,456.75,458.18,3701.01,391.84,206.19,201.22,1264.06,697.54,630.93,168.79,896.77,796.03
29.19,89.89,detrital,7.24,33.55,34.7,28.08,11.78,5.96,6.68,18.96,8.93,14.12,4.14,235.74,84.26
29.19,89.89,detrital,156.19,79.93,116.08,62.6,31.51,23.77,26.58,78.52,39.7,96.18,19.21,80.4,254.59
29.19,89.89,detrital,473.71,47.83,54.96,48.96,20.94,8.61,9.76,351.43,38.05,87.09,5.96,197.05,124.94
29.19,89.89,detrital,18.73,19.92,16.47,20.49,10.83,3.31,2.07,18.28,11.37,64.1,1.74,52.52,31.62
29.19,89.89,detrital,17.34,134.83,277.61,104.23,39.87,55.66,93.3,22.59,30.63,68,59.26,298.19,690.59
29.19,89.89,detrital,4066,54.52,54.77,1017.92,66,26.17,28.76,399.22,164.53,1173.81,22.47,187.28,97.2
29.19,89.89,detrital,99.12,51.94,54.38,122.88,44.32,21.38,18.55,71.81,59.71,143.22,16.01,171.73,95.67
29.19,89.89,detrital,25.38,90.05,192.37,9.73,16.73,27.12,47.01,7.55,8.41,59.52,26.59,81.78,498.19
29.19,89.89,detrital,548.99,83.27,103.26,312.85,49.93,19.91,25.44,165.07,79.27,360.63,14.88,105.04,246.67
29.19,89.89,detrital,35.91,31.12,46.02,29.58,9.06,7.78,10.51,5.07,5.64,34.79,6.48,71.3,117.47
29.19,89.89,detrital,135.25,68.45,136.83,103,24.19,29.52,65.77,31.34,23.02,102.27,34.93,86.41,409.06
29.19,89.89,detrital,44.45,100.64,217.19,23,18.98,29.54,55.54,26.46,11.07,89.58,29.66,125.81,600.89
29.19,89.89,detrital,949.28,45.99,96.2,105.76,19.12,22.36,51.78,26.51,20.05,426.5,28.2,400.94,284.08
29.19,89.89,detrital,822.64,150.98,195.87,944.65,97.29,51.62,82.15,261.7,161.96,1002.73,47.41,494.43,503.16
29.19,89.89,detrital,843.61,725.86,585.63,7547.02,791.25,322.56,259.42,1425.83,1060.21,1154.4,244.83,1509.38,870.62
29.19,89.89,detrital,1128.23,320.23,430.39,1624.89,214.77,184.73,285.12,635.42,345.22,1231.77,200.01,1098.59,881.12
29.19,89.89,detrital,69.64,195.7,265.34,234.04,59.19,43.64,48.74,85.23,51.46,358.89,33.69,508.59,603.93
29.19,89.89,detrital,48.54,124.85,233.56,70.7,26.99,30.35,58.44,47.59,20.83,109.46,29.56,266.43,676.43
29.19,89.89,detrital,364.42,75.62,100.93,314.5,52.17,29.99,40.87,102.77,65.16,160.81,27.01,153.42,233.03
29.19,89.89,detrital,49.51,235.16,466.78,203.48,66.74,112.31,192.26,65.18,60.57,126.77,126.74,488.74,1199.58
29.19,89.89,detrital,365.7,156.65,262.75,361.56,68.08,62.52,99.86,114.89,81.81,247.7,65.2,331.95,670.57
29.19,89.89,detrital,622.02,156.9,239.24,453.79,98.58,84.61,129.79,164.4,127.83,716.02,87.51,304.69,525.04
29.19,89.89,detrital,455.74,23.02,38.49,52.32,12.57,10.42,16.46,297.09,30.16,80.23,10.88,55.46,94.35
29.19,89.89,detrital,263.64,87.79,172.67,146.58,37.26,51.36,116.03,37.82,35.02,225.91,64.58,292.8,462.53
29.19,89.89,detrital,270.32,55.71,127.14,52.5,19.91,29.24,76.77,33.92,19.59,211.42,39.47,198.06,406.26
29.19,89.89,detrital,180.44,52.53,87.23,106.66,25.06,25.37,41.27,130.05,41.07,99.68,26.78,90.99,210.42
29.19,89.89,detrital,180.76,99.2,201.69,90.86,24.64,30.01,69.61,15.87,17.68,285.04,33.54,242.72,643.2
29.19,89.89,detrital,1054.44,234.2,375.11,373.27,131.19,161.17,284.43,180.55,144.07,866.82,191.7,509.2,751.56
29.19,89.89,detrital,261.18,31.45,53.3,55.85,15.86,15.09,23.38,190.35,27.72,58.55,15.54,47.85,124.26
29.19,89.89,detrital,140.24,97.41,208.32,65.79,25.93,38.07,78.39,22.91,20.72,256.78,42.71,183.99,612.59
29.19,89.89,detrital,8.99,131.5,304.82,11.3,22.69,43.51,86.22,8.69,11.63,69.17,47.22,248.51,861.34
29.19,89.89,detrital,135.19,37.88,76.96,52.3,11.79,13.08,29.52,9.05,9.68,151.85,14.27,124.38,239.59
29.19,89.89,detrital,27.62,28.08,64.76,9.28,5.31,7.85,22.01,6.53,3.02,33.53,9.21,43.71,220.7
29.19,89.89,detrital,134.88,21.05,45.82,16.25,5.37,6.25,16.04,48.29,6.54,117.48,7.16,102.73,148.35
29.19,89.89,detrital,122,105.85,216.48,107,31.08,42.43,71.77,27.26,25.7,167.47,43.72,153.78,558.24
29.19,89.89,detrital,772.84,300.89,285.55,2901.58,324.96,139.4,137.15,712.25,572.31,602.63,114.22,608.02,496.5
29.19,89.89,detrital,52.74,37.8,98.87,14.48,7.19,11.54,44.49,4.43,4.02,133.1,15.64,243.16,399.77
29.19,89.89,detrital,345.95,56.11,101.94,127.64,26.78,30.34,64.84,144.82,38.49,294.78,37.49,267.57,282.18
29.19,89.89,detrital,175.29,59.43,131.15,42.63,16.48,20.62,49.01,98.63,17.87,80.15,23.86,60.61,416
29.19,89.89,detrital,221.08,94.27,204.25,72.63,24.69,33.12,67.13,22.99,19.29,134.23,37.37,115.29,604.85
29.19,89.89,detrital,712.29,41.74,65.52,122.24,27.39,23.96,43.51,265.1,49.58,479.76,27.77,187.27,154.08
29.19,89.89,detrital,566.15,78.77,165.4,79.69,25.09,32.73,67.48,30.61,23.34,498.56,37.54,389.31,481.8
29.19,89.89,detrital,106.43,109.01,197.09,76.94,29.96,29.89,50.28,28.73,21.94,287.01,27.92,237.3,529.01
29.19,89.89,detrital,1056.6,149.83,153.19,1111.38,116.21,83.52,109.44,153.34,201.79,819.86,78.49,399.77,310.79
29.19,89.89,detrital,1607.87,248.89,372.19,603.89,141.03,134.02,187.62,293.22,175.59,928.38,133.67,423.82,789.01
29.19,89.89,detrital,486.13,92.57,158.19,233.89,38.83,34.48,63.35,97.05,49.72,468.05,35.97,314.31,439.16
29.19,89.89,detrital,729.6,72.09,166.65,40.37,22.12,36.3,87.09,20.92,20.58,689.96,47.28,678.73,511.79
29.19,89.89,detrital,3279.67,323.57,443.39,1040.84,226.87,197.72,286.07,345.43,304.6,3455.56,208.92,1592.82,841.94
29.19,89.89,detrital,728.03,182.41,414.65,217.17,68.26,126.77,345.27,62.8,63.64,620.68,185.92,476.33,1181.14
29.19,89.89,detrital,554.12,197.48,318.59,282.92,108.65,123.45,190.02,143.47,127.76,555.61,134.69,388.36,650.2
29.15,89.97,detrital,20.96,332.58,664.94,1.11,52.79,100.18,174.17,3.64,7.57,258.77,97.29,336.81,1521.65
29.15,89.97,detrital,9.35,23.25,44.57,0.52,5.12,6.38,19.41,0.63,0.99,81.38,7.52,103.07,141.45
29.15,89.97,detrital,8.63,143.38,291.37,3.25,28.58,41.55,123.75,2.08,5.03,130.49,50.2,593.19,926.46
29.15,89.97,detrital,53.16,90.38,159.38,1.47,18.05,24.55,53.27,1.5,3.53,583.92,26.16,643.59,452.64
29.15,89.97,detrital,21.15,54.68,112.18,0.6,10.94,16.14,42.6,1.46,2.32,109.22,18.49,202.4,328.35
29.15,89.97,detrital,15.55,68.27,163.4,0.77,11.88,22.18,74.93,1.4,2.34,191.17,28.75,328.14,532.7
29.15,89.97,detrital,8.29,51.16,111.32,0.29,8.27,16.58,37.73,0.71,1.49,76.9,18.26,125.02,319.74
29.15,89.97,detrital,7.31,43.26,101.96,0.5,6.92,13.71,44.31,0.67,1.19,76.75,17.77,146.77,328.11
29.15,89.97,detrital,6.89,188,464.97,0.43,22.47,63.49,171.63,0.9,2.77,91.78,78.9,216.21,1375.05
29.15,89.97,detrital,3.34,231.11,642.88,0.16,19.54,82.69,245.16,0.53,2.1,52.17,111.63,343.69,1986.79
29.15,89.97,detrital,14.7,99.02,216.54,0.59,16.58,30.91,76.39,3.71,3.36,85.36,34.37,101.4,593.72
29.15,89.97,detrital,232.38,106.07,183.93,1.88,31.79,28.41,59.16,96.05,19.83,249.19,28.77,138.79,487.44
29.15,89.97,detrital,8.68,172.21,274.13,0.9,31.06,45.51,69.76,1.29,4.27,166.33,39.74,289.54,618.82
29.15,89.97,detrital,19.37,97.25,191.25,0.64,17.07,28.9,64.11,1.49,2.94,125.49,30.85,264.69,528.78
29.15,89.97,detrital,13.63,125.85,244.99,0.33,20.82,37.3,70.15,1.46,3.41,336.33,37.49,367.43,603.98
29.15,89.97,detrital,5.53,179.29,294.8,0.45,39.25,48.5,75.82,4.3,7.65,141.85,41.8,228.27,648.5
29.15,89.97,detrital,63.88,593.15,456.53,19.02,244.11,103.14,76.96,25.55,44.36,276.66,53.24,298.14,732.27
29.15,89.97,detrital,1.67,259.72,554.61,0.3,32.67,80.51,166.87,1.06,3.98,64.92,88.04,330.97,1411.73
29.15,89.97,detrital,2.33,222.79,431.28,0.28,35.15,66.29,121.29,2.41,5.05,48.72,64.75,142.39,1042.89
29.15,89.97,detrital,3.59,146.92,275.71,0.66,24.37,42.49,80.48,2.22,3.76,110.64,42.33,495.55,682.97
29.15,89.97,detrital,17.15,149.74,267.19,1.45,30.37,40.82,86.45,2.27,5.19,348.28,42.33,736.88,708.38
29.15,89.97,detrital,4.81,168.43,336.41,0.04,21.93,50.8,93.01,1.42,3.05,193.3,51.71,299.71,828.34
29.15,89.97,detrital,3.34,93.17,184.08,0.19,16.49,27.52,55.33,0.95,2.68,211.21,28.77,366.64,465.12
29.15,89.97,detrital,32.84,175.08,371.35,0.89,28.91,53.92,122.6,12.49,6.56,211.95,58.56,238.53,1020.6
29.15,89.97,detrital,16.61,162.78,336.48,1.08,27.01,49.53,108.34,5.31,4.68,234.55,53.17,409.55,889.22
29.15,89.97,detrital,6.72,213.14,450.33,0.07,29.82,65.59,132.32,1.99,3.99,246.71,70.19,607.64,1127.39
29.15,89.97,detrital,1.2,283.94,672.93,0.03,28.36,94.46,198.4,1.04,3.02,89.16,107.95,492.56,1726.21
29.15,89.97,detrital,11.62,93.51,185.87,0.91,17.89,27.38,64.8,1.52,3.37,87.67,30.1,121.26,515.9
29.15,89.97,detrital,35.03,363.71,698.31,0.69,63.45,106.62,195.63,12.79,12.23,385.81,106.64,896.55,1702.33
29.15,89.97,detrital,7.17,94.59,212.98,0.35,13.2,29.81,81.87,0.66,1.87,168.83,37.19,789.74,667.1
29.15,89.97,detrital,2.18,217.38,329.27,0.55,34.27,57.25,73.98,2.34,4.98,78.13,46,355.51,678.97
29.15,89.97,detrital,14.41,562.54,967.95,3.57,99.07,155.5,231.16,10.83,18.23,569.41,139.38,921.66,2124.29
29.15,89.97,detrital,0.72,249.54,262.22,0.15,64.87,52.92,49.2,2.69,9.36,61.58,33.24,323.32,470.83
29.15,89.97,detrital,9.27,274.34,560.45,0.11,34.69,82.91,165.82,7.49,5.89,52.67,89.99,483.69,1464.9
29.15,89.97,detrital,1.87,146.39,333.55,0.17,20.53,47.63,109.96,0.8,2.66,76.84,53.09,218.62,897.74
29.15,89.97,detrital,5.75,253.96,442.36,0.22,45.65,70.96,112.13,3.63,7.64,216.43,65.13,369.38,1004.74
29.15,89.97,detrital,1.84,219.99,265.33,2.38,53.68,50.06,50.36,3.6,9.17,169.37,34.77,499.27,494.75
29.15,89.97,detrital,3.7,127.69,197.06,0.25,21.15,33.7,45.7,1.49,3.39,114.65,26.65,311.37,405.09
29.15,89.97,detrital,1.49,126.83,55.34,0.11,56.87,17.94,2.65,4.33,12.89,65.71,4.55,185.06,41.01
29.15,89.97,detrital,26.78,44.58,69.51,1.2,12,11.33,21.34,3.12,3.53,73.2,10.1,36.77,170.76
29.15,89.97,detrital,1.04,194.95,176.5,3.3,57.73,39.59,29.41,2.19,9.09,83.5,21.82,832.78,299.85
29.15,89.97,detrital,23.92,90.99,114.82,2.5,29.86,21.14,25.92,17.27,10.55,142.41,15.94,135.45,243.64
29.15,89.97,detrital,50.85,120.77,137.73,3.22,41.93,26.67,29.18,27.69,15.44,112.37,18.21,76.53,266.79
29.15,89.97,detrital,22.42,81.21,130.56,1.2,19.01,21.21,38.98,2.03,3.97,179.91,19.55,222.08,323.64
29.15,89.97,detrital,9.63,376,644.8,0.48,73.41,104.94,154.42,5.3,12.89,402.3,91.9,383.87,1391.54
29.15,89.97,detrital,2.13,134.48,296.36,0.28,20.23,42.8,99.8,1.18,3,97.67,47.67,263.11,811.38
29.15,89.97,detrital,12.88,120.75,214.6,1.32,21.98,32.85,66.01,2.1,3.72,301.18,32.92,728.35,552.07
29.15,89.97,detrital,5.45,83.13,161.5,0.09,12.84,24.17,49.71,1.02,2.32,191.99,25.6,770.53,424.52
29.15,89.97,detrital,26.99,164.68,283,2.72,34.92,44.87,83.99,3.81,6.97,376.95,43.47,623.43,713.33
29.15,89.97,detrital,6.95,72.42,121.84,0.29,14.96,19.56,33.37,1.24,2.87,46.37,17.9,107.09,285.58
29.15,89.97,detrital,10.47,36.37,86.8,0.32,5.82,11.69,37.71,0.58,1.03,172.21,15.47,154.28,286.92
29.15,89.97,detrital,10.27,113.07,222.84,0.25,18.57,33.32,69.32,1.51,3.45,188.1,35.98,175.99,597.44
29.15,89.97,detrital,5.87,138.85,110.14,0.68,47.31,26.23,13.27,8.02,11.98,150.79,12.29,178.6,146.95
29.15,89.97,detrital,6.11,145.79,206.35,0.71,37.97,36.13,47.16,4.85,8.27,90.89,28.66,146.22,423.97
29.15,89.97,detrital,9.85,52.48,87.42,0.23,12.34,13.95,30.77,1.12,2.25,304.8,14.42,271.18,252.61
29.15,89.97,detrital,5.96,39.68,100.05,0.33,4.95,13.12,48.54,0.34,0.76,50.1,18.42,199.43,360.93
29.15,89.97,detrital,6.05,200.61,414.73,1.58,27.43,60.45,128.87,1.81,4.01,104.79,65.4,313.46,1066.82
29.15,89.97,detrital,4.02,520.57,1098.2,0.77,68.42,160.99,319.48,5.99,9.82,96.98,172.29,421.71,2811.92
29.15,89.97,detrital,11.65,126.07,270.38,0.17,17.92,39.6,81.79,1.03,2.54,243.98,42.86,362.63,694.92
29.15,89.97,detrital,20.13,116.94,255.34,0.69,18.18,36.53,88.54,1.31,2.75,328.36,41.59,465.8,712.23
29.17,89.95,detrital,16.22,54.96,87.93,0.37,17.09,20.54,33.05,1.99,3.66,94.55,17.93,118.8,163.28
29.17,89.95,detrital,4.27,118.3,227.8,0.2,24.09,48.51,86.57,1.26,3.87,130.57,48.64,594.95,441.27
29.17,89.95,detrital,12.79,107.1,157.74,0.63,32.05,37.61,54.06,2.91,6.14,109.58,32.02,164.22,277.33
29.17,89.95,detrital,14.26,89.74,157.35,0.88,21.11,34.34,63.14,1.46,3.02,77.11,33.36,126.67,316.12
29.17,89.95,detrital,19.06,67.6,96.57,1.06,22.53,23.28,33.77,3.52,5.46,180.57,19.46,214.17,175.03
29.17,89.95,detrital,47.83,97.3,155.07,1.25,27.6,35.38,59.85,1.77,4.82,274.16,32.47,300.29,295.12
29.17,89.95,detrital,31.28,123.58,210.74,1.53,31.21,46.76,82.73,3.4,6.3,166.24,44.51,136.09,410.6
29.17,89.95,detrital,5.44,209.13,414.9,0.63,36.89,87.29,171.25,1.5,4.94,85.36,90.61,271.24,862.52
29.17,89.95,detrital,8.12,88.53,124.88,1.35,31.98,30.47,45.39,6.7,8.67,49.96,25.09,65.73,226.78
29.17,89.95,detrital,7.91,176.51,345.92,0.43,31.91,73.52,142.3,2.67,4.73,69.69,75.66,292.09,707.72
29.17,89.95,detrital,6.69,129.35,228.76,0.49,27.55,50.37,94.71,1.94,3.98,89.09,49.8,110.18,474.7
29.17,89.95,detrital,5.86,104.51,194.26,0.32,22.09,41.29,83.92,1.22,3.46,75.95,42.88,118.95,413.1
29.17,89.95,detrital,30.22,47.1,76.26,0.7,12.62,16.81,30,1.4,2.7,78.96,16.14,71.21,151.32
29.17,89.95,detrital,2.72,72.28,125.87,0.45,20.63,28.52,47.78,2.23,3.97,37.81,26.06,44.12,237.41
29.17,89.95,detrital,8.15,40.45,73.32,0.22,9.05,15.97,30.32,0.67,1.6,57.1,15.83,105.25,149.44
29.17,89.95,detrital,12.62,69.22,123.97,0.55,17.05,27.14,48.28,1.42,3.08,210.61,25.9,417.94,238.48
29.17,89.95,detrital,12.31,155.27,246.24,0.9,39.9,57.22,85.32,6.47,7.83,93.26,49.16,280.18,432.91
29.17,89.95,detrital,210.01,109.23,168.44,0.84,37.93,39.41,54.9,98.45,22.91,126.36,33.58,222.35,286.36
29.17,89.95,detrital,10.7,83.28,144.27,0.77,19.2,31.62,58.09,1.4,3.17,92.25,30.39,178.92,283.15
29.17,89.95,detrital,2.66,103.33,85.62,0.83,55.8,25.9,19.85,5.9,13.49,136.7,14.3,457.9,110.92
29.17,89.95,detrital,12.32,81.07,148.68,0.09,17.39,32.16,58.38,2.19,3.22,91.38,32.23,320.96,301.31
29.17,89.95,detrital,5.43,191.19,312.99,1.56,50.12,70.37,116.18,3.38,7.6,114.75,66.24,759.74,603.3
29.17,89.95,detrital,13.52,109.11,192.16,1.58,27.22,42.31,79.32,3.47,5.53,96.55,41.18,295.5,385.66
29.17,89.95,detrital,859.27,61.61,93.12,6.45,44.53,21.22,39.42,431.45,60.92,85.85,19.59,100.42,187.58
29.17,89.95,detrital,68.1,143.99,223.25,2.08,37.86,52.06,75.8,27.84,10.89,208.54,45.48,572.99,403.94
29.17,89.95,detrital,11.69,63.23,133.6,0.8,13.67,26.62,71.16,1.1,2.4,59.01,31.21,158.87,316.16
29.17,89.95,detrital,8.23,92.91,163.02,0.34,22.35,35.2,59.88,1.38,3.33,73.62,33.9,161.48,309.5
29.17,89.95,detrital,48.59,153.08,269.89,0.91,39.09,59.69,111.04,25.74,11,74.26,57.38,258.9,538.96
29.17,89.95,detrital,41.43,245.76,353.1,5.56,75.49,83.24,118.54,24.45,18.55,235.53,73.28,744.92,644.59
29.17,89.95,detrital,5.01,220.83,372.46,0.25,49.2,85.63,127.3,3.49,7.5,159.23,75.07,440.19,667.8
29.17,89.95,detrital,4.51,188.52,325.73,2.92,42.33,69.6,133.07,2.07,7.07,91.86,71.77,608.61,677.04
29.17,89.95,detrital,1.19,155.87,208.16,0.34,38.26,52.97,58.48,1.85,5.71,69.91,38.91,269.91,326.45
29.17,89.95,detrital,7.66,84.68,140.87,0.32,19.12,31.69,50.57,1.74,3.24,130.85,29.11,259.12,263.46
29.17,89.95,detrital,4.24,141.27,232.38,0.4,37.15,53.49,83.19,2.31,6.13,146.21,47.08,353.63,422.04
29.17,89.95,detrital,5.44,143.66,260.09,0.78,31.59,57.01,115.79,2.31,5.49,187.44,58.01,891.37,566.39
29.17,89.95,detrital,3.06,184.48,295.74,0.41,50.7,67.72,112.32,3.48,8.56,117.1,61.17,226.58,536.55
29.17,89.95,detrital,15.91,295.31,442.2,4.31,85.75,105.53,153.29,10.69,16.94,550.34,89.04,858.12,799.65
29.17,89.95,detrital,2.56,171.81,177.76,1.58,50.6,50.15,46.14,3.83,10.03,84.83,32.42,344.23,262.1
29.17,89.95,detrital,7.16,196.09,283.16,0.34,58.13,68.61,87.48,6.14,11.7,188.54,54.79,255.35,465.28
29.17,89.95,detrital,2.15,234.52,362.98,0.19,54.14,85.29,120.47,3.52,8.26,130.29,73.12,468.29,639.24
29.17,89.95,detrital,3.3,108.15,171.81,0.12,25.8,40.31,55.16,1.92,4.28,69.24,33.66,197.37,292.37
29.17,89.95,detrital,14.09,56.57,118.36,0.67,11.13,23.89,66.59,0.78,1.98,222.22,28.27,413.08,295.99
29.17,89.95,detrital,3.15,4.55,2.82,0.36,3.16,1.03,0.53,0.49,0.85,9.36,0.42,24.96,3.31
29.17,89.95,detrital,12.97,72.97,98.66,0.88,23.25,24.01,31.87,2.7,5.22,90.38,19.56,134.8,171.84
29.17,89.95,detrital,2.32,54.83,66.8,0.66,18.28,16.52,30.1,1.07,3.09,59.27,14.55,579.91,144.53
29.17,89.95,detrital,26.88,67.22,135.31,1.21,17.09,27.42,77.62,1.95,2.95,430.04,32.26,631.36,335.22
29.17,89.95,detrital,23.47,183.96,294.01,4.57,54.31,66.96,120.78,7.35,11.83,220.6,62.27,214.63,583.85
29.17,89.95,detrital,40.21,124.96,221.2,1.95,31.05,48.62,89.59,3.83,6.19,499.38,46.91,484.39,437.46
29.17,89.95,detrital,63.11,136.02,248.1,1.81,31.45,52.73,108.7,4.38,5.63,748.99,55.46,838.72,535.95
29.17,89.95,detrital,49.94,97.81,227.7,1.1,19,43.48,130.36,9.66,4.22,184.5,55.77,277.76,586.32
29.17,89.95,detrital,140.02,94.9,182.44,1.25,30.17,38.25,85.07,73.96,16.51,323.29,41.46,584.07,407.82
28.99,89.43,detrital,5.26,50.53,117.07,0.27,8.19,16.54,45.48,0.42,1.09,58.06,19.83,106.32,349.32
28.99,89.43,detrital,13.11,23.08,54.39,0.31,4.8,7.51,26.31,0.41,0.87,72.08,9.7,108.58,186.65
28.99,89.43,detrital,29.36,452.69,877.8,2.56,70.34,139.78,212.28,3.54,8.84,204.85,126.33,310.94,1938.47
28.99,89.43,detrital,13.52,177.46,446.87,0.47,21.58,61.48,164,0.73,2.31,266.43,76.13,411.58,1324.34
28.99,89.43,detrital,10.51,107.46,240.99,0.39,16.25,34.77,76.05,1.25,2.6,96.3,38.56,113.37,638.43
28.99,89.43,detrital,14.13,44.79,92.18,0.33,9.17,13.69,31,0.76,1.59,59.47,15.26,74.93,254.34
28.99,89.43,detrital,9.85,37.61,75.49,0.26,7.18,11.45,23.8,0.46,1.1,57.14,11.97,83.5,196.48
28.99,89.43,detrital,34.21,159.23,285.94,0.66,34.48,45.7,76.37,12.66,8.21,438.5,42.93,417.88,666.35
28.99,89.43,detrital,14.26,32.65,56.24,0.42,8.13,9.1,16.23,1.18,1.65,18.21,8.52,18.18,142.66
28.99,89.43,detrital,20.74,198.23,322.62,1.55,46.12,53.88,80.05,7.26,9.95,290.7,46.82,168.94,721.7
28.99,89.43,detrital,30.77,90.35,181.68,0.31,14.65,27.64,53.56,0.79,1.98,288.6,27.73,251.39,447.87
28.99,89.43,detrital,22.32,73.5,155.55,0.29,13.76,22.7,51.84,1.89,2.47,408.82,25.41,549.14,430.57
28.99,89.43,detrital,8.45,20.44,46.1,0.14,4.03,6.28,20.11,0.35,0.73,52.27,8.18,73.36,153.83
28.99,89.43,detrital,17.22,86.94,127.21,0.46,13.72,22.61,32.54,0.57,1.6,88.52,18.3,315.31,299.09
28.99,89.43,detrital,28.93,199.18,365.54,2.31,43.18,58.02,104.72,6.01,8.92,237.49,54.39,125.14,881.71
28.99,89.43,detrital,1.83,92.46,183.75,0.5,15.11,28.29,57.86,1.11,2.5,77.15,29.08,168.65,491.29
28.99,89.43,detrital,1.45,147.47,262.04,0.11,26.78,41.96,69.31,2.13,4.52,87.63,38.57,207.21,615.95
28.99,89.43,detrital,21.85,48.97,95.14,0.3,9.77,14.38,30.82,1.15,2.22,141.93,15.06,159.72,254.13
28.99,89.43,detrital,7.3,263.51,517.38,1.27,49.09,79.96,144.34,4.4,7.98,237.96,77.54,399.33,1240.27
28.99,89.43,detrital,8.37,106.17,201.85,0.74,22.2,31.49,60.34,2.14,4.04,119,30.7,145.43,498.81
28.99,89.43,detrital,3.77,117.36,253.81,0.09,18.12,37.05,78.68,1,2.42,95.65,40.36,210.58,660.2
28.99,89.43,detrital,18.85,99.65,197.22,0.3,20.48,29.46,55.4,1.49,3.48,134.74,29.42,92.44,482.55
28.99,89.43,detrital,12.48,55.3,111.74,0.24,10.54,16.85,35.11,1.01,1.9,93.07,17.24,125.83,288.15
28.99,89.43,detrital,35.55,271.59,512.36,3.42,52.18,78.38,160.91,10.71,11.56,706.79,80.75,725.9,1348.1
28.99,89.43,detrital,1.02,39.34,77.67,0.19,7.9,11.47,27.88,0.58,1.07,15.95,12.5,37.71,220.26
28.99,89.43,detrital,6.14,111.73,229.83,0.08,18.6,34.58,71.9,2.87,3.51,200.26,35.9,352.07,610.22
28.99,89.43,detrital,5.21,80.63,159.5,0.24,15,24.46,46.66,1.23,2.57,63.46,24.81,45.85,396.44
28.99,89.43,detrital,15.19,73.6,142.46,0.26,13.02,21.58,43.64,0.96,2.37,186.49,22.48,221.51,370.03
28.99,89.43,detrital,21.98,194.98,329.39,1.53,41.76,53.89,87.72,4.99,8.84,351.14,48.93,351.62,773.21
28.99,89.43,detrital,14.11,65.06,130.62,0.14,11.78,20.12,38.74,4.57,2.81,121.67,20.03,180.13,326.18
28.99,89.43,detrital,6.53,59.31,133.76,0.37,9.21,19.16,50,0.6,1.25,75.38,21.62,95.68,385.8
28.99,89.43,detrital,13.32,299.92,843.54,0.48,27.39,108.55,313.76,0.64,2.82,45.25,149.78,467.29,2641.39
28.99,89.43,detrital,0.84,141.97,202.99,0.05,22.65,36.36,40.46,0.97,2.93,97.18,27.25,388.05,390.19
28.99,89.43,detrital,9.09,88.74,182.38,0.21,14.97,27.72,55.11,0.79,2.15,106.94,28.19,165.57,464.04
28.99,89.43,detrital,16.28,196.09,346.33,0.59,42.53,56.48,86.04,6.02,8.58,420.97,49.33,289.55,753.59
28.99,89.43,detrital,1.73,211.39,436.99,0.15,35.73,64.66,132.51,2.04,4.96,177.52,68.1,327.6,1120.89
28.99,89.43,detrital,5.26,228.89,420.59,2.31,37.65,65.72,114.92,4.76,7.11,176.12,63.89,602.13,1011.61
28.99,89.43,detrital,89.4,170.75,306.92,2.24,37.74,48.3,84.33,4.27,7.37,331.41,45.25,130.23,735.38
28.99,89.43,detrital,9.78,137.04,263.07,0.16,25.55,41.36,70.42,1.9,4.34,177.62,39.16,316.51,625.89
28.99,89.43,detrital,6.9,161.78,288.3,1.36,31.21,46.32,72.59,2.96,5.72,132.8,42.68,275.7,644.44
28.99,89.43,detrital,3.89,79.18,155.86,0.14,13.81,23.88,44.05,0.72,2.03,81.08,23.43,235.57,382.89
28.99,89.43,detrital,12.52,13.19,27.49,0.14,2.58,3.96,15.38,0.24,0.51,338.35,5.07,107.38,103.15
28.99,89.43,detrital,2.34,117.19,185.42,0.14,22.37,31.24,45.02,1.83,3.81,167.74,26.79,393.87,404.95
28.99,89.43,detrital,8.73,118.14,225.07,0.58,22.94,34.48,65.04,2.45,4.62,293.38,34.1,202.46,553.5
28.99,89.43,detrital,17.09,76.09,163.92,0.2,12.33,23.74,52.76,4.82,2.6,128.32,26.21,228.62,436.92
28.99,89.43,detrital,18.96,198.84,330.64,0.29,29.84,55.87,78.45,2.99,4.01,341.76,46.64,843.14,705.14
28.99,89.43,detrital,3.7,80.99,157.38,0.15,14.67,24.03,47.88,1.17,2.42,52.29,24.24,143.57,400.14
28.99,89.43,detrital,2.06,28.53,76.16,0.17,3.01,10.22,37.23,0.05,0.39,83.45,13.89,154.01,276.23
28.99,89.43,detrital,10.16,177.72,307.48,0.48,38.72,49.95,80.6,4.29,7.49,186.43,45.15,144.09,700.73
28.99,89.43,detrital,2.89,66.65,129.02,0.1,11.1,20.2,37.73,0.63,1.75,49.42,20.05,114.58,327.04
28.99,89.43,detrital,12.5,176.33,417.52,0.32,24.76,59.03,128.9,1.3,2.97,231.82,67.1,488.95,1096.25
28.99,89.43,detrital,4.65,126.13,228.68,0.39,24.39,36.54,62.35,1.64,3.97,87.24,34.72,187.82,545.97
28.99,89.43,detrital,6.69,124.88,305.42,0.41,17.29,40.88,123.54,1.4,2.9,88.11,55.15,364.77,1012.3
28.99,89.43,detrital,5.35,6.02,10.02,0.2,1.06,1.82,2.76,0.19,0.2,88.06,1.66,171.89,21.56
28.99,89.43,detrital,5.52,52.47,82.07,0.25,13.69,13.68,21.52,1.36,2.82,210.3,11.86,306.27,186.53
28.99,89.43,detrital,8.8,37.9,55.59,0.43,12.01,9.52,15.58,1.22,2.31,159.63,8.25,374.17,132.89
28.99,89.43,detrital,45.78,64.92,119.45,0.2,13.94,18.68,34.75,16.82,4.86,179.95,18.34,137.09,292.94
28.99,89.43,detrital,13.75,11.5,15.1,0.37,4.08,2.76,4.62,0.77,1.01,121.52,2.12,123.46,34.97
28.99,89.43,detrital,28.93,106.34,242.86,0.34,17.49,34.09,89.42,1.17,2.82,104.37,40.97,220.52,710.36
28.99,89.43,detrital,6.32,31.49,61.42,0.28,6.38,9.25,21.59,0.44,1.07,50.27,9.92,70.57,172.73
28.99,89.43,detrital,5.02,221.96,426.12,0.22,39.56,66.38,122.64,1.31,5.08,95.12,64.68,212.1,1043.18
28.99,89.43,detrital,17.21,84.83,155.39,0.18,17.79,24.56,44.3,1.79,3.25,241.09,23.34,206.29,376.61
28.99,89.43,detrital,9.07,44.99,74.02,0.49,10.69,11.93,21.19,1.6,2.21,68.5,10.98,82.02,180.44
28.99,89.43,detrital,7.04,104.57,178.37,0.67,24.81,28.82,48.98,2.2,4.77,190.69,25.86,144.27,412.2
28.99,89.43,detrital,20.03,75.39,155.92,0.18,12.85,23.2,48.23,0.94,2.24,352.46,24.55,263.96,405.76
28.99,89.43,detrital,13.8,97.15,197.83,0.4,17.68,29.82,59.17,1.52,2.98,139.23,31.2,108.18,510.01
28.99,89.43,detrital,17.74,130.5,234.08,0.27,25.92,36.93,65.75,2.38,4.49,264.24,35.46,174.79,569.3
28.99,89.43,detrital,1.81,42.85,46.7,0.04,11.96,9.43,7.32,0.53,1.93,137.51,5.77,111.02,72.85
28.99,89.43,detrital,14.77,107.64,197.52,0.35,21.3,30.91,55.58,1.9,4.2,208.95,30.29,157.23,489.33
28.99,89.43,detrital,7.62,73.91,129.08,0.25,16.19,20.63,33.9,1.19,2.89,148.08,19.15,66.94,301.36
28.99,89.43,detrital,10.62,153.84,221.89,0.57,40.48,39.56,48.21,5.02,8.88,422.03,30.61,123,448.15
28.99,89.43,detrital,14.84,31.5,44.23,1.36,10.15,7.41,11.91,3,3.6,288.62,6.71,170.92,112
28.99,89.43,detrital,7.39,143.58,216.48,1.44,38.7,37.3,54.36,8.05,9.68,78.72,30.63,50.33,476.15
28.99,89.43,detrital,18.76,66.74,115.54,0.25,14.73,18.59,32.76,1.37,2.84,155.88,17.73,141.33,284
28.99,89.43,detrital,26.99,82.83,169.68,0.5,15.01,25.25,53.34,1.37,2.59,182.03,26.76,149.6,452.09
28.99,89.43,detrital,6.48,205.93,393.01,1.33,36.92,61.22,110.38,1.88,5.46,245.56,60.29,486.4,984.65
28.99,89.43,detrital,5.56,233.06,375.87,1.7,54.56,63.24,92.35,7.73,11.56,119.17,53.26,123.51,818.71
29.32,89.88,magmatic,34.12,331.09,734.69,2.97,69.18,118.27,287.95,9.51,11.61,726.72,130.29,450.9,2131.46
29.32,89.88,magmatic,21.78,143.38,345.15,1.19,28.28,52.17,163.99,2.22,4.85,375.53,66.61,389.75,1156.78
29.32,89.88,magmatic,40.31,354.3,759.85,3.01,71.63,123.77,296.97,12.7,11.86,637.95,133.84,457.7,2202.53
29.32,89.88,magmatic,20.24,213.51,450.58,2.64,50.14,72.72,182.95,6.92,10.79,297.66,82.07,275.69,1376.3
29.32,89.88,magmatic,26.27,261.86,542.57,3.05,62.08,88.92,214.54,7.55,11.97,388.17,97.28,337.72,1602.54
29.32,89.88,magmatic,20.05,175.61,390.08,1.87,39.6,61.59,167.41,3.73,7.41,361.97,71.48,279.02,1202.84
29.32,89.88,magmatic,26.31,335.32,734.3,3.25,74.29,118.31,285.86,5.47,11.9,622.18,133.05,425.3,2188.19
29.32,89.88,magmatic,51.68,168.13,416.35,1.44,32.45,63.06,184.67,12.79,6.51,507.7,77.83,369.03,1330.66
29.32,89.88,magmatic,51.23,180.97,433.52,1.83,37.71,66.08,193.75,18.24,9.21,397.69,80.12,322.49,1373.56
29.32,89.88,magmatic,180.18,246.22,525.07,3.62,59.69,85.15,212.12,76.5,21.46,502.1,95.1,360.63,1571.49
29.32,89.88,magmatic,22.32,127.47,325.79,1,23.24,48.52,158.5,1.55,3.55,348.5,63,475.07,1141.15
29.32,89.88,magmatic,18.92,154.96,349.14,1.58,34.24,54.78,152.09,4.43,6.76,242.73,64.36,225.46,1088.39
29.32,89.88,magmatic,19.22,118.11,270.82,0.99,22.97,42.44,122.08,1.6,3.83,334.67,50.44,246.08,861.03
29.32,89.88,magmatic,19.06,139.84,329.08,1.16,29.81,51.07,147.87,2.32,5.19,292.96,62.78,323.08,1083.5
29.32,89.88,magmatic,22.2,209.33,458.67,2.18,49.06,72.79,186.09,4.7,8.99,343.45,83.42,280.12,1379.11
29.32,89.88,magmatic,15.98,82.15,204.57,0.65,15.39,30.69,101.19,1.1,2.57,227.02,40.43,227.73,714.2
29.32,89.88,magmatic,22.87,182.13,420.95,1.72,37.66,65.22,186.25,3.12,6.5,385.3,78.25,309.78,1334.59
29.32,89.88,magmatic,23.69,141.84,336.72,1.28,28.17,51.64,151.76,3.25,4.7,406.39,64.21,320.74,1109.56
29.32,89.88,magmatic,22.96,212.12,465.53,1.97,45.66,73.45,197.1,3.72,8.15,413.22,85.35,357.68,1447.67
29.32,89.88,magmatic,32.51,266.92,590.89,2.15,55.53,92.54,249.45,4.56,10.31,604.11,112.45,534.5,1867.51
29.32,89.88,magmatic,13.98,107.46,274.76,0.71,19.22,41.5,136.28,1.04,2.86,134.17,54.62,216.65,957.74
29.32,89.88,magmatic,27.3,361.09,798.3,3.14,71.22,126.92,319.45,5.43,11.08,567.12,143.64,481.57,2366.58
29.32,89.88,magmatic,9.09,84.05,203.73,0.62,15.34,30.55,100.07,0.82,2.11,85.15,40.18,139.67,708.69
29.32,89.88,magmatic,30.34,388.93,880.63,2.96,75.53,140.77,351.99,6.11,12.79,731.35,160,600.43,2652.07
29.32,89.88,magmatic,15.35,109.08,280.98,0.78,18.99,42.05,138.81,0.98,2.89,131.49,54.92,202.24,968.99
29.32,89.88,magmatic,22.9,302.94,639.08,3.15,67.12,104.33,256.66,5.21,12.04,425.82,115.93,359.85,1896.05
29.32,89.88,magmatic,26.48,365.73,896.19,2.74,62.65,139.47,383.6,5.42,10.36,718.04,166.16,609.32,2777.49
29.32,89.88,magmatic,73.96,405.95,840.82,4.57,96.57,136.21,327.2,6.79,17.05,2307.33,150.2,972.21,2438.34
29.32,89.88,magmatic,13.56,104.91,259.62,0.75,18.5,38.98,129.47,0.77,2.79,133.84,52.2,214.22,905.89
29.32,89.88,magmatic,16.87,154.75,357.03,1.33,30.34,55.7,158.75,1.82,5.09,192.79,67.37,233.85,1139.81
29.32,89.88,magmatic,17.15,134.01,335.46,0.86,25.38,50.22,160.05,1.12,3.98,190.18,67.05,263,1164.63
29.32,89.88,magmatic,21.45,265.54,546.29,2.84,62.89,89.27,218.41,4.63,11.06,385.47,97.47,296.38,1603.42
29.32,89.88,magmatic,31.24,164.89,411.89,1.05,28.13,61.76,197.93,1.8,3.88,272.2,80.31,372.07,1381.61
29.32,89.88,magmatic,69.42,496.41,1031,4.49,110.56,168.9,396.09,7.48,17.29,1731.57,185.83,927.78,3014.17
29.32,89.88,magmatic,14.66,116.35,278.87,0.87,20.82,44.35,141.89,1.01,3.16,153.23,56.24,234.35,978.8
29.32,89.88,magmatic,18.2,131.42,326.14,0.83,23.59,48.64,156.36,1,3.37,191.35,64.34,267.33,1102.55
29.32,89.88,magmatic,22.88,184.27,450.59,1.42,34.71,67.56,204.34,2.29,5.47,298.88,84.82,330.86,1443.2
29.32,89.88,magmatic,28.3,315.72,672.9,3.26,73.5,107.35,264.38,5.43,11.61,588.69,119.43,409.21,1969.26
29.32,89.88,magmatic,32.74,266.1,616.74,2.27,51.78,95.17,264.98,3.67,9.16,434.91,114.83,428.97,1906.64
29.32,89.88,magmatic,49.37,227.69,530.9,1.39,40.14,81.87,222.2,2.29,5.66,543.36,99.49,477.61,1643.22
29.32,89.88,magmatic,26.47,250.05,572.11,2.2,51.2,88.73,245.38,3.9,8.7,520.02,106.99,493.83,1841.92
29.32,89.88,magmatic,28.01,353.2,729.34,4.2,83.2,119.48,291.81,5.68,13.62,610.04,131.68,496.53,2210.37
29.32,89.88,magmatic,25.76,275.06,581,3.11,61.02,93.68,253.17,4.92,11.01,608.68,107.24,435.51,1867.49
29.32,89.88,magmatic,45.06,268.93,620.6,2.16,51.64,96.33,262.67,3.36,7.86,848.34,114.65,642.14,1956.83
29.32,89.88,magmatic,46.91,263.97,597.79,2.57,55.36,92.96,247.34,2.97,8.26,961.82,110.1,637.01,1839.5
29.32,89.88,magmatic,28.18,470.11,1041.31,4.36,94.58,164.89,420.27,6.35,14.28,950.59,186,639.39,3122.82
29.32,89.88,magmatic,54.05,220.37,518.09,1.71,43.89,80.58,213.72,2.95,7.75,1664.51,97.74,931.3,1672.61
29.32,89.88,magmatic,69.02,194.2,400.06,0.95,36.11,65.59,135.36,3.24,5.82,527.91,68.28,729.58,1078.99
29.32,89.88,magmatic,25.61,169.48,425.08,1.27,29.91,63.73,199,1.64,4.67,349.71,81.72,374.84,1437.59
29.32,89.88,magmatic,33.71,222.69,507.07,2.24,44.82,78.56,220.26,3.16,7.01,840.63,94.67,564.7,1613.43
29.32,89.88,magmatic,30.01,398.69,856.8,4.03,85.61,137.36,347.08,6.27,13.66,811.74,155.61,694.31,2615.5
29.32,89.88,magmatic,22.07,189.97,411.92,2.41,45.49,65.98,170.47,4.69,9.1,410.98,77.26,340.91,1307.14
29.32,89.88,magmatic,80.04,349.72,829.79,2.59,68.11,126.39,335.04,3.36,9.94,1480.72,155.17,997.54,2587.87
29.32,89.88,magmatic,23.39,156.53,365.79,1.36,29.88,55.91,164.28,1.73,4.7,379.17,69.84,390.55,1219.25
29.32,89.88,magmatic,14.21,162.18,358.66,1.63,33.63,56.15,154.8,2.71,5.72,245.71,67.58,261.95,1168.58
29.32,89.88,magmatic,18.89,266.89,623.37,2.58,51.05,97.31,267.28,4.83,9.4,452.53,113.97,426.83,1970.71
29.32,89.88,magmatic,27.49,302.86,638.83,3.67,68.08,102.76,263.54,7.77,12.34,588.51,116.37,564.27,1980.15
29.32,89.88,magmatic,38.35,362.14,758.83,4.04,83.36,121.87,294.21,7.34,15.27,783.52,136.41,622.86,2302.45
29.32,89.88,magmatic,47,250.32,631.63,1.92,41.79,93.46,276.2,2.98,6.56,646.86,119.69,626.51,2083.85
29.32,89.88,magmatic,53.85,250.6,544.87,2.52,53.17,86,232.87,7.36,9.02,1455.45,102.59,869.21,1750.12
29.32,89.88,magmatic,23.98,178.13,435.34,1.48,34.32,65.85,184.77,1.84,5.26,302.55,79.91,312.25,1360.08
29.32,89.88,magmatic,30.34,410.59,890.55,4.14,89.81,141.31,352.13,6.99,14.6,732.6,160.09,560.55,2648.16
29.32,89.88,magmatic,29.87,202.11,448.19,1.93,40.5,70.17,191.14,2.27,6.71,439.91,82.34,425.95,1388.08
29.32,89.88,magmatic,35.6,244.08,527.7,2.61,53.56,83.83,220.21,3.48,8.83,638.31,96.69,449.34,1630.4
29.32,89.88,magmatic,73.87,244.35,499.53,3.45,60.96,82.6,198.71,33.39,15.45,466.91,91.39,388.51,1525.9
29.32,89.88,magmatic,38.09,249.72,520.45,2.8,56.02,83.61,210.35,10.38,11.3,565.11,93.7,418.5,1598.63
29.32,89.88,magmatic,43.53,261.93,581.91,2.29,50.55,91.91,240.48,3.88,7.8,695.63,107.06,544.42,1830.56
29.32,89.88,magmatic,14.59,113.11,251.85,1.04,22.99,39.62,112.77,1.69,4.12,221.08,48.53,390.03,849.12
29.32,89.88,magmatic,37.53,191.35,444.37,1.85,38.42,67.59,189.66,2.22,6.27,713.19,81.98,509.22,1391.11
29.32,89.88,magmatic,41.19,220,495.92,1.92,43.6,77.49,209.58,3.2,7.33,776.08,91.66,603.38,1585.03
29.32,89.88,magmatic,45.56,203.09,470.65,1.52,38.47,72.41,200.53,2.09,5.88,1127.01,86.53,748.28,1511.07
29.32,89.88,magmatic,72.16,494.68,1008.24,6.28,115.72,165.03,379.81,23.12,21.62,1059.8,179.58,698.4,2904.11
29.32,89.88,magmatic,29.5,248.43,576.31,2.01,49.29,87.47,255.74,3.2,7.47,565.28,108.38,509.48,1884.08
29.32,89.88,magmatic,52.66,242.08,527.15,2.88,53.63,83.18,219.82,16.93,11.33,524.31,95.97,385.74,1625.54
29.32,89.88,magmatic,16.21,138.6,334.41,1.13,28.1,50.26,157.5,1.83,3.83,202.45,66.51,239.96,1151.4
29.32,89.88,magmatic,33.92,138.71,324.69,1.71,26.59,49.54,148.66,8.09,5.35,316.63,62.13,323.59,1097.59
29.32,89.88,magmatic,26.62,191.46,429.61,1.89,39.52,67.46,186.83,3.62,7.35,355.69,81.01,367,1388.37
29.32,89.88,magmatic,30.32,151.84,352.08,1.36,29.35,55.02,150.91,1.85,4.78,674.49,66.85,492,1135.27
29.32,89.88,magmatic,50.92,354.48,739.68,4.58,81.12,119.36,294.3,23.08,16.23,645.22,133.06,529.33,2221.55
27.51,100.06,magmatic,22.2,64.6,76.8,2.57,25.2,19.8,25.6,4.9,7.1,65.1,15,59.2,125
27.51,100.06,magmatic,20,51.2,81.1,1.38,14.1,18.2,35.3,1.88,3.41,71.9,17.6,63.1,160.3
27.51,100.06,magmatic,21.7,70.8,112,1.76,20.3,25.5,46.5,3.47,4.94,83.2,23.9,83.2,216
27.51,100.06,magmatic,11.7,51.4,60.6,0.74,16.7,15.6,18.8,1.72,3.99,87.9,11,140,93
27.51,100.06,magmatic,32.1,111,143,2.58,38.6,35.4,47.7,7.2,10.1,308,27.9,201,233
27.51,100.06,magmatic,21,109,151,0.65,28.9,36.8,55.5,1.91,5.41,163,31.4,288,270
27.51,100.06,magmatic,20,79.3,112,2.03,27.7,26.5,43.5,5.07,6.95,178,23.9,299,202
27.51,100.06,magmatic,7.69,64.1,111,0.11,14.2,24.6,11481,2.38,,162,23.2,415,41.5
27.51,100.06,magmatic,33.2,124,188,1.53,32.1,42.4,84.2,7.44,9.38,470,42.6,1185,402
27.51,100.06,magmatic,26.4,109,214,0.94,22.1,43.5,115,3.31,3.87,609,50,2552,509
27.51,100.06,magmatic,38.3,117,241,1.32,24.1,46.8,148,3.09,4.89,678,59.9,2928,637
27.51,100.06,magmatic,33.3,165,318,1.8,37.1,65.7,172,2.54,6.21,884,76.4,3288,759
27.51,100.06,magmatic,23.8,120,233,0.85,23.3,48.3,125,1.59,4.1,662,56.2,3599,551
27.51,100.06,magmatic,38.4,216,356,2.28,51.3,80,156,8.22,12.4,1253,80.5,4508,740
27.51,100.06,magmatic,30.2,226,321,3.19,66.2,74,144,13.5,18,41.4,73,4697,687
27.51,100.06,magmatic,67.4,175,301,4.03,44.2,65.1,153,14.1,12.6,1519,71.1,4948,695
27.51,100.06,magmatic,38.3,302,562,1.08,53.6,119,258,3.49,6.91,986,128,6340,1247
27.51,100.06,magmatic,36.8,252,503,0.82,42.3,103,250,1.8,5.18,851,117,7551,1159
27.51,100.06,magmatic,36,221,417,0.68,39.2,87.8,198,1.01,4.72,1056,98.1,7636,933
27.51,100.06,magmatic,35.6,241,430,1.31,48.3,91.7,214,4.19,8.45,1320,99.3,8145,990
27.51,100.06,magmatic,41.4,262,454,1.65,54.8,98.7,213,5.61,10.1,1492,106,8568,1002
27.51,100.06,magmatic,15.1,51.6,82.4,1.41,14.4,18,32.9,1.85,3.3,41.6,17,45.6,212
27.51,100.06,magmatic,30.9,91.3,148,2.28,27.7,32.3,59.4,3.43,6.32,63.9,30.2,97.4,381
27.51,100.06,magmatic,18.5,63.9,109,1.51,17.4,22.8,45.4,2.33,3.82,62,22.3,98.5,288
27.51,100.06,magmatic,30.4,123,176,1.93,34.8,42.5,63.3,3.74,7.46,139,36.3,216,311
27.51,100.06,magmatic,23.1,55.5,124,1.18,11.5,22.8,74.1,1.06,1.93,126,29.1,223,427
27.51,100.06,magmatic,20.9,105,185,1.73,31.3,37.8,84.6,5.72,8.02,103,39.9,340,537
27.51,100.06,magmatic,37.3,100,140,1.89,31.9,34,55.4,5.25,7.9,278,29.7,350,258
27.51,100.06,magmatic,37.4,118,179,1.78,32.7,40.2,68.3,5.52,7.55,337,35.9,683,452
27.51,100.06,magmatic,19.4,100,161,0.57,21.3,35.9,53.6,0.89,2.94,310,31.8,724,379
27.51,100.06,magmatic,32.4,66.3,138,1.14,15.2,26.9,84.3,0.74,2.32,326,32.4,766,479
27.51,100.06,magmatic,43.9,176,268,2.78,45.9,60.2,98,5.18,9.54,439,53.8,782,685
27.51,100.06,magmatic,69.9,173,251,3.19,56,57.1,89.4,8.53,12.6,617,49.4,838,606
27.51,100.06,magmatic,23.2,123,188,0.64,26.5,42.6,58.7,0.99,3.77,540,36,1064,424
27.51,100.06,magmatic,43.2,152,264,2.44,34.9,56.2,108,2.33,4.97,384,55.3,1072,710
27.51,100.06,magmatic,46.1,176,321,2.82,36.7,67,136,3.25,5.67,420,67.5,1365,877
27.51,100.06,magmatic,30,171,251,0.9,38.9,58.6,78.6,1.39,4.87,776,47.9,1374,561
27.51,100.06,magmatic,30.6,129,218,1.61,30.6,47.1,108,3.83,5.84,738,50.2,1435,488
27.51,100.06,magmatic,35.7,139,240,1.96,34.2,50.1,108,3.64,7.04,657,52.1,1751,701
27.51,100.06,magmatic,36,137,265,1.21,26.2,52.6,116,1.23,3.64,497,57.4,1849,762
27.51,100.06,magmatic,26,124,240,1.32,25.6,48.1,114,1.72,4.26,520,52.8,2033,723
27.51,100.06,magmatic,63.7,180,341,2.2,40.5,69.1,164,2.36,5.96,1626,76.5,4494,1028
27.51,100.06,magmatic,8.25,65.1,98.5,0.22,19.9,23.1,8676,4.39,,46.9,20.2,61.2,34.4
41.57,124.25,detrital,8.6,36.5,81.4,0.8,8.4,14.4,45.5,0.58,1.53,47,17.6,60,221
41.57,124.25,detrital,10,54.9,91.5,0.87,13.5,19.4,34.5,1.53,3.08,63,18.3,62,198
41.57,124.25,detrital,8.2,29.2,55.5,0.36,6.7,11.2,23.3,0.98,1.53,47,11.9,65,135
41.57,124.25,detrital,15.2,50.5,106.7,0.28,10.2,19.2,42.6,0.71,1.67,77,21.6,83,242
41.57,124.25,detrital,22.8,118.6,209.7,1.22,25.7,42.4,73.9,2.36,5.7,74,41.3,84,424
41.57,124.25,detrital,7,39,62.1,0.11,9.5,13.1,22.1,0.87,2.28,83,12,86,135
41.57,124.25,detrital,8.2,64.9,104.8,0.09,17.3,23.7,34.7,1.31,2.76,115,20.6,86,212
41.57,124.25,detrital,7.6,44.7,92.4,0.9,10.1,17,51.8,1.83,2.24,148,21,87,258
41.57,124.25,detrital,17.2,107.5,203.3,0.67,24.4,41.8,77.5,2.02,4.27,122,40.3,89,445
41.57,124.25,detrital,25.3,65.6,131.8,1.03,15.5,26.6,56.7,1.41,2.87,134,27.9,91,308
41.57,124.25,detrital,15.3,45.8,98.6,0.11,6.9,18.7,42.2,0.2,1.53,76,21,94,237
41.57,124.25,detrital,7.2,51.6,94.2,0.34,10.9,18.9,34.3,0.7,1.9,35,19.1,98,194
41.57,124.25,detrital,2.2,8.1,25.3,,1.2,3.9,21.4,0.07,0.34,14,6.4,102,90
41.57,124.25,detrital,45.2,153.8,203.6,4.27,56.1,48.8,58.5,12.13,15.3,267,36.3,107,361
41.57,124.25,detrital,17.2,58.1,115.2,0.18,11.2,22.3,50.2,0.43,2.02,91,25.8,108,287
41.57,124.25,detrital,17.8,60.2,123.3,0.39,11.2,23.6,51.1,0.72,1.75,102,25.6,108,289
41.57,124.25,detrital,10.9,108,195.8,0.35,20.6,41.5,69.9,1.02,2.9,107,39.1,118,414
41.57,124.25,detrital,19.5,91.2,176.6,0.39,17,35.5,69.8,0.9,3.3,127,36.7,119,408
41.57,124.25,detrital,7.8,95.3,189.6,0.34,17.8,37.2,75.2,1.18,2.4,77,38.9,121,429
41.57,124.25,detrital,19.8,81.7,153.3,0.63,21,30.1,65.8,1.57,3.46,157,33.1,123,363
41.57,124.25,detrital,9.3,148.2,244,0.47,37.6,51.7,86.8,2.93,6.59,267,48.1,123,513
41.57,124.25,detrital,34.7,150.3,236.5,2.19,40.9,52.7,80.3,4.79,8.24,213,46.8,124,490
41.57,124.25,detrital,5,93.2,155.6,0.43,23.6,33.1,51.3,1.17,3.03,99,30.1,129,315
41.57,124.25,detrital,19.8,82.3,150.3,0.51,15.5,31.4,62.1,0.63,1.92,137,33.1,129,357
41.57,124.25,detrital,14.1,12.7,24.3,0.22,2.8,5,14.8,0.46,0.69,99,5.8,131,70
41.57,124.25,detrital,3,133,245.7,0.19,26.4,50.4,87.9,1.06,3.11,88,49.8,202,526
41.57,124.25,detrital,28.2,92.3,185.8,0.34,16.7,36.4,76.1,1.16,2.18,204,39.4,209,433
41.57,124.25,detrital,3.5,129.1,272.8,0.02,20,51.8,102,0.89,2.51,76,56.9,210,597
41.57,124.25,detrital,19.8,101.4,198.7,0.09,20.5,39.3,74.6,0.95,3.16,142,40.8,212,437
41.57,124.25,detrital,25.1,81.9,156.2,0.73,20.8,32.1,60.7,2.05,3.47,346,32.2,212,351
41.57,124.25,detrital,27.6,92.7,174.7,0.3,19.2,36.2,67.5,1.6,3.64,233,37,220,408
41.57,124.25,detrital,28.2,84.5,171,0.31,16.4,33.6,68.9,2.11,2.11,210,36.9,223,410
41.57,124.25,detrital,26.2,73.7,144.3,0.29,12.8,28.6,61.9,2.07,2.19,187,31.2,227,357
41.57,124.25,detrital,2.6,212.3,318.6,0.25,54.8,72.7,94,4.61,9.99,211,58.1,230,572
41.57,124.25,detrital,29.3,50.2,79.4,0.73,20.9,16.5,30.5,3.42,4.29,283,16,231,167
41.57,124.25,detrital,14.6,47.5,100.8,0.04,10.5,19.4,39.8,0.91,1.3,163,21.1,232,228
41.57,124.25,detrital,34.3,47.3,86.4,0.68,11.1,17.4,35.5,1.68,2.86,307,17.8,233,199
41.57,124.25,detrital,23.7,91.6,171.3,0.36,22.6,35,59.4,5.32,3.82,257,32.8,241,353
41.57,124.25,detrital,16.9,117.2,197.9,0.43,29.4,41.7,67.8,2.29,4.53,270,39.9,243,419
41.57,124.25,detrital,16.6,40.9,87.2,0.12,7.6,16.1,41.2,0.65,0.99,220,20.3,255,232
41.57,124.25,detrital,15.4,79.2,140.7,0.28,17,30.2,50.8,1.29,2.8,105,28.6,269,313
41.57,124.25,detrital,13.9,48.6,91.9,0.13,10.1,19.1,33.8,0.82,1.79,221,18.5,275,204
41.57,124.25,detrital,7.1,37.1,62,0.82,8.5,12.6,27.4,0.86,1.89,182,13.3,277,147
41.57,124.25,detrital,15.7,92.7,170.4,0.2,18.8,35,59.2,1.54,3.08,241,32.9,277,353
41.57,124.25,detrital,15,100.1,171,0.17,24.3,37.2,55.4,1.35,3.88,252,34,277,326
41.57,124.25,detrital,3.7,101.9,186.4,0.35,21.4,38.7,71.9,1.22,3.49,135,39,287,405
41.57,124.25,detrital,10.3,93.2,174.1,0.27,18.2,35.3,61.1,0.69,3.68,189,36.3,300,370
41.57,124.25,detrital,6.6,152.8,337.4,0.16,24.3,64,140.5,0.78,3.27,170,76.4,301,825
41.57,124.25,detrital,33.6,32.3,81.7,0.49,7.1,14,59,0.37,0.94,305,19.9,301,265
41.57,124.25,detrital,68.3,93.4,166.7,1.35,23.8,34.7,65.6,7.11,5.97,314,34.9,320,385
41.57,124.25,detrital,19.1,99.6,200.1,0.17,18,39.8,76.4,0.84,2.73,222,40.3,333,449
41.57,124.25,detrital,23,84.7,161.4,0.19,15.8,31.6,62.3,1.02,3.27,301,34.3,334,375
41.57,124.25,detrital,26.9,167.7,253.1,6.28,58.2,55.4,93.1,8.23,14.6,622,48.6,343,527
41.57,124.25,detrital,51.6,114.9,229.4,0.87,27.4,44.8,96.7,1.65,4.33,392,48.8,355,556
41.57,124.25,detrital,0.8,163.2,275.8,0.08,28.7,59.8,93.5,0.93,3.51,53,55.2,357,553
41.57,124.25,detrital,8.5,191.5,508.4,0.6,13.5,81.5,258.3,0.15,1.21,30,122.4,402,1443
41.57,124.25,detrital,13.5,52.4,101.4,0.17,8.1,19.7,41.5,0.85,1.91,304,21.7,407,235
41.57,124.25,detrital,25.9,176.9,337.2,0.37,33.8,67.9,105.4,1.72,4.19,269,66.6,495,678
41.57,124.25,detrital,51.2,50.7,136.1,0.35,9.1,21,92.4,1.07,1.19,574,35,531,470
41.57,124.25,detrital,6.3,237.9,423.1,0.24,46.3,89.3,139.5,2.23,6.22,275,82.7,574,871
41.57,124.25,detrital,19.6,33.7,57.3,0.38,9,12,24,1.37,1.81,55,12.3,39,136
41.57,124.25,detrital,12.1,74.4,139.5,0.5,17.5,28.9,53.1,1.08,2.92,65,29.6,58,328
41.57,124.25,detrital,4.8,25.8,60,0.37,5.1,11,33.5,0.31,0.56,37,15,63,177
41.57,124.25,detrital,20.2,37.1,57.7,0.68,11.1,12.7,20.9,1.14,2.59,77,12.1,69,129
41.57,124.25,detrital,21.8,48.3,83.2,0.71,12.7,17.3,35.4,1.16,2.61,63,17.8,70,198
41.57,124.25,detrital,38.6,71.3,105,0.22,21.3,24.3,30.2,1.23,3.58,295,20.1,71,203
41.57,124.25,detrital,12.7,64.9,114.9,0.28,13.7,24.3,42.1,0.97,2.37,69,24.6,72,261
41.57,124.25,detrital,12.3,69.8,125.1,0.61,16,26.5,46.1,1.2,2.08,77,25.7,73,274
41.57,124.25,detrital,21.9,44.8,83.6,0.37,10.4,17,34.9,1.09,1.57,85,18.3,77,204
41.57,124.25,detrital,7.8,57.4,90.4,0.59,16.5,20,31.3,2.3,3.79,71,18.7,85,194
41.57,124.25,detrital,12.6,117,218.1,0.76,21.9,44.2,82.3,1.73,3.7,70,49.1,86,539
41.57,124.25,detrital,10.1,47,81.9,0.11,11.5,17.3,28.5,0.84,1.88,76,16.4,88,173
41.57,124.25,detrital,17.7,59.7,105.2,0.18,13.6,22.5,39.9,1.36,2.45,93,22.8,88,252
41.57,124.25,detrital,20.9,28.4,49.3,0.68,8.1,9.9,22.6,1.14,2.13,112,10.9,91,129
41.57,124.25,detrital,8.3,71.8,129.2,0.14,16.4,27.2,44.4,1.46,3,112,25.8,92,272
41.57,124.25,detrital,32.1,47.8,108.3,0.22,9.4,21.2,53.7,0.55,1.57,95,25.8,95,306
41.57,124.25,detrital,36.1,78.1,134.5,0.9,19.5,27.6,53.5,2.19,3.89,67,28.8,100,313
41.57,124.25,detrital,8.3,24.8,60.4,0.54,5.1,10.2,46.6,0.73,1.2,90,16,100,220
41.57,124.25,detrital,7.6,58.9,99.8,0.6,13.9,21.7,35.4,0.99,2.22,38,21,101,218
41.57,124.25,detrital,10.6,22.4,37.8,0.25,5.9,8,14.4,0.68,1.26,76,8.1,101,90
41.57,124.25,detrital,15.5,64.2,91,1.05,20.3,21,27.5,3.21,5.14,107,17.9,101,180
41.57,124.25,detrital,5.6,8.4,22.3,0.09,1.5,3.7,16,0.09,0.33,67,6,104,80
41.57,124.25,detrital,6.3,126.2,171.9,0.33,38,41.5,45,5.47,8.45,130,32,106,298
41.57,124.25,detrital,13.5,205.4,286.4,0.56,63.4,67.5,79.2,8.54,14.49,132,54.3,106,533
41.57,124.25,detrital,25.4,115.5,145.7,2.23,42.8,35.4,41.1,9.8,12.8,170,26.7,106,261
41.57,124.25,detrital,6.7,41,76.6,0.2,9.3,15.6,27,0.65,1.35,62,16.1,108,171
41.57,124.25,detrital,5.9,96.9,179.5,0.72,21.4,37.3,74.6,1.67,3.15,73,38.1,112,415
41.57,124.25,detrital,18.1,58.6,110.7,0.42,13.5,21.9,45.4,1.03,2.45,131,24.2,113,272
41.57,124.25,detrital,11.5,64.6,112.5,0.34,14,24.1,41.1,1.12,2.37,102,24.1,117,255
41.57,124.25,detrital,12.1,52.7,93.8,0.27,10.9,20,34.3,1.28,2.01,97,19.5,118,201
41.57,124.25,detrital,29.2,57.4,106.7,0.35,11.3,22.1,39.5,0.83,2.06,148,22.1,118,241
41.57,124.25,detrital,7.9,128.6,228.5,1.39,33,47.4,83.5,4.35,7.27,105,46.7,120,499
41.57,124.25,detrital,23.8,79.5,149.8,0.5,15.7,30.3,58.3,0.87,2.1,116,32.2,120,354
41.57,124.25,detrital,7.2,69.4,128.9,1.53,16.7,26.7,61.3,1.63,2.83,59,28.3,123,332
41.57,124.25,detrital,27.7,81.8,155.2,0.45,17.1,31.5,61.3,1.31,2.91,102,34,125,370
41.57,124.25,detrital,20.6,64.6,124,0.33,11.1,24.2,50.6,0.75,1.61,116,26.9,125,294
41.57,124.25,detrital,9.5,72.8,101,0.4,24.7,23.5,30.9,4,6.81,234,19.4,125,203
41.57,124.25,detrital,6.7,38,69.5,0.82,9,14.2,28.4,1.09,1.75,188,15.3,126,170
41.57,124.25,detrital,29,93.7,159,0.54,20.4,33.7,58.3,1.65,3.59,101,32.9,127,355
41.57,124.25,detrital,17.6,40,60.9,0.45,11.2,13.3,20.7,0.93,2.4,64,12.4,128,130
41.57,124.25,detrital,17.9,122.6,185,1.53,34.8,41,61.5,4.48,7.48,163,37.3,130,379
41.57,124.25,detrital,15.3,86.4,159.8,0.45,17.2,32.3,63.2,1.14,2.46,99,33.8,132,375
41.57,124.25,detrital,8.2,50.4,94.5,0.11,10,19,37.1,0.93,1.53,84,20.5,137,225
41.57,124.25,detrital,9.6,72.9,129.2,0.68,18.4,26,52,1.98,3.61,115,27.5,137,302
41.57,124.25,detrital,7.3,189.6,267.8,1.48,53.8,63.7,76.6,7.47,12.04,59,51.8,138,500
41.57,124.25,detrital,15.2,38.4,66.6,0.58,12.2,14.2,26.6,1.48,2.58,72,14.9,140,155
41.57,124.25,detrital,14.3,148.9,203.4,0.87,32.5,49,53.2,1.72,4.7,133,37.2,142,353
41.57,124.25,detrital,18.8,61.7,112.2,0.42,13,22.2,44.3,0.99,2.72,149,24,146,272
41.57,124.25,detrital,10.1,111.1,169.8,0.26,29.5,37.7,48.3,1.76,5.26,187,32.8,146,324
41.57,124.25,detrital,25.4,106.9,207.1,0.37,19.9,41.4,83.6,1.09,3.4,141,45.8,149,504
41.57,124.25,detrital,15,122.2,188.5,0.96,30.4,42.6,61.5,3.12,6.44,179,38.9,151,400
41.57,124.25,detrital,27.9,69.2,134,0.38,14.4,26.5,58.4,0.85,2.6,170,30.3,164,342
41.57,124.25,detrital,11,89.3,161.1,0.37,18.1,33.5,56.2,0.94,2.88,135,33.5,169,345
41.57,124.25,detrital,21.7,63.8,145.8,1.21,15.3,26.7,79.7,1.15,2.72,96,34.4,173,423
41.57,124.25,detrital,48.8,74.1,145.3,0.97,18,29,62.6,1.2,2.68,226,32.5,176,356
41.57,124.25,detrital,9.5,144.6,300.7,0.37,23.5,58.9,126.7,1.35,3.67,116,67.6,182,746
41.57,124.25,detrital,6,60.6,100.7,0.1,15.2,21.7,32,1.15,2.77,85,19.4,185,210
41.57,124.25,detrital,6.1,71.3,122.5,0.23,15.4,26.5,41.1,1.49,3,137,25.1,185,260
41.57,124.25,detrital,11.4,81.9,154.8,0.19,16.4,30.8,59,1.17,2.34,114,33.1,186,353
41.57,124.25,detrital,47.3,35.1,88.9,0.21,6.4,15.4,58.9,0.59,1.1,174,23.6,187,301
41.57,124.25,detrital,22.5,79.4,154,0.2,16.3,30.5,56.7,1.26,2.34,160,32.3,190,351
41.57,124.25,detrital,25.7,90.7,163,0.32,21.4,33.9,58,1.74,3.56,128,34.4,192,359
41.57,124.25,detrital,43.4,66,126.8,0.52,13.4,25.3,51.9,1.03,2.55,214,27.5,195,310
41.57,124.25,detrital,10.5,56.8,101.1,0.18,10.6,20.9,38.2,0.68,2.07,140,21.8,202,235
41.57,124.25,detrital,46.7,15.4,38.8,0.31,3,6.4,27.9,0.41,0.8,146,10.6,223,144
41.57,124.25,detrital,40.2,107.1,127.9,7.31,51,31.7,42.6,11.01,15.14,384,24.4,227,259
41.57,124.25,detrital,21.1,102.6,189.3,0.18,21,38,68.2,1.48,3.49,183,39.4,228,424
41.57,124.25,detrital,7.1,81.5,160.3,0.54,14.1,32.9,61,0.47,1.33,75,34.1,231,356
41.57,124.25,detrital,14.2,71.9,127,0.33,14.7,26.7,45.6,0.99,2.5,177,26.7,234,284
41.57,124.25,detrital,8.3,67.9,111.5,0.16,16.6,24,35.5,1.14,3.41,183,21.7,234,227
41.57,124.25,detrital,6,258.4,447.6,0.57,62,97.8,133.8,7.56,11.94,284,89.8,241,895
41.57,124.25,detrital,23.1,106.6,170.2,0.77,25.7,37.3,59.8,2.79,5.21,266,36.2,246,370
41.57,124.25,detrital,13.2,215.2,360,1.37,54.3,77,119.4,6.79,11.34,280,73.1,247,758
41.57,124.25,detrital,0.8,11.2,55,0.05,1.1,6.8,88.5,0.09,0.04,1,18.7,249,320
41.57,124.25,detrital,45.9,41.7,47.4,1.57,17.7,11.5,14.1,3.59,5.38,273,9,251,89
41.57,124.25,detrital,0.9,11.7,35.1,0.1,0.9,5.7,26.6,0.05,0.09,2,9.3,266,129
41.57,124.25,detrital,3.1,17.8,11.6,0.14,12.5,3.7,1.9,1.15,3.67,117,1.6,269,15
41.57,124.25,detrital,28.9,86.5,150.9,0.35,18.6,31.4,55.2,1.65,2.91,272,32.4,273,347
41.57,124.25,detrital,33.6,202,278.6,4.94,66.2,64.2,84.8,8.88,16.5,621,56.1,276,557
41.57,124.25,detrital,14.5,29.1,77.4,0.41,5.4,12.6,62.5,1.17,1.4,96,23.1,282,333
41.57,124.25,detrital,16.9,71.2,135.7,0.1,15.4,27.7,48.8,1.1,2.77,111,28.4,297,308
41.57,124.25,detrital,8.2,98.9,185.4,0.16,18.9,39.1,54.5,0.85,2.35,94,37.7,300,379
41.57,124.25,detrital,17.1,66.1,122.1,0.19,12.6,24.6,48.2,0.71,1.95,227,26.7,305,299
41.57,124.25,detrital,19.8,77.5,134.2,0.16,16.1,27.9,48.9,1.06,2.67,118,27.8,314,304
41.57,124.25,detrital,31.1,110.3,196.7,1.32,24,40.7,74.5,1.73,3.69,277,41.9,318,442
41.57,124.25,detrital,10.2,86.3,124,0.39,27.2,28.5,38.2,4.43,7.33,259,24.7,327,260
41.57,124.25,detrital,11.5,33.6,59.9,0.28,8.5,12,25.5,0.6,1.4,121,13,338,146
41.57,124.25,detrital,64.1,428.4,665.8,1.43,112.7,149.3,202.1,14.3,22.46,669,132.2,352,1332
41.57,124.25,detrital,0.4,17.9,51.1,0.14,1.9,9,40.3,0.06,0.18,3,14,369,185
41.57,124.25,detrital,20.5,73.4,135.1,0.24,15.8,27.5,54.4,1.29,2.68,163,29.6,374,329
41.57,124.25,detrital,15,214.9,336.6,0.97,59.3,74.1,105.4,7.92,12.36,411,66.1,384,659
41.57,124.25,detrital,12.4,131.3,197.9,0.39,24.7,44.7,57.8,0.73,3.46,210,38.5,403,380
41.57,124.25,detrital,24,84.2,146.7,0.23,17.5,31.3,52,1.08,3.3,272,30.4,410,321
41.57,124.25,detrital,6,215,366.6,0.29,47.8,79.8,110.9,3.7,7.72,370,73,477,706
41.57,124.25,detrital,73.1,93.8,237.9,0.25,14.5,40.5,121,1.19,2.57,707,60.2,506,714
41.57,124.25,detrital,3.9,62.8,92.4,0.23,14.4,21.1,27,0.35,1.83,182,17.6,532,174
41.57,124.25,detrital,31.4,101.3,207.8,0.21,18,40.3,87.2,1.15,2.4,378,46.9,566,542
41.57,124.25,detrital,17.8,75.4,137.1,0.15,14.7,28,48.5,1.11,2.5,410,29,621,309
39.29,122.63,detrital,27.8,57.8,110.8,0.51,11.3,20.4,43.4,0.89,2.21,88,22.9,49,262
39.29,122.63,detrital,11.6,68.7,119.2,0.28,14.3,23.9,41.7,1.66,3.3,80,23.2,80,253
39.29,122.63,detrital,9.6,52,86,0.34,12.4,18.2,30.5,1.37,2.66,95,16.9,80,184
39.29,122.63,detrital,38.7,127.8,229,1.32,30.7,46.1,86.9,3.3,6.63,131,44.7,81,497
39.29,122.63,detrital,17,58.9,122,0.29,11.3,23.4,50.2,0.85,2.5,93,25.2,83,295
39.29,122.63,detrital,4.8,90.5,162.1,0.61,19.3,32.1,54,1.52,3.23,68,30.5,87,344
39.29,122.63,detrital,13.6,82.5,153.8,0.42,16.4,30.7,56.8,1.2,2.31,88,31.1,92,346
39.29,122.63,detrital,15.3,80.5,140.3,0.86,20.8,29.2,50.8,2.46,4.24,158,27.4,93,314
39.29,122.63,detrital,12.6,51,105.6,0.28,10.7,19.8,45.3,0.54,1.26,76,23.2,94,266
39.29,122.63,detrital,17.4,98.6,189.2,0.58,21,37.6,67.9,1.53,3.45,133,37.5,95,417
39.29,122.63,detrital,7.1,29.9,93.9,0.4,5.8,13.8,74.7,0.58,1.13,63,23.1,96,344
39.29,122.63,detrital,4.2,176,357.7,0.4,30.6,70.2,133.4,1.8,4.35,68,73.3,96,826
39.29,122.63,detrital,13.1,83.8,153.6,0.28,16.8,31.4,53.7,1.23,2.67,97,30.7,97,347
39.29,122.63,detrital,5.2,119.9,220.3,0.36,24.9,44,71.7,1.52,4.26,105,42.5,97,468
39.29,122.63,detrital,13.1,79.5,140.3,0.48,18,28.2,53.2,1.41,2.83,112,29.3,100,331
39.29,122.63,detrital,11.7,80.7,149.7,0.51,17.3,29.3,58.4,0.73,2.74,114,30,100,349
39.29,122.63,detrital,12.4,76.8,157.3,0.43,14.6,29.6,62.2,0.53,2.1,72,32.1,103,376
39.29,122.63,detrital,15.8,112.4,220.7,0.93,24.2,43.2,82.5,1.81,4.03,127,44.8,103,500
39.29,122.63,detrital,23.7,50.5,90,0.35,13.4,18.7,33.5,1.17,2.44,165,18.7,111,205
39.29,122.63,detrital,11.6,47.1,85.1,0.16,9.8,16.4,33.7,0.77,2.02,94,17.6,112,205
39.29,122.63,detrital,16.4,58.2,122.4,0.53,14.9,23,52.8,0.99,3.13,151,25.4,114,303
39.29,122.63,detrital,28.9,93,186.5,0.68,20.3,35.5,67.8,0.83,2.63,122,36.3,117,418
39.29,122.63,detrital,15.2,61.4,104.8,0.56,15.2,21.4,34.7,1.66,3.07,143,19.6,125,219
39.29,122.63,detrital,32.3,96.8,183,0.52,25.3,35.7,70.4,15.58,6.09,109,38.1,127,427
39.29,122.63,detrital,12.2,118.3,183.3,1.26,33.5,39.3,61.3,5.56,8.57,169,36.4,134,394
39.29,122.63,detrital,33.5,132.6,223.9,1.69,35.3,46.9,87.1,5.23,7.86,239,46,134,519
39.29,122.63,detrital,14,72.6,150.8,0.2,14.6,28.8,57,0.49,1.4,109,30.4,138,358
39.29,122.63,detrital,54.5,70.6,130.6,0.7,18.7,26.7,50.7,1.51,3.15,177,27.5,138,314
39.29,122.63,detrital,22.7,51.4,94.2,0.62,15.7,18.6,38,1.5,3.02,167,19,139,222
39.29,122.63,detrital,17.4,58,100.7,0.34,14.8,21,35.3,1.44,2.67,127,19.4,147,220
39.29,122.63,detrital,34.3,77.3,155.8,0.5,14.6,29.9,62.5,1.45,2.29,174,32.6,148,378
39.29,122.63,detrital,26.7,162.3,264.2,0.56,39.3,55.3,85.1,4.19,7,213,50.3,149,555
39.29,122.63,detrital,17.4,113.4,211.3,0.27,23.4,42.6,75.1,1.34,3.42,127,42.9,150,477
39.29,122.63,detrital,18.5,56.9,108.4,0.45,12.5,20.6,39,1.09,2.11,162,22.4,150,252
39.29,122.63,detrital,50.8,122.6,238.2,0.65,26.6,47.3,89.8,1.35,3.76,222,48.2,152,553
39.29,122.63,detrital,33.2,150.1,250.2,1.95,39.1,51.5,84.7,4.3,8.54,309,47.7,153,529
39.29,122.63,detrital,20.7,101.8,166.1,0.33,28.6,34.6,53.2,5.45,8.78,279,31.5,158,332
39.29,122.63,detrital,9.6,59.6,126.7,0.05,11,23,49.6,0.62,1.85,93,26,161,302
39.29,122.63,detrital,8.8,45,85.3,0.1,8.3,17,33.6,0.79,1.69,106,17.7,161,200
39.29,122.63,detrital,4.7,111,213.6,0.16,22.6,42.9,75.9,1.1,3.53,100,42.2,163,475
39.29,122.63,detrital,13.8,127.6,179.9,1.03,41.1,41.5,49,7.94,10.5,269,32.5,165,330
39.29,122.63,detrital,19.5,135.6,255.1,0.8,26.9,51.8,88.6,1,4.31,174,49.5,169,562
39.29,122.63,detrital,13.5,67.7,117.4,0.5,13.6,23.5,40.5,2.46,2.61,126,22.9,198,255
39.29,122.63,detrital,34.3,82.5,165.8,0.73,16.3,32.3,75,1.28,2.44,240,37.6,199,445
39.29,122.63,detrital,9.1,52.2,97.5,0.1,10.2,19.3,36.2,0.61,2.02,118,19.8,202,223
39.29,122.63,detrital,43.2,182.3,346.7,2.4,41,69.3,127,2.82,7.5,303,68.5,202,756
39.29,122.63,detrital,7.2,57.2,108,0.07,12.9,21.4,37.6,0.6,1.74,107,22,205,234
39.29,122.63,detrital,8.2,142.8,254.3,0.37,30.8,52.4,82,1.42,4.74,177,49.1,205,534
39.29,122.63,detrital,50.6,90.9,177.2,0.61,21.4,34,71.2,16.86,7.13,268,37.5,206,428
39.29,122.63,detrital,10.7,17.9,46.6,0.31,2.7,8.2,29.2,0.22,0.65,66,11.7,207,155
39.29,122.63,detrital,26.8,110.5,226.6,0.37,22.6,43.5,93.1,1.26,3.7,154,47.3,207,529
39.29,122.63,detrital,18.4,120.3,249.8,0.95,24.6,47,96.6,2.04,4.4,188,51.2,213,582
39.29,122.63,detrital,8,68.9,130.5,0.24,14.7,26.4,45.6,0.95,1.83,148,27.2,215,295
39.29,122.63,detrital,12.1,175.7,290.5,0.7,41.9,60.6,90.6,3.66,8.14,258,55.2,215,581
39.29,122.63,detrital,16.7,27.9,54.7,0.19,6.7,10.6,22.8,0.67,1.11,185,11.6,216,134
39.29,122.63,detrital,27.7,134.6,244.3,0.61,28,48.4,89.1,2.5,5.53,343,50,230,570
39.29,122.63,detrital,25.6,85.2,150.6,0.31,19,30.8,53.4,1.37,3.67,100,28.9,232,334
39.29,122.63,detrital,17.5,70.3,137.6,0.2,14.1,26.8,50.2,0.68,2.16,216,27,233,307
39.29,122.63,detrital,28.5,89.9,184.1,0.4,16.3,36.5,72.8,0.91,2.5,234,38.3,236,444
39.29,122.63,detrital,10,121.3,181.5,0.44,35.5,39.7,50.6,1.71,5.86,213,33,237,333
39.29,122.63,detrital,4.1,204.3,335.5,0.33,45.7,71.3,101.5,3.5,7.96,174,62.3,246,658
39.29,122.63,detrital,4.2,115.5,233.2,0.24,21.5,46.1,87.4,0.9,2.91,115,47.6,247,545
39.29,122.63,detrital,12.9,64.2,118.4,0.24,15.2,24.7,42.3,0.95,2.73,180,23.4,248,261
39.29,122.63,detrital,1.9,127.8,226.2,0.15,17.7,46.2,69.6,0.67,2.64,81,42.6,258,439
39.29,122.63,detrital,8.9,95.6,156.4,1.32,28,33.6,53.4,3.19,5.59,195,30.9,272,335
39.29,122.63,detrital,27,61.9,116.9,0.18,13.2,23,42.6,1.06,2.78,250,23.5,280,272
39.29,122.63,detrital,18.7,78.3,152.2,0.37,15.6,29.6,55.9,1.25,3.13,203,31.3,284,343
39.29,122.63,detrital,35.3,115.6,232.2,0.42,23.5,44.9,87.1,1.16,3.7,288,47.6,289,538
39.29,122.63,detrital,23,98.3,190.8,0.26,18.7,36.1,70.1,1.09,2.83,255,38.3,291,427
39.29,122.63,detrital,2.1,130.8,205.7,0.27,35,44.3,67.4,3.51,6.07,149,39.8,295,435
39.29,122.63,detrital,29.5,67.2,123.6,0.33,16,24.8,42.1,1.49,2.72,243,23.8,318,253
39.29,122.63,detrital,11.8,78.7,155.1,0.23,15.1,29.6,55.3,0.98,2.04,206,30.8,345,336
39.29,122.63,detrital,15.3,81.7,161.3,0.31,15.6,31.1,71,1.18,3,216,33.7,349,405
39.29,122.63,detrital,8.2,107,221,0.25,15.2,40.4,87.7,0.81,2.81,164,45.3,361,507
39.29,122.63,detrital,20.6,107.9,229.9,0.13,17.7,41.8,91.6,0.62,2.05,292,47.6,362,551
39.29,122.63,detrital,93.7,150.9,280.8,2.26,35.5,55.1,107,2.57,5.68,457,58.2,378,664
39.29,122.63,detrital,58.4,93.1,205.4,0.91,17.3,38.2,96.1,1.11,2.55,737,45,405,548
39.29,122.63,detrital,4.6,122.5,228.7,0.08,22.9,46.8,80.2,0.96,2.96,157,46.3,406,512
39.29,122.63,detrital,34.1,76,128.6,2.15,22.3,26.2,47.6,3.36,5.31,600,24.9,452,293
39.29,122.63,detrital,13.9,60.9,137.7,0.13,10.4,24.6,65.1,0.71,1.84,436,31.3,856,362
38.91,121.14,detrital,15.6,40.2,79.1,0.23,8.4,16,33.2,0.75,1.43,59,18.2,61,196
38.91,121.14,detrital,6.6,71.7,130.3,0.2,14,27.3,49.9,0.97,2.04,61,27.9,76,302
38.91,121.14,detrital,31.9,91,180.1,1.45,21.5,35.1,76.9,2.04,4.33,95,39.3,82,452
38.91,121.14,detrital,11.4,10.5,14,0.58,4.5,3.3,5.5,0.95,1.37,231,3,84,34
38.91,121.14,detrital,18,39.5,79.8,0.15,8.6,15.9,35.3,0.36,1.32,75,18.1,86,212
38.91,121.14,detrital,10.8,55.3,93.5,0.36,12.4,20.5,34.9,1.1,2.29,76,19.8,86,215
38.91,121.14,detrital,10.4,83.4,160.1,0.4,15.6,33.1,64.3,0.82,2.62,79,35.5,86,384
38.91,121.14,detrital,11.3,57.4,100.3,0.35,12.8,21.3,36.2,1.18,2.37,79,20.4,87,225
38.91,121.14,detrital,67,132.2,229.5,2.43,37.3,48.1,80.9,4.64,7.83,102,47.2,88,500
38.91,121.14,detrital,21.8,22.4,30.1,0.95,9,6.8,9.8,1.39,2.19,154,5.8,88,62
38.91,121.14,detrital,19.4,47.1,77.4,0.62,13.3,16.2,29.3,1.18,2.39,98,15.8,89,175
38.91,121.14,detrital,11.6,58.5,99,0.4,13.2,20.8,36.9,1.05,2.32,81,20.7,90,228
38.91,121.14,detrital,16.1,71.3,126,0.54,14.8,26.1,46.6,0.69,2.17,95,26.6,95,283
38.91,121.14,detrital,26.7,42,66.6,0.83,14.5,14.9,23.7,1.89,3.14,111,13.6,96,142
38.91,121.14,detrital,11.3,51.4,100.4,0.4,11.6,20.6,39.4,0.46,1.66,87,21.4,98,233
38.91,121.14,detrital,4.3,126.9,223.6,0.15,28.7,47,79.5,2.07,3.83,63,45.5,100,477
38.91,121.14,detrital,46.5,62.5,113.1,0.57,14.6,22.8,45.1,1.03,2.94,190,24.9,105,279
38.91,121.14,detrital,16.3,43.3,84,0.31,9.2,16.9,34.6,0.78,1.63,108,18,106,201
38.91,121.14,detrital,13.8,72.7,119.7,0.35,16.6,26.1,42.1,1.51,2.69,96,25,107,267
38.91,121.14,detrital,10.2,46.6,86.7,0.25,9.4,17.8,33.6,0.77,1.6,81,18.9,110,204
38.91,121.14,detrital,12.9,56.3,98.2,0.25,12.9,20.2,36.1,1.16,2.09,95,21.2,110,227
38.91,121.14,detrital,20,124.4,172.8,1,43.4,40.5,45,9.9,11.42,191,32.4,112,313
38.91,121.14,detrital,22.1,51.9,104.8,0.53,11.5,20.4,48.6,1.4,2.38,121,24,114,280
38.91,121.14,detrital,12.3,75.6,124.3,0.42,16.9,26.5,43.7,1.72,3.88,100,26.5,116,285
38.91,121.14,detrital,17.6,75,132.1,0.42,16.8,28.2,50.4,1.33,2.66,135,29.3,116,305
38.91,121.14,detrital,43.8,69.6,134.7,0.48,14.4,26.6,55.5,1.34,2.91,173,30.6,118,346
38.91,121.14,detrital,11.6,46.5,85,0.26,10.3,17.5,33.3,0.82,1.55,95,18.3,121,200
38.91,121.14,detrital,14.5,52,102.5,0.14,10,20.7,41.7,1.22,1.81,77,23.2,122,250
38.91,121.14,detrital,10,41.1,70.1,0.15,11,14.5,25,0.9,1.91,110,14.7,123,155
38.91,121.14,detrital,26.7,82.6,147.4,0.53,15.5,29.7,56.4,0.96,2.35,128,32.9,124,353
38.91,121.14,detrital,28,49.6,99.3,0.12,8.7,19.6,44.2,0.6,1.08,109,22.9,128,250
38.91,121.14,detrital,11.4,64,100.8,0.36,16,21.9,35.9,1.52,3.55,120,20.6,129,222
38.91,121.14,detrital,17.1,59.3,107.7,0.29,12.6,21.6,40.9,0.93,1.71,106,22.7,131,245
38.91,121.14,detrital,15.1,62.3,102.7,0.32,16.4,22.2,36.2,1.17,2.3,123,22.3,134,231
38.91,121.14,detrital,11.3,76.5,118.3,0.7,19.1,26.6,35.1,0.99,3.29,93,23.5,141,235
38.91,121.14,detrital,14.7,101.7,204.4,0.33,17.6,40.3,81.7,0.87,2.47,109,45,142,501
38.91,121.14,detrital,3.3,212.7,347.6,2.31,48,76.9,106.3,4.24,7.39,113,69.1,142,686
38.91,121.14,detrital,6.4,48.8,88.6,0.31,10.7,18.8,32.2,0.68,1.51,81,18.2,143,195
38.91,121.14,detrital,9.8,57.3,97.9,0.37,13.6,21.1,34.5,0.98,2.03,99,20.6,145,220
38.91,121.14,detrital,17,122,189.7,1.17,33.3,43.9,60.3,3.51,6.56,168,37.9,145,376
38.91,121.14,detrital,2.6,137.9,227.1,0.29,31.1,49.7,72.3,2.1,5.05,79,46.1,148,467
38.91,121.14,detrital,27.1,63,121.5,0.5,14.5,23.9,50.8,0.9,2.56,171,26,179,298
38.91,121.14,detrital,3.7,54.9,106.4,0.1,11.5,21.6,44.3,0.62,1.83,56,23.5,183,257
38.91,121.14,detrital,33.7,91.8,181.1,0.35,18.7,35.8,69,1.3,2.74,196,38.8,187,421
38.91,121.14,detrital,38.8,90.4,185.4,0.45,17.1,36.4,77.6,0.94,3.21,172,42.4,189,459
38.91,121.14,detrital,22.3,105.1,197.1,0.45,20.1,40.2,76.6,1.55,2.57,144,43.5,203,466
38.91,121.14,detrital,25.9,60.9,97.3,0.83,17.5,20.9,34.4,1.76,3.42,119,19.3,204,204
38.91,121.14,detrital,4.2,21.3,44.4,0.05,3.6,8.1,25.3,0.33,0.65,45,10.2,206,136
38.91,121.14,detrital,13.4,98,165,0.16,23.7,35.3,51.2,1.82,3.97,276,33.4,206,326
38.91,121.14,detrital,27.1,101.5,137.5,1.9,38.9,32.5,44,9.55,11.67,292,27.2,211,278
38.91,121.14,detrital,14.5,96,186.1,0.2,16.1,37.6,69.3,0.95,2.22,156,39.1,215,418
38.91,121.14,detrital,17.3,215,355,2.3,57.9,76.7,118.1,6.58,10.05,388,71.1,222,741
38.91,121.14,detrital,29.2,83.7,161,0.41,16.6,32.1,62.8,0.94,2.48,177,35.2,237,383
38.91,121.14,detrital,11.3,58.8,105.7,0.34,12.5,21.7,45.3,0.45,2.03,169,22.7,241,251
38.91,121.14,detrital,27.5,96.5,208.8,0.3,17,40.7,90.2,0.7,1.95,167,45.5,242,508
38.91,121.14,detrital,11.1,47.7,89.1,0.11,9.9,18.1,32.6,0.45,1.59,141,19.1,246,201
38.91,121.14,detrital,12.2,66.4,119.7,0.19,15.8,24.9,44,0.69,2.42,158,24.6,247,260
38.91,121.14,detrital,19.3,90.4,174.2,0.21,18.2,34.5,62.1,1,2.83,174,36.8,262,379
38.91,121.14,detrital,3.8,38.2,46.7,0.73,18.3,11.4,13.3,2.18,4.92,175,8.7,266,85
38.91,121.14,detrital,22.1,99.1,201.4,1.05,21.8,39.1,106,1.46,4.07,289,47.6,268,566
38.91,121.14,detrital,24.1,72.8,155.1,0.21,12.7,29.8,70.6,0.76,1.61,185,36.5,271,404
38.91,121.14,detrital,28.6,72.5,149.4,0.2,13.4,28.7,60.3,0.62,1.64,204,32.4,274,367
38.91,121.14,detrital,10.8,66.5,109.5,1.13,16.8,23.2,40.4,0.76,2.7,124,23.1,280,241
38.91,121.14,detrital,3,171,309.4,0.9,32.1,64.7,107.2,1.88,5.04,145,65,291,674
38.91,121.14,detrital,14,64.5,115.6,0.08,14.9,24.7,40.3,0.85,2.16,207,24.1,299,249
38.91,121.14,detrital,0.5,22.5,74.6,0.05,0.9,12,34.1,,0.04,4,18.1,314,210
38.91,121.14,detrital,12,48.9,88.4,0.12,11.1,18,30,1.17,2.37,242,18.1,319,188
38.91,121.14,detrital,6.1,96.5,184.8,0.11,18.8,38.9,64.4,0.84,2.53,155,37.7,330,410
38.91,121.14,detrital,29.6,78,150.3,0.21,14.3,29.8,61.6,0.72,2.09,249,33.8,340,381
38.91,121.14,detrital,19.9,68.2,127.1,0.15,12.6,26.1,52.5,0.98,2.05,253,29.2,341,311
38.91,121.14,detrital,11,34.1,71.4,0.26,6.6,13.8,35.4,0.8,1.44,172,17.6,343,204
38.91,121.14,detrital,18.2,154.1,244.4,0.68,38.5,54.4,78.7,4.49,7.64,325,47.3,348,485
38.91,121.14,detrital,7.9,112.9,218.3,0.09,20.8,44.7,76,0.95,2.59,230,45.5,392,473
38.91,121.14,detrital,19.1,85.5,160.6,0.18,17.5,33.1,57.9,1.1,2.94,332,34.7,556,367
38.91,121.14,detrital,9,48.5,88.7,0.21,11.7,17.9,39.8,0.85,2.01,152,18.6,583,215
38.91,121.14,detrital,15.6,121.5,230.5,0.37,22.2,46.4,78.1,1.4,2.99,354,48.3,583,502
38.91,121.14,detrital,1.4,120.5,196.5,0.11,19,43.1,57.7,0.38,1.84,79,38.9,605,381
38.91,121.14,detrital,21,72.8,143.6,0.48,13.7,27.8,66.9,0.85,2.42,366,32.8,691,381
38.91,121.14,detrital,0.6,22.3,13.8,0.14,12.7,4.4,2.2,0.68,2.26,27,2,747,16
38.91,121.14,detrital,39.2,406,671.2,0.41,95.8,149.9,197.7,9.07,16.37,1156,128.8,842,1285
38.91,121.14,detrital,36.4,77,173.7,0.17,14.6,31.4,79.8,5.25,3.13,636,42.5,941,488
38.91,121.14,detrital,21.7,25.3,49.7,0.27,5.4,9.3,25.7,0.54,1.18,36,11.6,40,132
38.81,121.24,detrital,8.6,137.1,215.6,1.32,36.8,48.5,70,3.49,6.33,53,42.8,47,431
38.81,121.24,detrital,16.3,39,62.2,0.2,10.2,13.6,20.7,0.82,1.75,139,12.3,53,130
38.81,121.24,detrital,35.9,83.9,139.2,1.36,23.5,29.6,47.8,2.92,5.09,99,27.8,60,294
38.81,121.24,detrital,29.9,53.8,92.5,0.51,13.4,19.4,34.1,1.25,2.44,101,19.4,64,208
38.81,121.24,detrital,22.7,134.6,222.9,2.39,37.3,47.7,83.3,4.06,8.02,140,46.3,75,498
38.81,121.24,detrital,10.4,21.6,39.8,0.87,6.5,7.7,22.5,1.32,1.74,55,9.4,80,119
38.81,121.24,detrital,37.2,28,23.9,1.95,16.2,7,5.3,2.59,5.75,123,4.2,85,35
38.81,121.24,detrital,21.8,113.8,194.8,0.16,28.2,42.7,57.2,1.85,4.31,166,37,86,370
38.81,121.24,detrital,32.7,49.7,74.7,0.92,16.6,16.2,28.4,1.66,3.69,108,15.6,89,170
38.81,121.24,detrital,35.1,38.6,39.2,1.87,19.6,10.4,12.1,5.43,7.53,146,7.2,91,77
38.81,121.24,detrital,18.9,57.7,97.9,0.15,12.3,21.1,32.1,0.83,1.94,97,19.6,95,205
38.81,121.24,detrital,32.5,39.9,52.5,0.73,14.5,12.4,15.3,1.49,3.49,236,9.8,96,99
38.81,121.24,detrital,15.9,203.3,269.2,0.41,68.5,65,65.2,14.68,18.54,268,47.6,98,447
38.81,121.24,detrital,14.5,45.4,73.1,0.45,13,15.8,26.5,1.41,2.49,82,15.2,99,159
38.81,121.24,detrital,11.3,60,107.5,0.4,13.5,22.8,39.7,1.38,2.36,44,22.8,101,244
38.81,121.24,detrital,6.8,83.5,146,0.46,19.1,30.7,52.6,1.41,3.05,90,30.2,105,330
38.81,121.24,detrital,10.1,82.8,146.2,0.33,18.8,31.3,51.1,1.21,3.11,71,29.9,106,311
38.81,121.24,detrital,3.3,8.6,10.9,0.18,3.2,2.6,3.4,0.43,0.79,20,2,107,20
38.81,121.24,detrital,23.1,98.5,130.8,1.88,37.9,31.2,32.8,10.88,10.41,278,23.1,109,219
38.81,121.24,detrital,17.1,42.5,76.2,0.75,12.3,15.3,37,1,2.47,42,17,110,200
38.81,121.24,detrital,27.6,67.2,112.9,0.53,15.8,25,37.9,1.74,3.03,185,22.8,111,233
38.81,121.24,detrital,26.8,90.6,133.9,1.99,31.1,30.1,46.3,6.56,9.12,212,26.7,111,277
38.81,121.24,detrital,9.2,45.1,68.2,0.53,12.7,15.7,24.4,1.15,2.07,74,14.1,114,148
38.81,121.24,detrital,31.1,46.3,68.4,0.68,15.5,15.1,25.5,1.52,3.08,128,14.2,116,153
38.81,121.24,detrital,16.5,78.5,125.8,1.03,22.5,26.9,46.7,2.49,5.35,59,25.7,117,275
38.81,121.24,detrital,3.5,210,322.9,0.69,50.3,71.9,101.4,3.95,8.65,105,63.6,122,646
38.81,121.24,detrital,12.3,77.9,143.7,0.09,16.2,29.2,50.3,0.9,2.6,119,29.8,128,314
38.81,121.24,detrital,32.8,81.8,157.4,0.25,15.4,31.5,63.7,1.1,2.46,159,35.2,128,384
38.81,121.24,detrital,0.3,8.6,12.2,0.09,1.3,3.1,3.4,0.05,0.12,1,2,130,21
38.81,121.24,detrital,25,97.6,176.4,0.68,22.1,37.4,61.4,1.43,3.88,72,35.5,130,382
38.81,121.24,detrital,12.4,74,122.4,0.31,18.1,25.9,41.1,1.99,3.41,100,24.6,135,254
38.81,121.24,detrital,10.3,74.1,146.1,0.28,14.6,28.5,56.5,0.86,2.23,86,31,137,343
38.81,121.24,detrital,9.7,73.4,121.2,0.11,15.7,26,36.4,1.28,2.73,111,23.7,139,241
38.81,121.24,detrital,11.8,75.2,141.1,0.27,15.9,29,53.3,0.89,2.56,105,30.1,143,320
38.81,121.24,detrital,6.5,33.1,68.7,0.12,6.8,12.8,26.9,0.49,1.08,115,14.1,144,155
38.81,121.24,detrital,21.1,77.2,119.2,0.72,18.2,26.8,38.1,1.19,3.03,202,22.7,150,234
38.81,121.24,detrital,24.6,92.3,170.4,0.38,19.7,35,59.8,1.13,2.98,73,34.2,151,374
38.81,121.24,detrital,26.3,29.2,51,0.35,7.2,10.3,21.6,0.73,1.46,103,11.2,151,126
38.81,121.24,detrital,4.8,32,63.5,0.3,7.6,12.5,28.5,0.71,1.26,94,13.7,152,159
38.81,121.24,detrital,19,98.2,155.5,2.15,27.7,33.7,56,5.9,8.34,257,32.3,152,346
38.81,121.24,detrital,12.7,240.3,376.9,2.14,58.7,84.6,104.9,6.37,11.18,177,68.3,155,665
38.81,121.24,detrital,3.1,23.1,56.3,0.19,3.1,9.9,32,0.15,0.3,26,13.5,159,171
38.81,121.24,detrital,30.1,65.6,121.8,0.55,14.2,25.1,48,1.29,2.64,214,26.5,160,286
38.81,121.24,detrital,7.1,39.9,67.6,0.1,9.9,13.9,22.5,0.95,1.93,135,13.5,161,143
38.81,121.24,detrital,8.4,37.1,59.3,0.4,10.9,12.9,23.1,1.98,2.65,165,12.7,164,138
38.81,121.24,detrital,32.3,68.5,122.4,1,17.3,24.7,49.3,1.35,3.3,143,26.8,165,292
38.81,121.24,detrital,13.1,97.1,163.6,0.9,23,34.9,55.6,1.11,3.71,133,32,173,329
38.81,121.24,detrital,0.5,5.1,3.6,0.18,2.1,1,0.7,0.06,0.24,4,0.6,176,4
38.81,121.24,detrital,17.8,44.4,56.3,0.58,15.8,13.8,17.6,2.5,4.01,142,10.9,182,110
38.81,121.24,detrital,17,66.2,122.9,0.34,13.4,24.9,46.2,1.13,2.31,167,26.2,189,285
38.81,121.24,detrital,13.4,112.5,152.8,0.45,34.2,36.1,40,5.92,8.33,143,27.8,194,267
38.81,121.24,detrital,20.5,41.6,81.6,0.46,9.7,16.2,36.5,0.92,1.65,96,17.9,195,208
38.81,121.24,detrital,39.1,97.2,185.2,0.69,20,37.5,79.6,1.1,3.11,209,41,195,468
38.81,121.24,detrital,8.7,64.7,120.1,0.47,12.7,24.8,50.6,0.4,1.74,114,25.5,208,284
38.81,121.24,detrital,18,61.1,109.9,0.15,12.5,22.2,36.7,0.88,2.27,182,21.9,208,226
38.81,121.24,detrital,1.8,229.1,333.8,0.26,61.6,77,91.4,4.31,9.33,101,61.3,224,591
38.81,121.24,detrital,13.7,48.8,74.3,1.08,14.4,16.7,27.4,2.14,3.59,153,15.2,225,164
38.81,121.24,detrital,21.1,128.8,244.9,0.46,22,50.4,87.3,0.78,2.77,181,51.2,225,541
38.81,121.24,detrital,15.5,70,124.1,0.2,15.2,26,44.5,0.95,2.37,185,25.5,226,275
38.81,121.24,detrital,7.8,94.8,109,0.55,39.5,28,27.6,5.44,10.12,166,19.4,227,182
38.81,121.24,detrital,42.4,102.9,183.1,2.1,27.4,36.6,77.5,3.71,6.05,261,39.9,228,450
38.81,121.24,detrital,16.7,51,66.8,1.14,19,15.7,22.1,2.38,4.68,248,13.4,232,141
38.81,121.24,detrital,11.5,53.4,97.8,0.31,12,20.1,35.7,1.08,2.08,142,20.1,234,211
38.81,121.24,detrital,73.5,61.8,114,0.4,17.3,22.6,44.9,2.27,4.22,407,24,235,272
38.81,121.24,detrital,10.4,128.2,178.2,0.42,40,41.8,48.1,3.61,7.54,389,32.1,245,316
38.81,121.24,detrital,18.3,82,150,0.31,17.9,31,55.1,1.38,3.35,119,31.1,247,343
38.81,121.24,detrital,0.6,52.7,46.7,0.36,15.4,13.9,9,0.69,1.92,25,6.9,251,61
38.81,121.24,detrital,22,95.4,161.6,0.37,20.9,34.5,53.1,1.02,3.39,257,32.5,251,333
38.81,121.24,detrital,30.8,132.6,208.3,1.92,44.9,44.6,77.8,7.66,11.95,229,42.7,258,460
38.81,121.24,detrital,16.9,64.6,95.5,0.42,17.9,21.1,31.4,1.04,3.43,98,18.6,260,196
38.81,121.24,detrital,14.4,62.7,106.8,0.35,14.4,23,34.6,1.03,2.58,98,21.3,270,225
38.81,121.24,detrital,11.4,41.7,77.2,0.07,7.3,15.7,30.1,0.66,1.32,192,16.3,280,186
38.81,121.24,detrital,1.7,30.4,18.5,0.05,20.8,6.2,2.8,1.89,4.81,158,2.6,287,22
38.81,121.24,detrital,6.1,52.1,96.5,0.05,10.3,20.1,33.4,0.65,1.81,130,20.1,290,205
38.81,121.24,detrital,34.5,47.5,86.2,0.29,10.5,18.2,33.6,1.36,1.97,214,17.8,291,191
38.81,121.24,detrital,0.1,14.5,109.3,0.02,0.5,10.4,236.8,0.03,0.05,,48.9,301,944
38.81,121.24,detrital,6.4,114,146.7,0.16,31.6,35.2,37.4,1.84,5.85,210,26.8,303,252
38.81,121.24,detrital,44.4,90.8,190.1,0.28,14.5,36.7,61.4,0.9,2.31,346,38.7,311,391
38.81,121.24,detrital,9.9,114.8,210.8,0.15,24.1,43,76.1,1.47,4.28,173,44.1,316,470
38.81,121.24,detrital,15.9,65.1,116.9,0.07,14.1,24.1,40.2,0.94,2.15,115,24,326,253
38.81,121.24,detrital,12.6,104,233.7,0.16,15.2,45.2,94.8,0.46,1.74,164,51.2,392,563
38.81,121.24,detrital,44.1,141.9,295.3,0.47,25.7,56,122.9,1.3,4.04,393,65.1,406,725
38.81,121.24,detrital,4.1,73.5,146.9,0.24,12.3,29.5,63.3,0.32,1.5,40,31.4,414,366
38.81,121.24,detrital,15.9,216.2,418.1,0.2,38.9,82,138.6,2.83,7.05,219,88.9,422,916
38.81,121.24,detrital,13.6,39.6,64.3,0.44,11.5,12.9,26.4,1.02,2.48,345,13.4,432,152
38.81,121.24,detrital,16.5,104.8,206,0.26,20.2,41.9,70.3,0.94,2.87,242,43.2,439,447
38.81,121.24,detrital,10,42.1,82.8,0.04,7.6,15.9,37.1,0.85,1.75,129,19.2,448,223
38.81,121.24,detrital,4.6,68.7,121.8,0.11,13.2,25.1,43.9,0.67,2.02,154,25.3,492,269
38.81,121.24,detrital,0.7,175.5,284.2,0.04,30.5,62.3,90.5,0.79,3.45,90,55.9,512,573
38.81,121.24,detrital,6.4,56.1,89.1,0.37,16,19.2,31.9,2.87,4.03,402,18.6,516,194
38.81,121.24,detrital,26.3,95.8,198.2,0.7,17.5,38.4,81.2,0.6,2.58,372,42.4,532,477
38.81,121.24,detrital,47.4,376.2,602.3,0.25,86.9,135.1,173.6,6.31,14.21,592,115.6,534,1138
38.81,121.24,detrital,13.9,128.8,208.9,1.15,34.9,44.2,73.7,6.37,9.49,556,43.1,565,460
38.81,121.24,detrital,32.2,189,353.6,0.1,32.7,70.2,119,2.37,5.49,456,74.7,650,780
38.81,121.24,detrital,21.5,90.5,188.5,0.05,15,36.2,79.6,0.83,2.51,362,42.9,712,476
38.81,121.24,detrital,8.3,98.8,140.4,0.86,34.3,32.5,46.7,8.52,10.86,490,29.1,715,300
38.81,121.24,detrital,37.5,101.5,243.1,0.35,16.2,41.9,139.6,1.08,2.88,335,59.4,725,747
38.81,121.24,detrital,56.3,297,420.7,15.43,91.4,94.6,118.1,28.01,30.75,2051,84.2,784,858
38.81,121.24,detrital,101.6,393.7,807.6,0.35,62.2,155.8,289.8,4.52,9.72,1035,180.1,1610,1935
38.81,121.24,detrital,10,40.1,65.5,0.26,10.6,13.9,21.9,1.1,2.16,74,13.7,48,142
38.82,121.39,detrital,41.1,108.3,179.8,1.45,25.8,37.3,65.4,3.35,5.55,91,38.1,52,430
38.82,121.39,detrital,33.7,115.7,201.5,0.97,28.7,41.9,71.6,2.25,5.33,89,41.8,59,450
38.82,121.39,detrital,36.5,117,171,2.2,33.9,39.4,57.5,5.72,8.59,98,35.6,61,379
38.82,121.39,detrital,23.2,81.9,143.2,1.13,19.5,30.6,52.9,1.41,3.69,88,31,62,331
38.82,121.39,detrital,41,79.7,89.2,3.29,33.1,22.5,24.8,9.42,10.83,136,17.4,62,181
38.82,121.39,detrital,22.6,145,222.7,2.31,41.1,50.8,70,4.16,8.21,144,44,66,460
38.82,121.39,detrital,13.6,85.4,143.5,1.28,21.2,30.5,50.1,1.96,4.25,80,29.6,69,314
38.82,121.39,detrital,28.4,97.6,167.6,1.07,22.1,35.6,62.9,2.6,4.27,106,36.1,71,401
38.82,121.39,detrital,13.5,46.6,82.1,0.45,13,17.6,33.7,1.12,2.63,54,18.1,72,212
38.82,121.39,detrital,5.1,97.9,134.5,0.27,32.4,31.4,38.6,4.44,8.54,81,26.6,72,266
38.82,121.39,detrital,34.5,112.4,208.3,1.04,24.7,41.4,79.8,1.46,4.06,128,45.3,82,502
38.82,121.39,detrital,22,178.1,214.7,2.32,52.8,55,43,6.71,10.98,73,37.1,86,334
38.82,121.39,detrital,43.8,133.9,207.5,1.76,36.2,45.1,68.7,4.59,8.63,149,42.2,88,457
38.82,121.39,detrital,6.7,80.5,149.6,0.21,16.5,30.4,50.9,1,2.43,60,31.2,92,329
38.82,121.39,detrital,10.9,61.8,100.8,1.22,15.3,21.4,34.9,1.67,3.16,90,20.6,93,226
38.82,121.39,detrital,13.9,60.3,119,0.17,12.7,23.4,45.9,0.8,2.07,113,26.8,93,303
38.82,121.39,detrital,20.5,80.5,151.4,0.39,15.9,30.4,57.9,1.14,2.45,119,32.6,101,372
38.82,121.39,detrital,24.1,105.5,199.6,1.68,22.9,40.2,78.1,2.52,4.16,203,44.2,105,489
38.82,121.39,detrital,79.6,132.5,193.4,3.76,46.6,43.3,62.7,8.68,12.98,324,38.8,109,408
38.82,121.39,detrital,31.5,74.9,141.8,0.55,15.2,28.6,57.9,1.06,2.36,127,31.9,111,353
38.82,121.39,detrital,39.8,173.8,315,2.63,38.6,65.5,112.4,2.71,6.09,120,66.8,114,713
38.82,121.39,detrital,14.2,83.6,152,0.43,15.8,32.1,55.9,1.11,2.51,100,32.8,120,362
38.82,121.39,detrital,11.4,50.9,93.4,0.26,10.2,18.9,35.9,0.88,1.97,104,20.6,120,234
38.82,121.39,detrital,11.4,99.6,164.5,0.74,24.3,35.8,52.5,4,5.01,136,32.6,120,341
38.82,121.39,detrital,11.1,95.7,167.6,0.33,20.1,34.5,59,1.56,3.51,111,36.1,121,394
38.82,121.39,detrital,15.3,165.2,279.2,1.57,43.3,58.6,101.3,5.49,9.77,150,59.9,126,660
38.82,121.39,detrital,8.1,45.7,107.2,0.92,8.5,19.2,61.6,1.24,1.85,105,26.4,131,334
38.82,121.39,detrital,9.1,41.7,92.8,0.57,8.1,16.6,56.1,0.62,1.36,110,22.7,133,289
38.82,121.39,detrital,9.6,114.3,204.8,0.26,24.2,42.3,70.1,1.46,3.62,133,43.3,135,465
38.82,121.39,detrital,12.4,93.5,157.5,0.47,21.4,33.4,54.6,1.7,3.67,142,33.5,135,363
38.82,121.39,detrital,2.8,115.1,187.2,0.42,26.3,40.7,63.4,1.99,4.63,105,39,139,418
38.82,121.39,detrital,11.8,166.7,332.2,0.99,30.3,65.8,131.5,1.61,4.91,99,74.9,141,824
38.82,121.39,detrital,26.3,67.8,127,0.41,13.6,26.1,54.3,0.94,2.14,153,29.3,147,334
38.82,121.39,detrital,39.2,84.1,163.2,0.31,15.4,31.9,65.5,3.03,2.87,177,36.4,148,406
38.82,121.39,detrital,90.8,202.5,333.6,3.81,56.3,70.8,114.6,7.22,12.49,260,68.1,151,739
38.82,121.39,detrital,73.1,176.9,278.2,3.57,49.1,61.6,85.2,6.75,10.58,339,55.1,151,570
38.82,121.39,detrital,32.9,83.5,161.8,0.85,17.8,32.4,67.5,1.04,3.06,180,36.5,154,411
38.82,121.39,detrital,61.3,206.9,349.6,2.56,51.9,74,119.8,5.65,11.02,245,74.2,155,793
38.82,121.39,detrital,19.6,73.6,145,0.37,13.7,28.5,56.5,0.77,2.21,151,31.5,156,358
38.82,121.39,detrital,6.6,48.4,89.5,0.22,10.4,18.6,31.7,0.82,1.63,75,19.1,157,205
38.82,121.39,detrital,5,203.9,329.9,0.66,50.6,73.1,96.8,7.03,11.15,169,65.5,157,660
38.82,121.39,detrital,40.2,111.8,224.3,1.08,21.5,44.3,94.8,1.34,3.84,195,51.8,157,597
38.82,121.39,detrital,10,111.5,210.6,0.33,22.1,42.8,69.4,1.1,3.01,107,44,158,465
38.82,121.39,detrital,51.4,105.5,174.5,1.37,26,37.2,61.2,2.43,5.22,195,37.3,161,397
38.82,121.39,detrital,16.3,160.9,267.8,0.91,36.7,58.2,87.5,3.19,6.66,149,55.1,163,578
38.82,121.39,detrital,83.1,111.6,182.1,1.85,33,38.9,64.3,5.74,8.58,475,38.5,164,414
38.82,121.39,detrital,32.9,227,389.4,2.05,53.3,82.8,135.6,6.1,10.94,232,81.2,166,868
38.82,121.39,detrital,59.5,137.5,267.1,0.77,25.9,53.2,102.7,1.69,4.61,168,57.9,167,648
38.82,121.39,detrital,20.4,101.5,186.6,0.94,22.2,37.9,70.1,1.66,3.86,161,40.3,169,445
38.82,121.39,detrital,57.8,218.1,391,3.66,46.6,81.3,145.7,3.91,8.82,321,84.5,171,916
38.82,121.39,detrital,21.2,170.7,265.4,0.6,42.5,60.1,78.4,8.91,9.36,205,52.8,174,543
38.82,121.39,detrital,12.6,89.3,153.8,0.08,19.1,32.4,51,1.2,3.14,124,31.8,178,331
38.82,121.39,detrital,68.3,48.9,60.7,2.46,22.2,14.3,20.3,7.07,7.92,530,12.5,181,134
38.82,121.39,detrital,11.9,35,59.6,0.16,7.8,12.1,23.7,0.8,1.67,214,13.1,183,154
38.82,121.39,detrital,9.6,51,96.2,0.12,9.8,19.3,35.8,0.5,1.64,114,20.7,185,233
38.82,121.39,detrital,16.9,49.2,84.8,0.32,9.7,17.7,31.9,0.87,1.77,135,18.8,187,206
38.82,121.39,detrital,18.9,73.2,140.8,0.23,14,28.6,51.8,0.73,2.17,188,31,188,329
38.82,121.39,detrital,58.7,174.3,318,2.11,41.4,65.1,120.4,4.06,8.01,330,69.4,195,758
38.82,121.39,detrital,35.7,92.5,163.6,0.78,20.6,33.6,63.4,2,4.08,249,36.4,199,411
38.82,121.39,detrital,30.8,125.5,229.5,0.57,25.8,46.4,87.3,2.38,4.53,284,50.3,204,536
38.82,121.39,detrital,3,183,314.1,0.2,32.4,67.6,97.5,1.43,4.9,133,63.1,212,652
38.82,121.39,detrital,61.6,146.7,293,2.21,29.1,56.6,125,2.8,5.86,331,66.1,213,783
38.82,121.39,detrital,8.1,29.7,55.3,0.04,6.7,11.3,20.4,0.71,1.48,135,12.1,218,129
38.82,121.39,detrital,29,87.3,180.4,0.34,16.3,34.1,86.2,1.37,2.7,229,43.3,516,514
38.82,121.39,detrital,12.9,304.3,458.8,1.53,76.2,105.2,130.5,8.2,14.64,501,90.2,536,927
38.82,121.39,detrital,49.3,138.4,249.8,1.56,30.2,51.5,89.3,3.48,6.35,765,52.8,539,591
38.82,121.39,detrital,6.7,148.7,216,1.04,41.4,49.6,61.4,3.57,7.49,472,41,564,413
38.86,121.53,detrital,9.2,47.6,71.2,0.33,14.7,16.2,22.6,1.35,3.3,66,13.4,32,135
38.86,121.53,detrital,26.7,117.7,203.2,1.3,29.6,43.5,75,2.56,5.05,93,40.9,66,427
38.86,121.53,detrital,13.3,35.3,71.7,0.37,7.7,13.4,35.1,0.67,1.4,90,16.9,70,201
38.86,121.53,detrital,14.3,105.1,185.9,1.37,24.4,39,68.2,1.97,4.29,88,37.6,75,393
38.86,121.53,detrital,15,54.9,107.9,0.25,10.3,22.2,42.6,0.73,1.98,98,23.3,78,253
38.86,121.53,detrital,17.4,50.4,93.9,0.61,12.6,19,40.7,1.22,2.45,146,20.8,85,235
38.86,121.53,detrital,11.8,60.2,116.8,0.35,12.2,24.2,44.2,0.77,1.78,80,24.9,86,273
38.86,121.53,detrital,18.2,100.9,146.8,2.98,34.7,33.9,51.7,6.31,9.76,106,29.9,90,314
38.86,121.53,detrital,17.8,29,55,0.48,6.6,10.9,29,0.93,1.67,79,12.7,93,153
38.86,121.53,detrital,15.8,50,104.4,0.27,9.5,20.7,44.4,0.52,1.63,82,22.4,95,247
38.86,121.53,detrital,6.2,79.6,146.2,0.4,15.6,30,57.1,1.15,2.23,83,30.3,97,335
38.86,121.53,detrital,19.1,54.9,105.3,0.52,12.8,21.9,43.3,0.59,1.82,128,22.5,97,252
38.86,121.53,detrital,17.6,86.3,158.3,1.05,20.3,32.1,62.9,1.7,4.58,130,32.8,98,358
38.86,121.53,detrital,16.8,62.2,122.8,0.25,11.3,24.2,49.6,0.74,1.73,95,25.9,100,294
38.86,121.53,detrital,19.1,59.6,114.3,1.03,17.2,23.1,49.3,2.23,3.83,108,24.7,105,272
38.86,121.53,detrital,9.7,73.5,137.4,0.34,14.9,28.8,51.9,0.67,2.17,88,28.7,107,307
38.86,121.53,detrital,18.3,59.6,119.8,0.35,11,23.9,48.5,0.78,1.98,105,25.8,110,276
38.86,121.53,detrital,6.3,116.6,187.8,0.51,30.9,41.3,62.7,2.06,4.83,143,37.3,112,384
38.86,121.53,detrital,24,52.9,104.2,0.17,9.5,19.9,43.9,0.9,1.96,123,23.2,113,263
38.86,121.53,detrital,26.4,61.1,124.3,0.2,13.2,24.3,51.6,0.92,1.99,141,27.2,115,302
38.86,121.53,detrital,12.1,67.6,116.6,0.33,14.5,25,44.9,0.95,2.56,107,24.8,116,266
38.86,121.53,detrital,16.4,59.3,125.9,0.37,12.2,25.1,54.6,0.77,1.62,103,27,117,299
38.86,121.53,detrital,15.1,104,168.7,1.31,30,37.2,54.5,3.56,6.28,125,32.3,120,328
38.86,121.53,detrital,20.9,69.9,131.4,0.33,13.2,27.3,55,0.65,2.09,119,29.1,123,314
38.86,121.53,detrital,26.3,49.6,88.7,0.73,14.9,17.8,37.7,1.13,2.86,141,18.9,126,210
38.86,121.53,detrital,12.9,60.9,75.9,0.56,18.9,18.6,19.9,1.6,3.71,76,13.2,129,126
38.86,121.53,detrital,21.3,69.8,136.3,0.38,14,27.1,54.8,0.61,1.87,126,29.9,129,318
38.86,121.53,detrital,16.2,62.6,114.5,0.44,15.2,23.5,49.3,1.57,2.19,175,25.3,129,272
38.86,121.53,detrital,22.8,64.2,116.5,0.38,14.5,25.1,47.3,1.2,2.3,168,24.4,133,281
38.86,121.53,detrital,21.8,48.8,87.6,0.54,13,18.5,34.8,0.99,2.22,137,18.4,137,203
38.86,121.53,detrital,7,62.5,113.4,0.3,13.6,23.3,41.2,0.7,1.79,94,22.9,141,248
38.86,121.53,detrital,20,106.6,216.5,0.7,20.5,41.7,90.9,1.6,3.7,124,46.4,143,518
38.86,121.53,detrital,6.5,81.9,125.9,1.05,24,28.6,39,3.38,5.02,205,23.6,146,247
38.86,121.53,detrital,6.3,87.2,134.9,0.26,25.4,30.2,39.8,2.72,5.78,99,25.7,148,257
38.86,121.53,detrital,18.4,70.6,139.3,0.24,13.3,27.1,52.4,0.7,2.29,133,28.5,149,314
38.86,121.53,detrital,8.8,257.1,504.8,0.8,41.6,100.4,197.1,2.34,6.22,95,108.2,152,1143
38.86,121.53,detrital,16.9,140.8,241.2,0.77,33.5,52,80.7,2.39,5.95,192,47,155,477
38.86,121.53,detrital,18.6,48.4,99.8,0.15,9,19.5,44.8,0.89,1.37,144,22.5,157,258
38.86,121.53,detrital,0.3,17.8,61,0.11,0.9,9.9,22.6,0.05,0.08,1,13.8,160,145
38.86,121.53,detrital,10.1,213.6,465,0.46,30.3,89,200.6,1.31,3.78,79,101.7,160,1119
38.86,121.53,detrital,12.5,52.9,89.4,0.04,13.7,19.1,30.4,1.17,2,156,18.3,160,181
38.86,121.53,detrital,10.6,45.7,96.8,1.28,11.2,18.7,57.5,2.97,3.56,198,22.6,160,276
38.86,121.53,detrital,14.4,53.5,96.7,0.22,9.6,19.9,38.2,0.79,2.04,138,21.1,161,235
38.86,121.53,detrital,11.1,110.1,213.9,0.2,20.5,43.2,80.8,1.15,2.75,143,44.1,161,465
38.86,121.53,detrital,34.4,62.3,123.6,0.34,12.5,24.2,52.1,1.34,2.16,218,26.5,165,299
38.86,121.53,detrital,20.7,87.9,134.7,0.25,22.7,30.5,43.7,2.24,4.82,286,26.2,166,269
38.86,121.53,detrital,28.9,85.3,164.9,0.56,16.3,32.5,65.9,0.84,2.47,165,35.5,167,394
38.86,121.53,detrital,10.3,141.1,220.2,0.43,34.9,47.8,63.8,3.14,6.68,227,42.5,168,421
38.86,121.53,detrital,1.9,34.9,67.7,0.55,8.5,13.1,36.2,2.02,2.05,86,15.6,173,184
38.86,121.53,detrital,20.1,85.3,177.4,0.21,14.9,34.8,80.8,0.71,2.07,109,39.4,177,439
38.86,121.53,detrital,34.6,105.8,190.7,0.74,25.9,38.9,69.8,1.88,4.13,315,40,183,428
38.86,121.53,detrital,7.4,33.1,78.7,0.67,6.5,13.4,54.3,0.47,1.08,90,19.3,184,254
38.86,121.53,detrital,28,80.7,155.7,0.24,16.2,31,63.4,0.95,2.72,230,34.6,186,378
38.86,121.53,detrital,27.2,87.7,181.2,0.28,14,36.3,80,0.89,2.19,150,41.5,190,464
38.86,121.53,detrital,10.9,91,159.1,0.33,20.4,32.8,49.8,1.28,2.62,164,31.1,191,324
38.86,121.53,detrital,20,65.5,130,0.26,13.7,25.2,52.3,0.74,2.21,165,28.2,192,308
38.86,121.53,detrital,16.4,47.2,83.6,0.17,13.3,18.1,28.5,1.16,2.46,180,17,196,178
38.86,121.53,detrital,12.2,175.9,268.6,1.56,50.2,61.1,78.2,4.49,9.75,176,50,197,488
38.86,121.53,detrital,16.5,120.4,208.8,0.62,28,44.1,71.9,1.95,4.44,223,42.1,197,436
38.86,121.53,detrital,29.5,60.2,141.6,0.52,11.5,24.9,72.9,0.77,1.62,202,32.3,201,380
38.86,121.53,detrital,17,88.9,151.3,0.36,18.5,32.2,54.4,1.63,3.45,213,31.3,202,331
38.86,121.53,detrital,35.3,43.2,84.4,1.7,15.6,16,41.4,4.41,4.88,339,18.8,202,219
38.86,121.53,detrital,16.1,99.7,180.7,0.62,21.9,37.9,67.7,1.06,2.94,217,37.5,203,397
38.86,121.53,detrital,19.9,93.6,173.5,0.32,18.7,35.9,64.1,1.29,2.88,193,36.6,205,384
38.86,121.53,detrital,27.4,73.1,89,2.85,29.5,21.1,27.7,3.51,6.46,507,17.3,206,185
38.86,121.53,detrital,30.3,84.7,167.8,0.42,15.3,33.3,66.9,0.89,2.64,182,35.5,207,384
38.86,121.53,detrital,17.1,73.4,136,0.21,15.3,28.7,54.4,1.07,2.59,199,30.2,210,327
38.86,121.53,detrital,2.2,112.5,231.7,0.15,19.4,45.4,85.4,0.57,2.45,61,49.9,211,519
38.86,121.53,detrital,17.1,66.1,122.8,0.28,14.7,25.2,46.4,1.06,2.13,196,26.2,221,283
38.86,121.53,detrital,6,127.5,221.5,0.26,27.8,47.1,73.2,1.47,4.84,139,43.2,224,451
38.86,121.53,detrital,7.5,100,218.3,0.65,17.5,41.3,87.9,1.08,2.8,143,45.7,224,505
38.86,121.53,detrital,11,53.4,100.7,0.06,9.9,20.3,38,0.62,1.32,150,21.4,225,233
38.86,121.53,detrital,13.4,75.7,97.3,0.36,25.2,23.5,29.4,2.11,5.11,601,18.4,227,183
38.86,121.53,detrital,17.5,74.1,134.6,0.36,16,27.4,50.2,1.22,2.76,216,28.7,231,303
38.86,121.53,detrital,31.2,81,169.4,0.73,17.2,33.1,82.7,1.17,2.61,243,39.8,231,454
38.86,121.53,detrital,2.9,27.2,54.4,0.3,5.3,10.9,22.6,0.28,0.73,151,11.7,236,121
38.86,121.53,detrital,36.6,40.6,54,1.65,14.3,12.7,14.7,2.59,3.25,447,9.7,237,94
38.86,121.53,detrital,30.7,122.1,212.8,2.07,33.5,43.9,82.5,3.56,7.06,246,44,239,473
38.86,121.53,detrital,27.4,83.8,161.7,0.27,16.6,33.2,62.8,2.1,2.4,227,34.2,259,369
38.86,121.53,detrital,21.1,74.9,133.7,0.25,18.1,28.3,47.8,1.21,2.55,223,27.7,262,289
38.86,121.53,detrital,16.7,103.5,182.6,0.41,24.9,38.3,64.8,2.73,5.01,296,37.3,274,369
38.86,121.53,detrital,0.7,148.3,231.1,0.08,27.6,52.1,72.2,0.8,3.41,43,46.8,291,460
38.86,121.53,detrital,41.5,160.9,189.7,3.73,64.8,47.7,49.3,19.71,22.04,454,34.7,295,335
38.86,121.53,detrital,2.1,112.5,191.6,0.09,23.4,40.6,61.9,1.1,2.59,89,37.4,305,385
38.86,121.53,detrital,52,57.1,123.1,0.38,10.3,22.7,63.3,1.21,2.15,489,29.4,331,353
38.86,121.53,detrital,17.1,53.7,104.2,0.05,11.3,19.9,47,1.19,2.04,274,23.7,335,265
38.86,121.53,detrital,24.5,61.2,118,0.28,12.1,23.7,47.1,0.94,2.05,244,25.1,341,275
38.86,121.53,detrital,2.7,111.9,126.3,0.15,34.2,32,26.9,1.89,6.63,108,21.1,347,189
38.86,121.53,detrital,20.5,55.4,87.8,0.25,15.4,18.7,35.8,1.43,2.81,248,18.9,363,209
38.86,121.53,detrital,8.4,178.8,340,1.09,35.7,69.6,116.3,3.68,6.51,355,69,365,711
38.86,121.53,detrital,7,54,112.5,0.04,9.5,21.8,44.3,0.41,1.08,132,24.6,386,267
38.86,121.53,detrital,23,81.9,172.8,0.19,16.1,32.8,76.2,1.45,2.98,318,36.8,439,411
38.86,121.53,detrital,0.1,23,101.5,0.11,1.8,14.5,75.1,0.04,,3,27.6,464,367
38.86,121.53,detrital,7,15,31.2,0.12,3.1,5.8,17.2,0.44,0.77,70,7.2,468,91
38.86,121.53,detrital,2.7,14.4,28.8,0.26,3.2,5.7,14.5,0.06,0.26,12,6.8,507,77
38.86,121.53,detrital,2.9,257.6,455.1,0.27,47,96.3,151.4,2.34,6.8,180,94,541,963
38.86,121.53,detrital,15.6,106.6,209,0.01,17.8,41.4,72,1.12,2.54,432,45.1,732,465
38.86,121.53,detrital,2.9,21.3,16.5,0.8,9.8,5,3.4,0.11,1.45,9,2.5,1034,24
38.02,121.79,detrital,41.6,80.2,121.5,1.63,25,27,40.8,4.86,6.77,99,24.7,36,270
38.02,121.79,detrital,13.8,51.6,92.6,0.48,12.8,18.8,35.7,1.25,2.37,43,20,47,229
38.02,121.79,detrital,15.1,24.2,36,0.25,7.1,8.4,12.5,1.01,1.82,103,7.6,53,82
38.02,121.79,detrital,23.1,80.6,139.7,0.28,19.5,29.2,50.5,1.71,3.5,73,29.3,57,323
38.02,121.79,detrital,5.1,166.1,232.7,1.92,45.3,54.4,63.4,5.86,9.39,51,44,58,445
38.02,121.79,detrital,30.1,73.3,143.8,1.15,15,28.2,66.7,1.52,2.91,86,32.8,66,392
38.02,121.79,detrital,20.8,40.5,76.4,0.45,9.2,15.1,34,0.68,1.98,89,17.1,67,201
38.02,121.79,detrital,18.7,97.3,174.1,0.94,20.5,35.9,64.5,1.69,3.69,98,37.3,75,413
38.02,121.79,detrital,5.1,179.1,243.6,1.6,50.2,58,64.6,6.22,11.7,48,44.8,78,451
38.02,121.79,detrital,5.2,68.2,122.7,0.26,14.2,25.9,39.9,0.85,2.11,77,25.3,84,269
38.02,121.79,detrital,8.1,97.6,159,0.81,24.7,34.9,51.8,2.46,5.18,93,32,85,339
38.02,121.79,detrital,23.8,100.1,188.4,0.85,22.5,37.7,78.4,1.81,4.12,140,41.5,88,479
38.02,121.79,detrital,29.3,82,156.9,0.65,16.4,31.3,63.4,1.14,2.95,98,35,94,397
38.02,121.79,detrital,40.5,93.8,175.7,0.82,19.3,35.3,69.1,1.42,3.49,101,38.5,94,441
38.02,121.79,detrital,20.7,75.6,146.6,0.39,13.9,29,57.5,0.98,2.11,112,31.8,95,359
38.02,121.79,detrital,11.8,88.2,138.7,0.58,21,30,45.5,2.24,4.18,105,28.7,98,307
38.02,121.79,detrital,17.7,158,196.5,2.15,55.4,48.8,46.8,12.76,15.35,168,35.5,100,337
38.02,121.79,detrital,15.7,72.3,133,0.75,17.2,26.9,51.6,1.73,3.22,128,29.5,101,334
38.02,121.79,detrital,11.7,55.3,96.7,0.27,10.8,20,35.8,0.88,2.16,100,20.8,105,230
38.02,121.79,detrital,48.2,105.5,164.2,1.92,26.1,35.1,56.8,4.18,6.94,81,34.1,106,368
38.02,121.79,detrital,25,149.7,271.9,1.75,32.9,56.6,103.2,3.4,6.12,149,58.3,109,650
38.02,121.79,detrital,4.1,187.5,318.4,1.32,39.8,69,96,3.09,7.04,108,62.4,113,652
38.02,121.79,detrital,17.1,48.2,100.2,0.17,8.9,19.3,42.4,0.47,1.14,91,23.1,115,263
38.02,121.79,detrital,8.6,49.4,92.4,0.19,10.8,19.3,33.8,0.79,1.9,91,19.7,116,215
38.02,121.79,detrital,17.4,160.8,261.2,1.99,41.9,57,86.9,3.73,7.89,176,53.9,121,574
38.02,121.79,detrital,15,58.9,93.9,0.22,15.8,20.9,30,1.64,3.26,187,19.1,122,197
38.02,121.79,detrital,21.3,129.3,236.2,1.27,26.8,48.1,86.1,1.91,4.88,137,50.5,124,548
38.02,121.79,detrital,7.6,91.8,153.4,0.15,18.9,32.4,49.3,1.29,2.87,76,32.2,125,339
38.02,121.79,detrital,26.2,122.2,224.6,1.23,27.4,45.6,89.2,2.81,5.82,184,49.4,125,569
38.02,121.79,detrital,4.1,135.7,235,0.29,29.2,49.8,78.4,1.8,4.38,87,47.9,127,509
38.02,121.79,detrital,13.7,67.4,127.3,0.39,12.6,26,49.1,0.82,1.86,101,28.1,128,319
38.02,121.79,detrital,23.2,98.9,155.7,1.29,28.1,34.2,54.3,3.92,6.41,236,32.8,131,349
38.02,121.79,detrital,15.2,70.7,121.3,0.38,14.9,25.6,42.3,1.4,2.94,136,25.7,135,280
38.02,121.79,detrital,19,62.4,122.8,0.94,14.9,24.2,53.5,1.45,3.03,143,27,136,310
38.02,121.79,detrital,3.1,147.3,256.6,0.47,29.5,54.3,85.3,1.56,4.6,104,52.4,137,570
38.02,121.79,detrital,6.6,170.7,257.3,1.11,43.5,57.7,76.6,5.82,9.51,125,52.1,138,533
38.02,121.79,detrital,79.5,104.5,262.6,0.42,16.5,45.6,123.8,1.36,2.76,188,62.6,139,737
38.02,121.79,detrital,25.3,79.9,142.2,0.76,16.8,29.4,50.7,1.08,2.9,174,30,141,332
38.02,121.79,detrital,3,83.3,147.8,0.21,16.9,31,51.9,1.11,2.63,68,31.5,142,346
38.02,121.79,detrital,22.1,80.6,153.5,0.38,15.5,30.7,59,0.91,2.1,145,33.2,143,371
38.02,121.79,detrital,2.8,120.2,223.7,0.23,22.5,46.4,79.7,1.1,3.2,72,47.3,145,523
38.02,121.79,detrital,8,109.6,188.9,0.66,23.1,40.4,62.1,1.67,4.07,122,38.8,145,419
38.02,121.79,detrital,13.7,62.4,109.7,0.35,14.1,23.1,38.1,1.09,2.42,128,22.4,146,257
38.02,121.79,detrital,16.5,77,118,1.04,23.7,26.2,40.4,3.11,5.32,190,24.4,149,262
38.02,121.79,detrital,7.9,128.7,220.5,0.22,28.5,47.1,66.5,1.75,4.53,96,43.9,153,452
38.02,121.79,detrital,9.2,155.2,343.2,0.46,24.7,64.8,143.8,0.99,3.13,70,80.1,154,912
38.02,121.79,detrital,15.5,130.4,247.7,0.38,23.5,49.2,91.1,1.2,3.33,158,53.6,155,591
38.02,121.79,detrital,10.9,114.3,183.1,0.56,26.5,39.2,56.9,2.36,5.12,169,36.6,157,389
38.02,121.79,detrital,20.9,77,146.2,0.29,14.7,29.6,56.8,0.96,2.24,148,32.7,159,366
38.02,121.79,detrital,11.7,53.7,100.2,0.23,11.8,20.2,34.9,0.86,1.9,95,20.3,164,223
38.02,121.79,detrital,13.3,41.8,84.1,0.09,7.5,16.3,31.5,0.43,1.43,119,18.3,164,204
38.02,121.79,detrital,27.7,129.6,247.8,0.46,23.1,49.9,94.8,1.23,3.77,179,54.4,165,605
38.02,121.79,detrital,29.1,103.5,200.7,1.5,24.5,39.5,83.2,2.23,4.65,211,44.4,165,510
38.02,121.79,detrital,27.2,56,84.6,0.77,18.1,18.3,29.1,2.29,4.31,235,17.1,167,187
38.02,121.79,detrital,47.9,80.4,131.9,1.37,21.4,27.9,50.5,2.93,5.48,288,28.9,168,315
38.02,121.79,detrital,0.1,10.8,60.6,0.06,0.4,6.7,79.9,0.04,0.03,1,21.8,171,372
38.02,121.79,detrital,16.9,93.9,113.3,1.94,42.6,26.4,35.7,9.6,13.7,248,22.7,171,241
38.02,121.79,detrital,12.7,146.3,257.1,1.63,33.7,54,83.7,4.77,7.66,251,52.2,171,547
38.02,121.79,detrital,7.1,73.6,135.5,0.36,14.5,27.2,49,0.76,1.83,109,28.9,172,313
38.02,121.79,detrital,3.4,161.5,300.1,0.43,28.8,61.5,97,1.71,4.57,102,63.6,173,676
38.02,121.79,detrital,22.9,52.1,95.5,0.21,11.5,19.1,33.1,0.72,1.92,165,19.6,173,216
38.02,121.79,detrital,19.4,97.5,192.5,0.35,18.9,37.6,73.7,1.16,2.67,198,41.6,175,462
38.02,121.79,detrital,19.1,59.3,121,0.17,10.1,23.3,51.3,0.57,1.42,124,27.7,181,316
38.02,121.79,detrital,27,84,195.4,1.14,15,35.6,100.8,1.4,2.4,238,46.8,181,567
38.02,121.79,detrital,10.5,120.8,231.8,0.31,21.8,46.7,87.5,1.3,3.39,89,50.1,182,559
38.02,121.79,detrital,10.9,83.1,137.3,0.34,18.3,29.7,46.2,1.25,3.13,72,28,188,305
38.02,121.79,detrital,38.3,40.5,61,0.82,12.6,13.3,21.8,1.89,3.21,253,12.6,188,140
38.02,121.79,detrital,10.9,85.4,154.1,0.37,18.8,32.7,56.8,2.3,3.37,120,32.7,195,362
38.02,121.79,detrital,8,112.5,179.3,1.78,29.8,39,58.9,4.29,7.02,205,37.3,196,404
38.02,121.79,detrital,17.9,188,339.7,1.34,40.9,71.6,117.5,2.68,7.1,252,71.3,196,771
38.02,121.79,detrital,11.6,87.9,144.7,0.59,22.2,29.6,54.3,2.11,4.52,147,31.6,197,345
38.02,121.79,detrital,15.5,116.5,199.6,0.15,22.1,43,53.5,1.58,3.88,76,39.8,200,397
38.02,121.79,detrital,13.1,124.2,226.7,0.47,26.4,46.9,82.7,1.69,4.14,116,49.1,200,538
38.02,121.79,detrital,14.2,131.8,280.8,0.36,19.2,53.6,103.2,0.82,2.52,131,61.4,202,673
38.02,121.79,detrital,50.8,163.7,296.2,1.54,33.6,60.6,103.7,1.74,5.35,253,62,202,672
38.02,121.79,detrital,6.9,98.9,150.3,1.04,24.3,33.1,47.3,2.5,5.18,135,30.4,204,325
38.02,121.79,detrital,38.9,68.9,127.8,0.55,14.9,25.4,53.1,1.24,2.83,155,29.2,241,336
38.02,121.79,detrital,15.8,101.9,203.8,0.4,18.9,39.2,83,0.95,3.09,154,44.9,263,520
38.02,121.79,detrital,9.2,82.9,136.5,0.14,19.1,29.1,45.3,1.89,4.26,206,28.2,263,302
38.02,121.79,detrital,29.6,84.6,166.8,0.29,15.6,32.9,66.2,0.79,2.27,231,37,263,418
38.02,121.79,detrital,68.1,160.6,289.5,1.2,33.2,58.9,103.2,2.9,6.38,329,61,271,679
38.02,121.79,detrital,14.6,81.4,139.7,0.17,17.2,29.4,44.7,1,2.69,234,28.2,281,304
38.02,121.79,detrital,14.2,124.3,199.4,1.46,32.1,43.6,67.7,4.04,6.64,323,41.1,290,443
38.02,121.79,detrital,2.2,127.9,245.5,0.25,24.2,49.5,85.6,1.21,3.18,118,52.4,294,567
38.02,121.79,detrital,16,112.5,197.1,0.19,21.2,41.7,65.4,1.25,3.41,313,41.9,297,442
38.02,121.79,detrital,36.9,35.4,72.6,0.66,8.6,14.1,38.2,0.77,1.73,334,17.9,313,222
38.02,121.79,detrital,25.7,275.5,497.1,0.27,44.9,102.4,140.4,2.92,7.57,167,104.6,318,1050
38.02,121.79,detrital,7.2,29.8,65.9,0.19,5.5,12,34.1,0.32,0.8,38,15.1,323,190
38.02,121.79,detrital,37.1,123.8,237.4,0.52,22.6,47.7,92.9,1.4,3.55,248,53.3,356,599
38.02,121.79,detrital,26.6,46.2,93,0.64,11.1,17.8,44,1.02,2.15,335,20.9,360,256
38.02,121.79,detrital,1.6,164.3,299.7,0.1,26.6,60.4,103.4,1.04,3.31,83,63.5,362,721
38.02,121.79,detrital,1,179,260.9,0.07,33,59.7,75.5,1.59,4.51,62,51.7,374,525
38.02,121.79,detrital,15.6,42.4,88.1,0.13,7.4,16.8,36.3,0.73,1.35,128,20.2,441,234
38.02,121.79,detrital,11.3,262.9,416.6,0.12,62.8,92.1,113.6,4.45,11.2,266,80.1,539,807
38.02,121.79,detrital,30.9,170.2,287.5,1.74,39.3,61.2,88.1,3.19,6.72,672,58.4,543,615
38.02,121.79,detrital,69.9,660.6,1091.6,5.11,126.8,242.3,204.5,7.67,20.87,322,203.8,656,1808
39.15,122.15,detrital,8.7,70.5,114.4,0.5,18.1,24.8,40.2,1.48,3.31,60,23,47,234
39.15,122.15,detrital,8.5,40.2,78.3,0.3,10.8,15.8,31.2,0.69,1.64,58,16.5,56,185
39.15,122.15,detrital,12.9,33,56.6,0.24,9,12.1,20,0.4,1.47,81,12,63,119
39.15,122.15,detrital,14.2,119.8,218.1,0.84,24.4,43.5,78.3,1.27,3.93,69,43.2,66,460
39.15,122.15,detrital,23.2,74.8,129,2,22.1,26.5,58.1,3.08,5.49,141,26.7,70,296
39.15,122.15,detrital,7.6,133.3,220.4,0.9,35.9,48.1,73.5,3.73,7.68,80,43.2,72,430
39.15,122.15,detrital,16.9,51.2,83,0.56,12.8,18.6,30.1,1.37,2.49,102,16.6,72,175
39.15,122.15,detrital,7.2,43.6,88.1,0.69,9.4,16.4,47.7,0.76,1.84,32,20.4,82,246
39.15,122.15,detrital,22,51,85.3,0.13,15,18.2,29.5,1.46,2.58,126,16.9,82,177
39.15,122.15,detrital,9,119.8,196.6,1.23,32.6,42.9,66.3,3.14,6.35,90,39.3,84,405
39.15,122.15,detrital,11.7,46,79.3,0.28,13.6,17.3,28.9,0.81,2.48,62,15.7,86,159
39.15,122.15,detrital,22,108,209.2,0.89,20.3,41.5,84.4,2.62,3.58,105,44.5,89,475
39.15,122.15,detrital,33.4,99.8,187.8,0.7,22,37.7,74.6,2.02,3.88,136,39.8,90,434
39.15,122.15,detrital,6.7,33.9,57.6,0.08,7,11.8,19.7,0.62,1.2,83,11.9,96,120
39.15,122.15,detrital,16,52.7,110.1,0.31,9.3,21.1,45.6,0.56,1.42,92,23.2,97,261
39.15,122.15,detrital,7.1,102.8,177.9,0.28,23.5,38.3,59.8,1.73,3.78,137,35.8,98,358
39.15,122.15,detrital,27.4,98.5,187.4,0.95,18.7,37.2,75.5,1.93,3.68,99,40.5,99,443
39.15,122.15,detrital,27,71,135.9,0.43,14.2,27.7,56.3,0.87,2.32,111,29.3,100,313
39.15,122.15,detrital,24.1,75.4,136.2,0.54,17.5,27.2,53.1,1.37,2.45,130,28.5,101,300
39.15,122.15,detrital,12,54.6,102.5,0.22,12.6,20.5,38.4,0.91,2.25,97,21.3,102,231
39.15,122.15,detrital,81.7,203.2,304.7,3.45,64.1,68.5,96.1,12.14,16.34,323,57.8,104,561
39.15,122.15,detrital,7.5,69,117.5,0.26,15.5,25,38.6,1.24,2.35,80,22.6,107,235
39.15,122.15,detrital,7.8,108.4,195.9,0.46,22.8,41.3,69.7,1.44,4.05,115,39.2,107,406
39.15,122.15,detrital,29,96.9,183.6,0.67,21.3,37.8,68.4,1.23,3.4,134,37.6,109,405
39.15,122.15,detrital,3.9,175.7,306,0.54,40.5,65.1,105.2,2.29,6.17,72,60.3,111,623
39.15,122.15,detrital,7.7,116.7,226.2,0.63,26.4,46,78.7,1.72,3.45,125,44.7,112,465
39.15,122.15,detrital,12.9,63,98,0.34,15.4,22.2,28.8,1.28,2.8,140,18.3,112,181
39.15,122.15,detrital,9.6,79.7,153.1,0.36,16.3,31.9,56.6,1,2.24,87,31.9,116,330
39.15,122.15,detrital,39.1,83.1,152.7,0.51,18.1,30.7,60.2,1.46,3.48,158,32.3,117,352
39.15,122.15,detrital,39,95.5,184.1,0.4,17.1,35,77.8,1.49,3.02,158,38.3,123,419
39.15,122.15,detrital,20,56.7,112.1,0.49,13.2,22.4,53.3,0.76,2.37,196,25.7,125,283
39.15,122.15,detrital,19.5,64.5,125.6,0.17,13.5,25,48,0.79,2.51,201,26.7,191,282
39.15,122.15,detrital,17.7,76.9,136.4,0.28,17.3,28.8,49.7,1.28,3.03,204,28.1,192,297
39.15,122.15,detrital,15.9,118.4,248.2,0.09,18.8,49.1,90.8,0.79,2.29,107,52.6,194,544
39.15,122.15,detrital,16.8,84.7,144.1,0.69,20.5,30.8,51.3,2.39,3.87,211,29,194,294
39.15,122.15,detrital,3,155.4,298.3,0.28,28.3,60.7,104.3,1.06,3.63,96,60.2,201,631
39.15,122.15,detrital,23.6,123.5,210.6,0.25,24.6,44.8,60,2.1,4.55,124,41.6,207,407
39.15,122.15,detrital,21.9,61.2,119.6,0.13,11.7,24.2,51.5,0.64,2.49,220,27.3,210,297
39.15,122.15,detrital,8.8,34,66.5,0.06,9.5,13.3,25.2,0.63,0.97,155,14,211,144
39.15,122.15,detrital,10.9,98.3,175.9,0.51,20.7,37,56.6,1.87,3.64,205,34.3,220,345
39.15,122.15,detrital,18.3,65.9,123.9,0.41,13.9,25.2,46.6,0.74,2.16,199,25.1,222,271
39.15,122.15,detrital,10,69.6,129.4,0.09,14.7,26.5,45.4,0.87,2.42,138,26.4,224,274
39.15,122.15,detrital,41.9,128.8,251.8,0.61,30.7,50.6,92.1,2.23,5.56,399,52.4,231,544
39.15,122.15,detrital,5,127.3,218.9,0.17,24.5,46.9,62.6,0.99,3.61,84,41.9,232,406
39.15,122.15,detrital,0.1,10.2,73.6,0.01,,7.8,91.2,0.08,0.07,1,25.5,234,377
39.15,122.15,detrital,15.3,67.7,121.4,0.08,14.7,24.8,44.8,0.52,2.05,182,25.1,235,262
39.15,122.15,detrital,12.5,60.4,117.9,0.2,14.1,23.6,43.4,0.92,2.46,176,23.8,237,251
39.15,122.15,detrital,13.8,13.5,36.4,0.16,2.9,6.3,23,0.27,0.43,129,9.3,238,110
39.15,122.15,detrital,29.1,72.9,135.1,1.32,19.6,26.4,57.3,1.79,3.63,258,28.2,239,319
39.15,122.15,detrital,27,121.6,236.1,0.2,25.6,48.8,92.1,1.66,3.92,212,49.7,241,515
39.15,122.15,detrital,20.2,104,183.4,0.46,25.8,38.2,68.6,2.15,4.01,284,38.1,244,411
39.15,122.15,detrital,11.4,54.3,105.2,0.18,10.3,20.7,41.6,0.53,1.38,155,21.9,249,231
39.15,122.15,detrital,17.2,91.7,158,0.1,23.5,34.3,61,2.47,4.47,152,32.4,256,345
39.15,122.15,detrital,29.1,151.5,198,8.93,54,45.1,56.5,11.63,14.59,749,41.3,256,413
39.15,122.15,detrital,63,126.7,242.5,1.27,26.2,48.2,93.8,2.23,4.23,275,50.4,292,536
39.15,122.15,detrital,24.4,117.6,242,0.76,23.3,46.5,102.5,2.89,3.82,561,50.7,292,567
39.15,122.15,detrital,29.3,101.8,211,0.44,19.1,41.3,83.6,1.69,3.3,350,44.7,305,473
39.15,122.15,detrital,18.3,25.1,49.3,0.35,6.8,9.8,28,1.02,1.67,160,10.9,310,134
39.15,122.15,detrital,6.3,82.5,135.4,0.14,19.4,29.4,44.5,1.19,3.63,191,26.7,340,271
39.15,122.15,detrital,13.8,72.3,122.5,0.29,15.8,26.7,43.1,1.13,2.14,395,25.4,630,259
39.66,123.98,detrital,7.8,81,157.2,0.36,13.9,30.6,58.4,0.55,2.06,31,34.1,41,408
39.66,123.98,detrital,7.8,81,157.2,0.36,13.9,30.6,58.4,0.55,2.06,31,34.1,41,408
39.66,123.98,detrital,30.7,111.4,111.5,6.35,50.8,29,24.3,10.29,15.9,91,19.3,41,190
39.66,123.98,detrital,30.7,111.4,111.5,6.35,50.8,29,24.3,10.29,15.9,91,19.3,41,190
39.66,123.98,detrital,3.7,47.8,85.3,0.09,10.2,17.1,25.7,0.89,1.72,41,16.7,49,186
39.66,123.98,detrital,11.8,132.9,230,1.38,33.2,47.4,76.1,4.17,7.76,65,46,54,531
39.66,123.98,detrital,39.9,81.7,154.5,0.68,17.1,30.3,57.5,1.32,2.64,80,32.4,55,392
39.66,123.98,detrital,39.9,81.7,154.5,0.68,17.1,30.3,57.5,1.32,2.64,80,32.4,55,392
39.66,123.98,detrital,7.8,52.9,100.6,0.46,10.8,19.3,40.1,0.7,1.92,46,22,56,264
39.66,123.98,detrital,7.8,52.9,100.6,0.46,10.8,19.3,40.1,0.7,1.92,46,22,56,264
39.66,123.98,detrital,33.2,62.8,105.3,0.65,15.8,21.9,32,1.19,2.83,95,20,56,229
39.66,123.98,detrital,33.2,62.8,105.3,0.65,15.8,21.9,32,1.19,2.83,95,20,56,229
39.66,123.98,detrital,10.2,78.8,132.7,1.41,20,27.4,47.3,2.31,4.63,69,27.3,57,319
39.66,123.98,detrital,15.3,75.1,135.9,0.46,17.3,27.1,47.5,2.13,3.17,81,28.2,62,330
39.66,123.98,detrital,19.3,58.5,97.8,1.39,16,19.5,36.5,1.72,3.77,51,19.9,66,241
39.66,123.98,detrital,19.3,58.5,97.8,1.39,16,19.5,36.5,1.72,3.77,51,19.9,66,241
39.66,123.98,detrital,9.2,75.2,123.7,0.6,17.5,26.5,43,1.62,3.41,42,25.4,77,301
39.66,123.98,detrital,9.2,75.2,123.7,0.6,17.5,26.5,43,1.62,3.41,42,25.4,77,301
39.66,123.98,detrital,9.5,82.5,139.2,1.31,22.1,28.6,48.5,3.02,5.66,78,28.4,78,336
39.66,123.98,detrital,13.2,31.3,42.2,0.38,10.9,9.3,12.2,1.36,2.54,77,8.1,80,85
39.66,123.98,detrital,2.4,66.5,123.9,0.33,12.7,24.5,47.1,0.64,2.2,31,26.3,82,311
39.66,123.98,detrital,2.4,66.5,123.9,0.33,12.7,24.5,47.1,0.64,2.2,31,26.3,82,311
39.66,123.98,detrital,29,78.9,151.7,0.79,16.8,29,57.1,1.43,3.12,123,31.9,89,379
39.66,123.98,detrital,28.3,105.1,200.2,1.06,21.9,39.2,71.5,1.45,3.81,104,42.1,91,501
39.66,123.98,detrital,39.1,148.8,246.2,0.87,37.8,52.5,79.6,4.4,8.38,144,50.2,93,584
39.66,123.98,detrital,20.6,25,42.2,0.38,7.4,8.8,16.9,0.73,1.76,52,9,94,113
39.66,123.98,detrital,20.6,25,42.2,0.38,7.4,8.8,16.9,0.73,1.76,52,9,94,113
39.66,123.98,detrital,14.1,159.5,261,0.46,37.1,54.8,78.3,4.32,7.73,100,51.2,97,576
39.66,123.98,detrital,14.1,159.5,261,0.46,37.1,54.8,78.3,4.32,7.73,100,51.2,97,576
39.66,123.98,detrital,10,143.6,245.6,0.17,32.5,51.4,72.8,2.39,5.61,69,48,99,554
39.66,123.98,detrital,10,143.6,245.6,0.17,32.5,51.4,72.8,2.39,5.61,69,48,99,554
39.66,123.98,detrital,11.2,68.7,118.2,0.17,14.5,24.7,38.3,1.03,2.67,76,24.3,99,278
39.66,123.98,detrital,5.4,162.9,235,0.75,42.5,52,60.7,5.05,10.06,93,43.2,100,460
39.66,123.98,detrital,7.1,278.7,376.5,1.31,91.4,87.3,106.3,13.48,20.95,121,70,101,754
39.66,123.98,detrital,20.7,77.5,168.4,0.36,13.6,31.1,70.8,0.71,2.11,118,37.3,103,471
39.66,123.98,detrital,20.7,77.5,168.4,0.36,13.6,31.1,70.8,0.71,2.11,118,37.3,103,471
39.66,123.98,detrital,10.4,170.1,248.7,0.81,44.1,55,66.7,5.9,10.72,81,46.4,105,495
39.66,123.98,detrital,10.4,170.1,248.7,0.81,44.1,55,66.7,5.9,10.72,81,46.4,105,495
39.66,123.98,detrital,24.8,80.1,152.3,0.25,17.5,29.2,52.8,1.5,3.11,158,31.9,110,362
39.66,123.98,detrital,24.8,80.1,152.3,0.25,17.5,29.2,52.8,1.5,3.11,158,31.9,110,362
39.66,123.98,detrital,8.2,71.6,121.6,0.14,15.2,24.8,35.8,1.21,3.07,117,24.2,111,267
39.66,123.98,detrital,5.6,64.8,119.5,0.19,13,23.8,41.9,0.73,1.91,44,25.4,113,294
39.66,123.98,detrital,5.6,64.8,119.5,0.19,13,23.8,41.9,0.73,1.91,44,25.4,113,294
39.66,123.98,detrital,20.7,62.9,110.3,1.2,15.5,21.8,42.4,1.58,2.99,117,23.4,113,291
39.66,123.98,detrital,20.7,62.9,110.3,1.2,15.5,21.8,42.4,1.58,2.99,117,23.4,113,291
39.66,123.98,detrital,4.3,72.9,129.9,0.2,14.9,26,41.5,0.74,2.14,51,25.6,114,291
39.66,123.98,detrital,4.3,72.9,129.9,0.2,14.9,26,41.5,0.74,2.14,51,25.6,114,291
39.66,123.98,detrital,6.8,93.3,158.1,0.16,18.6,32.9,50.2,1.17,3.11,73,32.2,115,367
39.66,123.98,detrital,6.8,93.3,158.1,0.16,18.6,32.9,50.2,1.17,3.11,73,32.2,115,367
39.66,123.98,detrital,41.9,138.1,237.8,2.04,34.3,48.3,82.4,4.25,7.56,151,48.7,122,593
39.66,123.98,detrital,45.4,101.4,189.6,0.53,21.7,36.9,67.5,1.43,3.62,178,39.2,122,463
39.66,123.98,detrital,22.6,101.2,146.7,2.92,33.2,31.8,48.3,8.64,8.92,249,29.2,122,336
39.66,123.98,detrital,22.6,101.2,146.7,2.92,33.2,31.8,48.3,8.64,8.92,249,29.2,122,336
39.66,123.98,detrital,2.4,53,93.7,0.17,10.8,19.1,28.4,0.56,1.78,70,18,126,203
39.66,123.98,detrital,2.4,53,93.7,0.17,10.8,19.1,28.4,0.56,1.78,70,18,126,203
39.66,123.98,detrital,20,48.6,108.7,0.44,7.4,19.7,52.3,0.45,1.27,92,25.4,129,338
39.66,123.98,detrital,20,48.6,108.7,0.44,7.4,19.7,52.3,0.45,1.27,92,25.4,129,338
39.66,123.98,detrital,7.3,189.6,238.9,2.32,60.8,56.2,57.9,9.18,14.95,107,43.2,129,444
39.66,123.98,detrital,7.3,189.6,238.9,2.32,60.8,56.2,57.9,9.18,14.95,107,43.2,129,444
39.66,123.98,detrital,19,73.6,142.7,0.37,13.8,27.8,54.7,0.88,2.15,104,30.4,132,371
39.66,123.98,detrital,19,73.6,142.7,0.37,13.8,27.8,54.7,0.88,2.15,104,30.4,132,371
39.66,123.98,detrital,14.2,88.2,130.4,2.1,28.6,27.9,42.3,5.96,8.65,58,25.7,134,301
39.66,123.98,detrital,21,80.3,150.1,0.86,17.5,29.5,57.1,1.5,3.44,145,32.1,135,385
39.66,123.98,detrital,21,80.3,150.1,0.86,17.5,29.5,57.1,1.5,3.44,145,32.1,135,385
39.66,123.98,detrital,13.7,131.6,224.9,0.18,27.1,45.9,66.2,2.01,4.62,105,44.5,137,489
39.66,123.98,detrital,24.3,35.7,61.9,0.57,9.1,12.1,22.8,0.94,1.95,108,13.3,141,161
39.66,123.98,detrital,82.5,286.3,431,1.53,79.3,94,127.1,9.48,17.22,252,82,141,897
39.66,123.98,detrital,82.5,286.3,431,1.53,79.3,94,127.1,9.48,17.22,252,82,141,897
39.66,123.98,detrital,19.8,100.1,180.9,0.4,20.4,36,60.7,1.3,3.24,75,36.4,144,422
39.66,123.98,detrital,19.8,100.1,180.9,0.4,20.4,36,60.7,1.3,3.24,75,36.4,144,422
39.66,123.98,detrital,14.5,99.6,159,0.5,25.7,33.1,49.6,2.78,5.31,152,32,144,359
39.66,123.98,detrital,14.5,99.6,159,0.5,25.7,33.1,49.6,2.78,5.31,152,32,144,359
39.66,123.98,detrital,7.2,148.8,282.5,0.56,26.6,56.3,99.8,1.15,4.01,76,59.1,145,694
39.66,123.98,detrital,38.6,41.6,69.7,0.85,11.8,13.7,24.4,1.53,2.77,137,15.2,150,178
39.66,123.98,detrital,31.4,96.6,182.6,0.91,20.1,35.6,65.7,3.56,3.77,222,38.3,164,457
39.66,123.98,detrital,31.4,96.6,182.6,0.91,20.1,35.6,65.7,3.56,3.77,222,38.3,164,457
39.66,123.98,detrital,14.5,127.2,234.9,1.55,28.7,46.2,88.5,2.94,6.13,217,49.5,192,595
39.66,123.98,detrital,14.5,127.2,234.9,1.55,28.7,46.2,88.5,2.94,6.13,217,49.5,192,595
39.66,123.98,detrital,16.1,98.7,197.1,0.26,17,37.6,72.3,0.82,2.61,187,42.2,201,499
39.66,123.98,detrital,16.1,98.7,197.1,0.26,17,37.6,72.3,0.82,2.61,187,42.2,201,499
39.66,123.98,detrital,11.4,105,178.8,1.4,29,36.5,64,3.22,6.64,80,36.8,211,428
39.66,123.98,detrital,11.4,105,178.8,1.4,29,36.5,64,3.22,6.64,80,36.8,211,428
39.66,123.98,detrital,17.4,81.5,160.1,0.12,15.6,30.8,58.8,0.84,2.6,184,34.3,213,401
39.66,123.98,detrital,17.4,81.5,160.1,0.12,15.6,30.8,58.8,0.84,2.6,184,34.3,213,401
39.66,123.98,detrital,16.4,147.2,255.5,4.29,39.2,50.3,104,4.76,8,672,54.9,213,678
39.66,123.98,detrital,16.4,147.2,255.5,4.29,39.2,50.3,104,4.76,8,672,54.9,213,678
39.66,123.98,detrital,15.6,101.7,159.1,1.43,29.4,33.5,50.9,4.57,7.55,253,31.4,219,374
39.66,123.98,detrital,12.5,73.2,98,2.13,23.9,22.3,30.1,1.3,4.58,113,19.3,225,214
39.66,123.98,detrital,12.5,73.2,98,2.13,23.9,22.3,30.1,1.3,4.58,113,19.3,225,214
39.66,123.98,detrital,49.7,69.4,136.3,0.42,12.8,25.7,53.1,1.16,2.39,160,30.2,225,368
39.66,123.98,detrital,49.7,69.4,136.3,0.42,12.8,25.7,53.1,1.16,2.39,160,30.2,225,368
39.66,123.98,detrital,36.5,66.6,149.9,0.36,10.6,26.9,69.7,0.53,1.64,270,34.2,225,428
39.66,123.98,detrital,36.5,66.6,149.9,0.36,10.6,26.9,69.7,0.53,1.64,270,34.2,225,428
39.66,123.98,detrital,18.8,130.7,244.7,0.16,25.3,48.9,79.2,1.77,4.09,105,50.2,233,563
39.66,123.98,detrital,18.8,130.7,244.7,0.16,25.3,48.9,79.2,1.77,4.09,105,50.2,233,563
39.66,123.98,detrital,11.2,64,133.1,0.31,12.4,24.9,57.3,0.68,1.9,124,30.5,233,380
39.66,123.98,detrital,11.2,64,133.1,0.31,12.4,24.9,57.3,0.68,1.9,124,30.5,233,380
39.66,123.98,detrital,5,91.8,183.6,0.12,16.3,34.5,64.5,0.9,2.58,116,37.9,237,450
39.66,123.98,detrital,38.7,604.6,728.4,6.39,185,180.1,153.6,34.11,51.69,213,127.7,240,1283
39.66,123.98,detrital,38.7,604.6,728.4,6.39,185,180.1,153.6,34.11,51.69,213,127.7,240,1283
39.66,123.98,detrital,4.4,9.5,18.9,0.32,2.2,3.5,12.1,0.39,0.63,144,4.8,259,67
39.66,123.98,detrital,14.4,100.6,171.2,0.39,21.7,34.9,55.1,2.74,4.22,102,34.5,283,391
39.66,123.98,detrital,0.6,168.5,284,0.08,26.8,58.6,87.7,0.83,3.43,58,56.2,307,635
39.66,123.98,detrital,0.6,168.5,284,0.08,26.8,58.6,87.7,0.83,3.43,58,56.2,307,635
39.66,123.98,detrital,14.8,110.6,206.8,0.53,23.7,39.8,71.5,1.7,4.08,171,42.2,310,492
39.66,123.98,detrital,5.7,91.4,143.4,0.09,19.4,30.7,42.7,1.25,3.72,151,28.9,363,320
39.66,123.98,detrital,5.7,91.4,143.4,0.09,19.4,30.7,42.7,1.25,3.72,151,28.9,363,320
39.66,123.98,detrital,10.3,108.6,196.8,0.83,22.1,38.6,71.3,1.04,3.59,191,41.3,364,499
39.66,123.98,detrital,10.3,108.6,196.8,0.83,22.1,38.6,71.3,1.04,3.59,191,41.3,364,499
29.13,-110.54,detrital,37.4,85,144,0.91,46,28.7,46.6,19,9.3,217.7,21.9,181.8,238
29.13,-110.54,detrital,15.1,174,145,25,40,39.8,58.8,,9,94.9,33.5,258,290
29.13,-110.54,detrital,,,,,,,,,,46.2,,142.3,
29.13,-110.54,detrital,31.85,106.37,101.21,3.35,46.05,28.47,26.76,15.68,18.38,151.7,22.76,156.82,209.26
29.13,-110.54,detrital,,,,,,,,,,59.5,,268.2,
29.13,-110.54,detrital,3.5,83,155,,22.4,26.4,52.7,1.9,3.1,70.9,26.1,253.8,264
29.13,-110.54,detrital,4.7,61,118,,13.5,20.1,32.4,,1.1,82,22,122.9,173
29.13,-110.54,detrital,8.2,164,305,0.23,68,59.5,85.4,37,6.7,268.6,49,271.2,444
29.13,-110.54,detrital,4.9,77,80,,6.1,16.8,33.9,,,54.1,16.3,168.7,180
29.13,-110.54,detrital,6.4,84,156,,26,31.7,47.2,,3.9,89,27.9,243.8,226
29.13,-110.54,detrital,7.4,146,204,,33,55.6,71.6,,4.4,197.6,43.2,445,419
29.13,-110.54,detrital,6.9,96,115,,11.4,26.4,50.8,,,150.2,28.3,319,236
29.13,-110.54,detrital,2.1,140,247,0.7,41,44.8,49.9,,7.9,54.8,37.3,510,279
29.13,-110.54,detrital,5.99,150.94,167.67,2.08,52.41,43.63,37.38,7.27,13.89,38.32,34.79,46.87,306.99
29.13,-110.54,detrital,4.7,78,100,,20.5,22.7,37.7,,,53,20.2,154.8,208
29.13,-110.54,detrital,3.48,73,142,,24.3,21.6,50,3.2,4,81.5,27.6,348.2,254
29.13,-110.54,detrital,16.4,63,83,,25,23.8,38.3,,,101.6,17.9,260,146
29.13,-110.54,detrital,4,131,236,0.83,52,47.1,67,8.6,10.7,114.3,43.2,331,391
29.13,-110.54,detrital,10.5,172,185,5.4,44,57,74,,20,251,40.2,256,397
29.13,-110.54,detrital,2.18,133,226,0.57,17.6,43.8,52.7,1.5,3.3,47.1,36.3,500,305
29.13,-110.54,detrital,2.4,190.36,212.31,0.44,60.15,58.08,55.46,8.02,14.83,119.34,43.38,192.39,387.51
29.13,-110.54,detrital,7.16,132.1,134.92,1.93,46.29,39.44,35.52,11.25,12.56,37.41,29.86,36.44,259.47
29.13,-110.54,detrital,11.51,151.61,206.43,1.05,39.55,53.04,57.16,3.37,9.4,169.42,45.23,247.92,411.15
29.13,-110.54,detrital,10.75,117.02,148.88,1.43,37.41,38.51,34.19,6.6,12,84.93,30.71,168.24,290.81
29.13,-110.54,detrital,7.1,308,697,0.5,55,121,311,4.8,8,40.7,161,293,1570
29.13,-110.54,detrital,3.3,65,174,,12.3,29.1,62.2,3.1,,40.6,35.9,315,336
29.13,-110.54,detrital,11.7,155,151,6.7,52,38.8,52.1,,3.9,63.3,27.1,81.8,295
29.13,-110.54,detrital,12.8,76,82,2.6,12.5,26.6,37.7,,7,68.9,22.1,93.6,199
29.13,-110.54,detrital,9.1,256,457,1.09,75,79.6,125,11.7,18.8,139.9,77.9,332,647
29.13,-110.54,detrital,12.5,53,81,2.8,17.4,19,25.9,,4.1,57.4,16.2,112.9,183
29.13,-110.54,detrital,17.3,197,279,3.1,78,57.1,75.1,38,30,117,46.4,179.1,396
29.13,-110.54,detrital,7.13,209.91,355.63,0.69,44.81,82.36,115.81,2.64,8.8,119.62,84.42,177.65,844.24
29.13,-110.54,detrital,10.7,69,80,,21.7,24.2,35.1,,,37.1,17.1,69.1,162
29.13,-110.54,detrital,9.3,91,152,,21,31.7,53.4,10,7.5,62.6,34.5,168.4,296
29.13,-110.54,detrital,22.4,148,227,1.46,61,44.9,60.1,16,13,58.3,36.4,51.4,309
29.13,-110.54,detrital,8.7,105,191,,25,37.1,62,12,1.8,81.9,36.7,270.5,344
29.13,-110.54,detrital,15.76,125.68,189.15,1.37,34.45,43.96,50.66,2.59,6.09,200.35,39.89,238.16,352.66
29.13,-110.54,detrital,35.9,121,184,4.2,63,38.5,53.2,15.7,15.2,64.2,34.7,42,281
29.13,-110.54,detrital,4.5,83,168,0.29,32,38.5,62.8,8,1.9,43.8,33.8,68.5,293
29.13,-110.54,detrital,32.89,151.6,234.79,1.51,38.81,54.93,70.93,3.69,9.01,249.83,57.68,319.04,573.68
29.13,-110.54,detrital,33.2,108,206,0.65,51,37.4,65.4,3.9,5.6,256,35.5,321,338
29.13,-110.54,detrital,7.71,229.78,347.15,1.45,49.15,81.53,101.12,4.09,10.51,133.14,81.02,249.7,796.5
29.13,-110.54,detrital,11.9,232,301,9.9,98,68.6,90,54,42,143.7,52.8,416,486
29.13,-110.54,detrital,15,123,218,,43,47.2,68.6,11.8,16.8,25.9,35.9,78.6,373
29.13,-110.54,detrital,10.3,112.02,143.44,2,36.78,36.2,41.05,6.26,9.22,57.51,30.88,67.61,296.21
29.13,-110.54,detrital,17.2,78,105,1.18,43,23.3,37.1,20,11.5,84,19.6,170.1,183
29.13,-110.54,detrital,8.18,129.83,160.42,1.51,37.91,41.73,44.04,4.59,10.13,50.9,34.79,54.87,334.85
29.13,-110.54,detrital,14.6,16.2,29.8,5.5,8.9,7.8,21.8,,,79.6,7.5,203,104
29.13,-110.54,detrital,14.5,142,255,0.33,40,47.5,83,7.3,6.3,92.4,41.6,190,409
29.13,-110.54,detrital,18.2,196,229,5.8,89,50.5,61,15,18.5,131.3,38.5,609,313
29.13,-110.54,detrital,4.89,206.21,294.95,1.97,56.34,69.59,91.18,5.67,12.3,71.46,66.19,66.52,628.51
29.13,-110.54,detrital,19.7,75,106,3.6,3.5,20.5,53,,,260,24.4,597,277
29.13,-110.54,detrital,6.18,230.3,310.32,2.03,65.48,78.27,88.72,5.29,14.6,107.55,68.36,112.03,630.96
29.13,-110.54,detrital,34.53,295.95,396.97,4.42,83.9,99.31,105.67,11.76,22.09,170.96,90.17,99.88,825.5
29.13,-110.54,detrital,,,,,,,,,,89.7,,118,
29.13,-110.54,detrital,,,,,,,,,,65.9,,,
29.13,-110.54,detrital,11.4,221,171,53,104,53,45.8,,56,69.3,31.8,340,257
29.13,-110.54,detrital,,,,,,,,,,40.4,,525,
29.13,-110.54,detrital,,,,,,,,,,59.3,,222.8,
29.13,-110.54,detrital,,,,,,,,,,97,,3580,
29.13,-110.54,detrital,20.6,102,190,2.1,34,37.6,60.1,3.4,15.4,62.4,35.6,133.3,313
29.13,-110.54,detrital,34.5,94,138,3.4,6.9,25.5,60.8,,6.4,58.5,26.2,145.3,289
29.13,-110.54,detrital,28.9,69,145,1.13,13.8,26.8,64.9,,2.7,73.2,27.5,148.7,301
29.13,-110.54,detrital,19.2,84,164,0.53,21.1,27.8,59.7,2.8,3.4,55.8,26.2,156.2,283
29.13,-110.54,detrital,158,70,107,1.6,11.6,19.1,45.6,98,15.6,63.9,21.8,128.3,235
29.13,-110.54,detrital,17,72,123,0.89,24.1,22.3,44.9,4.6,3.2,33.4,21.7,71,211
29.13,-110.54,detrital,54.6,139,230,2.8,67,41.6,64.2,34,21.2,408.4,39.3,413,364
29.13,-110.54,detrital,8.5,114,183,1.7,48,40.5,49.8,10.1,5.8,36.2,31.3,102.6,259
29.13,-110.54,detrital,39.4,165,265,2.7,53,51.4,87.2,16,10.2,129.8,50.7,212.1,454
29.13,-110.54,detrital,55.8,101,177,0.81,37,29.9,53.8,6.4,12,68,32.1,109.6,269
29.13,-110.54,detrital,34,80,155,1.14,9.9,33.6,54.5,2.2,6.4,77.8,35.3,192.1,294
29.13,-110.54,detrital,15.8,60.7,138,,22,21.4,52.3,3,1.2,59.5,25.1,199.9,250
29.13,-110.54,detrital,58.8,185,316,4.4,42,62,108,31,13.6,158,53.5,285,498
29.13,-110.54,detrital,24.7,91,129,,24,25.3,51,,,65.4,29,156,267
29.13,-110.54,detrital,103,560,790,40,247,168,159,370,141,229,117,720,1010
29.13,-110.54,detrital,61,127,201,2.1,51,40,62.4,139,17.8,68.6,38.2,96,346
29.13,-110.54,detrital,25.2,103,121,,23,26.8,44,,,108.7,20.3,236,266
29.13,-110.54,detrital,46.2,158,243,0.56,45,43.6,92,,7.8,122.1,44.1,209,462
29.13,-110.54,detrital,25.2,164,193,15.6,38,50.7,70.8,,6.5,74.6,44.4,144.4,361
29.13,-110.54,detrital,60.73,226.6,367.2,2.77,53.15,82.12,134.9,5.95,11.64,129.67,89.1,259.58,901.97
29.13,-110.54,detrital,71.1,159,211,2.8,57,39.1,64.5,14,28,76,38.4,110,299
29.13,-110.54,detrital,39,131,223,1.51,45,44.1,70.7,28,12,180.5,41.6,280,382
29.13,-110.54,detrital,8,8.8,33.4,,-1.3,5.1,33.9,,,67.7,6.8,228,101
29.13,-110.54,detrital,30.3,183,329,1.31,49,60,88.9,5.4,20,142.2,49.6,263,506
29.13,-110.54,detrital,24.3,168,218,19.5,34,55.7,75,,37,97.2,42.3,144.8,374
29.13,-110.54,detrital,24.8,196,335,2.3,71,55.7,106.7,44,13.4,134.8,55.3,250,507
29.13,-110.54,detrital,36,164,199,7.2,47,50.9,76.7,,8.2,82.5,40.3,127.3,409
29.13,-110.54,detrital,39.6,114,131,13.3,40,36.3,45.1,,11,73.2,29,73.8,288
29.13,-110.54,detrital,58,99,152,2.1,16,31.3,58,,8,165,31.1,350,281
29.13,-110.54,detrital,34,132,140,,40,38,43,,8,521,37,1080,322
29.13,-110.54,detrital,37.1,72,165,,19.4,33.4,63.5,,2.9,91.9,31,174.6,307
29.13,-110.54,detrital,26.6,176,311,2,71,62.3,87.4,16,21,111.8,53.7,217.6,483
29.13,-110.54,detrital,54.4,79,138,1.07,16.7,24.6,60.5,6,5.7,61.2,29.7,129.5,277
29.13,-110.54,detrital,63.4,150,252,2.6,56,48.4,86.9,26,22.5,134.7,45.7,255,425
29.13,-110.54,detrital,56.4,64,78,,,18.3,60,,,207,26.1,290,301
29.13,-110.54,detrital,20,123,151,7.2,32,39.1,50.6,,9.5,42.2,29.2,65,312
29.13,-110.54,detrital,22.6,29.8,62,,5.6,12.5,37.1,,,47.7,16.5,201.4,150
29.13,-110.54,detrital,22.7,17,47,,,5.8,46,,,214,14.7,666,185
29.13,-110.54,detrital,47.56,243.44,287.15,9.34,93.93,77.68,72.47,19.52,27.41,112.01,55.31,67.74,509.74
29.13,-110.54,detrital,32.6,88,172,1.9,29,35.8,93,12.5,4,127.4,38.6,313,413
29.13,-110.54,detrital,21,110,117,6.4,27.1,30.8,46.5,,4.6,37.1,27.3,67.6,259
29.13,-110.54,detrital,81,213,194,30,87,64.9,75.2,,44,176,45.5,268,467
29.13,-110.54,detrital,32.71,229.65,337.5,4.27,65.76,80.73,104.97,8.79,16.81,175.66,76.94,170.84,743.7
29.13,-110.54,detrital,64.2,93,107,6.4,28,23.8,36.7,,15,44.2,17,90.7,206
29.13,-110.54,detrital,20.5,144,216,2,50,47.8,73.8,29,16,95.3,42,160.9,378
29.13,-110.54,detrital,48.29,150.9,182.38,6.25,62.59,47.8,55.81,12.38,17.52,118.76,42.18,133.83,403.38
29.13,-110.54,detrital,34.9,127,190,3.6,67,39.3,52.2,16,16.7,55.6,29.5,55.1,271
29.13,-110.54,detrital,,,,,,,,,,89.2,,63,
29.13,-110.54,detrital,24.5,154.68,230.27,3.11,43.82,56.86,74.73,5.19,8.37,107.22,53.15,140.49,557.52
29.13,-110.54,detrital,40,227,332,6.1,105,66.4,101.4,49,26.2,136.9,61.2,218.7,522
29.13,-110.54,detrital,28.2,117,211,1.15,41,39.9,77,11.9,12.3,134,43,177,408
29.13,-110.54,detrital,21.7,75,138,0.72,24,26.3,50.6,5.3,11.6,99.8,27.3,233.6,243
29.13,-110.54,detrital,4.05,94.34,167.75,0.73,23.07,35.7,62.31,1.59,4.15,53.09,39.92,70.77,386.4
29.13,-110.54,detrital,38.6,132,155,11.8,45,37.9,70,,,154,40.1,362,384
29.13,-110.54,detrital,,,,,,,,,,332.59,,606.24,
29.13,-110.54,detrital,6.28,142.81,150.14,1.72,46.35,43.88,37.7,9.03,12.84,56.01,32.37,74.72,320.96
29.13,-110.54,detrital,53,405,524,44,195,121,126,301,101,148,83,770,730
29.13,-110.54,detrital,86,503,564,43.8,308,139,148,238,147,139.9,106,496,734
29.13,-110.54,detrital,6.7,191,188,13.8,69,50.9,52.6,,20.9,24.8,35.6,39.4,377
29.13,-110.54,detrital,10.31,234.08,307.13,3.85,68.15,76.38,77.82,12.57,16.52,66.27,65.85,71.88,554.76
29.13,-110.54,detrital,31.23,639.29,786.68,4,185.83,204.44,181.28,20.54,39.37,285.3,161.4,208.27,1350.08
29.13,-110.54,detrital,7.2,167,299,3.8,81,63.8,74,42,20.3,39.7,49.4,66.5,434
29.13,-110.54,detrital,26.2,277,253,6.7,66,71,77.6,,31,62.1,55.4,96,501
29.13,-110.54,detrital,9.96,359.61,429.58,5.92,103.71,114.64,101.05,12.97,25.11,117.82,95.52,123.15,877.78
29.13,-110.54,detrital,9.4,270,270,3.5,84,76,71.3,,17,74.8,57,117.9,483
29.13,-110.54,detrital,5,257,214,4.1,56,52,53,,7,147,48,220.3,366
29.13,-110.54,detrital,8.09,263.6,318.33,4.36,76.62,84.76,76.73,11.09,18.04,75.27,70.81,86.63,640.75
29.13,-110.54,detrital,102.67,538.16,600.21,12.42,160.02,161.8,124.09,32.9,44.53,872.69,122.34,509.65,1110.07
29.13,-110.54,detrital,6.18,209.17,276.89,3.13,56.84,66.28,72.63,8.59,14.42,58.55,60.6,69.59,508.28
29.13,-110.54,detrital,5.3,241,281,1.5,71,84.2,107,,10.3,104.2,66.8,192,598
30.13,82.21,magmatic,11.51,25.05,55.72,0.47,4.98,10.66,34.76,0.56,0.88,73.24,14.09,131,158
30.13,82.21,magmatic,26.61,50.16,103,1.09,11.53,20.35,57.94,1.01,2,256,24.72,299,279
30.13,82.21,magmatic,26.04,70.7,148,1.35,14.11,29.21,82.76,1.28,2.69,155,40.55,307,469
30.13,82.21,magmatic,26.39,76.79,167,1.39,15.93,32.99,96.34,0.89,2.39,189,41,313,461
30.13,82.21,magmatic,23.18,77.33,157,1.5,17.47,31.8,85.21,1.51,3.42,221,38.38,337,427
30.13,82.21,magmatic,34.92,102,189,2.62,25.64,38.89,94.99,2.93,6.09,291,47.82,343,531
30.13,82.21,magmatic,31.73,76.99,159,1.23,15.31,31.16,86.47,1.17,2.99,219,41.28,345,479
30.13,82.21,magmatic,30.52,80.99,174,1.49,16.5,33.93,97.33,1.06,2.91,203,45.27,354,511
30.13,82.21,magmatic,29.19,85.18,183,1.59,17.62,36.35,101,1.02,2.88,229,46.34,413,522
30.13,82.21,magmatic,32.8,60.24,118,1.09,14.77,24.76,66.44,0.93,2.39,337,30.41,416,344
30.13,82.21,magmatic,37.36,70.53,137,1.56,15.79,28.06,73.09,1.59,2.77,405,35.03,417,400
30.13,82.21,magmatic,33.53,60.87,114,1.26,14.24,23.8,61.56,1.01,2.49,386,29.02,418,318
30.13,82.21,magmatic,33.2,80.57,171,1.24,16.57,34.03,94.82,1.32,2.72,285,43.37,419,488
30.13,82.21,magmatic,40.52,73.22,149,1.41,16.86,30.13,81.28,1.15,2.86,446,36.97,422,409
30.13,82.21,magmatic,34.38,94.37,189,1.68,20.11,38.04,101,1.7,3.42,294,45.75,435,510
30.13,82.21,magmatic,40.1,96.34,197,1.88,20.31,39.95,106,1.25,3.2,307,51.19,458,579
30.13,82.21,magmatic,46.62,103,212,2.08,20.93,42.81,116,1.88,3.8,365,53.32,470,594
30.13,82.21,magmatic,33.32,89.98,184,1.69,19.4,37.14,97.32,1.24,3.15,311,46.92,487,519
30.13,82.21,magmatic,44.45,81.66,159,1.74,19.19,32.76,83.64,1.19,3.4,464,40.21,497,457
30.13,82.21,magmatic,46.13,72.88,133,1.84,19.33,27.72,68.12,1.77,3.57,595,33.56,499,376
30.13,82.21,magmatic,47.05,90.01,167,1.81,19.04,34.85,83.55,1.53,3.69,627,42.63,613,494
30.13,82.21,magmatic,29.81,120,255,1.77,22.02,49.99,138,1.14,3.18,306,63.34,645,705
30.13,82.21,magmatic,31.01,79.92,157,1.32,18.6,32.63,81.59,1.01,2.69,470,39.49,647,436
30.13,82.21,magmatic,44.7,83.02,156,1.87,19.9,33.29,79.63,1.63,3.41,718,38.54,651,423
27.33,88.3,magmatic,0.34,24.6,14.2,0.19,5.25,5.11,2.12,0.27,0.48,11.7,2.24,1854,17.5
27.33,88.3,magmatic,0.76,23.3,9.09,0.62,7.33,3.69,1.12,,0.62,19.7,1.17,1781,9.7
27.33,88.3,magmatic,0.68,40.8,42.5,0.48,10.2,10.8,16.4,,0.83,19.3,8.65,2284,100
27.33,88.3,magmatic,1.29,45.9,33.4,0.62,14,9.91,6.31,,1.36,28.6,5.08,2889,42.1
27.33,88.3,magmatic,1.92,84.3,87.8,0.47,14.7,24.8,18,0.36,1.49,16.3,14.6,946,120
27.33,88.3,magmatic,1.87,95.5,101,0.71,17.2,27.6,20.4,0.08,1.68,16.4,16.5,1071,140
27.33,88.3,magmatic,1.23,112,150,0.43,16,35.7,45.7,0.26,1.47,17.5,30,1403,289
27.33,88.3,magmatic,1.57,109,118,0.62,17.9,32.3,25.6,0.37,1.77,13.2,20.6,1251,169
27.33,88.3,magmatic,2.23,83.5,86.3,0.65,15.3,24,16.7,0.26,1.67,17.6,13.8,975,116
27.33,88.3,magmatic,1.23,94.1,131,0.42,13.5,31.1,40.6,0.17,0.98,10.8,25.5,1346,251
27.33,88.3,magmatic,1.49,95.3,98,0.7,17.7,26.5,19.8,0.16,1.53,15.7,15.7,1057,137
27.33,88.3,magmatic,1.67,111,125,0.65,18.9,34.2,26.1,0.33,1.79,14.1,21.2,1334,170
27.33,88.3,magmatic,1.5,89.6,105,0.49,15.3,27.6,21.3,0.61,1.79,12.5,17.2,1413,149
27.33,88.3,magmatic,2.05,119,122,0.76,19.9,34.4,24.6,0.3,1.85,18.4,20.5,1418,165
27.33,88.3,magmatic,1.36,121,142,0.54,18.2,37,29.3,0.07,1.67,13.4,24.2,1610,202
27.33,88.3,magmatic,0.9,129,189,0.49,16.3,42.7,62.2,0.56,1.45,9.67,37.3,1315,383
27.33,88.3,magmatic,1.12,100,114,0.46,15.3,30.7,24.1,0.15,1.48,9.91,19.9,1237,160
27.33,88.3,magmatic,0.78,134,199,0.55,16.3,44.9,65.9,0.43,1.53,8.94,39.4,1372,402
27.33,88.3,magmatic,2.52,115,118,0.79,21.2,32.2,23,0.53,1.56,20.8,19.5,1278,163
27.33,88.3,magmatic,0.73,152,328,0.5,16.7,59.7,176,0.95,1.98,9.8,80,2848,951
27.33,88.3,magmatic,1.34,113,151,0.64,15.6,36.5,41,0.2,1.58,12.2,28.2,1645,261
27.33,88.3,magmatic,2.79,22.6,14.3,0.37,8.28,4.83,2.6,0.93,0.96,13.1,2.39,917,20.1
27.33,88.3,magmatic,0.45,18,10.8,0.33,7.91,3.61,1.64,0.27,0.68,14.7,1.46,1045,11.1
27.33,88.3,magmatic,0.65,22,14.3,0.62,8.02,4.69,2.05,0.32,1.19,14.5,2.09,1120,16.7
27.33,88.3,magmatic,0.64,41.2,34.4,0.41,11.9,10.5,5.95,0.59,0.77,17,5.12,1403,44.2
27.33,88.3,magmatic,0.46,21,11.7,0.35,6.83,3.86,1.56,0.35,0.66,13.9,1.84,1091,13
27.33,88.3,magmatic,0.65,21.3,12,0.54,10.9,4.33,1.67,0.38,1.48,15,1.67,1095,12.6
27.33,88.3,magmatic,0.33,26.9,16,0.33,7.33,5.67,2.12,,0.41,13,2.34,1309,18.2
27.33,88.3,magmatic,0.76,29.2,23.5,0.32,10.5,6.85,4.83,0.19,1,14.4,3.88,841,33.8
27.33,88.3,magmatic,0.84,26.2,14.9,0.8,13.5,5.26,1.94,0.11,1.21,23.9,2.09,1214,16.6
27.33,88.3,magmatic,1.54,35.9,27.5,0.53,13.9,8.73,5.07,0.32,2.18,37.8,4.24,2181,34.3
27.33,88.3,magmatic,1.25,43.5,24.2,1.34,22.7,8.88,3.11,0.32,2.85,30.8,3.63,3311,25.4
27.33,88.3,magmatic,1.27,34.4,22.3,0.92,15.3,7.27,3.58,0.56,2.3,29,3.32,2041,25.4
27.33,88.3,magmatic,1.13,36,29,0.8,15.2,8.66,4.9,,2.15,24.3,4.35,2599,34.5
27.33,88.3,magmatic,1.14,32.5,23.6,0.7,13.6,7.68,3.71,0.86,1.86,24.4,3.26,2484,26.8
27.33,88.3,magmatic,0.77,23.4,9.44,0.3,4.55,3.9,1.27,0.03,0.29,10,1.52,1215,11.5
27.33,88.3,magmatic,1.77,31.3,24.6,0.46,7.21,7.06,4.83,0.07,0.65,18,4.18,1703,32
27.33,88.3,magmatic,1.51,28,27.7,0.36,8.15,8,6.81,0.16,0.79,21,5.17,1160,44.6
27.33,88.3,magmatic,2.95,42.8,30,0.71,13.1,10.3,5.04,0.32,1.04,41.7,4.74,1970,35.9
27.33,88.3,magmatic,3.17,50,41,0.79,15.6,12.2,6.58,0.21,1.39,43.4,6.63,3552,51.2
27.33,88.3,magmatic,2.49,35.9,36.6,0.43,8.92,9.89,9.07,0.26,1.03,25.3,7.38,1511,67.7
27.33,88.3,magmatic,2.2,46.2,58.1,0.42,9.35,14.5,13.2,0.18,0.65,25.9,10.8,1586,92.8
27.33,88.3,magmatic,3.23,27.4,16.9,0.64,10,5.63,2.78,0.16,0.98,41.3,2.71,2009,21.5
27.33,88.3,magmatic,2.2,75.3,92.5,0.44,13.8,23.6,23.2,0.33,1.31,19.5,17.4,690,151
27.33,88.3,magmatic,2.17,73.1,71.2,0.6,14,20.1,14.4,0.2,1.2,19.6,12.7,810,104
27.33,88.3,magmatic,2.39,76.3,74,0.55,14.2,20.6,14.8,0.22,1.84,19.1,13,879,109
27.33,88.3,magmatic,2.46,81.6,65.5,0.68,15.3,20.2,11.5,0.32,1.79,23.9,10.3,856,82
27.33,88.3,magmatic,2.52,102,98.6,0.68,19.5,28.1,20,0.27,1.77,23.9,17,871,133
27.33,88.3,magmatic,2.39,81.5,81.4,0.61,16.8,23.1,17,0.24,1.95,21.4,14.6,832,117
27.33,88.3,magmatic,2.73,101,95.3,0.72,20.5,27.7,18.2,0.36,1.91,24.7,16.3,930,130
27.33,88.3,magmatic,2.66,98,97.8,0.72,19.7,28.3,21.4,0.2,2.08,25.2,17.8,836,149
27.33,88.3,magmatic,2.74,97.8,97,0.79,19.4,27.7,19.4,0.33,1.92,24.3,17.2,889,134
27.33,88.3,magmatic,2.9,112,112,0.82,22.1,31.7,24.7,0.39,2.37,30.3,19.6,1032,158
27.33,88.3,magmatic,2.23,77.1,75.7,0.6,15.2,22.1,14.6,0.21,1.55,19.9,13.1,839,105
27.33,88.3,magmatic,2.62,117,109,0.94,23.5,32.5,20.6,0.46,2.07,25,18.4,925,147
27.33,88.3,magmatic,2.37,89.7,85.5,0.64,17,24.6,16.2,0.34,1.62,22.8,14.4,910,115
27.33,88.3,magmatic,2.82,101,94.7,0.74,19.6,27.5,18.5,0.21,1.61,24.8,16.5,974,135
27.33,88.3,magmatic,1.6,71.4,103,0.36,11.9,24.3,30.9,0.13,0.95,14.9,21,617,201
27.33,88.3,magmatic,2.54,86.2,87.4,0.64,16.8,24,19,0.28,1.5,26.3,15.5,1044,127
27.33,88.3,magmatic,1.51,86.7,134,0.32,11.6,30.6,39.1,0.24,1.14,15.3,28.1,651,267
27.33,88.3,magmatic,2.68,96.9,96,0.66,17.7,27.1,19.6,0.25,1.75,23.4,15.9,906,130
27.33,88.3,magmatic,2.82,146,141,1.02,30.6,39.1,30.7,0.61,3.46,37,25.2,1253,224
27.33,88.3,magmatic,2.66,93.2,96.8,0.63,19,26.5,22.8,0.25,2.03,27.8,17.1,1019,145
27.33,88.3,magmatic,2.88,126,124,1.08,24.9,35.1,26.1,0.64,2.9,31,21.7,1018,175
27.33,88.3,magmatic,2.69,94.7,88.5,0.57,19.7,25.7,17.7,0.26,1.71,28.1,15.3,1096,122
27.33,88.3,magmatic,1.56,95.4,151,0.41,13,33.9,48.2,0.22,1.07,17.3,30.9,684,280
27.33,88.3,magmatic,1.44,136,223,0.49,15.8,49.4,64.9,0.26,1.69,16.7,44.4,761,408
27.33,88.3,magmatic,1.82,102,167,0.46,13.6,37.3,52.9,0.19,1.08,18.3,34.4,781,321
27.33,88.3,magmatic,1.57,109,178,0.37,13.8,40.4,55.2,0.32,1.14,16.7,36.9,804,355
27.33,88.3,magmatic,0.46,21.9,9,0.09,2.59,3.77,0.84,0.02,0.13,3.33,1.11,563,8.05
27.33,88.3,magmatic,0.22,17.5,7.12,0.06,1.86,3.36,0.59,,0.14,2.58,0.81,480,5.83
27.33,88.3,magmatic,0.5,37.7,16.7,0.19,3.91,7.44,1.01,0.07,0.17,5.42,1.73,788,10.3
27.33,88.3,magmatic,0.49,16.6,8.16,0.12,1.93,3.06,0.89,0.07,0.14,2.89,1.03,426,7.12
27.33,88.3,magmatic,0.64,27,10.8,0.13,3.51,4.97,0.77,0.03,0.21,7.01,1.22,541,8.3
27.33,88.3,magmatic,0.76,23,5.97,0.26,4.54,2.97,0.53,0.03,0.16,6.65,0.69,747,4.23
27.33,88.3,magmatic,0.91,21.4,6.76,0.15,3.75,3.35,0.69,0.04,0.39,6.18,0.79,798,5.8
27.33,88.3,magmatic,1.07,31.5,10.7,0.37,5.95,4.84,1.21,0.02,0.37,6.42,1.23,676,10.1
27.33,88.3,magmatic,0.85,19.4,6.75,0.19,4.15,3.11,0.61,0.04,0.14,5.27,0.84,630,6.12
27.33,88.3,magmatic,0.99,32.3,13.1,0.32,5.23,5.22,1.47,0.05,0.59,6.45,1.93,792,13.4
27.33,88.3,magmatic,1.36,32.9,12.7,0.35,5.86,5.72,1.36,,0.35,9.38,1.53,719,11.2
27.33,88.3,magmatic,1.21,30.8,9.45,0.29,5.7,4.6,0.96,0.09,0.51,7.25,1.16,873,8.81
27.33,88.3,magmatic,1.6,30.3,16.2,0.41,6.8,5.49,2.87,0.15,0.42,10.3,2.61,637,20
27.33,88.3,magmatic,1.62,69.3,19,0.71,13.6,9.69,1.78,0.16,1.01,13,2.42,1117,16.9
27.33,88.3,magmatic,1.33,30.4,11.2,0.26,5.23,5.4,1.11,0.07,0.48,7.71,1.43,796,10.1
27.33,88.3,magmatic,2.64,41.3,20.3,0.58,10.3,7.24,3.39,0.35,0.67,14.4,2.94,855,22.5
27.33,88.3,magmatic,1.86,64.6,50.5,0.59,13.3,14.3,14.8,0.22,0.44,12.2,9.62,933,91.2
27.33,88.3,magmatic,3.49,26.7,10.3,0.61,9.47,4.19,1.45,0.5,1.36,26.5,1.49,791,10.9
27.33,88.3,magmatic,2.31,78.8,81.1,0.41,12.2,22.6,18.9,0.2,1.11,13.3,14.1,435,127
27.33,88.3,magmatic,2.7,94.2,86,0.59,14.2,25.5,15.9,0.35,1.89,15,14.1,594,119
27.33,88.3,magmatic,3.12,123,113,0.68,19.4,33.4,20.9,0.44,1.69,18.9,18.2,691,149
27.33,88.3,magmatic,2.35,135,227,0.61,18.5,46.6,78.6,0.27,1.7,37.4,47.1,689,488
27.33,88.3,magmatic,2.41,89.2,83.3,0.52,13,23.9,15.8,0.16,1.01,14.4,13.5,549,113
27.33,88.3,magmatic,2.52,139,127,0.83,20.2,37.4,24.3,0.45,1.95,17.8,21,709,172
27.33,88.3,magmatic,1.92,92.5,141,0.4,12.3,30.6,52,0.17,1.08,12,29.3,403,320
27.33,88.3,magmatic,2.57,91.6,84.6,0.58,12.4,24.4,15.2,0.24,1.24,14,13.4,569,117
27.33,88.3,magmatic,2.87,101,98.2,0.26,13.9,27.7,18.6,0.27,1.68,14.9,16.1,623,136
27.33,88.3,magmatic,2.02,118,196,0.57,15.3,41.1,68,0.4,1.45,18.4,41.6,517,431
27.33,88.3,magmatic,2.02,174,308,0.69,23.2,62,114,0.41,2.71,46.7,66.6,693,700
27.33,88.3,magmatic,2.38,202,331,0.77,32.1,68.9,113,0.54,3.82,51,68.3,671,719
27.33,88.3,magmatic,2.37,169,283,0.68,24.7,58.4,101,0.47,2.72,42.4,59.7,583,652
27.33,88.3,magmatic,1.94,163,265,0.58,22.3,54.9,92.9,0.46,1.69,45.3,56.7,632,592
27.33,88.3,magmatic,2.61,248,440,0.89,34.9,89,160,0.89,4,47,94.9,811,1063
27.33,88.3,magmatic,1.52,210,350,0.57,29.1,72.7,113,0.42,2.33,41.5,72.1,602,714
27.33,88.3,magmatic,2.11,180,283,0.77,26.8,60.5,96.6,0.64,3.33,46,60.6,629,615
27.33,88.3,magmatic,2.36,211,347,0.79,29.2,73.2,121,0.75,2.87,54,72.6,826,765
27.33,88.3,magmatic,2.81,189,254,0.75,22.3,59.9,64.5,0.32,2.08,17.1,49.2,896,464
27.33,88.3,magmatic,3.08,165,178,0.86,20.2,47.2,37.1,0.39,2.34,21.3,30.5,823,270
27.33,88.3,magmatic,2.21,154,215,0.63,17.6,50.1,52.6,0.31,1.53,13.5,41.4,829,385
27.33,88.3,magmatic,1.73,184,263,0.51,19.7,60.5,63,0.45,1.87,13.7,49.2,659,450
27.33,88.3,magmatic,1.91,185,256,0.75,20.8,58.9,62.8,0.27,1.83,14.4,48.7,888,438
27.33,88.3,magmatic,1.56,233,420,0.88,26.6,84.9,136,0.69,2.79,26.5,86.6,522,843
27.33,88.3,magmatic,1.9,172,243,0.55,19.6,55.9,55,0.56,1.53,13.9,43.9,715,396
27.33,88.3,magmatic,2.14,258,462,0.88,30,95.5,161,0.6,2.82,34.8,97.7,708,994
27.33,88.3,magmatic,1.39,145,231,0.38,17.4,49.9,63.9,0.26,1.37,20.4,45.8,567,443
27.33,88.3,magmatic,1.73,157,238,0.5,14.8,53.2,59.3,0.27,1.72,12,45.7,663,412
27.33,88.3,magmatic,1.46,188,263,0.65,20.8,61.4,59,0.47,2,13.2,47.8,639,424
27.33,88.3,magmatic,1.81,193,345,0.56,23.6,69.9,119,0.54,1.53,36.1,74.4,622,780
27.33,88.3,magmatic,1.05,227,507,0.6,19.8,91.5,219,0.25,1.73,12.4,122,681,1349
27.33,88.3,magmatic,1.61,128,188,0.5,14.3,43.3,43.9,0.2,1.62,11.9,34.7,709,321
27.33,88.3,magmatic,1.56,182,337,0.59,21.5,68.2,116,0.35,1.92,27.9,70.5,511,720
27.33,88.3,magmatic,1.44,133,183,0.37,13.2,42.4,39.4,0.12,1.32,9.5,34,541,308
27.33,88.3,magmatic,2.16,163,228,0.74,17.5,53,52.3,0.14,1.94,14.1,42.2,815,381
27.33,88.3,magmatic,1.8,219,399,0.86,26.8,79.4,139,0.53,2.5,36,84,603,881
27.33,88.3,magmatic,1.68,176,268,0.53,19.3,59.5,68.7,0.33,2.04,18.1,51.8,691,502
27.33,88.3,magmatic,1.59,198,382,0.55,20.1,76.5,132,0.33,2.41,19.4,83.5,640,843
27.33,88.3,magmatic,0.15,20.6,13.4,0.1,3.01,4.58,1.96,0.02,0.28,5.68,2.17,1380,18.5
27.33,88.3,magmatic,0.22,18.3,8.45,0.09,4.25,3.18,1.22,0.08,0.33,7.13,1.23,1849,11.5
27.33,88.3,magmatic,0.27,24.2,9.46,0.16,4.4,4.2,1.23,0.04,0.36,8.11,1.49,1641,12.3
27.33,88.3,magmatic,0.44,25.1,16.7,0.31,5.8,5.57,3.28,,0.48,10.4,2.71,1475,22.7
27.33,88.3,magmatic,1.76,55.8,18.2,0.98,21.5,8.72,1.72,0.18,1.69,42,2.31,4195,16
27.33,88.3,magmatic,1.68,31.7,19,0.28,6.25,6.5,3.03,0.22,0.71,9.7,3.17,1234,23.5
27.33,88.3,magmatic,1.35,28.8,16.7,0.44,10.2,6.08,2.67,0.23,1.29,19.5,2.58,1764,20.8
27.33,88.3,magmatic,0.93,28.9,12.9,0.85,15.1,5.07,1.58,0.38,1.2,27.6,1.98,2121,14
27.33,88.3,magmatic,2.53,94.2,92.9,0.72,18.6,25.8,16.9,0.42,1.72,26.5,15.7,1202,130
27.33,88.3,magmatic,1.27,79.7,74.2,0.45,13.6,22.3,13.2,0.35,1.06,12.1,12.6,880,101
27.33,88.3,magmatic,1.75,73.4,62.7,0.61,13.5,19.7,12.4,0.35,1.43,14.9,11.2,615,97.1
27.33,88.3,magmatic,1.8,76.5,67.4,0.55,15.2,20.3,14.4,0.12,1.24,15.2,12,543,102
27.33,88.3,magmatic,2.44,90.6,83.9,0.68,17.3,24.4,16.2,0.35,1.78,19.9,14.3,658,117
27.33,88.3,magmatic,2.41,91.2,85.3,0.62,17.2,24.4,17.4,0.34,2.08,19.8,15,785,128
27.33,88.3,magmatic,1.51,66.8,70.1,0.41,10.8,19.1,15.7,0.13,1.19,12,12.7,579,107
27.33,88.3,magmatic,1.7,87.6,86,0.52,14.7,24.1,16.8,0.29,1.54,15.1,15.1,753,127
27.33,88.3,magmatic,2.21,92,81,0.55,17.8,24.6,16.3,0.34,1.9,19.6,14.6,820,122
27.33,88.3,magmatic,1.98,92.9,90.2,0.51,16.4,25.9,17.5,0.21,1.72,18,15.8,1067,125
27.33,88.3,magmatic,1.52,64.5,65,0.4,11.2,18.6,12.5,0.09,1.11,12.1,11.2,718,94
27.33,88.3,magmatic,2.37,110,101,0.7,19.7,29.8,21.5,0.47,2.14,21.7,18,846,152
27.33,88.3,magmatic,2.37,141,132,0.87,26.5,38.5,23.1,0.41,2.39,26.2,21.5,1207,168
27.33,88.3,magmatic,1.31,78,82,0.49,13.1,22.5,16.3,0.32,1.18,13.5,14.5,852,123
27.33,88.3,magmatic,1.89,101,99.3,0.47,17.6,28.3,19.1,0.35,1.77,18.2,17.4,1023,147
27.33,88.3,magmatic,2.46,131,123,0.86,23.8,36.3,22.7,0.38,2.32,24.7,21.2,1206,173
27.33,88.3,magmatic,2.32,125,115,0.82,23.8,33.7,20.4,0.25,2.29,22.1,19.9,1257,161
27.33,88.3,magmatic,1.99,109,105,0.78,20.9,30.5,19.8,0.38,2.22,17.9,18.2,967,150
27.33,88.3,magmatic,1.6,91.1,96.4,0.51,16.2,26.4,19.3,0.32,1.49,14.9,17.1,1114,144
27.33,88.3,magmatic,1.8,104,105,0.58,17.9,30,21.7,0.32,2.04,17.8,18.4,1093,149
27.33,88.3,magmatic,1.9,134,129,0.89,25.3,37.2,24.6,0.54,2.42,21.1,22.2,1265,184
27.33,88.3,magmatic,2.27,117,104,0.79,21.9,30.7,19.1,0.67,2.5,24.4,18,1156,145
27.33,88.3,magmatic,1.78,118,114,0.82,20.1,32.9,22.2,0.46,1.93,18.4,19.8,1197,165
27.33,88.3,magmatic,1.36,77.4,78.7,0.37,12.7,21.7,17.2,0.26,1.29,11.2,14.2,784,118
27.33,88.3,magmatic,1.56,99.7,103,0.55,16.5,28.6,21.3,0.27,1.68,16,18.5,1093,157
27.33,88.3,magmatic,2.32,100,89.5,0.7,19.5,26.7,16.2,0.25,1.67,22.6,15.4,1127,126
27.33,88.3,magmatic,1.65,109,115,0.52,17.1,31.6,23.8,0.25,1.93,14,20.8,990,178
27.33,88.3,magmatic,2.1,131,129,0.74,24.1,36.8,25.5,0.34,2.05,23.9,22.2,1204,183
27.33,88.3,magmatic,1.5,136,137,0.81,23.6,38.7,27.9,0.36,1.97,17.5,24.8,1215,206
27.33,88.3,magmatic,1.85,107,99.2,0.71,19.8,28.8,20.2,0.39,2,17.7,17.4,834,147
27.33,88.3,magmatic,1.48,114,109,0.71,20.3,31.1,22.1,0.25,1.89,15.7,19.3,954,160
27.33,88.3,magmatic,1.42,97.7,107,0.48,17.1,29.1,23.2,0.29,1.57,14.1,19.7,1017,161
27.33,88.3,magmatic,1.41,100,110,0.49,16.4,29.7,24.2,0.24,1.58,14.3,19.9,1131,165
27.33,88.3,magmatic,1.78,84.8,86.6,0.55,14.6,23.9,16.9,0.35,1.47,15.7,15.1,934,123
27.33,88.3,magmatic,2.34,135,137,0.67,24.1,37.6,26.1,0.34,2.13,24.4,23.1,1330,189
27.33,88.3,magmatic,2.17,138,125,0.89,26.1,36.4,22.4,0.61,2.49,24,21.7,1388,177
27.33,88.3,magmatic,1.52,103,106,0.53,16,29.1,22.6,0.23,1.73,13.5,19.9,1066,171
27.33,88.3,magmatic,1.58,91.2,95.8,0.44,14.9,26.5,20.4,0.24,1.76,13.7,17.6,1133,147
27.33,88.3,magmatic,2.07,140,138,0.82,24.1,39.1,27.5,0.5,2.15,21.6,24.5,1275,201
27.33,88.3,magmatic,1.49,113,115,0.51,17.5,31.8,24.3,0.3,1.82,17,20.8,1305,170
27.33,88.3,magmatic,1.97,125,131,0.51,21.2,36.5,26.4,0.39,2.11,19.7,23.1,1329,190
27.33,88.3,magmatic,1.92,110,109,0.65,18.1,31.1,22.1,0.22,2.12,16.6,20.6,1123,171
27.33,88.3,magmatic,1.15,117,131,0.42,17.9,35.1,27.5,0.4,1.5,12.2,23.3,1021,195
27.33,88.3,magmatic,0.57,96.8,87.4,0.33,14.5,26.5,14.6,0.21,1.4,7.27,14.4,481,112
27.33,88.3,magmatic,1.72,121,129,0.65,19.2,35.6,26.3,0.35,1.84,16.1,23.2,1128,199
27.33,88.3,magmatic,1.04,97,107,0.44,14.6,28.5,22,0.23,1.74,10.8,19.7,1039,163
27.33,88.3,magmatic,1.65,150,156,0.79,25.3,42.6,31.9,0.51,2.32,17.9,27.6,1294,237
27.33,88.3,magmatic,1.16,98.8,111,0.44,14.8,29.8,23,0.19,1.92,11.4,21,1122,176
27.33,88.3,magmatic,0.62,216,387,0.42,21.2,80.3,153,0.33,1.42,13.5,94.3,6429,994
27.33,88.3,magmatic,0.55,157,271,0.34,16.1,56.9,98.4,0.24,0.97,10.3,62,3608,627
27.33,88.3,magmatic,0.58,249,416,0.48,25.5,89,149,0.51,2.16,14,96.9,4614,986
27.33,88.3,magmatic,1.01,367,637,0.7,35.7,134,233,0.56,4.91,21.8,154,11428,1578
27.33,88.3,magmatic,0.63,246,460,0.51,22.4,92.6,192,0.4,2.27,17.4,113,8317,1215
27.33,88.3,magmatic,0.61,239,447,0.39,21.9,91.2,187,0.38,1.91,15.3,109,6951,1119
27.33,88.3,magmatic,0.63,228,423,0.42,22.4,86.5,173,0.29,2.29,16.2,106,8300,1147
27.33,88.3,magmatic,0.73,280,517,0.51,26.3,107,215,0.79,2.08,20.7,129,9691,1339
27.33,88.3,magmatic,0.79,47.7,26.4,0.24,4.81,11.6,2.97,0.07,0.17,7.63,3.42,1425,27.9
27.33,88.3,magmatic,2.47,111,46.7,0.8,17.5,22.2,2.63,0.2,1.16,24.5,4.53,2074,25.4
27.33,88.3,magmatic,2.02,27.8,5.98,0.61,14.3,2.92,0.69,0.26,1.4,24.1,0.79,1781,5.5
27.33,88.3,magmatic,1.55,36.8,16.8,0.32,6,7.1,2.17,0.06,0.34,9.15,2.27,1123,17.8
27.33,88.3,magmatic,2.25,40.9,17.8,0.5,8.75,7.27,2.05,0.09,0.74,14.1,2.09,1270,15.2
27.33,88.3,magmatic,1.04,92.4,118,0.27,11.1,30.8,24.3,0.26,1.24,6.23,21.6,398,184
27.33,88.3,magmatic,5.64,184,319,0.78,18.9,72.2,77.4,0.2,1.36,32.9,63,1052,554
27.33,88.3,magmatic,3.12,88.3,53.6,0.62,15.1,21.5,5.02,0.34,1.32,17.1,7.15,461,47.6
27.33,88.3,magmatic,2.22,81.1,74.7,0.47,12.1,22.8,14,0.21,1.33,11.8,13.2,462,107
27.33,88.3,magmatic,2.29,107,111,0.55,15.2,30.7,23.5,0.25,0.89,11.7,19.2,475,155
27.33,88.3,magmatic,2.31,95.2,108,0.49,12.4,29.4,21.6,0.16,1.38,11.2,18.6,403,153
27.33,88.3,magmatic,1.88,86.7,92.5,0.5,12.3,26.5,19.3,0.21,1.04,9.95,16.1,442,137
27.33,88.3,magmatic,2.07,100,102,0.59,13,29.7,21.7,0.24,1.44,10.8,18.9,470,159
27.33,88.3,magmatic,1.92,102,120,0.51,13.3,32.1,26.9,0.2,1.31,9.69,21.4,476,180
27.33,88.3,magmatic,1.56,103,110,0.56,13.5,31.4,22.9,0.26,1.39,9.06,20.4,435,170
27.33,88.3,magmatic,2.32,105,111,0.6,13.6,31.2,24.1,0.39,1.47,10.8,20.4,515,171
27.33,88.3,magmatic,2.44,108,99.3,0.67,16.1,30.1,19.4,0.31,1.61,13.3,17.6,519,150
27.33,88.3,magmatic,2.24,105,106,0.5,14.7,30.8,22.1,0.38,1.69,12.7,18.9,523,152
27.33,88.3,magmatic,1.93,119,127,0.61,17.3,36.2,26.7,0.28,1.8,10.9,23.8,511,200
27.33,88.3,magmatic,1.74,111,119,0.5,15.9,33.2,25.8,0.27,1.43,11.5,21.7,518,191
27.33,88.3,magmatic,1.42,135,157,0.49,17.7,43.2,31,0.29,1.48,8.72,27.9,428,224
27.33,88.3,magmatic,1.55,101,121,0.42,14.1,32.6,27.3,0.2,1.26,9.79,21.4,451,183
27.33,88.3,magmatic,1.78,102,113,0.42,13.3,31.2,24.3,0.31,1.57,10.4,20.7,462,173
27.33,88.3,magmatic,1.74,90.8,100,0.49,12.4,28.2,21.3,0.37,1.13,9.56,18.2,481,156
27.33,88.3,magmatic,1.7,142,167,0.59,18.7,44.6,34.4,0.18,1.53,10.7,29.1,492,237
27.33,88.3,magmatic,3.01,123,112,0.76,18.3,34.6,20.7,0.3,2.01,15.2,19.6,582,153
27.33,88.3,magmatic,1.03,148,173,0.51,18.5,47.6,32.6,0.28,1.49,8.1,31.1,412,250
27.33,88.3,magmatic,1.61,95.5,115,0.38,12.1,30.6,25,0.15,1.64,9.34,20.3,440,166
27.33,88.3,magmatic,1.88,133,151,0.67,17.9,41.1,32.8,0.21,1.39,12.2,26.9,510,220
27.33,88.3,magmatic,1.87,128,142,0.61,16.7,39.8,30,0.24,2.02,11.3,25.8,519,215
27.33,88.3,magmatic,2.38,100,91.4,0.66,15.1,27.5,17.3,0.25,1.72,13.6,15.3,534,127
27.33,88.3,magmatic,1.76,112,124,0.5,15.6,34.6,26.5,0.42,1.5,10.1,22.2,451,190
27.33,88.3,magmatic,2.3,102,102,0.54,14,30.3,21,0.36,1.28,12.8,17.4,485,139
27.33,88.3,magmatic,1.61,112,129,0.54,14.2,34.9,26.3,0.32,1.58,9.17,23.2,496,193
27.33,88.3,magmatic,0.99,148,201,0.54,16.2,49.9,46.9,0.28,1.12,7.46,38,510,331
27.33,88.3,magmatic,0.89,171,261,0.4,16.1,61.9,79.5,,1.49,8.39,54.3,674,505
27.33,88.3,magmatic,1.58,137,165,0.55,17.4,44,33.3,0.36,1.39,10.4,29.1,489,232
27.33,88.3,magmatic,0.95,178,225,0.59,20.8,57.7,47.9,0.39,1.93,8.89,41.5,495,349
27.33,88.3,magmatic,0.94,160,236,0.33,17.3,55.9,65.9,0.21,1.3,7.37,46.5,516,414
27.33,88.3,magmatic,1.35,143,171,0.53,17,45.5,34,0.31,1.6,9.85,30.9,505,240
27.33,88.3,magmatic,1.01,160,203,0.64,20.1,54,40,0.5,1.96,9.84,35.2,460,276
27.33,88.3,magmatic,1.05,141,181,0.51,16.4,46.8,37.3,0.18,1.55,7.02,33.6,427,288
27.33,88.3,magmatic,1.01,175,235,0.48,18.3,57.7,56.6,0.14,1.61,8.77,44.4,555,387
27.33,88.3,magmatic,0.88,202,314,0.67,21.8,73.4,98.6,0.19,2.23,8.78,66.9,634,643
27.33,88.3,magmatic,0.97,199,343,0.59,18.8,74.4,127,0.28,1.52,9.71,77.1,831,786
27.33,88.3,magmatic,0.8,235,474,0.62,20.5,93.4,224,0.31,1.77,11.8,117,1338,1273
27.33,88.3,magmatic,0.73,181,378,0.55,17.3,74.7,184,0.23,1.3,10.2,91.7,1177,1007
27.33,88.3,magmatic,0.91,194,378,0.48,18.6,77,168,0.24,1.52,9.23,90.6,1100,951
44.15,-115.01,metamorphic,0.25,7.97,20,0.09,1.41,3.67,16.2,,0.17,13,5.04,46.9,56.1
44.15,-115.01,metamorphic,1.2,12.9,24.9,0.26,3.01,5.49,10.2,0.32,0.43,26,4.95,93.3,46.9
44.15,-115.01,metamorphic,1.22,13.8,25.6,0.18,2.61,5.13,10.3,0.16,0.36,36,5.43,114.7,50.1
44.15,-115.01,metamorphic,1.23,19.3,35.4,0.27,4.46,7.48,14.28,0.14,0.37,40,7.46,118.6,67.6
44.15,-115.01,metamorphic,1,10.8,22.1,0.18,2.15,4.47,10.44,0.09,0.32,32,4.82,129.6,46.5
44.15,-115.01,metamorphic,1.2,20.5,38.3,0.42,4.51,7.43,15.5,0.22,0.61,48,7.64,144,73.5
44.15,-115.01,metamorphic,1.05,17.3,34.5,0.22,3.21,6.5,15.3,0.13,0.45,49,7.25,169,68.1
44.15,-115.01,metamorphic,0.7,9.5,22.6,0.13,1.94,3.88,14.1,,,44,5.13,345,58.8
44.15,-115.01,metamorphic,0.56,9.9,25.3,0.14,1.86,4.24,15.3,0.05,,42,5.88,396,61
44.15,-115.01,magmatic,21.1,102,177,2.43,25.5,38,65.1,1.6,3.75,126,36.9,145.3,310
44.15,-115.01,magmatic,12.29,48.3,83,0.11,10.24,16.9,27.1,0.57,1.59,67,16.7,185,135
44.15,-115.01,magmatic,24.4,77.4,133,1.91,21.8,27.8,46.9,1.12,3.23,281,26.2,274,226
44.15,-115.01,magmatic,44.7,205,344,5.91,60.3,76.3,118.6,4.31,10.3,393,68.7,314,563
44.15,-115.01,magmatic,,31,23,,,17,6,,,40,3.7,600,90
44.15,-115.01,magmatic,9.53,37.5,82.2,0.24,6.79,15.6,38.5,0.28,1.07,136,18.8,762,182
44.15,-115.01,magmatic,22.7,268,458,4.92,64,100.5,166.5,4.52,10.2,586,94.5,919,811
44.15,-115.01,magmatic,26.8,156.8,259.2,3.11,37.4,55.7,86.9,1.36,4.97,776,50.5,975,431
44.15,-115.01,magmatic,18.9,153.2,280,1.73,32.5,56.9,112.4,0.79,3.66,602,60.1,1076,517
44.15,-115.01,magmatic,29.2,253,483,3.13,49.9,102.4,186.1,1.64,6.77,825,99.7,1591,886
44.15,-115.01,magmatic,44.5,455,728,4.78,96.3,163,225,3.35,11.99,907,145.9,2380,1216
44.15,-115.01,magmatic,34.6,239,434,2.69,46.4,90.3,172.8,1.13,5.52,1082,91.8,2530,820
44.15,-115.01,magmatic,29.1,321,559,3.91,65.3,118,200,7.8,11.5,2230,115.5,4870,1017
44.15,-115.01,magmatic,6.68,15.6,27.2,0.54,4.33,5.99,14.8,0.67,0.96,44,6.25,59.2,60.9
44.15,-115.01,magmatic,7.4,18.7,37.5,0.73,5.14,7.33,19,0.99,1.55,49,7.97,73.7,81.1
44.15,-115.01,magmatic,10.13,33.3,52.8,1.75,11.2,11.36,22.8,2.92,4.06,113,11.2,112,104
44.15,-115.01,magmatic,11.07,41.6,67.8,1.98,14.2,14.4,29.3,4.24,4.17,144,14,130,128
44.15,-115.01,magmatic,7.28,17.8,36.8,0.79,5.35,6.71,19.9,0.89,1.39,90,8.15,133.9,83.4
44.15,-115.01,magmatic,9.3,30.9,47.6,1.55,10.4,10.27,19.6,2.03,3.34,143,9.98,139,89.2
44.15,-115.01,magmatic,8.45,19.9,41.9,0.82,5.86,8.34,23.1,0.89,1.4,100,9.34,155,91.3
44.15,-115.01,magmatic,11.19,38.3,63.7,2,13.2,13.29,25.6,4.2,4.13,174,12.8,163,119
44.15,-115.01,magmatic,11,36,58.1,1.8,12.9,12.48,24.2,3.78,3.37,163,12.1,167,108.7
44.15,-115.01,magmatic,12.49,47.7,80.7,2.12,15.5,17,33.2,4.39,4.45,185,15.8,185,151
44.15,-115.01,magmatic,9.4,23.2,55.5,0.86,5.53,9.72,30.5,1.04,1.51,105,13.02,216,127
44.15,-115.01,magmatic,11.09,31.6,69.2,1.03,7.8,12.86,35.2,1.3,1.97,143,15.24,226,152
44.15,-115.01,magmatic,11.62,36,62.2,1.73,12.1,13.05,26.1,3.75,3.97,232,13,231,120
44.15,-115.01,magmatic,11.5,31.6,74.7,1.02,7.85,13.06,39.4,1.44,1.91,132,15.8,239,162
44.15,-115.01,magmatic,18.4,80.4,122,3.69,30.2,28.1,43.2,6.46,7.28,334,23.7,242,203
44.15,-115.01,magmatic,10.44,23.54,54.6,0.72,5.78,10.4,31.9,0.81,1.51,162,12.73,267,133
44.15,-115.01,magmatic,15.1,80.5,140.4,2.78,23,30.1,52.3,4.86,5.76,351,28.4,280,243
44.15,-115.01,magmatic,16.7,67.5,132.2,1.53,14.8,26.1,55.6,1.84,2.75,247,27.7,282,244
44.15,-115.01,magmatic,22.2,90.6,131.4,4.71,33.6,31.1,48.9,7.95,8.72,395,25.7,288,237
44.15,-115.01,magmatic,2.47,3.88,8.76,0.06,0.89,1.48,5.97,0.07,0.13,90,2.11,292,20.8
44.15,-115.01,magmatic,20.6,39.2,49.5,2.7,17.1,12,18.4,6,6.1,152,9.63,296,89
44.15,-115.01,magmatic,12.8,47.7,78,0.54,11.1,17.5,30.5,0.43,1.98,115,15.7,356,154
44.15,-115.01,magmatic,14.6,63.1,98.8,1.01,19,21.3,33.6,1.73,3.79,178,19,361,168
44.15,-115.01,magmatic,8.86,72.2,118.1,0.48,17.9,24.8,45.9,0.76,2.79,135,23.8,403,216
44.15,-115.01,magmatic,4,38.7,54.7,0.3,11.8,12.82,20.8,0.76,2.14,102,11.61,498,103
44.15,-115.01,magmatic,9.35,40.4,75.1,0.36,9.1,15.5,31.6,0.55,1.44,130,16,843,154
44.15,-115.01,magmatic,15.9,82.1,148.1,0.88,21.7,30.5,63.8,0.92,4.02,157,31,848,302
44.15,-115.01,magmatic,14.8,67.4,113.1,0.92,18.2,24.5,44.8,0.96,2.77,143,23.8,975,218
44.15,-115.01,magmatic,37,186,302,1.91,51.6,68.3,96.3,2.65,8.58,335,58.2,1065,525
44.15,-115.01,magmatic,13.9,99.9,169,0.71,25.1,34.8,64.9,1.17,3.89,216,33.9,1386,323
44.15,-115.01,magmatic,24.5,157.1,254,1.39,38.6,56.4,95.5,2.37,6.07,929,52.9,3210,482
44.15,-115.01,magmatic,3.28,35.4,82,0.3,5.8,14.3,38.4,0.39,0.64,35,16.8,277,182
44.15,-115.01,magmatic,3.6,39.2,86.6,0.2,7.3,16.9,39,0.38,0.98,46,19.2,295,176
44.15,-115.01,magmatic,5.42,58.2,117.7,0.34,10.2,22.1,48.7,0.49,1.56,78,25.5,506,238
44.15,-115.01,magmatic,3.98,41.5,85.3,0.25,8.4,17.2,36,0.41,1.66,57,18,552,166
44.15,-115.01,magmatic,3.65,60.8,122.8,0.2,11.6,24,50.1,0.47,1.84,67,25.7,577,233
44.15,-115.01,magmatic,4.43,75.8,144.8,0.48,16.1,29.3,57.9,0.73,3.06,76,30.4,675,274
44.15,-115.01,magmatic,2.77,34.9,80.8,0.13,4.81,15.3,45.9,0.15,0.79,71,21.1,711,209
44.15,-115.01,magmatic,4.06,53.7,107,0.14,9.7,19.6,45.7,0.3,0.94,80,24,918,218
44.15,-115.01,magmatic,3.78,49.7,101,0.23,7.7,20,41.5,0.34,1.12,85,23.7,1030,207
44.15,-115.01,magmatic,4.79,86.3,171,0.22,16.2,33.7,73.6,0.47,1.82,110,37.5,1330,357
44.15,-115.01,magmatic,6.01,87.3,169,0.11,14.9,35,72.5,0.75,2.42,165,38.2,1343,371
44.15,-115.01,magmatic,7.58,96.2,203,0.3,18.1,39.1,80.2,0.92,2.47,214,44,1347,398
44.15,-115.01,magmatic,1.21,77.2,47.2,0.35,23.9,16.7,7.8,0.63,2.37,10,6.28,515,46.8
44.15,-115.01,magmatic,0.41,69,51.8,0.35,23.5,16.6,11,0.51,2.22,10,8.09,585,62.9
44.15,-115.01,magmatic,0.52,101.9,75,0.44,26.8,23.5,13.2,0.42,2.8,11,10.6,713,76.9
44.15,-115.01,magmatic,0.47,71.1,55.9,0.28,15.9,17.7,9.61,0.28,1.83,8,7.75,728,57.3
44.15,-115.01,magmatic,0.38,68.1,45.6,0.46,24.1,14.4,10.8,0.48,2.64,13,6.64,809,55.9
44.15,-115.01,magmatic,0.27,57.5,54.2,0.14,11,15.43,10.9,0.21,0.85,12,7.93,854,57.6
44.15,-115.01,magmatic,0.48,131.4,99.9,0.57,31.1,32.8,18.2,0.56,3.29,11,14.6,960,101.7
44.15,-115.01,magmatic,0.57,88.2,65,0.32,19.2,22.2,13.8,0.24,2.27,11,10.8,1060,77
44.15,-115.01,magmatic,0.78,160,125,0.74,40.5,38.6,23.7,0.81,4.17,16,17.8,1240,128
44.15,-115.01,magmatic,0.5,98.2,74.4,0.31,22,23.3,14,0.46,2.6,13,11.8,1310,81
44.15,-115.01,magmatic,0.55,154,123,0.51,34.5,39,23.4,0.69,4.13,12,18.6,1320,129
44.15,-115.01,magmatic,0.74,223,180,0.89,48.2,54.6,35.3,0.97,5.59,21,27.6,2470,208
44.15,-115,magmatic,0.41,48,22.2,0.33,17.7,9.04,2.38,0.49,2.35,7,2.76,347,18.1
44.15,-115,magmatic,0.38,67.1,48.2,0.24,17.4,15.8,9.6,0.24,1.7,8,7.42,561,50.9
44.15,-115,magmatic,0.27,54.4,44.2,0.21,11.6,13.7,12,0.32,1.14,7,7.58,596,59.8
44.15,-115,magmatic,0.51,105,70.5,0.55,32.7,23.7,12.6,0.69,3.64,18,10.2,637,70.2
44.15,-115,magmatic,0.38,33.5,32.8,0.12,8.57,9.43,8.11,0.31,0.9,13,5.41,672,40
44.15,-115,magmatic,0.46,105.3,74.8,0.51,27.1,24.8,12.4,0.5,3.06,10,10.14,687,72.9
44.15,-115,magmatic,1.49,72.1,91.9,0.41,20,21.3,44.6,0.71,2.23,36,19.6,689,196
44.15,-115,magmatic,0.41,98.3,74.3,0.34,22.1,22.6,12.86,0.39,2.3,10,10.73,800,73.4
44.15,-115,magmatic,1.01,24.9,30.6,0.1,5.03,7.44,11.1,0.21,0.52,26,5.41,1600,52.4
44.15,-115,magmatic,0.44,117.8,86.9,0.4,26.9,29.4,16.4,0.45,2.69,25,12.7,1630,94
44.15,-115,magmatic,0.33,147,292,0.29,13.4,58,124,0.11,1.3,16,62.3,2300,591
44.15,-115,magmatic,1.97,110,134,0.1,33,31.5,43.6,3.12,7.6,218,28.3,3100,246
44.15,-115,magmatic,3.53,103,162,0.11,26.2,36.4,72.4,5.4,8.5,631,38.1,4330,383
44.15,-115,magmatic,5.08,227,276,0.55,74.4,66.9,91.9,12.1,22.8,980,55.9,5130,485
44.15,-115,magmatic,5.01,264,331,0.59,80.4,82.2,106,10.3,19.2,537,67,7480,602
44.15,-115,hydrothermal,100,940,770,13.9,470,218,137,139,199,1480,129,7600,900
44.15,-115,hydrothermal,8.8,147,313,0.56,28.3,58.5,146,12.9,10.8,3070,76.1,7600,762
44.15,-115,hydrothermal,39.4,343,484,1.18,116.7,111,206,42.9,45.4,4660,110.1,12400,1012
44.15,-115,hydrothermal,141,1410,1130,8.6,497,345,183,151,169,10800,181,13100,1310
44.15,-115,hydrothermal,154,450,619,2.93,137,140,208,61.9,49.2,20000,125.1,14600,1127
44.15,-115,hydrothermal,28.8,896,808,1.24,239,239,148,35.9,40.5,12000,136,20100,1011
44.16,-115,magmatic,2.86,47.8,83.8,0.16,11.37,16.71,32.8,0.57,1.68,96,17.1,521,151
44.16,-115,magmatic,2.97,45.7,81.6,0.17,10.6,16.96,32.2,0.58,1.3,92,18.3,540,162
44.16,-115,magmatic,3.09,50.6,81.2,0.12,12.3,18.4,31.6,0.59,1.67,103,17.4,555,159
44.16,-115,magmatic,2.51,47.5,88.3,0.19,9.6,18,37.3,0.41,1.57,77,19.7,626,178
44.16,-115,magmatic,3.04,33.6,58.7,0.11,8.98,12.04,21.9,0.38,1.38,106,12.48,654,105.7
44.16,-115,magmatic,2.78,42,77.3,0.12,9.6,15.9,35.1,0.37,1.53,89,17.5,657,167
44.16,-115,magmatic,1.91,35.8,68.5,0.06,7.4,14.9,33.3,0.25,1.06,87,16.1,781,150
44.16,-115,magmatic,4.38,78.1,135.7,0.28,18.9,29.1,56.3,0.88,3.22,154,29.7,920,271
44.16,-115,magmatic,13,45.3,97.7,0.87,10.2,16.6,51.9,0.44,2.25,52,23.7,950,239
44.16,-115,magmatic,0.59,48.3,131,0.06,5.73,22.4,89.1,0.24,0.69,32,37.2,1600,394
44.16,-115,magmatic,0.59,34.7,107,0.03,4.47,17,69.9,0.09,0.57,38,28.7,1670,292
44.16,-115,magmatic,0.64,42.2,118.9,0.04,5.1,19.6,74,0.13,0.49,40,32.7,1740,331
44.16,-115,magmatic,0.62,46.6,134,0.04,4.96,21.5,84.3,0.07,0.74,38,36.4,2010,368
44.16,-115,magmatic,0.83,58,157,0.11,7.4,25.8,98,0.29,1.04,60,40.9,2050,418
44.16,-115,magmatic,2.43,51.2,150,0.09,5.88,24,126,0.1,0.59,46,44.1,2820,550
44.16,-115,magmatic,9.56,57.6,106.1,1.11,17.1,22.6,45.5,2.64,4.14,112,21.4,199,208
44.16,-115,magmatic,75.8,200,282,9.68,77.4,66.2,100,16.8,23.4,656,56.3,343,488
44.16,-115,magmatic,15.2,101.8,162,2.12,31.4,36,62.1,4.47,7.88,223,33.9,367,308
44.16,-115,magmatic,16.5,123.5,194,2.46,37.6,43.2,72.2,5.68,8.47,277,39.7,435,372
44.16,-115,magmatic,18,75.7,153.2,0.79,17.2,30.5,68.8,1.92,3.11,204,33.4,594,302
44.16,-115,magmatic,22.9,101.2,205,1.27,21.2,38.5,95.4,2.23,4.17,221,46.9,630,430
44.16,-115,magmatic,16.8,117.1,192,2.08,33.9,42.8,78.1,4.89,7.37,293,40.2,644,370
44.16,-115,magmatic,93.9,251,390,8.89,79.2,86.4,148,16.6,21.4,832,82.9,1020,746
44.16,-115,magmatic,115,174,298,6.8,60,64.6,121,14.9,18.8,800,64,1170,578
44.15,-115.02,magmatic,12.8,95.5,142.1,2.01,26.4,31.8,45.6,1.59,4.12,75,28.2,234,239
44.15,-115.02,magmatic,2.36,89.7,196,0.16,14.7,36.2,98,0.48,1.73,87,44,534,442
44.15,-115.02,magmatic,5.69,128,292,0.45,19.4,51.5,138.3,0.77,2.49,134,64.1,1106,645
44.15,-115.02,magmatic,2.68,91.7,240,0.16,12.4,41.8,125.7,0.22,1.31,99,57.2,1286,561
44.15,-115.02,magmatic,4.61,98.7,231,0.17,15.1,40.4,115.5,0.4,1.94,118,53.3,1291,544
44.15,-115.02,magmatic,2.41,85.7,221,0.14,11.6,37.2,114.3,0.37,1.09,83,52.2,1335,539
44.15,-115.02,magmatic,6.25,113.6,264,0.37,18.1,48.7,135.6,0.54,2.17,122,59.7,1353,592
44.15,-115.02,magmatic,1.99,79.9,214,0.11,10.8,36.2,113.9,0.27,1.1,87,48.6,1410,512
44.15,-115.02,magmatic,3.22,108.8,266,0.18,15.3,46.8,141.9,0.42,1.99,126,63.3,1532,633
44.15,-115.02,magmatic,21.2,121.3,249,8,29.5,45.2,114.4,18.9,12.4,820,56.3,1610,555
44.15,-115.02,magmatic,4.02,125.7,297,0.3,19.8,53.9,142.6,0.48,2.21,162,67,1656,680
44.15,-115.01,magmatic,4.13,73.8,118,0.53,22.1,25.8,44.1,1.37,3.5,119,23.5,476,204
44.15,-115.01,magmatic,2.96,65.5,114.5,0.35,15.8,23.7,43.9,0.58,2.3,104,23.6,498,211
44.15,-115.01,magmatic,7.76,111.5,162.7,1.03,36.2,37.4,58,2.59,7.25,208,32.4,499,279
44.15,-115.01,magmatic,9.45,149,216,1.2,44.4,48.8,72.9,2.84,8.37,315,43.2,758,361
44.15,-115.01,magmatic,9.7,153,229,1.16,45.6,51.4,79,2.51,8,339,46.4,776,405
44.15,-115.01,magmatic,0.44,64,45.2,0.14,17,14.9,7.8,0.34,1.86,16,6.38,780,43.4
44.15,-115.01,magmatic,8.76,147,231,1.2,42.5,50.9,78.6,3.3,8.6,357,46.3,887,392
44.15,-115.01,magmatic,10.3,141,235,1.64,35.8,49.4,82,2.25,6.2,275,46.6,930,410
44.15,-115.01,magmatic,5.64,146.8,239,0.67,38,51.7,84.3,1.59,5.62,294,47.1,1024,410
44.15,-115.01,magmatic,9.6,204,331,1.04,55.9,72.1,108.2,2.8,8.5,530,62.9,1276,547
44.15,-115.01,magmatic,1.48,77.6,134.3,0.28,10.2,28.7,38.3,0.43,1.43,45,26.3,1690,224
44.15,-115.01,magmatic,0.54,85.6,245,,8.36,40.7,123.4,0.12,1.05,55,58.1,1800,574
44.15,-115.01,magmatic,3.08,106,228,0.23,18,42.8,110,0.49,2.1,96,53.4,2090,520
44.15,-115.01,magmatic,0.37,74,242,0.07,4.98,38.5,143.9,,0.62,26,63.5,2191,660
44.15,-115.01,magmatic,4.1,155,360,0.39,29.2,64.9,174,0.96,3.8,239,84.6,2430,815
44.15,-115,magmatic,3.34,63.8,104.7,0.24,15.8,22.9,38.4,0.59,1.94,75,21.3,679,193
44.15,-115,magmatic,4.07,68.7,114.5,0.46,19.1,24.4,40.6,0.74,3.08,91,23.2,749,205
44.15,-115,magmatic,3.56,65.5,105.3,0.25,14.4,23,41,0.54,2.43,72,22.5,764,208
44.15,-115,magmatic,5.17,79.2,136.4,0.36,17.8,28.3,51.2,0.82,3.08,101,27.9,881,263
44.15,-115,magmatic,3.67,73.3,128.6,0.33,17.6,26.8,47.8,1,2.91,89,26.6,894,246
44.15,-115,magmatic,4.14,81.4,144,0.34,17.8,30.5,53.8,0.7,2.95,99,29.9,910,275
44.15,-115,magmatic,4.38,75.3,126,0.4,19.9,27.4,46.7,0.71,3.28,102,25.9,926,238
44.15,-115,magmatic,4.38,84.2,139.3,0.3,19.3,31,56.8,0.84,2.98,117,29.4,1046,284
44.15,-115,magmatic,4.33,74.4,117.8,0.28,18.6,26,43.2,0.77,3.07,109,24.6,1067,218
44.15,-115,magmatic,6.61,93.5,140,0.59,28,31.3,49.8,1.83,5.5,167,27.3,1116,247
44.16,-115.05,magmatic,13.9,19.7,47.4,0.29,3.52,7.93,33.9,0.37,0.94,132,11.7,373,135
44.16,-115.05,magmatic,15.2,47.3,91.9,0.8,12.2,18.8,43.9,1.03,2.05,169,20.1,386,203
44.16,-115.05,magmatic,11.84,19.4,48.4,0.39,3,8.27,39.8,0.18,0.59,199,12.16,417,150
44.16,-115.05,magmatic,24,50.1,98.8,0.98,12.6,19.9,45.7,1.26,2.54,256,21.8,462,213
44.16,-115.05,magmatic,25.3,54,106,1.02,12.8,19.3,52.7,2.73,3.22,284,23.8,486,236
44.16,-115.05,magmatic,65,56.7,105.3,1.71,18.9,20.6,48.7,23.7,6.6,248,22.9,491,219
44.16,-115.05,magmatic,23.9,40.8,88.2,0.67,9.1,16.9,47.1,0.78,1.71,228,18.8,505,220
44.16,-115.05,magmatic,38.6,58.5,111.9,1.03,15.1,22.9,50.5,9.2,3.92,278,24.3,532,248
44.16,-115.05,magmatic,15.1,30.3,68.9,0.55,7.1,12.7,48.1,0.43,1.19,206,16.8,579,194
44.16,-115.05,magmatic,28.1,48.6,105.4,0.69,10.07,19.4,58.1,1.03,1.76,258,22.9,611,242
44.16,-115.05,magmatic,23.8,28.9,57.2,0.37,6.96,11,33.6,1.1,1.33,272,13.5,627,146
44.16,-115.05,magmatic,26.9,47.9,92.8,0.78,11,18.4,41.7,0.9,2.26,354,19.9,751,207
44.16,-115.05,magmatic,26.5,58,108,0.97,14,21.2,62.9,1.45,2.66,415,25.4,779,273
44.16,-115.05,magmatic,48,215,319,4.55,64.8,69.5,110.3,9.54,16.3,907,59.6,1174,543
44.16,-115.05,magmatic,2.12,13.9,39.3,0.17,2.48,5.9,33.6,,,53,10.59,1416,129.1
44.16,-115.05,magmatic,35.1,127,224,1.44,30.3,46.6,86,1.91,5,870,44,1980,407
44.1,-114.97,magmatic,18.2,29.4,69.7,0.53,6,11.97,47.5,0.28,1.04,147,17.9,355,188
44.1,-114.97,magmatic,21.4,17,35.3,0.41,4.98,6.83,25.1,0.44,0.83,502,8.8,1087,94.4
44.1,-114.97,magmatic,27.6,294,544,1.08,44.3,114.1,181,0.69,4.37,505,115.7,1750,974
44.1,-114.97,magmatic,2.2,242,417,0.47,44.2,89.2,164,1.26,5.87,77,90,2100,793
44.1,-114.97,magmatic,106,289,571,5.7,62,111.7,220,3.5,10.8,1710,123.3,2600,1120
44.1,-114.97,magmatic,25.9,243,504,0.64,29.3,100.4,190,0.57,3.35,491,116.1,3720,1000
44.16,-115,magmatic,3.99,61.4,94.2,0.31,18.2,21.4,36.8,0.77,2.62,90,19.3,508,168
44.16,-115,magmatic,4.14,72.9,115.2,0.37,18.8,25.4,44.3,0.94,2.98,107,23.7,617,209
44.16,-115,magmatic,4.13,77.3,115.8,0.47,21.6,26.4,42.9,1.29,3.8,118,24.1,630,206
44.16,-115,magmatic,3.86,46,70.7,0.23,13.7,15.68,26.8,0.74,2.51,101,14.51,678,130.7
44.16,-115,magmatic,4.81,88,124.7,0.64,30.3,29.7,44.1,1.97,5.8,150,24.8,746,215
44.16,-115,magmatic,4.28,56.4,84.4,0.24,17.1,18.6,33.1,0.96,3.05,110,17,747,156
44.16,-115,magmatic,4.19,78.5,120.3,0.38,21,26.9,43.8,0.96,3.37,132,24.5,855,211
44.16,-115,magmatic,4.98,77.4,118.8,0.45,21.2,26.7,45.5,1.1,3.71,142,25.9,857,217
44.16,-115,magmatic,6.61,98.5,141.3,0.72,30.6,31.1,52.6,2.14,6.06,177,28.4,945,251
44.16,-115,magmatic,5.29,76.2,117.3,0.44,22.3,26.26,43.3,1.54,3.77,169,24.1,950,208
44.15,-114.99,magmatic,6.09,119,222,0.49,23.5,44.9,84.3,1.09,3.55,154,46.6,1010,454
44.15,-114.99,magmatic,2.57,56.5,115,0.29,10.2,21.9,51.4,0.38,1.17,73,24.7,1151,257
44.15,-114.99,magmatic,1.96,45,99,0.34,6.94,16.8,45.7,0.45,0.99,63,23.5,1580,245
44.15,-114.99,magmatic,0.74,36.9,113,0.02,3.24,17.5,67.3,0.05,0.3,39,30.2,1790,341
44.15,-114.99,magmatic,2.7,55.7,110,1.29,8.5,22.2,51.1,0.74,1.22,90,25.3,2130,252
44.15,-114.99,magmatic,2.54,66.3,131,0.04,10.2,25.9,51.5,0.18,1.35,103,28.3,2440,266
44.15,-114.99,magmatic,2.41,60.6,129,0.38,8.57,23.5,65.1,0.49,1.11,90,30.4,2470,335
44.15,-114.99,magmatic,90,62.1,143,0.29,12.2,26,89,43,8,140,37.8,2720,397
44.15,-114.99,magmatic,7.9,246,387,0.2,58.1,85.5,138.2,2.59,9.27,848,79.7,7490,750
30.58,81.52,magmatic,54,701,827,7.7,209,213,170,22.6,47.2,764,153,499,1381
30.58,81.52,magmatic,34,583,718,6.8,181,179,160,18.5,36.3,595,132,369,1151
30.58,81.52,magmatic,38,635,767,6,185,200,168,16.4,37.3,663,148,467,1344
30.58,81.52,magmatic,28,475,582,5.2,142,147,126,15.4,30,427,108,327,1002
30.58,81.52,magmatic,62,1040,1229,11,318,321,252,30,62.5,1149,219,597,1877
30.58,81.52,magmatic,36,586,717,6.1,173,181,157,18,36.9,527,131,350,1152
30.58,81.52,magmatic,38,586,706,5.9,174,181,152,15.6,35.4,659,131,447,1196
30.58,81.52,magmatic,51,801,945,8.1,249,247,195,23.4,48.4,840,176,548,1602
30.58,81.52,magmatic,50,744,869,10.1,233,225,178,30.6,53.1,699,159,420,1394
30.58,81.52,magmatic,45,776,878,10.3,247,234,181,26.4,54.5,724,160,411,1387
30.58,81.52,magmatic,48,746,851,10,241,221,170,29.2,56.9,663,154,414,1361
30.58,81.52,magmatic,130,935,1149,5.6,270,293,233,20.8,49.1,2291,211,1248,1836
30.58,81.52,magmatic,59,874,1037,8.2,258,268,216,23.3,51.2,1072,191,627,1655
30.58,81.52,magmatic,41,658,816,5.9,189,206,181,16.4,37.8,775,149,467,1325
30.58,81.52,magmatic,52,558,663,5.9,167,171,140,13.4,30.5,986,121,568,1124
30.58,81.52,hydrothermal,99,1013,1135,13.1,334,307,240,48.8,74.2,1202,200,643,1674
30.58,81.52,hydrothermal,51,628,757,7.8,199,198,169,27.2,43.5,608,136,412,1158
30.58,81.52,hydrothermal,60,735,867,8.9,226,229,192,28.4,49.3,849,156,504,1323
30.58,81.52,hydrothermal,140,1226,1342,17.9,414,367,274,68.1,96.2,1518,235,762,1939
30.58,81.52,hydrothermal,70,752,872,9.7,247,233,187,37.2,54.7,799,154,493,1296
30.58,81.52,hydrothermal,83,812,957,9.1,255,254,210,37.5,58.6,1071,171,629,1461
30.58,81.52,hydrothermal,62,726,847,9.4,232,224,185,32.1,50.8,795,152,493,1285
30.58,81.52,hydrothermal,48,581,686,7.4,181,181,153,24.9,40.5,569,123,390,1043
30.58,81.52,hydrothermal,58,622,735,8.4,200,194,162,28.9,44.6,686,132,448,1122
30.58,81.52,hydrothermal,84,800,963,8.8,249,252,218,28.9,52,1220,174,681,1478
30.58,81.52,hydrothermal,59,737,817,12.4,254,223,168,39.9,56.8,694,145,424,1201
30.58,81.52,hydrothermal,61,727,887,8.4,227,231,209,28.3,47.4,885,163,530,1404
30.58,81.52,hydrothermal,80,859,972,11.2,278,260,208,38.9,62.7,1012,172,579,1456
30.58,81.52,hydrothermal,117,1089,1214,13,354,328,254,51.5,81.2,1493,213,758,1781
30.58,81.52,hydrothermal,75,793,939,8.8,250,249,211,33,55,1021,168,589,1429
30.58,81.52,hydrothermal,86,878,993,11.2,286,268,212,41.7,62.4,1041,177,606,1480
30.58,81.52,hydrothermal,54,598,724,6.4,182,190,166,24.2,39.3,720,132,469,1147
30.58,81.52,hydrothermal,60,689,835,8,217,217,191,27.3,45.7,783,152,487,1303
30.58,81.52,hydrothermal,74,796,944,9,248,249,211,31.6,55.6,1005,170,594,1441
30.58,81.52,hydrothermal,54,603,738,6.2,181,191,169,23.1,38.3,736,135,481,1151
30.58,81.52,hydrothermal,194,797,982,6.5,245,255,223,24.7,48,4318,178,1903,1522
30.58,81.52,hydrothermal,128,935,1476,1.7,229,322,343,53.9,55.9,2757,276,2119,2665
30.58,81.52,hydrothermal,109,988,1428,1.6,256,332,312,57,64,2653,275,1894,2450
30.58,81.52,hydrothermal,119,1073,1474,1.3,298,345,304,65.3,72.4,2725,263,1750,2377
30.58,81.52,hydrothermal,122,984,1666,1.4,214,353,406,43,50.5,2848,326,2514,3112
30.58,81.52,hydrothermal,93,815,1301,1.9,178,287,276,38.5,42,3043,257,2737,2260
30.58,81.52,hydrothermal,80,800,1213,1.1,194,277,274,38.9,47.8,2120,239,1736,2161
30.58,81.52,hydrothermal,113,621,998,4.8,147,218,229,40.4,36.1,4407,191,3073,1691
30.58,81.52,hydrothermal,136,1131,1580,1.8,303,361,335,67.2,76.5,3583,288,2274,2615
30.58,81.52,hydrothermal,102,833,1333,2.9,178,294,287,33.9,40.3,3697,275,3263,2455
30.58,81.52,hydrothermal,124,967,1664,2,176,341,374,36.1,38.7,3540,344,3376,3267
30.58,81.52,hydrothermal,61,593,1032,0.8,114,218,259,20.5,25.7,1636,220,1827,2067
30.58,81.52,hydrothermal,100,844,1367,1.2,194,291,321,40.2,48.3,2800,261,2266,2489
30.58,81.52,hydrothermal,163,1508,2126,1.6,409,494,454,96.9,102.7,3488,382,2008,3477
30.58,81.52,hydrothermal,132,1169,1711,1.4,296,397,374,68,76,3261,322,2061,2806
30.58,81.52,hydrothermal,27,318,639,0.4,54.3,123,173,9.5,12.3,872,133,1262,1341
30.58,81.52,hydrothermal,113,945,1511,1.8,225,328,338,47.8,52.5,3202,283,2521,2649
30.58,81.52,hydrothermal,157,977,1533,5,235,329,331,74.4,64.1,4649,286,3558,2609
30.58,81.52,hydrothermal,143,1119,1738,2.4,262,385,379,73.1,69.9,3830,352,3069,3180
30.58,81.52,hydrothermal,79,692,1138,0.8,155,243,270,30.9,38,2553,223,2620,2091
30.58,81.52,hydrothermal,137,1123,1683,2,287,383,358,64.4,71.8,3948,309,2381,2825
30.58,81.52,hydrothermal,162,1289,1832,3,341,425,390,100.5,97.5,3205,360,2447,3159
30.58,81.52,hydrothermal,156,1306,1760,1.9,372,427,364,87,93.9,3597,330,2035,2912
30.58,81.52,hydrothermal,101,918,1456,1.6,207,324,323,43.4,49.4,2874,296,2462,2620
30.58,81.52,hydrothermal,121,1056,1774,1.2,240,377,404,53.4,56,3146,340,2495,3170
30.58,81.52,hydrothermal,185,1494,2014,2.1,409,483,411,100.6,110.4,4178,390,2464,3385
30.58,81.52,hydrothermal,145,1232,1679,2.3,348,402,347,83.1,93.8,3472,311,2170,2713
30.58,81.52,hydrothermal,257,959,1325,3,272,310,267,57.9,67.3,11343,234,4753,2039
24.52,118.53,magmatic,66,219,314,3,52,77,100,11,12,291,83,199,930
24.52,118.53,magmatic,50,135,209,2,28,49,74,5,6,150,55,157,671
24.52,118.53,hydrothermal,112,190,324,2,44,71,117,45,16,393,83,297,922
24.52,118.53,magmatic,45,171,280,2,36,65,106,3,7,317,75,236,837
24.52,118.53,magmatic,95,208,482,2,43,95,324,12,9,1802,133,1163,1840
24.52,118.53,magmatic,67,179,288,1,34,65,102,17,10,393,76,336,891
24.52,118.53,magmatic,45,193,261,4,48,66,85,11,13,194,65,125,725
24.52,118.53,magmatic,43,151,234,2,33,55,81,4,7,231,59,185,641
24.52,118.53,magmatic,87,201,320,3,51,73,107,16,13,382,84,356,1013
24.52,118.53,magmatic,52,260,376,5,68,91,119,9,15,286,86,140,856
24.52,118.53,magmatic,30,153,189,3,41,49,59,5,10,114,47,70,521
24.52,118.53,magmatic,46,148,224,2,37,53,73,6,9,146,57,124,663
24.52,118.53,magmatic,45,193,261,4,48,66,85,11,13,194,65,125,725
24.52,118.53,magmatic,49,121,195,2,28,44,66,11,7,160,48,128,546
24.52,118.53,magmatic,40,130,224,1,27,51,84,2,5,167,54,128,566
24.52,118.53,magmatic,47,122,192,2,27,46,71,5,6,143,50,130,610
24.52,118.53,magmatic,52,260,376,5,68,91,119,9,15,286,86,140,856
24.52,118.53,magmatic,50,135,209,2,28,49,74,5,6,150,55,157,671
24.52,118.53,hydrothermal,76,282,393,6,80,98,113,30,22,294,91,160,960
24.52,118.53,magmatic,49,178,248,3,44,60,83,7,11,228,65,174,775
24.52,118.53,magmatic,45,162,236,3,41,56,80,8,9,206,61,176,707
24.52,118.53,magmatic,43,151,234,2,33,55,81,4,7,231,59,185,641
24.52,118.53,magmatic,66,219,314,3,52,77,100,11,12,291,83,199,930
24.52,118.53,magmatic,112,259,366,6,70,90,111,27,20,410,94,206,1030
24.52,118.53,magmatic,45,171,280,2,36,65,106,3,7,317,75,236,837
24.52,118.53,magmatic,112,190,324,2,44,71,117,45,16,393,83,297,922
24.52,118.53,magmatic,51,170,320,1,33,67,142,2,7,515,79,333,890
24.52,118.53,magmatic,67,179,288,1,34,65,102,17,10,393,76,336,891
24.52,118.53,magmatic,87,201,320,3,51,73,107,16,13,382,84,356,1013
24.52,118.53,magmatic,95,208,482,2,43,95,324,12,9,1802,133,1163,1840
24.52,118.53,magmatic,40,164,209,4,47,56,66,6,13,138,52,82,520
24.52,118.53,magmatic,56,164,377,1,27,73,202,2,4,744,99,729,1151
24.52,118.53,magmatic,34,112,161,3,33,39,52,7,9,101,39,64,406
24.52,118.53,magmatic,84,189,407,,31,81,164,5,6,1067,98,840,1007
24.52,118.53,magmatic,27,83,135,1,21,31,48,2,5,70,32,58,328
24.52,118.53,magmatic,53,153,255,2,34,57,92,11,9,211,63,171,649
24.52,118.53,magmatic,73,128,211,1,30,48,68,21,9,191,50,160,516
24.52,118.53,magmatic,74,116,189,2,30,43,64,18,10,165,47,135,483
24.52,118.53,magmatic,42,146,213,4,46,54,66,10,11,130,50,86,539
24.52,118.53,magmatic,92,131,309,1,27,58,217,19,9,964,101,1309,1511
24.52,118.53,magmatic,56,153,274,2,33,60,103,12,9,247,62,186,596
24.52,118.53,magmatic,56,162,252,2,37,60,85,5,9,204,61,162,660
24.52,118.53,magmatic,69,125,193,3,32,44,63,27,13,134,47,104,512
24.52,118.53,magmatic,85,133,216,2,32,50,71,29,11,192,54,201,599
24.52,118.53,magmatic,34,143,190,3,40,49,57,6,11,118,44,75,466
24.52,118.53,magmatic,108,196,269,5,66,68,78,42,22,267,59,116,612
24.52,118.53,magmatic,27,83,135,1,21,31,48,2,5,70,32,58,328
24.52,118.53,magmatic,34,112,161,3,33,39,52,7,9,101,39,64,406
24.52,118.53,magmatic,34,143,190,3,40,49,57,6,11,118,44,75,466
24.52,118.53,magmatic,40,164,209,4,47,56,66,6,13,138,52,82,520
24.52,118.53,magmatic,42,146,213,4,46,54,66,10,11,130,50,86,539
24.52,118.53,magmatic,69,125,193,3,32,44,63,27,13,134,47,104,512
24.52,118.53,magmatic,108,196,269,5,66,68,78,42,22,267,59,116,612
24.52,118.53,magmatic,67,129,227,2,31,51,92,20,10,159,53,134,514
24.52,118.53,magmatic,74,116,189,2,30,43,64,18,10,165,47,135,483
24.52,118.53,magmatic,73,128,211,1,30,48,68,21,9,191,50,160,516
24.52,118.53,magmatic,56,162,252,2,37,60,85,5,9,204,61,162,660
24.52,118.53,magmatic,53,153,255,2,34,57,92,11,9,211,63,171,649
24.52,118.53,magmatic,41,110,159,2,28,39,52,11,10,197,40,174,454
24.52,118.53,magmatic,56,153,274,2,33,60,103,12,9,247,62,186,596
24.52,118.53,magmatic,85,133,216,2,32,50,71,29,11,192,54,201,599
24.52,118.53,magmatic,45,149,303,1,30,60,138,3,6,369,72,393,769
24.52,118.53,magmatic,56,164,377,1,27,73,202,2,4,744,99,729,1151
24.52,118.53,magmatic,84,189,407,,31,81,164,5,6,1067,98,840,1007
24.52,118.53,magmatic,92,131,309,1,27,58,217,19,9,964,101,1309,1511
24.52,118.53,magmatic,88,144,375,1,22,65,299,7,5,1223,114,1397,1494
24.52,118.53,magmatic,73,85,280,1,14,44,272,5,5,1368,96,1461,1357
35.52,-120.78,detrital,1.65,33.9,78.7,0.47,5.53,14.2,61.2,0.32,0.77,4,20,21,224
35.52,-120.78,detrital,11.78,62.5,96.2,0.64,15.6,22,41,1.27,2.26,21,21.6,34,205
35.52,-120.78,detrital,2.07,48.6,86.2,0.18,9.32,17.9,38.8,0.38,1.53,14,19.5,48,172
35.52,-120.78,detrital,3.3,61.8,105.6,0.4,12.6,22.88,38.5,0.74,1.72,29,20.6,67,179.1
35.52,-120.78,detrital,26.2,73.1,110.1,2.67,22.9,26.6,47.1,3.37,5.32,85,24.2,76,219
35.52,-120.78,detrital,3.17,47.3,85,0.18,8.4,18.8,36.6,0.32,1.21,31,17.7,79,181
35.52,-120.78,detrital,30.9,81.9,149,2.12,19.1,32.3,66.7,9.6,5.6,84,30.6,84,317
35.52,-120.78,detrital,5.9,52,88.5,0.34,11.5,22.1,44.2,0.62,1.26,40,19.8,85,205
35.52,-120.78,detrital,3.81,36.1,86.4,0.4,7.01,16.3,53.1,0.95,1.08,31,21.5,87,222
35.52,-120.78,detrital,3.85,23.7,47.8,0.31,5.3,9.33,25.4,0.37,0.59,23,10.8,100,122.1
35.52,-120.78,detrital,9.69,49.7,89.7,0.23,10.1,19.8,38.7,0.92,1.98,71,19.4,102,192
35.52,-120.78,detrital,6.84,104,166.3,0.96,22.1,39.2,68.9,2.05,4.84,75,36.4,105,338
35.52,-120.78,detrital,5.61,53.7,105.5,0.41,9.7,21.5,52.9,0.61,1.66,42,23.8,106,249
35.52,-120.78,detrital,16.8,57.1,101.3,0.6,11.8,21.8,48,1.1,2.16,98,22.4,106,240
35.52,-120.78,detrital,2.11,22.2,44.3,0.28,3.44,10.2,34.3,0.26,0.88,27,12,108,133.5
35.52,-120.78,detrital,4.86,67.4,112,0.48,13.5,27,54.3,0.65,2.57,47,23.5,109,254
35.52,-120.78,detrital,5.09,27.3,55.7,0.2,4.84,10.16,33.8,0.23,1.21,51,13.85,116,140.7
35.52,-120.78,detrital,5.1,35.7,70.5,0.23,6.65,15.2,29,0.45,1.11,58,14.7,123,138
35.52,-120.78,detrital,13.64,166,322,0.6,23.3,70.8,152,0.9,3.24,67,68.3,123,708
35.52,-120.78,detrital,8.38,61,108.5,0.37,12.6,23.2,43.4,0.91,1.75,72,23,124,208
35.52,-120.78,detrital,24.9,54.1,68.3,1.43,15.4,17.46,33.5,1.94,4.8,119,13.3,126,141
35.52,-120.78,detrital,44.1,158,281.9,2.3,39.7,62.8,113,4.51,7.85,200,62.1,127,562
35.52,-120.78,detrital,5.32,42.5,79,0.35,8.4,16.8,42.7,0.45,1.35,38,17.3,130,188
35.52,-120.78,detrital,5.46,67.8,130,0.57,12.3,28.2,85.5,1.14,2.47,52,29.4,134,343
35.52,-120.78,detrital,3.91,38.1,75.8,0.2,5.78,15.52,35,0.64,1.43,54,16.6,141,161.9
35.52,-120.78,detrital,5,98.8,154,2.12,23.9,36.9,78.5,4.07,5.62,106,35.8,142,346
35.52,-120.78,detrital,33.8,175,321,3.74,44.2,65.1,124.7,4.8,7.8,186,65.3,144,607
35.52,-120.78,detrital,31.2,97.9,207,1.21,18.9,44.9,111.8,2.2,3.42,133,46.9,146,482
35.52,-120.78,detrital,19.4,57.8,100.6,0.47,11.8,21.4,47,1.08,2.38,160,21.6,148,229
35.52,-120.78,detrital,10.85,124.6,143.8,1.63,31.4,39,52,5.07,8.79,144,28.6,150,260
35.52,-120.78,detrital,5.69,51.6,119.6,0.38,10.2,23.1,59.5,0.59,1.07,57,26.1,152,272
35.52,-120.78,detrital,9.1,149.7,239,0.7,25,60,91.4,1.59,3.97,65,50.1,155,493
35.52,-120.78,detrital,11.79,102,143.7,0.66,24.3,34.9,57.3,2.26,5.56,122,30.4,158,291
35.52,-120.78,detrital,19.1,73.5,155,0.74,14.2,28.4,71.4,1.62,2.7,103,33.7,159,344
35.52,-120.78,detrital,5.39,39.5,73.6,0.46,10.8,15.58,44.1,0.96,2.17,91,16.5,160,194
35.52,-120.78,detrital,5.95,88.8,165,0.48,15.5,36.5,79.9,0.8,2.28,78,36.7,163,364
35.52,-120.78,detrital,11.23,107.9,196,0.67,27.3,43.7,66.2,2.34,5.12,96,38.6,168,337
35.52,-120.78,detrital,6.43,35.9,66.5,0.31,7.2,13,32.5,0.59,1.69,82,16.5,172,152
35.52,-120.78,detrital,6.51,19.9,42.9,0.2,3.35,9.26,29.1,0.35,0.61,80,11.1,173,126.8
35.52,-120.78,detrital,5.22,42.9,100.4,0.25,7.7,19.8,57.7,0.63,1.27,55,22.03,174,232
35.52,-120.78,detrital,17.1,53.5,100.9,0.22,14.4,21.5,38.3,6.3,3.6,79,20.2,178,201
35.52,-120.78,detrital,3.52,39.9,94,0.38,7.2,17.3,68.1,0.64,1.38,47,23.1,181,271
35.52,-120.78,detrital,7.09,26.1,50.4,0.41,6.03,10.82,24.9,0.45,1.16,81,10.48,184,106.2
35.52,-120.78,detrital,29.7,43,73.8,0.52,13.9,16.3,30.5,1.44,2.76,179,15.38,185,164
35.52,-120.78,detrital,10.79,63.1,139.2,0.37,14.2,29.3,58.4,1.04,2,87,28.6,188,276
35.52,-120.78,detrital,2.39,91.9,180,0.46,16,35,107.8,0.62,2.03,52,40.7,189,459
35.52,-120.78,detrital,2.72,24.8,57.6,0.07,4.82,11.4,28.6,0.11,0.87,38,13.46,206,134.3
35.52,-120.78,detrital,9.71,238,372,1.39,56.8,88.1,110.9,4.22,9.9,189,69.8,214,556
35.52,-120.78,detrital,16.04,22,48.7,0.51,4.64,9.87,29.6,0.57,1.02,109,11.51,221,125.3
35.52,-120.78,detrital,7.12,83.3,168,0.74,18.3,36.5,75.9,1.76,3.36,112,36.1,224,353
35.52,-120.78,detrital,23.6,91,149.8,0.41,22.6,33.1,62.4,2.74,4.14,226,32.4,232,308
35.52,-120.78,detrital,10.2,144.5,242,1.02,33.6,57.5,85.5,3.1,7.4,192,44.9,235,396
35.52,-120.78,detrital,13.96,131,208,0.66,36.6,50,64.2,2.3,5.83,202,38.8,242,325
35.52,-120.78,detrital,4.27,13.4,31.2,0.19,2.83,5.46,28.7,0.2,0.65,78,8.57,248,108.3
35.52,-120.78,detrital,19.7,145.1,211,1.12,45.8,50.3,72.2,7.32,9.65,272,43.9,263,383
35.52,-120.78,detrital,2.6,14.3,36.8,0.08,3.07,6.32,29.5,0.24,0.93,43,8.94,280,116.1
35.52,-120.78,detrital,45.5,115.2,164.7,1.74,36.2,39.9,59.4,12.3,9.8,379,32.8,290,311
35.52,-120.78,detrital,9.55,89.7,147,0.96,22.4,32.5,58.5,1.17,3.07,214,29.2,304,262
35.52,-120.78,detrital,10.09,77.8,143.4,0.4,14.4,31.1,66.3,0.91,2.73,214,31.7,306,321
35.52,-120.78,detrital,32.1,141.6,262,1.8,26.8,55.4,118.3,2,5.2,276,51.4,312,537
35.52,-120.78,detrital,7.01,70.7,146.1,0.67,12.7,29.9,78.6,1.15,2.44,140,33.2,313,333
35.52,-120.78,detrital,7.62,30.8,60,0.28,7.1,12.93,35.6,0.6,1.53,117,15.2,317,152.1
35.52,-120.78,detrital,10.05,60.3,106.2,0.5,13.3,22.4,48.3,0.7,2.01,172,22.7,346,227
35.52,-120.78,detrital,10.08,185,297,0.98,38.9,72.5,110.7,4.73,8.28,301,57.9,359,540
35.52,-120.78,detrital,20.4,41.3,72.1,0.61,8,15.5,47,0.64,2.17,185,17.1,360,196
35.52,-120.78,detrital,8.61,62.4,137.8,0.14,10.5,28.6,68.8,0.43,1.66,152,30.5,362,312
35.52,-120.78,detrital,21.2,161,276,0.87,29.3,63.1,119,2.18,6.39,324,57.7,371,567
35.52,-120.78,detrital,73,111.2,203.9,0.91,30.5,44.3,82.9,40,14.3,220,41.2,379,420
35.52,-120.78,detrital,11.6,109.6,234,0.43,19,47.7,113.8,1.52,2.65,160,53,390,534
35.52,-120.78,detrital,8.99,59.2,114.3,0.2,10.64,24.3,60.2,0.54,1.88,202,25.4,395,277
35.52,-120.78,detrital,7.54,86,203,0.31,16,39.5,106.1,0.98,2.12,175,47.4,550,451
35.52,-120.78,detrital,28.8,83.6,156.3,1.28,19.2,32.8,78.3,4,4.75,412,35.2,554,353
35.52,-120.78,detrital,26.1,49.3,95,0.75,11,19.5,53,0.69,1.7,354,20.6,603,225
35.52,-120.78,detrital,22.2,190,360,1.15,27,76,191,1.06,4.25,245,89.2,611,880
35.52,-120.78,detrital,16.58,43.5,94.8,0.38,7.73,20.2,62.7,1.05,1.35,351,23,677,242.8
35.52,-120.78,detrital,19.4,114.7,223,0.58,20.6,44.4,102,1.27,3.08,479,48.1,689,485
35.52,-120.78,detrital,12.44,162,309,1.04,35,65.4,151.8,3.66,6.27,511,71.4,709,701
35.52,-120.78,detrital,19.6,41.3,87,0.9,11.3,17.3,66.8,1.06,2.05,396,21.8,752,237
35.52,-120.78,detrital,12.5,91.2,183,0.64,14,37.3,121,1.15,2.34,272,44.8,757,480
35.52,-120.78,detrital,13.1,92.3,195,0.25,13.5,39.7,115.2,0.46,1.79,330,47.5,802,515
35.52,-120.78,detrital,45.4,92,155,1.34,17.6,34.8,87.3,1.55,3.4,583,39.1,872,401
35.52,-120.78,detrital,8.86,32,60.8,0.29,6.94,12.7,34.8,0.59,1.13,303,13.8,874,139
35.52,-120.78,detrital,27,149.9,247,0.36,27.1,60.2,128,2.17,3.87,344,59,935,607
35.52,-120.78,detrital,46.2,75.5,130.4,0.87,16.3,29.5,77.5,4.2,3.64,1038,29.8,1414,322
35.52,-120.78,detrital,12.38,116.5,263,0.18,14.3,53,156,0.34,1.75,465,63.2,1703,668
35.52,-120.76,detrital,27,39.9,57.3,0.86,10.6,13.69,23,0.97,1.82,50,13.63,40,116
35.52,-120.76,detrital,15.4,41.2,75.8,0.21,8.2,16.43,35.7,0.34,1.14,44,19.8,100,179.8
35.52,-120.76,detrital,23.6,91.3,182.1,1.05,16.3,37,83.6,0.71,2.79,76,47.2,109,418
35.52,-120.76,detrital,18.6,77.3,89.8,1.44,24.9,23.1,32.2,4.8,6.5,139,21.4,144,175
35.52,-120.76,detrital,8.08,99.3,177,0.93,22.6,41.6,72,1.34,3.36,57,42.6,147,387
35.52,-120.76,detrital,16.55,53.1,77.8,0.43,10.8,17.8,32.1,0.43,0.97,75,18.46,153,167.1
35.52,-120.76,detrital,9.7,34.7,59.5,0.34,5.2,12.8,28.5,0.62,1.04,59,16.1,161,147
35.52,-120.76,detrital,15.3,76.1,117.8,0.67,11.9,26.1,46.9,1.76,2.21,86,27.6,174,246
35.52,-120.76,detrital,11.28,147.6,231.3,0.94,21.3,52.8,84.3,1.66,3.09,,51.2,180,455
35.52,-120.76,detrital,25.8,59.9,96,0.51,11.9,21.2,40.4,0.94,1.67,88,23.6,184,206
35.52,-120.76,detrital,11.37,92.2,123.9,0.84,21.9,29.6,39.7,1.75,2.24,94,27.3,188,229
35.52,-120.76,detrital,14.6,69.3,115.2,1.03,16.4,25.5,45.9,1.65,3.06,81,27.9,193,239
35.52,-120.76,detrital,29.1,85.5,130.9,0.68,13.8,29.3,58.1,0.94,2.53,,31.1,193,299
35.52,-120.76,detrital,7.81,28.5,49,0.23,5.2,10.1,23.6,0.71,0.68,58,12.4,195,116
35.52,-120.76,detrital,5.8,65.3,102,0.43,12.8,23.6,39.8,0.95,1.27,61,24.4,195,217
35.52,-120.76,detrital,23,141.6,200.5,1.94,37.3,49.2,66.3,3.69,5.87,253,45.1,199,370
35.52,-120.76,detrital,19.1,102,156.2,0.91,29.8,37,50.6,2.5,4.47,155,32.9,201,281
35.52,-120.76,detrital,6.1,74.4,141.3,0.38,10.1,28.8,64.4,0.66,1.03,60,35,205,323
35.52,-120.76,detrital,11.27,64.8,102.9,0.47,11.7,22.7,38,1.33,1.31,79,24.49,210,196
35.52,-120.76,detrital,7.83,137,211,0.6,27.8,48.4,74,1.29,3.57,115,49.3,217,396
35.52,-120.76,detrital,5.29,30.7,63,0.13,4.83,13.01,31.7,0.14,0.42,53,16.95,222,154.7
35.52,-120.76,detrital,8.56,68.8,127,0.33,12.3,26,57.3,0.66,1.14,59,30.8,230,284
35.52,-120.76,detrital,25.6,67.6,132.5,0.57,14.2,27.9,57.5,0.7,1.93,115,33.9,240,294
35.52,-120.76,detrital,7.09,216.7,352,1.51,49.8,81.8,130.1,1.42,3.26,121,87.2,242,712
35.52,-120.76,detrital,16.1,48,75,0.97,11.5,16.4,35.8,1.18,1.18,158,18.6,254,176
35.52,-120.76,detrital,17,36.8,63.5,0.52,9.9,13.35,31.7,0.7,0.99,151,16.2,258,153
35.52,-120.76,detrital,20.6,68.7,115.4,0.82,12.9,24.7,53.9,0.83,1.29,145,28.67,260,272
35.52,-120.76,detrital,20.4,68,109,1.24,14.4,23.8,50.1,1.72,1.98,190,27,270,247
35.52,-120.76,detrital,19.7,91.3,138.2,0.05,21.7,31.3,48.5,1.64,2.9,100,33,280,272
35.52,-120.76,detrital,96.2,111.1,154.6,1.62,38.5,36.2,55.4,27.2,6.2,163,33,290,286
35.52,-120.76,detrital,19.6,30.2,53.5,0.24,7.9,11.65,24.1,5.1,1.46,97,13.6,293,123.6
35.52,-120.76,detrital,15.73,62,95.2,0.54,17.4,21.3,37.8,0.95,2.03,147,23.2,297,198.2
35.52,-120.76,detrital,11.98,70.1,81.4,1.26,21.1,20,24.2,3.04,6,209,17.6,331,138
35.52,-120.76,detrital,21.1,77.8,125.7,0.98,14.7,28,56.4,1.75,2.27,207,31.6,337,289
35.52,-120.76,detrital,23.8,147,237,2.08,23,54.2,90.5,2.32,4.4,,56.1,346,483
35.52,-120.76,detrital,15.2,33.3,62.6,0.32,3.61,13.69,31.8,0.53,0.8,,16.4,347,160.9
35.52,-120.76,detrital,23.8,62.5,103.3,0.51,10.5,21.57,41.3,0.87,1.35,148,27,350,231
35.52,-120.76,detrital,5.64,28.8,52.4,0.22,5,10.59,27.6,0.34,0.76,,14.78,360,140
35.52,-120.76,detrital,28,134,225,1.89,31.6,50.1,86.9,3.36,5.09,270,51.6,369,457
35.52,-120.76,detrital,18.6,99,180,0.42,19.5,38.1,72.8,0.94,2.31,157,43,372,379
35.52,-120.76,detrital,9.5,263,372,0.39,65.7,87.1,118.1,2.82,4.04,258,86.3,372,672
35.52,-120.76,detrital,27.6,119,179.3,2.26,26.4,41.2,76.7,2.57,5.35,307,44.2,372,391
35.52,-120.76,detrital,46.6,129.2,202,0.69,20.4,46.3,82.6,0.79,2.43,160,49.3,377,429
35.52,-120.76,detrital,9.49,50.2,86,0.24,11.1,18.4,34.2,0.85,1.52,131,20.6,389,187.3
35.52,-120.76,detrital,26.2,67,112.8,0.35,13.9,25.4,47.6,1.03,2.06,221,30,393,249
35.52,-120.76,detrital,21.6,48.5,81.6,0.42,9.4,18,36.9,0.67,1.32,171,20.9,401,178
35.52,-120.76,detrital,29.1,86.2,155,0.9,16,31.5,65.8,1.18,1.42,253,41,416,348
35.52,-120.76,detrital,16.7,112.8,177.5,1.04,26,42.5,61,2.22,4.88,250,38.4,418,325
35.52,-120.76,detrital,25.9,58.2,92.8,1.05,13.6,20.9,51,1.77,2.57,302,25,434,236.3
35.52,-120.76,detrital,24.8,78.8,85.5,3.14,18.2,22.1,32.6,3.83,5.78,,19.15,434,172.8
35.52,-120.76,detrital,11.6,78.8,140.1,0.26,6.85,30,63.4,0.38,1.17,,35.2,438,333
35.52,-120.76,detrital,5.82,47.5,105,0.18,7.2,19.8,54.9,0.09,0.59,110,27.2,455,271
35.52,-120.76,detrital,2.57,85.1,166.6,0.12,15.2,34.9,64.1,0.68,2.12,81,40.2,457,336
35.52,-120.76,detrital,10.71,256.3,321,1.42,65.2,81,96.2,2.62,5.72,269,67,465,534
35.52,-120.76,detrital,19.26,94.2,134.5,0.58,25.1,33.9,45.1,1.33,3.48,417,29,502,244.8
35.52,-120.76,detrital,10.77,48.7,91.5,0.32,8.7,18.6,47.1,0.51,1.06,213,23.7,522,232.4
35.52,-120.76,detrital,17.5,55.3,91.1,0.93,11.4,19,55,0.74,1.63,270,22.9,525,239
35.52,-120.76,detrital,26.6,74.4,138,0.56,15.6,29.6,63.3,0.64,1.09,179,34.8,529,325
35.52,-120.76,detrital,21.5,17.2,46.2,0.32,4.11,7.7,43.7,0.44,0.38,196,14.8,529,178.7
35.52,-120.76,detrital,20.5,184,297,0.42,30.9,68.7,99,1.15,2.4,194,68.3,537,549
35.52,-120.76,detrital,18.6,94.1,150.5,0.89,20.6,34.7,68,1.35,2.57,,35.9,537,326
35.52,-120.76,detrital,15.61,82,137.4,0.75,19.2,30.9,56.9,1.42,2.33,297,35.2,561,296
35.52,-120.76,detrital,25.1,109.4,199.9,0.7,20.2,43.4,82.2,1.25,2.38,225,49.2,566,430
35.52,-120.76,detrital,11.47,148.7,243,0.47,28.4,55.1,76.9,0.75,2.47,221,52.1,567,436
35.52,-120.76,detrital,38,234,375,1.81,47.8,84.9,140.7,4.9,5.92,575,89,567,766
35.52,-120.76,detrital,21.3,379,502,2.81,46.4,119.9,148.2,5.11,10.9,,105.7,572,858
35.52,-120.76,detrital,23.1,87.7,152.3,0.32,16,30.9,62.2,0.74,1.7,263,35.7,579,339
35.52,-120.76,detrital,14.3,70.5,150.9,0.31,10.2,29,78.9,0.6,1.78,201,40.7,590,386
35.52,-120.76,detrital,13,99,182,0.23,13,36.4,72.7,0.72,1.11,198,48,632,396
35.52,-120.76,detrital,10.2,90.4,191,0.28,15.1,37.4,94.7,0.32,1.6,249,49.4,648,473
35.52,-120.76,detrital,7.72,48,90.3,0.46,10.1,19.1,49.9,0.46,1.53,224,24.4,660,240
35.52,-120.76,detrital,33.7,43.8,107.4,0.24,5.6,20.3,69,1.09,1.23,170,32.1,664,308
35.52,-120.76,detrital,40.2,497,739,2.54,98.9,180,239,6.3,10.3,570,162.5,673,1334
35.52,-120.76,detrital,12.8,55.9,107.1,0.2,8.4,21.3,59.8,0.43,0.58,276,31.3,697,307
35.52,-120.76,detrital,11.4,148.2,274,0.21,26.8,58.3,116.5,0.5,2.52,219,66.7,698,631
35.52,-120.76,detrital,16.4,83.6,153,0.39,12.7,32.6,67,0.67,1.77,287,39.5,716,338
35.52,-120.76,detrital,3.8,74,115,0.38,15.9,25.7,58,0.64,1.21,145,27,736,266
35.52,-120.76,detrital,18.6,338,545,0.75,61.5,128,163.1,2.12,6.8,332,122.3,776,943
35.52,-120.76,detrital,18.3,325,514,0.54,56,116,153,1.79,4.79,367,114.2,777,853
35.52,-120.76,detrital,31.3,29.9,66.3,0.44,4.7,12.01,49.3,0.61,0.81,344,18.51,787,206.1
35.52,-120.76,detrital,33.8,83.7,157,0.87,16.4,33.9,75,0.72,1.91,408,37.8,803,371
35.52,-120.76,detrital,15.6,102.6,202.7,0.31,14,43.3,109.9,1.96,2.26,327,56.5,831,538
35.52,-120.76,detrital,25.7,215,360,0.27,30.9,82.9,113,1.03,2.69,302,82,854,638
35.52,-120.76,detrital,53.6,129.3,225,0.94,21.3,47.7,98.6,1.2,2.71,419,56,876,512
35.52,-120.76,detrital,22.1,53.4,111,0.29,8.6,21.5,68.3,0.51,1.05,,30.9,898,322
35.52,-120.76,detrital,34.1,85,166,0.63,13.9,31.8,79,0.58,1.32,454,40.7,916,372
35.52,-120.76,detrital,14.94,48.2,88.2,0.23,5.22,18.5,47.5,0.36,1.08,,24.5,930,239
35.52,-120.76,detrital,21.2,74.1,126.2,0.56,14.4,25.8,54.7,0.91,1.78,410,30.7,945,279.7
35.52,-120.76,detrital,9.4,131,179,0.56,30.8,42.3,56,1.42,3.5,260,40,963,320
35.52,-120.76,detrital,35.4,86,135,0.33,19,32.5,52.4,7.5,4.6,305,32.3,972,306
35.52,-120.76,detrital,10.55,102.9,192.5,0.45,11.5,39.9,84.9,0.56,1.59,1,48.9,1044,428
35.52,-120.76,detrital,2,199.9,249,0.32,34.9,61,74.1,0.72,2.27,85,53.3,1044,421
35.52,-120.76,detrital,2.14,40,93.3,0.23,6.4,17.18,57,0.35,0.75,55,26.2,1075,275
35.52,-120.76,detrital,9.54,32.7,74.9,0.34,7.1,13.68,60,0.57,0.33,366,21.3,1078,256
35.52,-120.76,detrital,6.99,230.9,423,0.22,36.3,90.8,153,0.67,1.77,286,97.9,1087,797
35.52,-120.76,detrital,11,99,215,0.7,17.6,43.1,130,1.29,2.64,522,61.2,1095,591
35.52,-120.76,detrital,80,125,277,1.92,20.7,50.3,176,1.53,1.71,1130,80,1270,818
35.52,-120.76,detrital,42.3,282,445,1.75,58,104,171,3.6,7.5,1018,105,1285,828
35.52,-120.76,detrital,285,139.3,249,2.25,31.9,52.9,113,69,8,512,65.7,1336,559
35.52,-120.76,detrital,20.5,122.3,206,0.83,20.4,43,82.1,1.31,3.35,491,49.6,1344,447
35.52,-120.76,detrital,13.14,231.3,414,1.82,35.3,86,156.5,1.42,2.5,1342,102.5,1384,831
35.52,-120.76,detrital,32.8,181,326,0.42,31.4,70.9,134,1.26,3.21,535,82.9,1440,737
35.52,-120.76,detrital,63.9,126.9,239,1.26,29.1,49.7,136.1,1.69,2.59,535,63.4,1512,634
35.52,-120.76,detrital,24.6,158,306,0.93,25.3,62.9,128.6,1.75,2.58,649,75.6,1618,672
35.52,-120.76,detrital,57.2,321,447,2.71,79,106,150,3.24,5.4,917,101,1620,850
35.52,-120.76,detrital,18.8,32.8,77.2,0.35,4.33,13.8,68.1,0.57,0.44,424,25.6,1637,276
35.52,-120.76,detrital,16,226,360,1.05,24.5,82.4,140.9,1.6,4.6,,85.8,1698,771
35.52,-120.76,detrital,25.9,483,788,0.53,44.3,180.7,252.7,7.3,8.1,,176,1973,1453
35.52,-120.76,detrital,15.89,129,235.2,0.26,15.7,49.4,102.1,0.73,2.76,507,57.3,1979,527
35.52,-120.76,detrital,4.87,79.1,153.7,0.32,15.3,29.2,78.7,0.96,1.13,169,43,2017,414
35.49,-120.81,detrital,1.69,49.4,85.5,0.1,10.9,19.1,34.9,0.82,1.63,37,19.6,109,163
35.49,-120.81,detrital,6.13,55.9,115.7,0.72,15.9,23.5,66,0.97,2.67,58,31.2,113,304
35.49,-120.81,detrital,14,84,134.1,0.2,20.6,28,47.5,1.51,3.39,58,27.8,114,250
35.49,-120.81,detrital,3.03,22.7,43.2,0.1,4.61,10.6,24.4,0.27,0.94,27,11.6,120,107.7
35.49,-120.81,detrital,0.53,8.6,31.8,0.18,0.76,4.84,25.5,,0.27,1,10.4,125,122
35.49,-120.81,detrital,7.14,81.5,139.8,0.3,14.3,29.65,64.5,0.64,2.09,41,31.8,126,324
35.49,-120.81,detrital,4.74,65.4,112,0.44,13.9,23.7,47.6,0.38,1.85,60,23.3,167,232
35.49,-120.81,detrital,3.1,75.1,219,0.71,9.5,37.2,208,0.42,1.52,49,56.9,181,803
35.49,-120.81,detrital,3.72,140,244,0.6,32,58.3,90,1.53,3.82,81,51.5,185,441
35.49,-120.81,detrital,9.9,112.8,190,0.84,31,43.7,66.3,1.53,3.73,121,41.7,202,380
35.49,-120.81,detrital,0.63,171,361,0.11,21.8,70.9,143,0.59,2.71,27,75.3,204,683
35.49,-120.81,detrital,20.2,38.9,64,0.7,10.4,14.5,29.5,1.77,2.31,164,13.88,211,133
35.49,-120.81,detrital,2.04,136,237,0.37,37.6,51.7,68.6,2.89,6.6,89,48.8,219,388
35.49,-120.81,detrital,5.59,77.5,137.4,0.37,15.1,27.5,52.3,0.51,2.01,86,26,221,265
35.49,-120.81,detrital,5.66,186,291,0.76,41.4,63,89.1,2.75,8.7,110,56.8,221,494
35.49,-120.81,detrital,4.94,32.7,100.2,0.09,4.3,16.9,53,0.21,0.33,54,25,231,255
35.49,-120.81,detrital,9.36,124,241,0.72,20.6,46.5,130,1.25,3.39,96,54.2,237,568
35.49,-120.81,detrital,5.76,121.2,234,0.41,23.7,45.2,89.8,1.38,2.35,96,48,238,474
35.49,-120.81,detrital,4.59,176,298,1.17,40.9,61.1,101.4,2.36,6.68,103,58.9,246,514
35.49,-120.81,detrital,1.19,70.2,200,0.68,9.1,34.3,137,0.38,0.77,188,50.5,249,626
35.49,-120.81,detrital,4.8,69,154,0.29,13.2,31.8,62,0.85,2.11,84,33.5,254,331
35.49,-120.81,detrital,8.8,84.6,141.9,0.53,21.2,33.4,55.3,1.07,3.04,106,32.1,263,295
35.49,-120.81,detrital,8.38,127.4,218,0.18,27.1,44.6,84.8,1.94,3.72,105,45.2,264,436
35.49,-120.81,detrital,15.9,85.1,172,0.41,18.2,33,70.8,1.35,2.9,108,37.5,264,386
35.49,-120.81,detrital,11.52,178,330,0.64,29.8,69.8,129.7,0.99,3.75,95,68.9,267,639
35.49,-120.81,detrital,6.45,67.3,105,0.4,11.9,23.5,51.1,0.6,2.08,84,26.2,270,260
35.49,-120.81,detrital,9.6,78,158,0.47,15.3,27,63.4,0.79,2.01,117,31.5,271,325
35.49,-120.81,detrital,0.74,173,354,0.04,21.4,75.2,154,0.76,3.17,39,71.3,276,675
35.49,-120.81,detrital,9.68,56.1,110.9,0.37,9.2,23,57.9,0.79,1.31,84,27.9,286,266
35.49,-120.81,detrital,2.18,126,219,0.09,25.4,46.2,72.1,1.38,3.83,102,51.7,306,380
35.49,-120.81,detrital,11.26,109.4,200,0.36,20.4,41.1,70.3,1.03,2.9,111,36.7,306,349
35.49,-120.81,detrital,7.05,134.7,215,0.64,30.4,50.1,75,1.53,4.42,160,45.8,314,412
35.49,-120.81,detrital,46,209,335,2.55,56.6,71.1,121.2,5.71,10.3,439,70.8,314,658
35.49,-120.81,detrital,26.4,15.5,34.5,0.44,3.63,7.06,17.9,1.28,0.58,132,8.3,315,91.3
35.49,-120.81,detrital,10.6,69,120.5,0.28,12.4,27.7,56.3,0.5,1.49,114,30,330,285
35.49,-120.81,detrital,4.15,89,141,0.25,17.2,30.7,62,0.75,2.91,121,29.2,331,320
35.49,-120.81,detrital,191,196,207,22.3,109.1,52.8,70.6,47.7,44.9,888,43.5,336,388
35.49,-120.81,detrital,6.33,95,143.6,0.27,16,33,61.6,0.92,2.59,133,30.4,355,324
35.49,-120.81,detrital,6.26,189,375,1.06,38.2,72.2,135.9,2.07,5.2,145,77.3,356,710
35.49,-120.81,detrital,1.22,179,346,0.06,26.3,70.8,149.9,0.79,3.19,83,68.1,375,746
35.49,-120.81,detrital,3.61,157,271,0.18,42.4,57.6,79.7,2.42,4.9,167,58.8,376,464
35.49,-120.81,detrital,8.44,268,496,1.53,76,103.8,128.8,5.02,10.2,196,86.5,381,752
35.49,-120.81,detrital,3.51,152,261,0.16,27.7,51.4,94.4,1.24,3.39,147,51.7,384,541
35.49,-120.81,detrital,27.1,344,535,1.59,78,131.1,229,4.26,12.1,243,136,385,1160
35.49,-120.81,detrital,9.1,89,172,0.82,20.7,34.3,64.2,1.58,4,174,36.4,393,306
35.49,-120.81,detrital,5.71,97,165,0.34,19.5,35.7,69.1,1.11,2.77,151,31.9,402,361
35.49,-120.81,detrital,10.5,22.5,57,0.34,3.87,10.5,52.8,0.17,0.59,129,16.3,411,196
35.49,-120.81,detrital,7.07,146.8,234.9,1.66,45.7,50.7,75.4,5.05,8.3,213,44.7,412,424
35.49,-120.81,detrital,18.9,87,167,0.56,16.1,36,84.3,0.6,1.88,169,36.8,413,397
35.49,-120.81,detrital,14.9,255,364,1.03,55.1,86.5,143,2.92,10.51,245,81.6,418,738
35.49,-120.81,detrital,5.69,66.8,140,0.2,10.3,23.2,77.5,0.44,1.22,105,34.5,422,356
35.49,-120.81,detrital,1.21,118.3,89.5,0.25,44.8,25.4,15.6,3.99,10.1,105,14.6,427,113
35.49,-120.81,detrital,14.4,166,272,0.62,33.3,67.1,106.6,1.89,4.7,296,57.8,427,528
35.49,-120.81,detrital,7.13,42.5,89,0.16,7.1,18.3,49,0.3,1.33,116,24,428,262
35.49,-120.81,detrital,6.52,84,134,0.61,17.4,30.3,61.1,1.2,3.12,153,30.6,430,281
35.49,-120.81,detrital,8.08,64.4,120.1,0.36,14,24.2,55,0.66,1.61,177,27.3,438,265
35.49,-120.81,detrital,11.3,186,267,0.39,39.2,61.9,102,1.86,5.2,210,56.5,447,540
35.49,-120.81,detrital,0.43,42.9,32.1,0.15,10.7,10.32,10,0.38,1.23,29,5.7,469,45.2
35.49,-120.81,detrital,5.19,68,158,0.19,10,32.5,70,0.41,1.46,107,37.7,478,316
35.49,-120.81,detrital,8.5,176,284,0.92,36,62,124,1.53,5.5,180,65,482,629
35.49,-120.81,detrital,11.2,114,240,0.41,19.6,45.4,95.9,0.94,2.48,208,49.2,507,488
35.49,-120.81,detrital,13.6,139,292,0.72,30.5,61.6,129.6,1.27,4.11,239,67.6,509,592
35.49,-120.81,detrital,3.06,91.7,105,0.49,37.5,26.9,28.3,3.9,8.73,124,17.6,520,161
35.49,-120.81,detrital,7.2,83,205,0.36,15.2,35,112,0.7,2.04,165,48.1,547,488
35.49,-120.81,detrital,3.73,27.6,21.7,0.29,13.5,5.41,3.8,1.01,3.18,120,3.02,666,20.5
35.49,-120.81,detrital,10.48,95.9,192,0.46,15.9,38.2,87.6,0.98,2.12,355,43.4,678,418
35.49,-120.81,detrital,9.81,111.2,233,0.3,21,45.3,101,0.66,2.25,249,46.5,700,466
35.49,-120.81,detrital,11.91,106.4,214.9,0.32,22.2,44.6,89.6,0.86,2.66,286,47.1,717,430
35.49,-120.81,detrital,11.37,188.6,355,0.47,41.6,73.7,134.7,1.72,5.05,298,76,769,670
35.49,-120.81,detrital,13.3,86.9,181,0.21,14.2,35.6,101,0.95,2.2,246,50.5,793,484
35.49,-120.81,detrital,9.42,68.3,176,0.21,13.3,28.1,88.2,0.61,1.17,255,41.8,817,392
35.49,-120.81,detrital,14.95,221,354,0.93,42.5,74.1,157.7,2.12,5.01,320,74.2,826,791
35.49,-120.81,detrital,9.95,118,238,0.34,19.5,46.9,113,0.96,2.35,285,47.1,913,531
35.49,-120.81,detrital,9.13,115.5,265,0.17,20,50.4,119,0.33,1.6,278,61.6,994,576
35.49,-120.81,detrital,21,94,202,0.26,18.1,37.6,100,5.6,2.5,322,50.2,1100,601
35.49,-120.81,detrital,13,112,259,0.15,18.8,49.9,143,0.59,2.29,338,74.3,1195,683
35.49,-120.81,detrital,16.4,109,261,0.27,17.5,45.8,130,1.06,2.2,420,56.7,1281,571
35.49,-120.81,detrital,15.5,264,524,0.11,47.9,110,212,1.89,5.9,644,113,1710,1000
35.49,-120.81,detrital,7.58,77.6,183,0.2,12,33.8,134,0.78,1.71,1072,46.9,3850,557
34.73,-119.94,detrital,14.55,21.33,23.6,0.35,7.64,6.33,6.2,1.16,1.9,90,4.1,60,31.3
34.73,-119.94,detrital,4.87,81,155,0.38,15.5,32.8,64.7,0.77,2.26,34,31.7,70,295
34.73,-119.94,detrital,28.8,54,104.9,0.37,12.2,22,46.4,0.87,1.86,77,22.6,108,213
34.73,-119.94,detrital,6.56,62.7,112.7,0.28,13.7,25.8,45.5,0.67,1.78,58,23.6,110,209
34.73,-119.94,detrital,6.65,63.8,113.4,0.18,14.44,24.3,44.8,1.12,2.09,60,25,119,216
34.73,-119.94,detrital,6.87,70.2,135.9,0.23,12.03,27.93,62.7,0.51,1.48,54,29.6,124,281
34.73,-119.94,detrital,2.89,139.7,249,0.1,30.3,56,93.6,1.59,4.2,71,51.1,154,447
34.73,-119.94,detrital,4.49,77.9,140,0.41,16.4,30.2,61.9,1.53,2.08,61,28.3,171,260
34.73,-119.94,detrital,37,79,143,0.55,19.5,32.3,59.3,22.5,6.9,88,30.7,175,269
34.73,-119.94,detrital,4.67,101,180,0.41,23.6,41.1,69,1.51,3.3,76,35.8,179,318
34.73,-119.94,detrital,7.9,120,185,0.55,30.6,45.2,73,4,4.82,89,38.6,180,337
34.73,-119.94,detrital,4.64,66.3,121,0.28,13.4,27.4,48.2,0.63,2.19,72,25.6,185,223
34.73,-119.94,detrital,4.51,84.5,150,0.34,16.9,32.8,58.8,0.92,2.44,74,30.6,186,265
34.73,-119.94,detrital,10.9,101.9,179,0.94,26.8,40.1,74.2,2.5,4.47,146,37.5,192,338
34.73,-119.94,detrital,4.13,89.8,162,0.32,20.1,35.7,63.1,0.88,2.53,80,33.6,209,293
34.73,-119.94,detrital,5.31,120.4,203,0.65,29.4,46.5,74.8,1.91,4.79,103,39,234,366
34.73,-119.94,detrital,6.03,43.2,90.8,0.15,8.06,19,41.4,0.38,1.1,110,19.17,256,183
34.73,-119.94,detrital,22.2,309,507,0.67,69.6,119.7,152,5.3,11.11,203,95.6,299,782
34.73,-119.94,detrital,7.95,67.6,142,0.4,13.4,29.8,76.2,0.95,1.79,119,31.7,301,315
34.73,-119.94,detrital,12.7,76.2,150.1,0.07,13.6,31.8,63.8,0.72,2.01,70,33,303,289
34.73,-119.94,detrital,7.6,38,45,1.6,12.1,12.2,14.5,6.4,4.3,53,8.9,308,76
34.73,-119.94,detrital,15,130,217,1,33,47.2,74.9,6.1,8,188,42.7,319,363
34.73,-119.94,detrital,5.98,56.5,117.2,0.19,9.8,24,60.1,0.41,1.3,127,26.7,324,250.9
34.73,-119.94,detrital,92,94.4,170,0.9,29,38.57,75.4,51.6,12.9,176,35.2,326,339
34.73,-119.94,detrital,8.1,121,225,0.5,25.3,49.4,98,1.59,3.6,111,47.1,338,436
34.73,-119.94,detrital,7.58,71.2,149,0.23,12.6,30.1,73.6,0.52,1.78,140,31.5,389,320
34.73,-119.94,detrital,10.98,105.9,197,0.33,20.21,42.4,84.4,0.87,2.52,183,39.9,437,376
34.73,-119.94,detrital,8.17,67.5,133.8,0.22,13.6,27.67,63.7,0.54,1.65,190,28.8,444,284.3
34.73,-119.94,detrital,6.66,65.4,137.8,0.18,12.67,28,65.5,0.6,1.63,165,30.9,462,292
34.73,-119.94,detrital,8.98,126,217,0.2,24.1,47,82.5,1.11,3.41,180,46.4,484,414
34.73,-119.94,detrital,6.96,81.7,173.1,0.33,15.33,36.2,86.2,0.74,1.97,193,39.1,499,367
34.73,-119.94,detrital,8.57,82,170,0.3,16.2,34.2,85.7,0.87,1.95,216,39,526,362
34.73,-119.94,detrital,5.76,79,156,0.36,14.5,29.9,69.7,0.68,1.93,229,34.6,528,335
34.73,-119.94,detrital,14.4,133,255,0.55,28.9,54.3,105,5.3,5.02,296,56.2,533,500
34.73,-119.94,detrital,8.91,117.2,241,0.41,23.5,49.3,108.5,1.54,3.44,232,51.7,550,489
34.73,-119.94,detrital,10.77,121.3,242,0.48,24.3,51.1,102.7,1.37,3.14,287,51.1,551,463
34.73,-119.94,detrital,19.3,73.9,159,0.39,16.8,33.1,74.4,7.7,3.41,229,34.8,568,321
34.73,-119.94,detrital,8.62,106.1,215,0.46,21.2,44.6,98.4,1.24,2.93,275,46.9,569,444
34.73,-119.94,detrital,9.35,87.8,183,0.25,16.5,38.1,86.4,0.73,2.16,255,39.9,614,385
34.73,-119.94,detrital,9.5,101.4,212,0.36,17.7,41.9,99.2,1.01,2.75,267,46.4,616,416
34.73,-119.94,detrital,10.2,124,172,2.44,34.9,41.8,59.3,4.7,6.3,207,33.6,627,306
34.73,-119.94,detrital,8.8,93.7,190.7,0.36,16.6,38,97.2,0.9,2.42,262,42.9,646,417
34.73,-119.94,detrital,9.53,141.6,280,0.5,26.4,58.4,119.9,1.42,3.1,300,60.5,646,560
34.73,-119.94,detrital,9.71,158,290,0.71,34.1,62.4,127,2,5.12,360,60.7,661,589
34.73,-119.94,detrital,115,104,150,4.6,33.6,34.1,61,19.3,12.7,112,31.5,668,289
34.73,-119.94,detrital,10,164,325,0.87,31.5,69.2,142,1.93,4.33,322,64.8,671,631
34.73,-119.94,detrital,31.4,419,750,0.79,92,165,258,4.78,13.96,384,144,676,1237
34.73,-119.94,detrital,3.69,63.1,122,0.25,12.9,25.8,48,0.49,1.98,46,23.8,132,237
34.73,-119.94,detrital,4.66,62.7,121,0.24,13.2,24.7,47,0.47,1.66,44,23.4,134,242
34.73,-119.94,detrital,8.03,140,205,0.63,31.2,48.8,79.4,0.99,4.36,94,44.2,146,419
34.73,-119.94,detrital,6.07,67.3,141,0.28,12,28.7,63.4,0.51,1.73,57,30.4,149,309
34.73,-119.94,detrital,4.69,62.6,114,0.21,13.6,23.7,44.7,0.58,1.69,61,23.3,165,220
34.73,-119.94,detrital,31.1,109.8,233,1.77,23.8,45.8,121.7,1.78,3.89,100,51.3,168,577
34.73,-119.94,detrital,4.38,61.3,103.6,0.29,12.26,24,44.1,0.42,1.78,60,22,181,217
34.73,-119.94,detrital,5.73,117,180,0.49,25.1,41,61.4,1.11,4,103,36.3,182,319
34.73,-119.94,detrital,27.8,47.3,103.8,0.27,7.4,20,58.2,0.32,0.99,43,24.4,183,260
34.73,-119.94,detrital,7.8,53.8,110,0.26,10.8,22.8,44.2,0.53,1.68,72,24.9,189,232
34.73,-119.94,detrital,6.52,153.7,246.2,0.78,37.7,56.21,81.8,2.59,7.7,104,48.3,196,458
34.73,-119.94,detrital,13.39,99.9,178.6,0.16,18.1,37,63.2,0.7,2.66,58,36.6,200,329
34.73,-119.94,detrital,6.47,52.6,91.1,0.18,12.4,19.6,34.9,0.61,1.87,64,18.8,201,169
34.73,-119.94,detrital,6.22,165,248,0.82,38.7,55.7,84.8,2.5,6.94,112,49.1,221,455
34.73,-119.94,detrital,6.1,99,183,0.5,24.2,39,65.5,1.06,3.82,99,35.3,231,326
34.73,-119.94,detrital,22.7,100,185,0.56,23.8,40.2,78.8,1.28,3.25,116,38.3,234,382
34.73,-119.94,detrital,3.2,33.8,78.4,0.14,5.47,13.8,42.2,0.24,0.59,52,18.5,243,203
34.73,-119.94,detrital,16.9,37.8,94,0.48,6.3,16.5,72,0.46,1.08,105,23.2,277,319
34.73,-119.94,detrital,6.95,113.6,205,0.55,26.3,44.4,79,1.36,3.97,128,39.3,279,407
34.73,-119.94,detrital,23.3,85.5,163,0.31,16.5,34.9,81,0.94,2.47,104,36.9,280,369
34.73,-119.94,detrital,3.49,15.5,13,0.86,8.67,3.86,3.7,0.45,1.54,14,2.61,285,17.8
34.73,-119.94,detrital,7.8,74,136,0.28,14,27,60,0.71,1.95,119,29,305,280
34.73,-119.94,detrital,7.23,63.2,140,0.23,12.5,28.5,64.8,0.52,1.85,107,30.4,307,310
34.73,-119.94,detrital,17.1,212,318,0.52,55.1,73.2,105,7.34,10.95,214,61.2,320,578
34.73,-119.94,detrital,54,217,349,0.27,44.9,79.4,115,2,6.59,178,62.9,349,651
34.73,-119.94,detrital,8.48,62.7,124,0.23,11.1,25.6,56.9,0.51,1.83,173,26.8,383,276
34.73,-119.94,detrital,4.21,53.7,134,0.18,9.5,25.1,66.5,0.28,1.18,99,29.6,384,310
34.73,-119.94,detrital,6.87,68.9,134,0.32,13.43,26.3,57.3,0.47,1.83,155,28.7,387,277
34.73,-119.94,detrital,2.75,75,103,0.09,21.8,24.2,38.2,1.06,3.59,90,21.4,393,187
34.73,-119.94,detrital,8.52,66.6,133.2,0.25,13.4,27.17,58.8,0.62,1.84,167,30.2,395,281
34.73,-119.94,detrital,5.6,65.2,148,0.16,11.5,30,76,0.39,1.52,115,34,422,381
34.73,-119.94,detrital,4.07,157,396,0.31,25.3,71,243,0.77,2.92,120,94,429,1080
34.73,-119.94,detrital,16.41,104.4,187.1,0.13,19.8,39.7,76.6,0.92,2.88,146,39.8,433,368
34.73,-119.94,detrital,217,1280,1760,8.6,323,431,405,13,43,542,315,445,2380
34.73,-119.94,detrital,8.01,82.4,180,0.33,14.9,34.7,88.7,1.11,1.88,154,40.2,481,396
34.73,-119.94,detrital,5.4,95,173,0.58,24,39,84,1.7,4,84,38,497,359
34.73,-119.94,detrital,4.32,92.3,187,0.21,16.2,36.9,92,0.57,2.24,146,40.4,542,426
34.73,-119.94,detrital,25.7,131,232,0.54,26.4,46.7,98.1,9.8,5.29,231,49.2,548,508
34.73,-119.94,detrital,8.91,147.4,265,0.81,32.1,58.1,107.5,2.52,5.51,293,54.7,554,532
34.73,-119.94,detrital,8.1,153,277,0.88,32.7,57.8,116,1.89,4.99,263,52.9,556,570
34.73,-119.94,detrital,2.8,183,364,0.3,34.9,79.8,131,1.48,4.87,157,76.4,560,713
34.73,-119.94,detrital,9.2,142,259,0.6,28.9,52.5,106.9,1.57,4.29,253,54.7,563,545
34.73,-119.94,detrital,23.9,31.9,57.5,0.46,7,12.5,27,0.82,1.65,123,13.4,582,142
34.73,-119.94,detrital,10.2,140,260,0.52,29.6,52.7,112,1.41,4.04,250,51.9,611,552
34.73,-119.94,detrital,9.32,187,329,1.05,41,72,121,2.18,5.8,299,63,620,630
34.73,-119.94,detrital,8.63,132,268,0.59,30.3,55,109,1.43,4.26,301,52.5,653,507
34.73,-119.94,detrital,2.55,96.2,228,0.11,12,43.6,128,0.39,1.43,39,56.3,675,588
34.73,-119.94,detrital,9.28,135,288,0.61,33.2,59.5,115.3,1.77,5.01,327,58.1,754,599
34.73,-119.94,detrital,11.8,156,302,0.49,35.5,64.6,132.2,1.49,5.27,350,62.9,761,626
34.73,-119.94,detrital,11.7,89.4,198,0.3,15.95,39.4,93.9,0.78,2.35,315,42,787,437
34.73,-119.94,detrital,11,264,517,0.08,46.4,107,227,0.92,4.73,402,115,1625,1080
34.73,-119.94,detrital,47.8,69,117,0.94,18.5,25.8,50.1,1.44,3.16,37,26.1,65,239
34.73,-119.94,detrital,7.78,78.2,159.5,0.57,13.8,30.3,86.8,0.46,1.7,24,34.71,84,366
34.73,-119.94,detrital,8.59,42.1,77,0.9,12.6,16,41.5,1.12,2.06,47,17.1,85,176
34.73,-119.94,detrital,16,60,102,0.9,14.6,20.9,56.5,0.99,2.56,49,25.5,90,226
34.73,-119.94,detrital,23.5,89.4,197,1.17,18.4,37.4,120.1,1.13,3.13,76,49,93,503
34.73,-119.94,detrital,2.75,94.8,186,0.25,12.66,37.3,74.5,0.53,1.7,16,40.9,101,379
34.73,-119.94,detrital,3.09,15.6,35.2,0.19,2.45,6.08,25.8,0.13,0.37,29,8.84,103,101.9
34.73,-119.94,detrital,16.9,86,107,0.59,30.7,27.8,33.9,4.5,7,154,19.9,109,171
34.73,-119.94,detrital,29.2,67,81.6,1.9,26.1,20.3,31.6,6.75,8.5,128,17.3,113,158
34.73,-119.94,detrital,5.38,81.8,133,0.3,25,28.1,45.1,2.73,4.96,60,25.7,123,226
34.73,-119.94,detrital,43.4,173,294,3.34,50.3,65,109.2,5.86,10.12,158,56.3,125,508
34.73,-119.94,detrital,12.66,51.5,105.2,0.43,11.08,20.5,56.6,0.47,1.46,65,24.3,130,239
34.73,-119.94,detrital,14.15,74.7,131.9,0.18,15.8,28.1,58.9,0.92,2.58,67,28.1,134,266
34.73,-119.94,detrital,31.5,79.7,152.4,0.42,16.1,31.3,69.4,0.74,2.25,97,33.3,174,315
34.73,-119.94,detrital,27.6,117,237,1.32,27,45.6,120,2.04,4.5,142,53.4,181,541
34.73,-119.94,detrital,11.9,77.2,128.1,1.54,20,26.8,71.6,2.15,3.92,89,29.3,182,291
34.73,-119.94,detrital,39.1,145,284,1.04,33.9,55.6,116.5,1.9,5.29,154,56.3,184,549
34.73,-119.94,detrital,24,99.1,155,1.18,30.2,35.7,59.2,3.15,5.48,155,31.7,187,286
34.73,-119.94,detrital,1.91,69.5,121,0.04,13.7,25,45.7,0.58,1.94,70,25,205,214
34.73,-119.94,detrital,39.5,41.8,73.2,0.46,12.3,14.4,46.8,1.08,2.05,23,17.1,222,181
34.73,-119.94,detrital,79.2,159.8,269,2.48,39.7,62.6,112,3.04,6.44,376,59.2,222,522
34.73,-119.94,detrital,7.17,50.6,36.9,0.21,23.76,11.8,5.5,3.28,8.13,155,5.3,229,36.3
34.73,-119.94,detrital,18.5,135,235,3.01,39.5,49.4,107.7,6.71,8.53,199,50.6,230,500
34.73,-119.94,detrital,14.3,90,153,0.7,22.7,32.3,60,1.82,4,86,32.9,236,302
34.73,-119.94,detrital,35.6,97.1,189.3,0.55,21.5,36.8,96.2,1.88,5.02,163,43.7,243,427
34.73,-119.94,detrital,4.43,125.5,259,0.22,22.8,49.3,118.7,0.92,2.92,51,58.2,250,546
34.73,-119.94,detrital,1.52,107.6,188,0.02,19.4,39.5,73.7,0.8,3.04,90,38.6,294,343
34.73,-119.94,detrital,4.38,247,438,0.29,55.4,93,152,3.25,7.63,138,88.2,295,777
34.73,-119.94,detrital,18.2,174,333,1.3,35.8,68,151,3.1,7.7,174,71.6,302,643
34.73,-119.94,detrital,17.54,134.3,258.8,0.82,32.4,52.8,94.3,3.15,5.69,150,51.4,307,463
34.73,-119.94,detrital,13.33,59.1,124.8,0.21,11.61,25.32,57.5,0.76,1.73,89,27.8,314,272
34.73,-119.94,detrital,28.4,61,115,0.79,13.2,22.9,60.5,0.82,2.37,168,25.9,330,263
34.73,-119.94,detrital,23,77.4,154.1,0.39,16.4,30.9,71.8,0.98,2.42,166,34.6,336,319
34.73,-119.94,detrital,24.69,114,236.3,0.5,24.4,47.1,114.5,1.59,3.42,125,54.8,352,530
34.73,-119.94,detrital,31.7,65,146,0.59,13.1,25.8,83.1,0.62,1.71,197,34.5,355,344
34.73,-119.94,detrital,12,46.4,80.1,0.14,10.3,16.7,36,0.77,1.62,102,17.2,368,177
34.73,-119.94,detrital,2.65,100,176,0.06,19.9,36,70.9,0.73,2.88,121,35.6,388,331
34.73,-119.94,detrital,16.3,118,235,0.23,24.1,48.1,93.2,1.5,3.62,230,50.3,393,455
34.73,-119.94,detrital,18.2,126,242,0.77,30.5,49.5,114,1.97,4.4,239,54.4,393,524
34.73,-119.94,detrital,2.27,226,354,0.04,43.1,79.5,135,1.75,5.92,199,74.1,431,626
34.73,-119.94,detrital,46.2,178,351,2.09,38.6,67.4,172.2,3.62,6.42,341,79.5,432,742
34.73,-119.94,detrital,20.9,62.9,154,0.64,13,28.6,90.1,0.51,1.49,128,37.7,438,396
34.73,-119.94,detrital,28.4,80.4,150.6,0.35,17.1,30.8,72.4,1.05,2.3,223,33.86,451,341
34.73,-119.94,detrital,11.65,187,288,0.72,43.3,64.7,91,1.73,7.59,176,54,463,461
34.73,-119.94,detrital,10.53,51.8,120.7,0.24,9.08,21.7,71.5,0.49,1.3,172,29.6,475,301
34.73,-119.94,detrital,2.22,281,490,0.08,62.4,107,170,3.73,9.9,242,99,486,825
34.73,-119.94,detrital,2.72,25.3,12.5,0.21,21.2,4.71,1.6,3.09,6.91,248,1.57,490,10.7
34.73,-119.94,detrital,57.2,404,541,1.27,117.2,132.2,154,11.59,24.1,529,102.8,536,818
34.73,-119.94,detrital,28.3,77.3,156.4,0.23,13.1,29.9,76.6,0.77,1.8,228,35.8,558,341
34.73,-119.94,detrital,19.5,30.9,80,0.46,6.3,13.8,68.4,0.45,0.8,262,21.8,582,251
34.73,-119.94,detrital,16.6,57.4,129.7,0.1,9.61,24.9,78.2,0.27,0.96,40,31.3,595,316
34.73,-119.94,detrital,1.46,469,938,0.18,78.5,193,357,2.34,8.48,118,201.2,634,1828
34.73,-119.94,detrital,2.03,100,209,0.02,17.3,39.6,85,0.39,2.08,137,44.5,768,423
34.73,-119.94,detrital,53.6,672,1033,0.14,153,240,292.2,7.76,22.2,628,202,1182,1570
34.73,-119.94,detrital,1.93,41.4,105,0.1,5.06,18.66,67.2,0.03,0.43,51,26.2,1625,295
34.74,-119.93,detrital,2.55,50.2,77.8,0.14,14.31,18.6,35.7,0.86,2.79,10,16.8,22,158
34.74,-119.93,detrital,5.45,47.4,88.7,0.35,9.32,19.5,40.2,0.36,1.3,20,20.3,43,192
34.74,-119.93,detrital,4.51,61.5,119,0.4,13.9,25.8,48.7,0.59,1.56,24,26,50,232
34.74,-119.93,detrital,14,37.1,67.7,0.55,9.3,14.2,34.4,0.74,1.87,41,14.8,61,143
34.74,-119.93,detrital,4.84,104,227,0.95,20.2,44.1,131.5,1.52,3.18,30,55.7,66,545
34.74,-119.93,detrital,7.64,37.6,67.5,0.29,10.7,15.4,26.3,0.88,2.16,45,14.5,68,122.5
34.74,-119.93,detrital,4.06,8.5,21.2,0.15,1.46,3.77,17.1,0.09,0.28,21,5.61,75,60.9
34.74,-119.93,detrital,4.71,51,89,1.12,14.2,19.5,44.9,1.31,2.94,33,19.2,76,197
34.74,-119.93,detrital,15.7,181,253,0.88,64.6,60.3,99.1,11.18,18.5,71,48.8,78,446
34.74,-119.93,detrital,35.3,113,194,1.03,26.2,43.4,85,1.7,5.1,52,42.6,88,397
34.74,-119.93,detrital,4.85,26,61.2,0.62,5.7,11,45,0.47,1.08,25,14.9,95,173
34.74,-119.93,detrital,5.5,54,134,0.8,10.1,25.5,89,0.37,1.27,29,33.1,104,344
34.74,-119.93,detrital,26.4,57.6,116.3,0.32,12.51,22.8,55.3,0.83,2.3,72,27.6,112,253
34.74,-119.93,detrital,39.7,55,106.9,0.88,17.3,22.9,48.7,1.86,3.37,99,22.2,123,214
34.74,-119.93,detrital,16.1,176,304,0.91,47.6,66.7,118.9,4.77,10.67,145,62.6,253,572
34.74,-119.93,detrital,22.1,115,203,2.87,32.5,45.1,97.5,3.8,6.8,165,43.2,257,427
34.74,-119.93,detrital,61.1,129,255,1.08,27.1,55.5,117,1.67,4.63,219,59,285,555
34.74,-119.93,detrital,4.35,108,198,2.74,30.1,42.2,106.4,2.96,5.24,180,46.2,291,434
34.74,-119.93,detrital,2.92,150,259,0.15,37.6,56.9,86.8,1.85,6.23,131,51.6,296,464
34.74,-119.93,detrital,4.41,25.1,60.2,0.09,4.19,11.43,32.3,0.21,0.58,25,15.42,327,142
34.74,-119.93,detrital,21.17,233,415,2.09,57.6,89.7,158.1,4.3,11.1,222,88.1,328,757
34.74,-119.93,detrital,2.46,137,229,0.14,34.8,53.8,77.8,2.72,6.34,142,43.8,330,393
34.74,-119.93,detrital,2.75,108.7,190,0.04,26.66,42.5,62.2,1.21,4.08,124,37.1,350,322
34.74,-119.93,detrital,26.9,86,165,0.53,17.6,34.6,81,0.92,2.83,265,36.8,355,365
34.74,-119.93,detrital,2.72,89.9,163,0.04,19.6,36.6,57.5,1.15,2.82,139,31.4,375,274
34.74,-119.93,detrital,24.8,57.7,122,0.06,10.2,25.4,64.6,0.36,1.46,136,31,379,308
34.74,-119.93,detrital,12,90,173.9,0.16,17.5,35.3,76.7,0.63,2.6,158,36.4,393,335
34.74,-119.93,detrital,21.4,49.2,146,0.5,8.6,24.8,131,0.38,1.04,173,40.1,408,472
34.74,-119.93,detrital,13.8,91,175.6,0.35,21.8,37.7,72.5,1.55,3.44,174,39.2,501,369
34.74,-119.93,detrital,8.8,37,100,0.29,7.9,20.3,49.5,0.38,1.35,44,20.7,526,239
34.74,-119.93,detrital,32.7,259,434,0.44,58.2,101.6,167,2.97,10.52,275,92.5,565,808
34.74,-119.93,detrital,45.6,98.9,219,0.57,17.9,42.8,108,0.69,2.96,388,50.5,675,502
34.74,-119.93,detrital,32.3,56.2,115,0.4,12.3,25,70.2,0.84,1.95,356,28.8,759,316
34.74,-119.93,detrital,19.98,30.8,105.6,0.51,5.88,17.3,105.8,0.35,0.65,293,28.1,796,349
34.74,-119.93,detrital,0.38,73.1,191,0.28,6.13,33.6,147,0.18,0.6,9,55.1,1059,630
34.74,-119.93,detrital,17.3,281,520,2.1,69,112,192,6.45,11.9,357,104,1103,890
34.74,-119.93,detrital,16.6,163,330,1.55,27.7,65.4,175,2.6,6.3,278,76.2,1639,807
34.74,-119.93,detrital,2.63,63.2,130,0.49,10.25,27.6,64.8,0.39,1.48,7,30.7,19,292
34.74,-119.93,detrital,4.25,68.5,156,0.53,11.9,30.8,90,0.43,1.44,10,35.3,24,364
34.74,-119.93,detrital,4.78,80.8,130.6,0.42,25.2,29.9,43.8,3.06,4.54,26,23.5,39,199
34.74,-119.93,detrital,13.4,21.8,45,0.29,4.5,9.6,24.9,0.39,0.76,34,10.3,45,106.1
34.74,-119.93,detrital,12.7,209,278,0.56,60.8,67.7,72.1,5.04,11.42,48,45.3,64,380
34.74,-119.93,detrital,5.69,171,255,1.1,48.1,59,80.6,5.14,10,59,45.8,67,453
34.74,-119.93,detrital,5,74.4,114,0.52,25.1,26.6,41.7,3.71,6.68,25,22.6,68,200
34.74,-119.93,detrital,5.76,80,102.9,0.75,26.9,26.4,32.2,3.28,6.7,36,20,74,177.3
34.74,-119.93,detrital,4.48,82.8,152,0.87,19.5,33.1,63.6,1.21,3.55,36,31.7,76,274
34.74,-119.93,detrital,6.28,43.9,68.3,0.39,13.5,15.9,24.6,1.87,3.21,37,12.9,78,116
34.74,-119.93,detrital,15.8,17,30.2,0.61,6.5,6.54,14.2,0.83,1.2,60,6.21,78,68
34.74,-119.93,detrital,42.1,119,212,2.3,30,46.2,82.7,1.64,4.39,71,43.6,83,425
34.74,-119.93,detrital,10.57,138.6,240,0.3,31.7,53,93.5,1.72,5.29,114,50.7,84,467
34.74,-119.93,detrital,12.9,511,648,11,160,165,194,24.4,38,109,125.5,88,1005
34.74,-119.93,detrital,21.5,55.6,115.3,0.44,14,22.6,55.3,0.8,2.3,86,24.7,91,262.5
34.74,-119.93,detrital,10.35,127,105.1,1.47,51.7,29,31.3,2.54,11.66,50,19.1,94,206
34.74,-119.93,detrital,23.7,56.8,89,0.72,21.3,21.4,29.8,2.69,4.19,153,17.08,94,153.6
34.74,-119.93,detrital,5.68,45.6,110.1,0.77,8.54,21.9,71.2,0.51,1.28,26,25.4,100,286
34.74,-119.93,detrital,17.93,40.87,73.3,0.39,9.3,16.06,31.8,0.75,1.58,38,15.2,101,181
34.74,-119.93,detrital,9.67,46,81,0.3,15.14,18.59,33.8,1.32,2.63,47,16.93,101,173.7
34.74,-119.93,detrital,13.4,118,191,1.15,32.8,46.4,74,2.38,6.1,74,39.9,102,341
34.74,-119.93,detrital,11.1,112,169,0.85,30.9,39.8,62.5,2.16,5.5,46,33.6,113,280
34.74,-119.93,detrital,5.61,24,52.7,0.2,3.47,10.11,32.6,0.21,0.61,30,13.7,114,134
34.74,-119.93,detrital,5.71,27.6,65.2,0.27,5.13,11.62,37,0.38,0.7,65,14.6,164,149
34.74,-119.93,detrital,9.7,74.6,146.3,0.31,18.1,31.8,60.2,1.02,2.01,63,31.6,166,283
34.74,-119.93,detrital,8.6,196,362,1.16,43,78.9,136.1,3.63,7.75,105,75.5,168,649
34.74,-119.93,detrital,3.52,65.4,120.6,0.37,14.05,26,56.8,0.52,1.96,54,27.9,170,267
34.74,-119.93,detrital,36.4,49.5,85.7,1.12,13.6,18,43.4,1.44,3.2,113,20.83,172,201
34.74,-119.93,detrital,14.3,59.2,139,0.57,12.9,26.6,76.9,1,1.89,118,33.8,181,349
34.74,-119.93,detrital,12.2,70,145.6,0.35,14.3,29.9,62.1,0.5,1.76,136,30.2,181,268
34.74,-119.93,detrital,10.07,133,292,0.44,19.7,59,161,0.77,2.53,50,71.9,188,756
34.74,-119.93,detrital,4.18,96,198,0.12,17.1,40.8,80.8,0.63,2.1,63,42.2,191,399
34.74,-119.93,detrital,0.66,129,94,0.12,55.6,32.2,18.5,2.86,9.3,78,14.7,191,107
34.74,-119.93,detrital,8.86,118,159,0.85,38.2,37.8,56.7,6.4,10.2,139,30.4,197,272
34.74,-119.93,detrital,21.9,137,239,3.3,42.6,54.8,78.2,6.6,10.1,124,45.8,203,436
34.74,-119.93,detrital,8.88,34.1,71.3,0.83,7.2,13.8,51,0.68,1.58,107,17.34,213,180.7
34.74,-119.93,detrital,43.7,50.2,68.5,0.76,16.4,17.31,26.6,1.37,3.58,187,13.97,222,144
34.74,-119.93,detrital,18.41,64.7,140,0.24,11.1,26.6,77.5,0.85,1.92,112,32.5,227,348
34.74,-119.93,detrital,1.17,175,316,0.06,38.3,73,131,1.7,4.83,71,68.2,229,633
34.74,-119.93,detrital,10.71,43.6,92.4,0.67,9.7,19,61.7,0.61,1.35,98,21.7,229,253
34.74,-119.93,detrital,11.4,61.1,114.6,1.04,15.9,24.6,65.8,1.46,3.08,119,27,229,269
34.74,-119.93,detrital,6.73,15.2,45.5,0.17,2.37,8.11,44.6,0.07,0.32,18,12.9,234,162.8
34.74,-119.93,detrital,1.06,227,422,0.11,41.4,89.6,155,1.46,5.19,68,83.5,241,755
34.74,-119.93,detrital,19.6,92.5,173.2,0.09,19.9,37.8,73,1.28,3.53,81,38.2,247,355
34.74,-119.93,detrital,1.84,95.7,173,0.04,18.5,38.6,62.6,0.79,2.19,104,33,251,287
34.74,-119.93,detrital,10,36.7,81.9,0.6,7.7,15.4,54.2,0.5,1.3,94,18.3,269,203
34.74,-119.93,detrital,116.2,492,774,8.32,125.1,180,261,10.94,22.5,521,151,269,1270
34.74,-119.93,detrital,1.46,104.7,183,0.08,23.7,39.7,65.6,1.53,4.05,106,35,292,328
34.74,-119.93,detrital,6.16,113.8,204,0.18,22.1,48.3,81,1.14,2.96,99,42,294,406
34.74,-119.93,detrital,25,69.8,136.1,0.25,14.41,26.9,60.3,1.17,2.49,158,28.7,307,275
34.74,-119.93,detrital,35.3,110,197,0.69,24.3,44.5,86.9,1.34,3.84,258,46.2,312,418
34.74,-119.93,detrital,12.03,30.9,72.6,0.37,5.75,13.48,53.7,0.25,0.89,127,18.5,322,209.3
34.74,-119.93,detrital,28.5,213,285,2.74,68.6,71.7,88.1,10.5,16.2,287,55.4,322,474
34.74,-119.93,detrital,4.96,86.4,124.3,0.1,22.8,29.8,36.6,1.36,3.9,240,22,325,221
34.74,-119.93,detrital,7.62,143,257,1.14,35.3,56.2,102,3.18,5.88,194,53.7,328,485
34.74,-119.93,detrital,3.1,87.4,160,0.05,18.5,34.9,55,0.88,2.62,122,33.3,333,291
34.74,-119.93,detrital,56.3,106.6,216,3.02,25.5,45.5,102.5,9.9,7.11,247,50.2,336,483
34.74,-119.93,detrital,10.6,37.8,86.6,0.55,7.3,16.03,60.6,0.51,1.48,131,22.6,337,230
34.74,-119.93,detrital,2.06,77.8,152,0.06,17.4,32.7,63.4,0.81,1.86,88,32.8,347,326
34.74,-119.93,detrital,2.29,73,132,0.07,15.6,29.9,55.6,0.74,2.07,122,28.6,358,271
34.74,-119.93,detrital,0.74,229,414,0.1,40,96.6,161,0.93,4.54,63,90.8,361,806
34.74,-119.93,detrital,14.1,64.5,153,0.14,9.9,30,84.8,0.38,1.36,131,37,376,353
34.74,-119.93,detrital,7.61,114,181,0.53,37.7,40.8,64.7,5.03,7.41,207,35.9,378,321
34.74,-119.93,detrital,2.39,153.7,253.8,0.09,32.9,58,88.3,1.93,5.17,185,50,385,411
34.74,-119.93,detrital,4.31,11.6,44.8,0.16,1.52,6.17,74.2,0.06,0.17,73,13.5,403,215
34.74,-119.93,detrital,4.57,18.7,34.6,0.09,3.93,7.38,22.5,0.33,0.76,57,7.69,419,86.4
34.74,-119.93,detrital,7.69,23.4,42.7,0.18,5.57,8.59,22.5,0.36,0.89,77,10.28,422,109.5
34.74,-119.93,detrital,3.1,179,312,0.15,40.2,68.1,104.7,2.17,6.26,222,58,430,614
34.74,-119.93,detrital,3,113,191,0.06,22.7,44.2,71.9,0.76,3.35,171,39.2,450,366
34.74,-119.93,detrital,38.6,48,104,0.62,11.9,20.9,60.2,0.85,2.29,200,25.2,454,272
34.74,-119.93,detrital,3.43,110,189,0.12,23.4,42.7,76.1,0.97,3.39,185,41.5,465,392
34.74,-119.93,detrital,13.22,120,193.4,0.49,37.9,45.4,67.9,3.6,7.9,282,38.3,471,361
34.74,-119.93,detrital,1.91,223,405,0.06,38.5,91.6,152.8,1.1,4.72,215,81.6,490,717
34.74,-119.93,detrital,4.31,113.8,194,0.23,30.2,46.2,73.9,1.97,4.94,182,40.5,492,381
34.74,-119.93,detrital,1.82,237,471,0.15,49.9,98,159,1.65,5.8,155,93,495,850
34.74,-119.93,detrital,21.9,97,164,0.47,21,39.7,69.6,1.33,2.96,241,37.2,573,333
34.74,-119.93,detrital,3.84,98.7,184,0.02,17.4,40.5,73.2,0.66,1.98,199,42.2,620,381
34.74,-119.93,detrital,4.63,213,368,0.11,51.6,81.4,120.2,3.52,7.64,345,74,640,686
34.74,-119.93,detrital,9.3,66.5,143,0.13,12.2,28.9,70.4,0.47,1.41,80,34.3,656,341
34.74,-119.93,detrital,23.6,56.8,123,0.14,11.1,25.1,65,0.67,1.45,261,30,663,295
34.74,-119.93,detrital,3.44,326,576,0.29,72.3,135.5,179,5.77,11.27,393,107.8,695,946
34.74,-119.93,detrital,9.97,145,225,0.7,39.1,52,81.1,5.22,8.61,521,45.8,727,397
34.74,-119.93,detrital,60.4,150,280,1.54,34.9,61.6,134.8,2.25,5.58,866,62.9,738,594
34.74,-119.93,detrital,1.93,20.6,16.3,0.15,15.8,4.91,3.6,5.79,9.6,132,2.27,806,25.2
34.74,-119.93,detrital,48.8,131,285,0.82,25.9,57,153,1.92,4.5,740,66,849,638
34.74,-119.93,detrital,3.36,353,642,0.12,63,137.3,229.3,2.24,7.29,322,128.3,870,1096
34.74,-119.93,detrital,28.8,39,63.5,1.73,11.5,13.4,38.5,2.5,3.49,249,14.2,1095,191
34.74,-119.93,detrital,15.7,228,372,0.31,59.1,81.8,134,5.5,12.8,717,73.1,1129,630
34.74,-119.93,detrital,2.24,105,221,1.8,18.5,44,146,1.26,3.9,103,55.7,1598,631
34.74,-119.93,detrital,49.1,118,253,0.8,26.8,49.4,133,1.59,3.89,1205,64.6,2205,636
34.74,-119.93,detrital,10.9,101.7,134.6,3.04,37.3,33.8,38.7,6.98,9.5,18,24.3,18,211
34.74,-119.93,detrital,7.45,32.7,54,0.08,7.52,12.57,20,0.47,1.31,13,11.2,48,103.1
34.74,-119.93,detrital,5.52,58.7,102,0.34,11.1,22.3,43,0.73,1.55,32,22.9,50,208
34.74,-119.93,detrital,5.89,66.8,124,0.3,18.6,25.7,44.4,1.26,3.64,26,23.5,56,202
34.74,-119.93,detrital,0.72,7.03,28.8,0.06,1.11,3.91,42.3,0.08,0.09,2,9.81,57,139
34.74,-119.93,detrital,3.84,28.8,64.5,0.35,6.06,12.7,31.6,0.27,1.01,18,15.1,58,146
34.74,-119.93,detrital,6.08,42.6,75.8,0.27,10.07,16.87,34.7,0.71,1.48,27,16.76,59,164.8
34.74,-119.93,detrital,50.9,81.9,134,1.26,23.1,30.1,47.5,1.96,4.91,82,28.5,71,228
34.74,-119.93,detrital,26.18,60.5,121,0.58,12.52,25.1,55.4,0.67,2.26,61,26.5,76,260
34.74,-119.93,detrital,4.22,6.98,21.6,0.06,1.08,3.46,21.2,0.09,0.13,19,5.98,78,76.7
34.74,-119.93,detrital,13.52,177,296,1.01,53.8,67.3,95.9,3.27,9.92,37,54.4,94,469
34.74,-119.93,detrital,4.19,25.6,70.7,0.38,4.36,13.21,69.1,0.44,0.87,25,20.1,98,249
34.74,-119.93,detrital,11.01,81.9,125,1.3,30,29.8,46.7,2.98,6.75,47,25.9,102,229
34.74,-119.93,detrital,10.99,46.4,77,0.38,11.1,17.47,34.5,1.01,2.03,54,17.75,106,159
34.74,-119.93,detrital,2.84,20.6,44.8,0.46,5.2,8.1,35.3,0.86,0.74,27,12.4,107,141
34.74,-119.93,detrital,2.92,77,172,0.58,14.8,34.1,107,0.75,1.91,41,43.4,116,442
34.74,-119.93,detrital,41.4,80.8,164.4,0.5,17.16,34.4,75.8,1.03,3,184,36.2,117,342
34.74,-119.93,detrital,10.2,40,81,0.83,10,16.2,50,0.72,1.61,45,19.5,126,201
34.74,-119.93,detrital,0.98,189,331,0.1,41.3,76,133,2.52,5.8,50,66,131,610
34.74,-119.93,detrital,39.7,56.5,95.8,0.91,19.6,23.24,37.6,2.49,4.56,186,21.1,139,185
34.74,-119.93,detrital,23,69.6,116.5,0.2,25.9,25.5,49.6,22,13.3,79,26.3,141,238
34.74,-119.93,detrital,17.76,67.9,110.1,0.59,16.5,24.6,46.1,1.98,3.33,110,24.4,141,224.8
34.74,-119.93,detrital,4.66,27.4,45.4,0.13,6.08,9.96,19.3,0.49,1.03,35,9.55,144,90.3
34.74,-119.93,detrital,8.76,38,69.3,0.16,8.6,14.8,28.5,0.92,1.92,95,14.4,144,129.4
34.74,-119.93,detrital,10.3,57,106,1.02,12.1,22,58,0.79,1.62,84,24.1,155,244
34.74,-119.93,detrital,11.17,38.7,99.6,0.05,5.16,18,54.6,0.16,0.42,19,25.8,160,272
34.74,-119.93,detrital,1.1,125,233,0.06,22.5,49.9,98,1.15,3.26,56,51.8,164,464
34.74,-119.93,detrital,10.75,60.6,106.6,0.42,15.3,23,42.8,1.36,3.31,48,21.92,167,210.5
34.74,-119.93,detrital,0.98,167,320,0.08,37.2,68,120.8,1.42,5.27,52,66.1,167,596
34.74,-119.93,detrital,10.59,60.7,124.7,0.25,11.2,26.2,68.4,0.55,1.55,65,28.09,170,309
34.74,-119.93,detrital,1.61,218,352,0.29,46.3,81.3,133.1,2.38,6.66,67,74.1,172,642
34.74,-119.93,detrital,13.25,133,249,0.56,26.9,53.8,97.4,1.15,3.63,108,53.3,173,484
34.74,-119.93,detrital,14.53,54.7,108,0.63,13,23.1,61,0.88,2.36,84,25.5,189,267
34.74,-119.93,detrital,7.77,75,162,0.54,18,32.3,73,0.77,3.07,99,36,189,348
34.74,-119.93,detrital,18.3,156,278,1.38,37.5,61.2,114.4,3.36,6.64,102,55.3,190,553
34.74,-119.93,detrital,13.3,84,160,0.98,18,34.1,82.8,1.88,3.95,123,38.7,194,366
34.74,-119.93,detrital,12.3,58.2,134,1.04,14.2,24.3,77,0.84,2.36,76,31.7,196,308
34.74,-119.93,detrital,7.26,90,159,0.42,23.5,36.2,63.2,1.52,3.83,90,36.2,200,303
34.74,-119.93,detrital,6.98,70.7,154,0.3,15.6,29.5,56.7,1.07,3.09,95,31.1,204,266
34.74,-119.93,detrital,13.66,69.3,145,0.58,15,28.6,71.2,0.74,1.99,122,32.9,205,334
34.74,-119.93,detrital,23.8,57.3,97.4,0.41,14.45,21,43.2,4,2.93,111,20.85,206,198
34.74,-119.93,detrital,10.1,114,258,0.36,20.2,49.8,124,0.82,3.29,55,58.1,209,556
34.74,-119.93,detrital,9.6,41.2,104,0.74,8.69,18.6,66.5,0.41,1.53,84,26.4,212,267
34.74,-119.93,detrital,26.8,34.1,55.7,0.35,9.7,12.19,26.8,1.28,2.25,313,13.6,214,126
34.74,-119.93,detrital,45.9,101,197,1.68,26.9,42.8,97.3,2.44,5.31,249,44.8,218,452
34.74,-119.93,detrital,33.6,53,129,0.74,16.1,23.3,67.1,7.1,3.34,235,28.3,225,280
34.74,-119.93,detrital,8.14,34.3,71,0.58,8.3,14.8,42.9,1.07,1.67,121,16.4,231,178
34.74,-119.93,detrital,2.08,109.6,219.9,0.1,21.3,44.4,90.9,0.64,2.38,73,45.4,233,418
34.74,-119.93,detrital,5.76,102,175,0.99,21.1,37.8,78,1.58,3.41,81,37.5,239,360
34.74,-119.93,detrital,14.93,50.2,106.8,0.13,10.3,22,50.7,0.68,1.78,118,25.3,243,234
34.74,-119.93,detrital,12.86,59.8,73.2,0.06,18,19.6,20.5,1.27,3.7,314,13.14,540,107.3
34.74,-119.93,detrital,3.91,14.61,54.7,0.11,2.1,8.16,69.5,0.08,0.14,67,16.1,554,224
34.74,-119.93,detrital,13.2,48.2,107.2,0.37,10.1,21.9,63.8,0.54,1.93,207,25.9,560,275
34.74,-119.93,detrital,6.8,120.1,205,0.19,29,46.1,79.9,2.11,4.56,153,45.2,561,369
34.74,-119.93,detrital,2.34,181,345,0.06,30.8,76,134,1.18,4.2,129,75,578,710
34.74,-119.93,detrital,28,78,162,0.73,16.6,32.2,83.4,11.3,4.1,154,38.5,615,379
34.74,-119.93,detrital,2.26,102,175,0.24,19.1,40.4,73.2,0.98,2.26,51,40.6,624,357
34.74,-119.93,detrital,44.3,85,183,1.77,20.7,34.5,102.6,2.7,4.8,870,41.7,628,422
34.74,-119.93,detrital,34.8,454,511,20.5,127,135,150,32,42,301,95,643,810
34.74,-119.93,detrital,0.78,235,539,0.13,28.4,99,232,0.41,2.74,48,120.7,701,1125
34.74,-119.93,detrital,0.32,113.2,183,0.09,18.8,43.3,56.5,0.5,2.05,31,37.7,702,303
34.74,-119.93,detrital,46.9,249,510,2.05,41.8,106.9,249,1.65,5.26,396,117,734,1100
34.74,-119.93,detrital,1.92,136.4,351,0.15,17.9,67.3,180.1,0.57,2.36,59,85.3,770,837
34.74,-119.93,detrital,16.6,50.1,171,0.31,6.6,26.1,143.2,0.21,0.57,224,50.7,822,551
34.74,-119.93,detrital,62.6,176,382,1.61,36.3,72,151,3.1,5.8,651,81,868,739
34.74,-119.93,detrital,0.29,60.1,30.5,0.07,17.9,12.4,4.6,0.42,1.99,16,4.3,1018,27.1
34.74,-119.93,detrital,5.61,97,241,0.21,19.5,47.4,121,0.83,2.9,325,56.1,1085,515
34.74,-119.93,detrital,57.3,639,1030,0.32,142,240,292,7.2,20.8,677,193,1160,1440
34.74,-119.93,detrital,85,122,270,1.43,24.2,53,150,1.73,4.3,966,66,1280,650
34.74,-119.93,detrital,11.05,35,77.7,0.29,8.89,14.63,33.5,0.62,2.08,530,16.2,1326,161
34.74,-119.93,detrital,151.5,1044,1296,51.7,458,333,407,82.6,134.6,3270,261.7,1418,2046
34.74,-119.93,detrital,23,193,400,0.58,32.4,84,194,2.3,4.8,660,90,2091,860
34.74,-119.93,detrital,3.23,118.5,261,0.9,21.6,52.8,137.7,0.93,3.41,16,56.8,41,595
34.74,-119.93,detrital,3.42,158.3,226.7,1.53,43.1,54.3,73.9,4.47,10.68,20,42,51,375
34.74,-119.93,detrital,6.88,76.6,124,0.18,17.4,28.3,44.5,1.5,3.18,36,27.9,71,233
34.74,-119.93,detrital,4.32,59.8,82.4,0.82,15.6,19.4,29.1,0.92,2.98,32,15.6,82,154
34.74,-119.93,detrital,11.38,55.6,91.5,0.48,13.05,20.6,35,1.06,2.52,27,18.4,86,172.3
34.74,-119.93,detrital,14.23,37.4,71.4,0.52,7.71,13.35,34.1,0.44,1.67,58,15,106,154.2
34.74,-119.93,detrital,5.14,64.2,112,0.3,13.2,21.9,47.7,1.08,2.1,50,23.4,123,232
34.74,-119.93,detrital,7.99,55.8,105.2,0.09,10.8,23.1,42,0.55,1.37,59,21.4,127,201
34.74,-119.93,detrital,6.6,73.8,132.8,0.44,15.2,29.2,50.6,0.87,2.4,54,29.8,129,257
34.74,-119.93,detrital,15.4,82.4,150.9,0.38,13.9,29.7,69.6,0.69,2.56,95,30.6,142,337
34.74,-119.93,detrital,7.97,44.2,97.6,0.97,9.68,18.8,71.7,0.56,1.18,49,24.8,145,282
34.74,-119.93,detrital,8.61,68.5,123.9,0.66,14.3,23.9,53.7,1.17,2.65,70,24.7,149,263
34.74,-119.93,detrital,10.92,102.8,168,0.75,22.4,39,60.9,1.52,3.9,84,39.3,152,325.6
34.74,-119.93,detrital,3.63,78,147.1,0.41,14.8,30.3,57.2,0.73,2.11,48,30.9,155,289
34.74,-119.93,detrital,4.34,87.7,181,0.19,15.25,34,80.3,0.65,1.95,42,36.2,157,391
34.74,-119.93,detrital,20.5,201,290,1.65,55.4,64.6,90.4,8.7,13.1,121,52.2,158,507
34.74,-119.93,detrital,10.85,81,132.2,0.23,15.7,30.3,52.5,1.13,3.24,58,28.1,175,270
34.74,-119.93,detrital,4.53,95.7,198,0.32,15.4,37,85.2,0.72,2.63,62,39.5,181,401
34.74,-119.93,detrital,6.43,62.6,116.8,0.38,14.3,24.3,57.8,0.87,1.9,71,25.1,182,258
34.74,-119.93,detrital,21.3,136.1,229,0.8,33,53,84.2,2.48,7.02,68,47.1,190,432
34.74,-119.93,detrital,6.88,11,31.6,0.13,1.76,4.99,32.1,0.04,0.33,44,9.62,202,117
34.74,-119.93,detrital,5.9,116,216,0.34,24.1,46,84,1.26,3.6,93,44,206,412
34.74,-119.93,detrital,4.33,98.2,161.9,0.57,20,37.3,61.3,0.97,3.32,80,33.9,208,320
34.74,-119.93,detrital,5.96,121.1,216,0.35,21.9,45.8,89.1,0.76,2.76,81,41.6,209,431
34.74,-119.93,detrital,7.3,79,142,0.3,14.3,28.9,56.9,0.79,2.55,81,30.9,209,301
34.74,-119.93,detrital,5.33,107.7,205,0.32,19.4,44,87.4,0.92,2.45,70,45.2,210,415
34.74,-119.93,detrital,12.09,97,205.9,0.87,16.5,36.7,114.2,0.94,2.37,113,44.9,211,501
34.74,-119.93,detrital,21.3,31.4,72.9,0.12,5.82,12.99,44.6,0.5,1,158,17.4,211,197
34.74,-119.93,detrital,5.04,75,132.2,0.36,15.8,28.8,54,0.84,2.18,82,25.2,215,259
34.74,-119.93,detrital,6.03,77.2,139.5,0.28,16.4,30.7,51.8,0.89,2.27,95,30.1,218,275
34.74,-119.93,detrital,14.32,232,334,0.69,63.1,80.4,107.7,11.05,14.4,122,70.9,220,563
34.74,-119.93,detrital,10,365,606,1.91,76,124.1,208,3.38,9.6,109,106.9,222,1058
34.74,-119.93,detrital,6.18,119,210,0.27,21.5,47.7,84.8,0.82,2.63,92,45.5,224,429
34.74,-119.93,detrital,10.62,204,365,0.77,38.5,72.9,136,1.58,5.6,82,71.3,233,698
34.74,-119.93,detrital,11.7,134.2,207,0.71,33.2,43.8,75.9,3.17,5.75,166,37.4,263,395
34.74,-119.93,detrital,9.09,129.9,236,0.29,25.5,50,95.2,1.27,2.81,128,50.6,264,475
34.74,-119.93,detrital,5.37,88.7,163,0.46,19.85,36.6,59.6,0.96,3.43,111,31.4,273,301
34.74,-119.93,detrital,4.88,99.3,191,0.09,14.8,34.7,76.5,0.44,1.72,56,38.3,284,382
34.74,-119.93,detrital,2.54,70.6,130,0.07,14.5,26.6,52.2,0.56,1.77,74,26.61,290,266
34.74,-119.93,detrital,7.74,152.4,280,0.48,28,57.8,112.4,1.17,3.56,122,53.1,297,554
34.74,-119.93,detrital,9.96,124,233,0.7,22.3,44.1,100.6,1.56,3.88,160,47,299,466
34.74,-119.93,detrital,9.91,115.6,227,0.82,19.9,48.2,103,1.28,3.79,130,51.3,302,494
34.74,-119.93,detrital,5.46,228.1,382,1.66,56.8,84.7,121.4,3.85,8.98,164,69.3,302,623
34.74,-119.93,detrital,7.17,133.1,255,0.38,24.5,52.9,103.8,1.07,3.11,130,56.3,328,507
34.74,-119.93,detrital,7.91,77.9,171.7,0.31,13.53,35.1,88.7,0.61,1.79,142,37.9,432,403
34.74,-119.93,detrital,22.9,242,347,1.71,59.2,85.7,110,3.47,8.87,251,65.7,432,596
34.74,-119.93,detrital,15.4,281,485,2.03,65.5,106,190,4.97,10.77,210,92.2,433,1000
34.74,-119.93,detrital,3.71,118.1,201.9,0.14,23.9,40.8,77.2,1.62,3.7,187,37.7,442,386
34.74,-119.93,detrital,10.7,160.5,263,0.57,33.8,58.1,86.5,2.86,6,273,54.3,466,450
34.74,-119.93,detrital,14.4,141.9,271,0.3,27.5,59.1,130.3,1.44,5.15,117,60.8,527,648
34.74,-119.93,detrital,8.2,233,253,0.67,89,64,68.5,18.2,32.7,445,44.5,533,393
34.74,-119.93,detrital,5.8,354,514,0.78,94.1,127,162,7,17.8,352,98.4,536,870
34.74,-119.93,detrital,9.77,145,233,0.7,33.4,52.9,84.9,1.87,4.8,371,44.1,564,423
34.74,-119.93,detrital,10.02,89.5,174,0.27,17.1,36.6,77.2,0.71,2.69,262,36.4,577,379
34.74,-119.93,detrital,11.9,95.6,187,0.41,17.1,40.1,92,0.78,3.11,367,43.1,611,451
34.74,-119.93,detrital,12.71,173.7,338,0.63,32.9,63.9,127.5,2.17,5.39,247,65.2,659,638
34.74,-119.93,detrital,15.1,107,234,0.44,16.4,43.4,110,2,3.19,394,51.6,759,498
34.74,-119.93,detrital,24.9,261,438,0.76,51,99.8,154,2.67,7.42,535,94.5,812,822
34.74,-119.93,detrital,19.4,173,296,0.49,32.2,67.2,111.6,1.23,5.38,407,59.7,865,558
34.74,-119.93,detrital,16.3,260,483,0.86,51.1,104,184,3.44,8.8,349,103,903,894
34.74,-119.93,detrital,6.06,75.1,190.8,2.04,11.9,33.5,132.2,4.54,3.42,76,49,943,596
34.74,-119.93,detrital,14.8,256,410,0.83,58.2,104,133,3.81,8.6,584,89,956,695
34.74,-119.93,detrital,26,331,550,0.95,65.1,127.1,189,2.78,10.01,839,106.4,982,983
34.74,-119.93,detrital,19.3,318,544,1.14,65.7,123.9,195.2,4.91,11.4,454,117.6,1041,1016
34.74,-119.93,detrital,9.2,283,403,0.25,62.2,95.9,115.4,4.39,11.6,792,78.9,1045,665
34.74,-119.93,detrital,25.8,184.1,332,0.64,38.3,73.4,120.2,5.12,5.99,522,64.7,1065,602
34.74,-119.93,detrital,12.41,343,593,0.16,73,125.9,206,3,9.1,494,111.5,1106,1061
34.74,-119.93,detrital,28.3,143.6,349,0.04,13.8,57.9,219.1,0.18,1.27,119,94.7,1174,1013
34.74,-119.93,detrital,17.4,254,529,3.87,49,93.5,283,11.5,11.8,205,127,1505,1420
34.74,-119.93,detrital,32.2,307,516,0.81,61.1,121.4,189,2.69,9.5,942,99.2,1656,964
34.74,-119.93,detrital,32.5,318,542,0.98,66.8,112.9,191.7,3.32,10.31,1012,108.8,1759,1009
34.73,-119.94,detrital,3.8,87.9,169,0.45,11.9,33.7,67.3,0.3,1.6,11,36.2,27,352
34.73,-119.94,detrital,6,101.9,202.9,0.54,18.9,42.9,78.9,0.58,2.67,22,43.1,39,432
34.73,-119.94,detrital,7.26,52.3,100,0.21,7.8,19.82,44,0.37,1.18,80,23.9,199,229.4
34.73,-119.94,detrital,9.5,226,364,1.41,44.7,80.3,131.7,2.84,9.1,130,73,215,684
34.73,-119.94,detrital,9.4,82.5,149.6,0.2,13.1,31.2,60.9,0.83,3.1,116,28.1,233,293
34.73,-119.94,detrital,3.4,54.3,105.6,0.26,8.2,21.38,47,0.85,1.18,77,22.9,237,229
34.73,-119.94,detrital,6.63,65.5,124.6,0.24,12.5,26,56,0.46,1.8,104,28.1,257,277
34.73,-119.94,detrital,7.5,89,162.5,0.36,15.4,33.8,64.1,0.79,2.83,128,33.4,257,326
34.73,-119.94,detrital,11,58.2,103.6,0.23,8.9,21.7,47.1,0.58,1.35,111,23.2,258,231
34.73,-119.94,detrital,7.42,49.6,95.7,0.2,8.17,20.29,43.4,0.43,1.43,99,22,266,214.4
34.73,-119.94,detrital,4.4,94.3,159.1,0.06,16.2,34.9,63.2,0.58,2.17,99,35.4,283,322
34.73,-119.94,detrital,7.7,72.1,128,0.28,11.6,27.2,58.6,0.43,1.89,115,29.6,286,296
34.73,-119.94,detrital,7.5,50.8,99,0.49,9.2,19.6,55.8,0.82,2.01,141,23.3,292,257
34.73,-119.94,detrital,5.1,77.5,153.2,0.31,14.9,31.9,71.8,0.43,2.09,114,35.8,298,345
34.73,-119.94,detrital,9,67,127.5,0.33,12.3,26.4,56.3,0.44,1.86,131,27.6,307,273.7
34.73,-119.94,detrital,9.15,90.2,176.4,0.29,16.4,38.2,79.2,0.64,2.67,126,39.4,319,390
34.73,-119.94,detrital,9.1,68.2,130.1,0.23,10.4,24.9,53.4,0.52,1.59,140,27,321,262
34.73,-119.94,detrital,7.9,82.2,145.7,0.38,13.5,31.5,60.2,0.55,2.59,147,30.8,322,303
34.73,-119.94,detrital,7.7,82,155.9,0.46,12.1,31.1,69.4,0.76,2.3,129,34.3,328,334
34.73,-119.94,detrital,3.4,74.5,166,0.59,11.3,31.4,84.1,0.63,1.59,108,38.2,335,408
34.73,-119.94,detrital,6.6,119.4,207.6,0.5,22.9,43.4,80.1,0.64,3.33,180,42.9,335,413
34.73,-119.94,detrital,7.7,100,181,0.37,17.9,38.3,76.4,1.09,2.5,156,39.8,337,391
34.73,-119.94,detrital,9.1,110.4,193,0.43,21.5,42.5,79.8,1,2.96,175,42.4,340,412
34.73,-119.94,detrital,10,66.2,125,0.4,12.2,25.3,55.6,1.83,2.21,165,26.6,358,274
34.73,-119.94,detrital,7.1,73.1,149,0.19,11.9,28,69.1,0.43,1.8,152,31,388,323
34.73,-119.94,detrital,8.4,80,144.4,0.38,14.8,29.4,61.2,0.61,2.3,208,30.7,397,304
34.73,-119.94,detrital,7.5,115,204,0.45,20.8,42.5,84.3,1.29,3.04,226,43.8,407,428
34.73,-119.94,detrital,9,79.8,153.5,0.27,13.2,31.4,70.9,0.58,1.93,161,35.2,412,356
34.73,-119.94,detrital,7.5,86.6,170.1,0.21,12.4,34.3,85.9,0.55,1.59,139,40.1,414,408
34.73,-119.94,detrital,8.2,95.1,184,0.24,15.2,36,81.5,0.58,2.13,173,40.3,416,398
34.73,-119.94,detrital,4.8,99.9,202.3,0.62,15.9,42.3,93.5,0.82,2.55,146,46.4,436,453
34.73,-119.94,detrital,10.2,159,278,0.48,29.2,57.7,103,1,3.5,258,56.3,452,543
34.73,-119.94,detrital,64.1,72.4,129.1,0.77,19.7,27.3,63.4,32.6,12.8,188,30,456,303
34.73,-119.94,detrital,13.6,164.5,267,0.54,30,57.4,95.3,1.37,5.62,281,56.8,456,518
34.73,-119.94,detrital,10.4,69.6,145,0.23,9.79,28.8,67.8,0.46,1.26,167,32.6,464,334
34.73,-119.94,detrital,8.7,107.4,204,0.42,17.4,41.9,92.6,0.79,3.16,170,45.2,472,455
34.73,-119.94,detrital,4.2,76,150.6,0.22,12.3,31.7,75.5,0.49,1.31,162,36.4,478,362
34.73,-119.94,detrital,7.3,107,204,0.38,19.6,42.5,87.9,0.82,3.74,224,44.7,480,456
34.73,-119.94,detrital,6.6,67.7,137,0.31,9.8,27.4,66.7,0.76,1.39,180,31.95,482,327
34.73,-119.94,detrital,8.2,82.6,172.4,0.39,14.4,35.3,88,0.94,2.38,167,41.2,483,436
34.73,-119.94,detrital,14.2,107.3,194,0.36,20.2,43.8,75.5,0.55,2.96,264,42.4,505,403
34.73,-119.94,detrital,9.7,68.3,135.7,0.34,10.2,27.5,64.4,0.82,1.51,208,31.5,524,307
34.73,-119.94,detrital,7.8,119,224,0.44,21.1,44.8,101.7,0.85,3.5,240,50.9,532,498
34.73,-119.94,detrital,9.5,121.1,239,0.42,20.6,48.1,107.5,0.76,3.41,217,51.8,539,501
34.73,-119.94,detrital,11.9,192,334,1.27,38.2,71.2,137.6,2.84,8.3,300,69.7,540,679
34.73,-119.94,detrital,8.7,157.1,288,0.83,29.1,59.5,109.6,1.98,6,294,61.9,547,574
34.73,-119.94,detrital,9.3,126,273,0.49,19.3,53.7,128.1,0.76,2.54,195,60,548,617
34.73,-119.94,detrital,10,168,306,0.71,31.5,63.3,120.7,1.79,6.2,304,63.2,550,610
34.73,-119.94,detrital,7.8,81.9,166.4,0.42,13.9,32.8,73.6,0.52,2.05,245,36.3,554,366
34.73,-119.94,detrital,7.44,87.2,179.2,0.26,12,35.1,95.2,0.49,2.3,157,44.8,555,461
34.73,-119.94,detrital,9.8,81.5,153.7,0.23,11.4,31.7,72.7,0.76,2.71,222,35.2,557,367
34.73,-119.94,detrital,31.1,76.2,157.5,0.43,16.3,30.9,69.7,9,3.6,219,33.98,561,339
34.73,-119.94,detrital,11.9,157.6,287,0.57,29.5,62.1,115.2,1.54,5.5,308,62.2,564,561
34.73,-119.94,detrital,6.4,80.7,163.1,0.27,12.6,32.2,75.5,0.52,2.05,212,37.9,568,364
34.73,-119.94,detrital,11.9,190,324,1.07,37,70.9,128.1,2.04,6.1,294,71,579,673
34.73,-119.94,detrital,13.1,189.3,338,1.05,38.1,71.1,124.2,1.92,7,335,68.2,584,651
34.73,-119.94,detrital,14.4,98.2,194.2,0.55,16.1,39,104.6,0.72,2.37,189,46.9,586,480
34.73,-119.94,detrital,11.2,90.6,177,0.35,13.8,35.9,79.3,0.55,1.93,223,40.6,586,389
34.73,-119.94,detrital,13.1,216,364,0.94,42.1,81.8,129.8,2.48,7.4,389,74.6,586,695
34.73,-119.94,detrital,10.4,203,331,1.16,42.4,76.3,127.1,1.67,6.9,324,71,591,638
34.73,-119.94,detrital,10.5,46.6,89.7,0.23,9.5,18.1,43.5,0.44,1.67,143,20.4,614,216.8
34.73,-119.94,detrital,10.2,160.9,284,0.59,27,59.4,120.8,1.03,4.65,325,61.9,616,597
34.73,-119.94,detrital,10.4,162,285,0.48,28.6,59.7,116.8,1.03,4.5,307,60.2,618,597
34.73,-119.94,detrital,3.2,111.6,209.6,0.44,18.4,42,98.1,0.8,3.03,127,46.4,626,466
34.73,-119.94,detrital,10.6,87.2,176.8,0.26,12.7,35.3,84.2,0.31,2.17,241,39.4,626,415.3
34.73,-119.94,detrital,11.5,82.9,160,0.25,13.1,33.7,78.7,0.8,2.13,260,36.9,632,376
34.73,-119.94,detrital,29.7,153.8,223.3,1.58,39.5,51.4,84.5,4.27,10.5,406,46.1,662,455
34.73,-119.94,detrital,9.9,89.7,179,0.4,15.2,36.2,80.9,0.7,1.97,270,40.1,674,404
34.73,-119.94,detrital,9.9,115.2,247,0.4,16.7,47.6,117.1,0.61,2.92,234,57.7,682,584
34.73,-119.94,detrital,9.9,100.6,223,0.27,15.6,42.3,116.1,0.7,2.09,222,51.4,708,528
34.73,-119.94,detrital,11.2,221,381,1.26,38,80.7,153.4,2.3,9.2,422,82.2,730,811.3
34.74,-119.92,detrital,3.35,45.3,79.9,0.25,10.7,16.89,28.4,0.6,1.68,21,15.94,75,157.6
34.74,-119.92,detrital,5.05,51.8,84.8,0.36,14.5,17.5,27.4,1.11,1.38,44,15.57,76,152.2
34.74,-119.92,detrital,3.78,47.8,83,0.17,13.3,18.29,30.6,1.27,2.15,29,16.57,80,163.6
34.74,-119.92,detrital,5.09,25.7,56.3,1.02,6.8,10.32,35.3,0.65,1.58,26,12.27,81,150
34.74,-119.92,detrital,40.3,82.6,169.7,0.7,17.8,32.9,75.8,1.4,2.47,47,36.8,82,384
34.74,-119.92,detrital,8.77,51.3,83.6,0.72,14.9,17.1,30.4,1.17,2.23,37,16.3,83,162.2
34.74,-119.92,detrital,6.09,35,95.1,0.87,7.9,16.31,69.8,0.78,1.41,22,23.03,84,294
34.74,-119.92,detrital,10.17,58.9,102.2,1.04,16.5,21.6,46,1.09,1.94,36,23,86,233.4
34.74,-119.92,detrital,4.23,89.6,155.6,0.52,19.4,32.8,55.4,0.86,1.63,34,30.2,94,293
34.74,-119.92,detrital,5.55,37.6,69.7,0.89,9.9,13.9,35.4,0.44,0.86,39,14.88,95,167.8
34.74,-119.92,detrital,5.13,63.3,102.7,0.36,19.3,22.3,35.7,1.36,2.62,32,20.2,100,191.5
34.74,-119.92,detrital,13.67,59.9,109.6,0.4,14.7,22.4,43.8,1.19,2.02,49,21.4,103,228.6
34.74,-119.92,detrital,16.22,29.2,55.5,0.23,8,11.14,23,0.73,0.89,41,11.11,108,118.9
34.74,-119.92,detrital,13.29,113.9,161.2,3.36,38.9,35,52,3.85,6.4,91,28.45,109,273.2
34.74,-119.92,detrital,7.15,43.2,81.3,0.55,9.7,15.47,37.5,0.85,0.91,55,17.9,114,192.6
34.74,-119.92,detrital,33,81.1,162.5,0.56,16.3,32.5,72.4,0.86,1.85,69,35.7,114,374
34.74,-119.92,detrital,6.15,28.1,59,0.8,5.7,11.01,38.4,0.68,1.03,37,13.91,117,163.1
34.74,-119.92,detrital,9.31,197,372,2,51.6,75.9,142.9,2.36,5.1,81,73.8,121,758
34.74,-119.92,detrital,15.3,120.7,181.4,1.35,33.2,40,64,2.41,4.76,86,36.4,122,335
34.74,-119.92,detrital,8.48,69.2,116.5,0.26,18.9,23.75,40.6,1.33,2.7,62,22.2,124,215
34.74,-119.92,detrital,5.27,29.4,78.1,0.44,6.6,13,58.7,0.33,1.01,36,20.06,126,240.3
34.74,-119.92,detrital,15.47,56.3,105.7,0.41,13.7,22,40.3,1.04,2.17,86,21.8,127,220.3
34.74,-119.92,detrital,0.72,9.8,24,0.29,2.01,3.99,15.9,0.27,0.45,11,5.52,131,66.5
34.74,-119.92,detrital,32.2,113.6,186.5,2.77,34,39.8,65.5,5.64,5.67,111,35.4,136,349
34.74,-119.92,detrital,15.21,179,280,0.66,51.8,61.1,72.8,4.06,7.1,113,48.9,142,440
34.74,-119.92,detrital,26.3,149.2,271,1.71,40,56,107.9,2.74,4.35,184,56.6,142,554
34.74,-119.92,detrital,12.05,80.5,141.3,0.2,19.2,30.4,51.5,1.12,2.23,54,29.5,144,279
34.74,-119.92,detrital,9.5,53.2,107,0.29,14.4,20,37.1,0.63,1.08,50,20.1,145,209
34.74,-119.92,detrital,7.53,72.4,171.4,1.17,14.7,32.4,105.1,0.91,1.52,39,40.5,149,471
34.74,-119.92,detrital,15.9,117.4,222,0.91,25.9,45.7,88.8,1.31,2.74,92,45.9,150,464
34.74,-119.92,detrital,9.34,232.5,357,1.43,71.2,80.7,101,6.9,8.6,216,65.4,150,594
34.74,-119.92,detrital,13.39,59.9,117.2,1.2,16.7,22.3,57.9,1.44,3.17,96,24.3,156,278.5
34.74,-119.92,detrital,34.9,97.8,192.4,1.47,28.8,37.3,91.2,2.13,4.19,113,41.2,158,446
34.74,-119.92,detrital,9.07,65.6,121.5,1.03,20.3,23.5,47.3,1.97,2.9,71,24.44,177,238.8
34.74,-119.92,detrital,7.54,12.3,36.8,0.33,3.4,5.98,34.1,0.45,0.33,44,9.69,185,128.5
34.74,-119.92,detrital,8.36,48.7,91,0.22,9.5,18.2,32.7,0.8,1.78,57,17.96,187,178.9
34.74,-119.92,detrital,9.89,66.1,126,0.5,16.7,25.4,54.8,1.15,2.22,86,26.8,188,277
34.74,-119.92,detrital,12.64,69.3,146.2,0.92,17.9,26.6,81,0.56,1.8,79,30.9,194,370
34.74,-119.92,detrital,3.01,84.3,149.1,0.26,22.6,30.5,54.3,1.33,2.44,60,29,195,290
34.74,-119.92,detrital,10.97,131,192,0.45,39.7,43.5,60.5,3,6.3,88,36.7,200,343
34.74,-119.92,detrital,19.3,33.6,74.3,0.37,7.4,13.8,45.6,0.86,0.74,80,17.97,204,205
34.74,-119.92,detrital,19,99.8,152.3,0.25,33.6,34.11,47.2,2.09,4.46,54,28.1,208,279
34.74,-119.92,detrital,1.62,186,333,0.31,43,65.7,112.6,1.55,4.91,81,64.5,209,627
34.74,-119.92,detrital,17.6,127.6,264.6,1.42,35.8,50.8,120.7,2.77,5.7,114,54.5,209,578
34.74,-119.92,detrital,1.04,12.2,58.5,0.18,0.92,7.52,53.9,0.26,0.24,2,17.7,210,241
34.74,-119.92,detrital,14,337,487,0.51,84.8,112.4,125.2,5.6,9.8,121,90.2,210,738
34.74,-119.92,detrital,17,107,214,1.28,24.4,42,98.8,0.84,1.95,120,43.7,214,451
34.74,-119.92,detrital,8.53,52.3,104.8,0.35,13.1,19.5,54.3,0.76,1.95,89,24.2,215,262
34.74,-119.92,detrital,2.33,101,167,0.14,25.3,36.7,53.6,0.93,2.91,81,31.2,219,298
34.74,-119.92,detrital,7.95,48.4,79.9,0.09,12.5,17.1,31.5,0.59,1.38,46,17.01,222,178.2
34.74,-119.92,detrital,47.1,783,1616,0.96,123.8,304,610,3.39,10.8,100,334,225,3180
34.74,-119.92,detrital,42.9,145,243.8,1.96,36.6,51.9,102,2.95,5.46,148,51.2,230,523
34.74,-119.92,detrital,23.3,91.9,201.2,0.32,16.3,38.9,99,0.76,2.1,120,46,233,515
34.74,-119.92,detrital,32.7,71.3,117.4,0.52,21.5,24.2,40.6,1.66,2.9,107,22.5,235,222.2
34.74,-119.92,detrital,7.99,30.8,66.8,0.18,7.1,12.4,28.1,0.63,1.08,65,14.3,237,148.7
34.74,-119.92,detrital,11.3,41.2,73,0.89,11.2,14.8,40.7,0.62,1.31,125,17,241,197
34.74,-119.92,detrital,15.98,98.8,170.7,0.25,22.1,35.9,60.4,1.15,3.6,94,34,249,331
34.74,-119.92,detrital,3.86,55,124.6,0.68,12.4,22.6,72.3,0.72,1.69,57,28.5,252,331
34.74,-119.92,detrital,39.2,109,197.6,0.62,26.8,40.3,81.6,1.5,2.63,166,41.4,260,435
34.74,-119.92,detrital,18.7,155,286,0.81,33.6,58.1,106,1.54,2.83,153,55.8,263,574
34.74,-119.92,detrital,81.8,140.6,277,2.5,37.1,56.4,109.1,2.99,5.1,311,56.9,263,563
34.74,-119.92,detrital,6.01,13.4,8,1.37,15.1,2.48,1.4,1.83,3.04,63,1.21,264,8.7
34.74,-119.92,detrital,47.5,81.8,151.8,0.84,21.1,30.8,65.7,1.61,2.5,333,31.7,272,323
34.74,-119.92,detrital,73.5,284,470,4.44,78.6,97.9,163.9,7.1,11.9,307,91.9,284,890
34.74,-119.92,detrital,36.2,77.9,175.2,1.07,20.1,31.9,95.4,1.24,2.15,178,40.9,293,473
34.74,-119.92,detrital,17.49,36.7,78.4,0.55,9.2,15.39,46.3,0.54,1.42,156,18.3,321,215
34.74,-119.92,detrital,36.3,205.3,399,1.44,42.7,78.2,182.9,2.23,5.32,235,90.7,323,971
34.74,-119.92,detrital,17.6,81.7,166.2,0.35,17.9,32.8,70.1,0.73,1.78,122,35.5,334,368
34.74,-119.92,detrital,2.26,195.9,345,0.3,43.6,69.9,126.7,2.05,4.14,135,68.1,335,672
34.74,-119.92,detrital,22.1,163.5,334,1.32,31.1,63.8,154.9,1.33,3.54,223,71.6,346,755
34.74,-119.92,detrital,1.59,23.8,58.3,0.29,4.1,10.62,34.8,0.08,0.58,3,13.73,351,156.2
34.74,-119.92,detrital,2.81,100.4,169.1,0.09,25.4,34.3,55.5,1.68,2.77,123,33.2,351,308
34.74,-119.92,detrital,18.4,91.8,152.5,1.61,30.8,31.7,63,4.4,5.9,153,31,352,328
34.74,-119.92,detrital,4.46,79.7,155,0.15,18.7,30,56.3,0.78,1.59,119,29.2,384,299
34.74,-119.92,detrital,8.17,75.6,121.8,0.33,24,24.04,57.7,1.44,2.89,80,26.6,404,291
34.74,-119.92,detrital,16.19,162.3,273,1.96,43.3,58.3,111.4,3.76,5.59,271,58,412,613
34.74,-119.92,detrital,10.47,117.2,233,0.74,26.5,47.3,93.4,1.05,2.82,182,47.7,420,495
34.74,-119.92,detrital,10.07,103.7,206.6,0.15,21.2,41.2,74.2,0.75,1.74,170,41.2,462,423
34.74,-119.92,detrital,25.3,41.9,99.6,0.93,8.3,17.84,64.5,0.79,1.14,162,22.65,463,285.7
34.74,-119.92,detrital,13.34,93.9,145.3,0.3,30.5,32.1,52,1.93,3.7,252,29.4,470,270.6
34.74,-119.92,detrital,26,161.3,314,1.67,38.4,64,130.2,3.08,4.67,349,67,502,652
34.74,-119.92,detrital,10.75,61.8,149,0.79,14.7,25.5,91.9,0.83,2.24,281,35.7,542,414
34.74,-119.92,detrital,26.66,30.2,80.1,0.64,6.6,14,61.7,0.42,0.57,302,20.3,602,250
34.74,-119.92,detrital,4.81,279,435,0.22,78.6,97.9,122.7,5.04,10.2,321,76.8,611,709
34.74,-119.92,detrital,1.45,14.3,26.5,0.43,3.5,5.57,12.3,0.28,0.64,9,5.55,635,65.5
34.74,-119.92,detrital,26.8,138,238.9,0.36,31.1,50.6,88.6,1.87,3.22,241,50.1,653,488
34.74,-119.92,detrital,50,59.4,197,0.62,9.3,29.5,145,0.46,0.98,199,49.5,704,623
34.74,-119.92,detrital,35.5,150,230,7.6,46.2,50.4,84.3,15.5,11.7,270,44.6,738,448
34.74,-119.92,detrital,34.6,70,137,0.9,14.9,26.7,67.5,1.14,2.5,676,29.1,973,342
34.74,-119.92,detrital,1.27,38.4,57.2,0.08,14,13.19,19.3,0.66,1.4,38,11.22,1124,104
34.74,-119.92,detrital,5.27,24.5,49.5,0.14,7.2,9.04,36,0.48,1.38,70,12.47,1242,159
34.75,-119.92,detrital,2.41,45.1,81.6,0.55,8.4,15.5,34.8,0.36,1.41,6,16.8,10,176
34.75,-119.92,detrital,3.16,42.8,118.5,0.38,6.7,20.2,81.4,0.3,0.89,7,29.1,22,332
34.75,-119.92,detrital,4.07,266,500,2.53,54.7,104.4,151,2.06,7.79,18,94.9,25,769
34.75,-119.92,detrital,6.53,171,336,0.8,24.7,71.4,125.1,0.42,3.71,11,65.7,32,588
34.75,-119.92,detrital,1.45,7.2,21.2,0.11,1.18,4.29,15.9,0.15,0.09,76,5.62,37,58
34.75,-119.92,detrital,4.8,75,114,0.73,18.2,26.6,39,1.6,3.32,23,24.8,40,264
34.75,-119.92,detrital,4.68,22.7,67.8,0.33,4.1,11.4,49.1,0.24,0.58,14,17.5,41,191
34.75,-119.92,detrital,5.37,341,646,3.68,86.5,139.2,185,3.43,11.8,32,120.4,41,973
34.75,-119.92,detrital,3.63,198,346,1.43,38.3,79.4,145,2.25,6.33,20,80.6,48,754
34.75,-119.92,detrital,2.2,29.3,59.1,0.29,6.8,12.7,23.9,0.44,1.08,51,11.4,50,105.8
34.75,-119.92,detrital,9.5,58.3,98,1.63,15.4,21,50.9,1.5,3.37,47,23.8,55,224
34.75,-119.92,detrital,5.91,307,397,0.85,82.6,95.9,112.7,8,18,44,74.9,58,632
34.75,-119.92,detrital,3.2,43,93,0.49,8.5,18.1,41.6,0.41,1.61,22,23,61,205
34.75,-119.92,detrital,6.14,125.5,248,1.74,30.7,51.9,98.4,1.75,4.69,59,56.3,61,497
34.75,-119.92,detrital,4.24,94,168,1.62,23,39.7,56.8,0.97,3.64,67,36.1,65,296
34.75,-119.92,detrital,28.8,25.7,56.8,0.43,4.87,10.95,43,0.54,1.12,53,14.8,66,173.5
34.75,-119.92,detrital,22.6,317,638,1.44,63.2,125.7,213.7,2.14,7,31,146.3,68,1214
34.75,-119.92,detrital,2.39,82.4,141.9,0.07,18.2,31.6,43.1,0.79,1.97,35,27.5,70,221
34.75,-119.92,detrital,4.23,45.3,93.8,0.32,7.6,16.4,40.7,0.27,0.93,28,20,73,185
34.75,-119.92,detrital,2.66,35.6,136.2,0.51,5.7,19.4,134,0.39,0.97,16,42.1,84,482
34.75,-119.92,detrital,2.9,110,272,0.41,15.9,52.4,114.5,0.38,1.49,33,64.8,85,581
34.75,-119.92,detrital,4.84,51.4,97.1,0.3,7.74,19.6,44.2,0.42,1.26,33,20.6,86,198
34.75,-119.92,detrital,5.22,371,622,1.92,67.6,134,228,2.7,8.8,60,133.5,90,1211
34.75,-119.92,detrital,11,54.5,109.5,0.22,10.9,21.4,55.4,0.39,1.52,115,27.8,100,290
34.75,-119.92,detrital,7.02,88.8,158,0.15,18.1,33.5,54.5,1.1,2.93,42,33.7,103,298
34.75,-119.92,detrital,4.12,42.1,72.7,0.11,7.8,16.8,31.6,0.44,1.4,42,16.88,108,140
34.75,-119.92,detrital,4.05,82,263,0.61,12.2,44,190,0.64,0.99,47,74.4,113,829
34.75,-119.92,detrital,4.55,73.5,153.2,0.17,15.2,28.6,61.7,0.24,1.64,39,31.3,118,299
34.75,-119.92,detrital,4.7,46.6,102,0.28,10,21.4,40.5,0.59,1.27,45,23.4,118,200
34.75,-119.92,detrital,6.43,79.7,142,0.39,13.8,31.9,52,0.68,2.4,65,27.8,125,231.8
34.75,-119.92,detrital,6.67,58.2,107.6,0.19,9.4,23.2,49.9,0.44,1.39,52,24.1,126,231
34.75,-119.92,detrital,7.91,28.2,41.9,0.27,9,9.61,11.9,0.73,2.01,79,7.42,127,63.9
34.75,-119.92,detrital,5.82,46.7,83,0.19,8.2,18.5,39.4,0.28,1.21,51,17.2,128,174
34.75,-119.92,detrital,5.75,29.8,67.5,0.25,5.3,13.06,40.1,0.17,0.62,50,15.97,129,176
34.75,-119.92,detrital,6.17,139,368,0.8,20.4,63.7,197,0.59,1.4,62,85.8,147,880
34.75,-119.92,detrital,5.26,84,173,0.26,16.7,36.5,68.9,0.31,2.15,47,32.8,150,304
34.75,-119.92,detrital,1.47,66.2,114.7,0.12,12.9,27,43.2,0.55,1.71,61,22.19,150,198.8
34.75,-119.92,detrital,24.3,352,717,1.54,64.7,146.4,281,3.02,10.1,88,151.8,151,1380
34.75,-119.92,detrital,4.28,26.2,53.8,0.12,4.5,11.08,31.1,0.32,1.08,40,12.4,155,134
34.75,-119.92,detrital,5.29,89.1,162.6,0.22,16.8,33.8,75.9,0.52,2.89,54,37,155,389
34.75,-119.92,detrital,1.05,195.1,376,0.22,34.8,80.4,134,1.14,4.57,49,79,158,653
34.75,-119.92,detrital,5.72,67,132,0.41,16.3,28.2,46.8,0.73,1.99,77,28.7,158,231
34.75,-119.92,detrital,11.7,109,178,0.91,25.1,44,77,2.37,5.5,115,39.9,162,391
34.75,-119.92,detrital,6.63,74.1,132,0.23,14.2,28.9,50,0.47,1.97,71,27.7,163,265
34.75,-119.92,detrital,7.78,83,156,0.39,16.8,34.1,64.4,0.53,1.94,76,34.4,165,325
34.75,-119.92,detrital,20,811,1420,3.4,140,318,514,5.97,19.6,121,296,166,2520
34.75,-119.92,detrital,4.87,132.1,219,0.83,29.1,48.9,69.3,2,5.42,112,43.1,170,340
34.75,-119.92,detrital,5.63,61.8,120,0.27,13.8,26.4,44.1,0.56,1.9,71,23.6,172,221
34.75,-119.92,detrital,8.5,123,214,0.73,30.2,45.5,81,1.08,5.3,109,49.5,178,379
34.75,-119.92,detrital,23.5,111.9,204,1.2,23.8,45.8,90,2.11,3.99,233,43.3,186,425
34.75,-119.92,detrital,2.81,113.3,197,0.23,26.6,41.2,59.3,1.36,4.24,87,38.2,197,343
34.75,-119.92,detrital,2.89,78.7,155.5,0.18,14.7,32.9,50.7,0.61,1.77,76,30.5,200,284
34.75,-119.92,detrital,3.16,94.6,168,0.11,16.3,32.7,59.1,0.81,2.42,84,34.9,204,295
34.75,-119.92,detrital,2.34,67.3,113.3,0.16,12.4,26.5,46.9,0.59,1.92,74,24.11,211,235
34.75,-119.92,detrital,9.9,72.3,158,0.32,10.8,32.7,74,0.58,1.53,103,35.8,215,357
34.75,-119.92,detrital,9,107,182,0.79,23.6,42,73,1.36,4.8,140,35.9,218,342
34.75,-119.92,detrital,21.6,79.1,150.8,0.49,16.4,33.4,65.8,0.61,2.78,134,33.5,220,330
34.75,-119.92,detrital,1.99,125,231,0.18,26.4,49.5,80.1,1.39,4.39,89,47.7,226,439
34.75,-119.92,detrital,9.15,40.4,75.2,0.17,7.49,15.3,27.2,0.72,1.96,55,16.8,227,148.6
34.75,-119.92,detrital,5.74,75.5,140,0.35,16.7,29.1,53.5,0.45,1.79,107,31,237,284
34.75,-119.92,detrital,3.27,89.4,150,0.12,15.2,34,63.5,0.82,2.55,98,32,280,282
34.75,-119.92,detrital,2.92,175,275,0.24,48.2,57.9,80.3,3.12,9.2,150,55.2,282,431
34.75,-119.92,detrital,3.45,86,126,0.03,15.7,31.8,50.1,0.55,2.13,101,27.9,288,258
34.75,-119.92,detrital,5.14,93.2,197,0.39,14.7,36.4,88.8,0.45,1.68,99,42.4,294,417
34.75,-119.92,detrital,7.49,105,259,0.86,23.2,47,130,1.64,4.5,172,63.1,302,629
34.75,-119.92,detrital,3.26,73.6,136.1,0.09,13.1,29.2,56.5,0.39,1.82,100,32.4,305,279
34.75,-119.92,detrital,4.28,70,119.4,0.19,14.2,27,51.1,0.58,2.49,115,24.7,313,233
34.75,-119.92,detrital,9.2,140,367,0.62,18.6,63,217,0.51,2.77,89,85.7,205,816
34.75,-119.92,detrital,14.2,231,474,0.84,32.8,92.9,249,0.91,3.67,187,111.6,207,1090
34.75,-119.92,detrital,9.46,133.7,357,1.59,22.2,65,260,1.52,4,111,87.6,209,1095
34.75,-119.92,detrital,1.81,163.9,243,0.17,30.3,55.1,112,1.19,5.26,70,55.3,222,559
34.75,-119.92,detrital,5.83,134.5,219,0.82,34.2,50.5,80,2.55,6.9,114,51.8,224,392
34.75,-119.92,detrital,12.2,134,240,1.82,19.8,47.4,168,0.93,3.51,140,60.7,239,690
34.75,-119.92,detrital,1.99,98.1,169,0.15,22.4,40.9,67.9,1.68,4.48,89,33.9,245,299
34.75,-119.92,detrital,7.4,57.3,116,0.3,10.1,25,46.1,0.69,1.87,96,26.7,263,244
34.75,-119.92,detrital,7.93,85.8,133,0.24,15.4,31.1,55,1,2.66,114,30.4,301,261
34.75,-119.92,detrital,4.26,75.8,124.9,0.19,14.7,29.3,57.5,0.46,2.66,94,27,329,290
34.75,-119.92,detrital,3.95,140.1,223,0.69,34,48,69.9,2.33,5.4,180,42,347,377
34.75,-119.92,detrital,11.8,86,146,0.54,16.6,30.5,60.7,2.09,3.8,130,34.3,355,296
34.75,-119.92,detrital,12.8,205,357,1.14,42.8,84.4,120.4,3.17,9.47,245,69.3,360,573
34.75,-119.92,detrital,46.4,427,1008,1.37,77.9,213,504,1.59,6.91,243,213,362,2090
34.75,-119.92,detrital,4.1,140,232,0.51,28.2,54.6,81,2.34,6.2,183,45.3,367,378
34.75,-119.92,detrital,7.28,114.5,215,0.77,23.1,43.5,108.5,1.86,4.48,149,49.5,402,518
34.75,-119.92,detrital,5.69,87,146,0.43,16.2,33.7,57.5,0.69,2.52,156,30.8,412,279
34.75,-119.92,detrital,34.2,73.9,162,0.87,14.9,29.8,90.5,0.85,2.92,256,39.7,417,426
34.75,-119.92,detrital,8.86,346,509,2.03,65.6,119,175,4.16,13.8,190,104.2,465,898
34.75,-119.92,detrital,7.36,59.9,130,0.21,9.7,26.3,66.5,0.45,1.37,135,32,503,286
34.75,-119.92,detrital,14.9,110.1,254,0.38,21,53.6,127.2,0.67,2.72,130,61.9,523,574
34.75,-119.92,detrital,21.3,72.4,150.2,0.36,11.5,29.6,92.5,6,2.79,137,38,528,388
34.75,-119.92,detrital,7.47,68.8,122,0.12,14.9,27.7,47.6,0.81,2.39,209,25.4,563,231
34.75,-119.92,detrital,14.7,130,253,0.47,22.4,53.4,105,0.86,4.06,308,49.5,801,487
34.75,-119.92,detrital,22.9,107.3,209,0.26,15.8,41,115.5,4.8,4.18,262,52.5,804,539
34.75,-119.92,detrital,8.3,74.1,189,0.07,11,33.8,108,0.41,1.75,180,43.8,918,450
34.75,-119.92,detrital,12.26,102.4,212,0.44,16.4,40.8,97,0.94,2.89,403,47.7,955,459
34.75,-119.92,detrital,10.73,238,461,0.94,48.4,97,172,2.77,7.7,469,99.5,1091,814
34.75,-119.92,detrital,12.3,104,208,0.15,16.5,42.6,113.9,0.59,2.23,332,49.5,1161,505
34.75,-119.92,detrital,7.3,126,259,0.19,19.6,56.9,130,0.61,1.99,249,60.2,1194,607
34.75,-119.92,detrital,10.96,132.1,266,0.28,21.5,52.6,121,0.62,3.08,338,61.5,1220,600
34.75,-119.92,detrital,11.9,89,184,0.09,12.2,36.9,101.9,0.65,1.9,381,41.5,1238,457
34.75,-119.92,detrital,37,101.4,224.5,0.21,18.4,45.7,125.9,11.6,5.7,404,54.9,1328,564
34.75,-119.92,detrital,18.7,168,362,0.36,25.7,69.5,180,0.95,4,581,86.4,1452,801
34.75,-119.92,detrital,56.2,174,435,0.38,28.4,75.4,234,1.24,5.25,1674,105.6,3033,1030
34.79,-119.92,detrital,4.22,18.5,36.4,0.29,4.5,7.15,18.2,0.38,0.94,8,7.32,36,84.9
34.79,-119.92,detrital,20.8,74.3,83.4,2.93,41.9,17.6,36.6,10.7,33.9,254,20.2,38,207
34.79,-119.92,detrital,12.3,133,190,2.2,51,45.8,56.4,6.34,10.8,43,35.2,46,292
34.79,-119.92,detrital,2.2,135.9,206,2.72,39,43.4,75.2,2.75,6.37,38,45,64,386
34.79,-119.92,detrital,25.8,62.4,90.1,0.73,11.4,20.7,36.8,1.22,2.64,30,20.3,81,200
34.79,-119.92,detrital,9.98,54,105,0.57,13.1,21.3,39.6,0.64,2.19,54,21.9,91,178
34.79,-119.92,detrital,3.47,73.9,125.1,0.36,17.1,27.1,39.1,1.12,2.23,20,26.4,97,219
34.79,-119.92,detrital,16.4,110.6,142.6,1.11,27.8,37.2,56.7,3.59,7.36,71,31.3,102,274
34.79,-119.92,detrital,4.68,46.3,86.2,1.05,9.3,17.8,54.6,0.96,2.32,50,18.7,120,210
34.79,-119.92,detrital,8.01,62.7,112,1.44,18.9,24.1,43.9,2.07,3.34,101,22,125,204
34.79,-119.92,detrital,10.99,84.9,141,0.86,23.9,31.4,44.8,1.33,2.9,92,29.1,133,244
34.79,-119.92,detrital,14.2,47.5,82.5,0.45,15.1,18.5,31.4,0.92,2.21,80,19.3,141,177
34.79,-119.92,detrital,5.73,129.4,218,0.87,29.4,50.9,83.2,1.93,5.43,86,40,143,410
34.79,-119.92,detrital,11.07,63.8,139.5,0.47,12.2,27.1,67.1,0.61,1.66,101,30.1,161,301
34.79,-119.92,detrital,14.8,112.2,199,0.35,24.7,45.7,81.2,0.9,3.73,80,49.8,163,463
34.79,-119.92,detrital,17.8,97.5,127.2,0.8,24.7,33.6,41,2.5,5.52,131,24.3,163,209
34.79,-119.92,detrital,16.4,45.2,62.5,0.81,11,15.61,31.9,0.73,2.55,126,12.98,167,141
34.79,-119.92,detrital,11.5,89,123,0.22,18,29.8,64.8,1.8,3.37,129,32.1,169,340
34.79,-119.92,detrital,6.16,146,241,1.34,42.1,54.5,75.5,3.44,7.72,54,50.5,175,421
34.79,-119.92,detrital,19.8,94.7,153,0.57,27.6,35,44.1,1.39,3.34,148,31,179,269
34.79,-119.92,detrital,5.67,50.2,78.6,0.25,11.7,17.4,31.4,0.61,1.93,64,12.9,195,143
34.79,-119.92,detrital,27.7,134.7,244,1.83,37.9,54.1,85.8,2.5,5.73,184,55,199,472
34.79,-119.92,detrital,12.4,58.2,87.6,0.29,10.7,22.1,42.2,0.62,2.01,63,21.1,203,226
34.79,-119.92,detrital,14.2,53.2,81.2,0.64,10.9,17.2,39.2,0.91,2.6,107,20.9,215,220
34.79,-119.92,detrital,5.02,64.3,131.7,0.42,11.8,28.1,60.4,0.45,1.77,65,28.6,227,291
34.79,-119.92,detrital,19.67,57.7,114.2,0.32,12.9,23,49.4,0.7,1.9,135,25,228,248
34.79,-119.92,detrital,12.76,32.5,52.5,0.44,6.43,11.3,35.7,0.53,1.14,95,13.4,235,163.6
34.79,-119.92,detrital,14.68,62.3,121,0.63,12.27,23.28,59.5,0.74,2.15,134,26.2,239,281
34.79,-119.92,detrital,6.74,41.9,97.6,0.32,8.34,18.6,43.5,0.35,1.12,91,21.5,249,216
34.79,-119.92,detrital,21.8,164,273,2.79,31.9,61,124,2.13,6.1,148,52.6,249,585
34.79,-119.92,detrital,7.33,81.6,158,0.19,14.3,31.5,67.3,0.69,1.9,86,33.9,252,344
34.79,-119.92,detrital,9.59,106.1,171.8,0.44,22,41.4,70.7,1.68,3.02,99,36.1,260,362
34.79,-119.92,detrital,8.37,32.3,63.6,0.21,6.1,11.9,34,0.46,1.05,88,15.1,268,163
34.79,-119.92,detrital,3.18,150,277,2.14,42.2,57.4,101.7,2.28,5.33,45,56.4,274,513
34.79,-119.92,detrital,10.61,39.6,71,0.39,7.2,15.6,48.8,0.47,1.17,82,19.2,276,229
34.79,-119.92,detrital,10.46,55.2,100.5,0.5,10.1,18.7,54.6,0.54,1.88,100,27.6,285,274
34.79,-119.92,detrital,9.1,18.2,37.8,0.27,3.6,6.9,26.9,0.3,1.05,94,10.1,291,111
34.79,-119.92,detrital,20,57.8,116,0.98,12.5,21.8,88.7,0.89,2.02,171,30.6,295,370
34.79,-119.92,detrital,5.95,60.8,107,0.69,11,23.3,68.5,0.59,1.81,98,25.5,302,300
34.79,-119.92,detrital,6.53,41.2,84,0.16,7.2,17.2,40.7,0.33,1.04,87,17.1,305,173
34.79,-119.92,detrital,19.6,85.1,103,1.11,18,22.6,42.3,1.37,3.1,177,25.5,310,237
34.79,-119.92,detrital,11,54.1,78.9,0.18,9.6,16.9,43,0.42,1.8,125,20.9,323,230
34.79,-119.92,detrital,9.08,62.1,127.2,0.28,11.9,24.7,61,0.59,1.39,122,25.4,329,255
34.79,-119.92,detrital,24.6,93.6,168,0.83,24.3,31.4,69.2,1.38,2.97,185,38.3,335,386
34.79,-119.92,detrital,13.3,96,144,1.36,23.4,35.8,51.9,2.13,5.6,222,28,347,247
34.79,-119.92,detrital,12.7,153,257,1.78,35.8,51.9,106,2.9,6.49,248,50.5,351,537
34.79,-119.92,detrital,14.4,59.4,106,0.6,14.6,21.6,49.8,1.13,2.06,185,25.3,357,266
34.79,-119.92,detrital,21.6,76.9,128,0.92,16.1,27.6,51.9,1.06,3.4,204,25.9,362,259
34.79,-119.92,detrital,6.65,31.4,76.6,0.24,7,13.9,40.1,0.31,0.78,130,18.8,379,175
34.79,-119.92,detrital,12.24,40.8,77,0.21,7.26,17.5,34.9,0.47,1.23,146,15.7,379,164
34.79,-119.92,detrital,17.9,80.6,131,0.69,14.5,26.6,60.4,1.09,3.49,223,22,387,269
34.79,-119.92,detrital,13.6,63,92,0.25,11.5,21.7,38.4,0.74,1.77,146,21.3,388,214
34.79,-119.92,detrital,18,49.1,104,0.55,9.41,19.9,48.8,0.5,1.37,145,23.7,395,240
34.79,-119.92,detrital,21.9,53.9,93.6,0.33,9.7,19.6,52.5,0.56,2.15,151,26.4,396,244
34.79,-119.92,detrital,26.5,64.8,124.4,0.35,15,25.2,51.2,0.79,2.33,208,25.9,407,246
34.79,-119.92,detrital,20.8,36.1,99.9,0.55,7.5,17.3,61.8,0.56,0.93,165,26.3,410,287
34.79,-119.92,detrital,8.97,62.9,115,0.33,9.6,25,61,0.38,1.32,160,24.2,430,281
34.79,-119.92,detrital,23.9,31.2,59.5,0.65,6,12.3,43.1,0.55,1.3,213,15.3,448,183
34.79,-119.92,detrital,17.6,44.8,66.9,0.59,9.73,17.6,32.6,0.7,2.29,207,13.9,453,162
34.79,-119.92,detrital,10.73,85,142,0.25,14.9,29.7,67.7,0.58,1.86,166,35.9,466,331
34.79,-119.92,detrital,27.7,97,182,0.53,19.6,42.8,88,0.74,2.48,265,39.5,467,358
34.79,-119.92,detrital,16.38,42.8,93,0.53,8.8,18.4,43.8,0.59,1.58,216,19.1,469,200
34.79,-119.92,detrital,9.33,49.4,89.5,0.32,7.8,18.94,60.4,0.48,1.42,186,21.2,482,254
34.79,-119.92,detrital,6.79,140,232,0.24,24.8,49.3,95.4,0.82,3.06,148,55.1,490,520
34.79,-119.92,detrital,32.2,85,127,1.04,16.4,29.3,69.2,4.1,3.74,238,33.1,493,342
34.79,-119.92,detrital,6.83,63.5,134,0.15,8.9,27.9,83,0.27,0.9,137,33.9,497,379
34.79,-119.92,detrital,15.4,68.4,128.5,0.36,12.7,26.8,65.4,0.51,1.86,157,30.1,497,343
34.79,-119.92,detrital,28.2,74.4,107.7,0.32,15.3,27.2,45.9,0.75,2.8,304,22.4,504,226
34.79,-119.92,detrital,8.95,62.5,135,0.27,11.2,24.8,67.2,0.63,1.29,185,32.9,536,322
34.79,-119.92,detrital,49,40.3,85.4,0.65,10.7,16.4,52,12.1,4.05,206,19.1,541,215
34.79,-119.92,detrital,27.5,97.2,238,1.15,23.9,45.4,140,1.32,3.63,504,60.6,549,680
34.79,-119.92,detrital,45.9,171,260,1.27,27.1,57.2,121,1.68,4.31,298,54.7,560,599
34.79,-119.92,detrital,4.83,77.8,153,0.93,17.7,28.9,101.7,1.7,2.62,256,38.8,573,447
34.79,-119.92,detrital,13,63.3,126.5,0.19,11.6,28.2,56.4,0.6,1.49,169,28,579,293
34.79,-119.92,detrital,18,129,162,2.23,31.8,42.5,84,3.26,6.8,400,37.7,585,416
34.79,-119.92,detrital,29.9,123.6,178,1.32,21.3,41.8,101.9,1.54,4.67,317,43.8,594,459
34.79,-119.92,detrital,9.88,72.3,175.6,0.46,14.7,32.1,106.3,0.5,1.74,177,49.7,607,518
34.79,-119.92,detrital,10.25,99,175,0.24,16,35.9,80.4,0.48,2.16,160,40.9,608,449
34.79,-119.92,detrital,10.2,60.7,133,0.21,9.9,25,73.7,0.41,1.49,180,32.5,610,348
34.79,-119.92,detrital,20.3,104,200,1.1,20.7,40.8,95,1.48,3.87,305,42.9,610,432
34.79,-119.92,detrital,18,61.8,116,0.34,13.2,21.3,52.5,0.69,1.22,230,27.5,616,275
34.79,-119.92,detrital,19,53.5,111.7,0.61,13.4,21.5,48.7,0.7,1.93,268,28.5,616,289
34.79,-119.92,detrital,17.8,70.8,124.5,0.29,15.8,26.6,60.1,0.62,2.48,256,27.8,624,294
34.79,-119.92,detrital,40.1,100.6,162,0.8,20,34.2,92,1.21,3.26,322,41.7,627,442
34.79,-119.92,detrital,5.88,81.1,141.9,0.18,12.4,30,76.3,0.61,2.14,216,34.3,641,386
34.79,-119.92,detrital,29.7,156,318,1.37,37.8,59.4,121.6,2.59,4.98,292,76.5,674,698
34.79,-119.92,detrital,23.7,109.8,198,0.67,20.1,42.2,89.6,0.7,2.29,275,39.7,718,439
34.79,-119.92,detrital,16.2,78,148,0.37,15.3,33.8,93.9,1,3.07,302,33.6,759,434
34.79,-119.92,detrital,26.9,101.8,179,0.94,23.9,34.7,83,1.85,3.8,467,42.4,775,420
34.79,-119.92,detrital,5.98,31.7,70.3,0.33,5.8,12.93,57.3,0.35,0.85,234,17.78,777,220
34.79,-119.92,detrital,5.73,24.7,67.1,0.25,5.7,12.7,41.8,0.25,0.59,207,18.07,820,181
34.79,-119.92,detrital,27.7,77.9,149.6,0.69,13.2,31.5,87.2,0.58,2.4,353,31.1,834,367
34.79,-119.92,detrital,20.5,69.9,143,0.42,17.3,29.9,62.5,0.78,2.15,327,34.9,837,299
34.79,-119.92,detrital,72.6,383,593,1.27,97.6,134.7,185,37,21.1,351,132.3,860,1105
34.79,-119.92,detrital,25,141,300,0.73,28.4,58,134.7,0.83,3.64,291,75.1,875,699
34.79,-119.92,detrital,53.4,169,294,0.97,29.1,60.8,137.7,1.46,4.77,415,72.9,892,736
34.79,-119.92,detrital,12.9,141,274,0.36,23.5,55.7,144,0.98,2.73,373,62.4,928,668
34.79,-119.92,detrital,0.79,87,214,0.12,10.1,39.9,129,0.35,0.81,39,56.8,941,609
34.79,-119.92,detrital,74.6,191,282,2.94,50.6,70.8,100.9,2.64,6.73,989,52.4,1037,510
34.79,-119.92,detrital,23.3,65.1,162,0.51,14.1,27.2,89,0.71,1.54,408,39.2,1038,403
34.79,-119.92,detrital,24.3,142.5,255,0.78,23.9,52.8,115.3,4.2,4.16,319,49.9,1144,568
34.79,-119.92,detrital,26.1,105.4,209.8,1.13,26.4,45.4,89.5,1.2,3.59,545,47.4,1183,414
34.79,-119.92,detrital,25.9,233,406,0.19,44.2,90.9,125,1.3,5.6,615,76.7,1439,613
34.79,-119.92,detrital,45.1,105,201,0.72,26.5,38.7,81.3,1.3,4.17,850,50.1,1461,420
34.79,-119.92,detrital,21.4,246,415,0.17,47.3,96.4,137,0.87,5.29,442,86.1,1513,763
34.79,-119.92,detrital,12.1,422,714,0.06,53.7,161,308,0.83,6.3,974,175,3730,1660
34.78,-119.93,detrital,4.83,30.4,43.8,0.85,10.26,10.36,17.1,1.23,1.43,18,9,62,78.5
34.78,-119.93,detrital,5.62,44.2,71.1,0.82,13.9,17.3,33.9,1.46,2.56,45,16.31,74,155.2
34.78,-119.93,detrital,5.38,70.1,156.5,0.52,14.1,29.95,80,0.89,1.77,38,34.1,100,343
34.78,-119.93,detrital,4.71,31.9,86.4,0.43,5.34,15.7,76.9,0.55,0.9,23,22.7,106,271
34.78,-119.93,detrital,3.37,18.8,46.3,0.34,4.1,8.35,33.8,0.31,0.77,54,11.4,129,129.9
34.78,-119.93,detrital,4.45,54.5,118.3,0.19,9,26.2,65.8,0.34,1.01,45,28.5,164,279
34.78,-119.93,detrital,19.7,49.3,93,0.27,9.4,21.7,45.8,0.29,1.75,124,20.5,173,217.3
34.78,-119.93,detrital,8.98,27.4,51.1,0.25,4.86,10.73,28.4,0.5,0.83,76,11.86,209,128
34.78,-119.93,detrital,21.1,51.1,90,0.42,12.4,21.3,38.8,1.31,2.29,158,17.8,209,186
34.78,-119.93,detrital,6.62,82.8,183.8,0.43,14.3,37.1,100.1,1.21,1.7,71,43,210,427
34.78,-119.93,detrital,7.13,36.7,66.3,0.33,10.12,13.88,33.5,0.71,1.33,92,15.04,235,149.5
34.78,-119.93,detrital,8.54,69.8,124.8,0.31,15.7,28.16,51,0.84,2.03,109,26.8,254,243
34.78,-119.93,detrital,5.3,39.7,94,0.33,7.5,18.9,59.9,0.6,0.79,135,23.6,321,261
34.78,-119.93,detrital,10.92,77.5,147.9,0.46,16.6,29.3,73.8,1.07,1.81,152,31.9,370,325
34.78,-119.93,detrital,24.8,152.9,255,1.53,37.6,55.5,107.8,4.39,6.77,252,51.2,374,494
34.78,-119.93,detrital,7.86,103.4,194,0.63,23.8,42.5,86.9,1.46,3.36,217,42.3,378,400
34.78,-119.93,detrital,10.4,122,180,1.25,31.2,43,65.4,2.61,5.5,203,33.5,379,314
34.78,-119.93,detrital,4.08,21.2,52.4,0.07,3.36,9.6,37.1,0.07,0.27,84,14.6,405,152
34.78,-119.93,detrital,10.37,61.4,111.3,0.36,13.2,25.18,52.9,0.6,1.66,196,24.4,415,233
34.78,-119.93,detrital,7.53,43.1,88.9,0.42,8.3,19.2,60,0.62,1.21,175,22.46,459,250.5
34.78,-119.93,detrital,27.26,103.4,198.5,1.23,26.6,44,82.3,3.64,4.17,432,40.9,468,404
34.78,-119.93,detrital,15.5,69.1,133,0.59,14.4,28,66.9,4.1,3.6,233,29.4,471,298
34.78,-119.93,detrital,13.74,271,398,1.13,78.2,103.9,127.3,8.35,12.88,367,75.4,473,659
34.78,-119.93,detrital,8.42,84.9,129.9,1.04,27.3,30.7,52.7,2.39,4.23,217,27.2,482,258
34.78,-119.93,detrital,7.07,109.4,198,0.52,24.1,42.4,82.3,1.17,2.92,219,43.6,490,384
34.78,-119.93,detrital,8.4,38.8,59.6,0.52,9.45,13.58,28.5,1.59,1.67,246,12.35,494,124.8
34.78,-119.93,detrital,8.66,56.3,118,0.42,12.6,25.7,69.9,1,2.02,246,27.9,498,322
34.78,-119.93,detrital,13.1,124,226,0.98,31.4,46.2,95,2.42,4.86,333,47.4,510,453
34.78,-119.93,detrital,11.17,115.1,211,0.84,29.4,46.8,94,2.82,5.14,214,44,513,446
34.78,-119.93,detrital,7.25,100.2,197,0.4,20.2,40.3,87.7,0.95,2.52,220,42.6,542,404
34.78,-119.93,detrital,4.06,153.1,315,0.2,22,66.5,156.1,0.48,1.96,92,73.1,581,743
34.78,-119.93,detrital,11.81,57.2,131.5,0.32,10.5,23.8,73.8,0.75,1.49,251,29.9,586,309
34.78,-119.93,detrital,12.9,109,196,0.61,23.8,43.9,92,1.59,3.54,366,43.8,595,427
34.78,-119.93,detrital,20.33,76.4,137.3,0.28,18.3,31.8,59.2,1.02,2.83,249,29.9,609,293
34.78,-119.93,detrital,11.94,85.7,160,0.73,16.7,35.4,84.3,1.57,2.9,322,36.4,614,372
34.78,-119.93,detrital,8.83,52.6,113.4,0.41,10.2,21.9,74.7,0.77,1.66,279,27.73,645,312
34.78,-119.93,detrital,7.89,42.7,81.8,0.29,8.7,16.57,33.5,0.57,1.19,169,17.63,649,173.3
34.78,-119.93,detrital,5.79,66.3,120.3,0.31,13.6,26.1,54.9,0.67,1.55,202,25.5,664,261
34.78,-119.93,detrital,12.2,107.6,169,1.15,30.1,39.5,65.4,2.58,4.98,290,33.2,674,320
34.78,-119.93,detrital,9.93,49.1,109.8,0.4,9.6,20.32,72.9,0.64,1.3,325,27.2,677,273
34.78,-119.93,detrital,15.7,140.6,284,0.69,27.1,57.3,122.9,2.99,3.24,382,61.7,687,585
34.78,-119.93,detrital,12.19,86.4,154,0.72,21.6,29.9,74.6,2.15,3.49,339,33.5,715,330
34.78,-119.93,detrital,9.6,49.3,112.4,0.48,9.9,19.9,77.2,0.97,1.52,345,28,770,307
34.78,-119.93,detrital,17.67,79.9,168.1,0.45,17.8,34.2,86.1,1.17,2.71,462,35.9,842,375
34.78,-119.93,detrital,16.19,67,134.2,0.48,14.1,27.5,80.6,1.14,2.3,345,31,909,340
34.78,-119.93,detrital,7.7,22.1,59.4,0.2,5.34,10.03,45.7,0.36,0.88,332,15.13,937,174.5
34.78,-119.93,detrital,13.2,46,111.6,0.38,10.7,21.9,83.2,2.68,1.56,391,28.8,944,319
34.78,-119.93,detrital,17.16,87.5,179.3,0.44,17.3,36.2,90,1.64,2.84,527,39.3,956,407
34.78,-119.93,detrital,18.8,221,371,1.77,53.8,90.1,142.5,3.98,7.15,811,77.7,997,693
34.78,-119.93,detrital,5.72,18.5,55.5,0.23,2.95,9.22,52.9,0.22,0.49,390,16.09,1041,197.1
34.78,-119.93,detrital,11.28,58.8,123.3,0.55,11,26.2,74,0.7,1.6,395,30.6,1079,331
34.78,-119.93,detrital,86,36.2,78.3,0.68,10.07,15.8,60.7,29.2,4.93,426,20,1151,238
34.78,-119.93,detrital,16.5,87,220.8,0.41,16.9,39.9,144.2,1.22,2.05,641,52.8,1307,633
34.78,-119.93,detrital,13.77,87.8,219.4,0.64,16.9,38.2,160.3,1.81,2.81,715,54.8,1413,613
34.78,-119.93,detrital,11.97,278,525,0.28,47.7,112,189,2.16,5.06,653,105,2030,958
34.78,-119.93,detrital,10.57,34,64.7,0.6,8.1,13.5,31,0.87,2.04,40,14.7,69,146
34.78,-119.93,detrital,7.47,86.7,151.6,2.38,25.5,30.8,63.6,3.04,5.73,54,31.5,82,323
34.78,-119.93,detrital,5.82,120.8,251,1.1,21.7,49.3,109.7,1.39,2.85,36,55.7,97,543
34.78,-119.93,detrital,5.62,53.8,95.4,0.09,13.3,21.2,33.1,0.48,2.08,21,21.5,98,172
34.78,-119.93,detrital,10.67,56.9,100.8,0.33,14.5,20.8,36,1.32,2.53,42,21.48,100,193
34.78,-119.93,detrital,5.06,57,108.1,0.31,11.38,21.57,50.4,0.54,1.34,40,24.7,102,230.9
34.78,-119.93,detrital,33,137,152.2,8.09,46.7,43.2,51.2,3.03,9.9,195,30.6,128,263
34.78,-119.93,detrital,3.35,75.6,128.1,0.1,18.6,29.1,45.8,1.1,2.68,72,26,167,231
34.78,-119.93,detrital,4.72,38.2,90.7,0.24,5.94,15.8,54.3,0.26,1.18,58,22.9,173,232
34.78,-119.93,detrital,12.63,64.5,124.5,0.28,14,24.5,55.7,0.59,2.18,227,29,468,256
34.78,-119.93,detrital,19.78,62.8,105.2,0.22,16.6,22.3,42.5,0.91,2.27,231,24.4,502,209
34.78,-119.93,detrital,8.4,50,103,0.36,11.3,19.9,53.2,0.57,1.55,223,26.1,510,253
34.78,-119.93,detrital,12.61,107.8,193,0.34,22.5,43,84.5,1.11,3.57,234,45.4,513,373
34.78,-119.93,detrital,8.74,53.5,127,0.34,10.3,22.7,77.8,0.41,1.65,237,31.6,513,325
34.78,-119.93,detrital,12.22,86.2,155,0.57,20.5,36,72.9,0.83,3.38,275,37.2,522,333
34.78,-119.93,detrital,9.26,41.6,86.5,0.48,8.8,17.9,51.3,0.69,1.44,229,20.4,600,216
34.78,-119.93,detrital,32,91.5,178,0.45,20.3,37.9,79.3,15,6.3,213,38.8,611,335
34.78,-119.93,detrital,9.35,70.5,148.1,0.37,14.5,28.3,75.7,0.74,2.32,292,35.8,689,342
34.78,-119.93,detrital,18.6,158.3,244,0.67,44.5,56.9,65.3,4,8.09,470,43.2,735,358
34.78,-119.93,detrital,13.16,87,164,0.99,22.1,34.3,74,1.75,4.2,378,36,781,361
34.78,-119.93,detrital,17.3,66.4,136,0.29,15.6,27.2,69.8,2.57,1.91,291,31.1,794,299
34.78,-119.93,detrital,6.18,80.8,163,0.21,16.3,33.8,62.3,0.55,2.08,218,34.5,799,330
34.78,-119.93,detrital,10.63,61.5,132,0.29,11.9,28.2,67.8,0.62,1.71,272,32.6,836,324
34.78,-119.93,detrital,14.6,97,198,0.42,18.4,40.7,101.8,0.86,2.74,366,46,843,442
34.78,-119.93,detrital,15.65,84,164.3,0.35,16.8,33.2,85.7,0.8,2.74,436,39.4,849,386
34.78,-119.93,detrital,9.15,87.7,197,0.09,14.5,42.3,104.5,0.55,1.73,223,46.3,852,490
34.78,-119.93,detrital,9.34,49.8,128.7,0.26,7.9,22.6,99.8,0.47,0.88,273,36.5,891,427
34.78,-119.93,detrital,13.5,151,292,0.54,32.2,62.5,109.7,1.43,4.6,394,61.9,914,563
34.78,-119.93,detrital,37.8,257.2,449,0.27,53.1,103.5,146.7,9.3,9.1,404,85.3,1032,785
34.78,-119.93,detrital,20.8,102.6,213,0.38,20.5,42.2,90.7,1.09,3.04,468,48.4,1033,424
34.78,-119.93,detrital,19.46,152,294,0.98,30.5,63.7,136.1,2.46,5.19,608,68.5,1046,664
34.78,-119.93,detrital,11.27,82.2,200,0.59,16,35.5,123.6,1.29,2.82,502,49.6,1204,531
34.78,-119.93,detrital,34,55,114,0.86,12.1,24,82,11,4,801,29.2,1370,314
34.78,-119.93,detrital,16.1,48.8,102.6,0.38,11,20,55.9,2.3,2.41,422,25,1459,247
34.77,-119.93,detrital,2.93,48.8,100.3,0.17,8.2,19.2,49.8,0.37,0.92,5,24,14,237
34.77,-119.93,detrital,5.28,167,298,1.22,36.2,63.8,120.8,1,4.65,18,62.9,24,582
34.77,-119.93,detrital,4.24,39.1,84.5,0.29,6.9,15.2,47.3,0.23,1.04,13,21.81,31,213
34.77,-119.93,detrital,1.5,53.2,150.2,0.32,9,25.7,113,0.19,1.48,11,38.6,33,435
34.77,-119.93,detrital,6.04,62.5,153.4,0.81,11.61,28.1,112.8,0.53,1.73,21,37,35,413
34.77,-119.93,detrital,14.41,171.4,353,0.8,29.7,72.6,163.8,0.91,4.43,28,81.2,50,776
34.77,-119.93,detrital,4.57,20,43.9,0.31,4.69,9.44,29,0.27,0.85,17,10.99,57,117.6
34.77,-119.93,detrital,6.97,38.3,59.9,0.42,10.9,13.73,21.7,0.98,2.44,26,12.27,60,107.4
34.77,-119.93,detrital,2.79,38,110.1,0.16,6.4,20,89.7,0.37,0.7,16,28.7,68,346
34.77,-119.93,detrital,4.06,84.9,224,0.63,12.1,41.5,175.1,0.35,1.59,34,61.3,83,637
34.77,-119.93,detrital,53.5,140.8,258,0.97,27.9,52.8,106.9,0.95,4.08,84,53.2,89,510
34.77,-119.93,detrital,6.29,41.3,75.5,0.52,9.34,15.55,38.7,0.61,1.55,41,16.76,96,173.3
34.77,-119.93,detrital,4.12,77.9,169,0.56,17,31.9,111.1,0.83,3.11,42,40.5,96,442
34.77,-119.93,detrital,0.76,19.4,48.1,0.13,3.43,7.81,28.6,0.22,0.28,115,11.6,101,132.2
34.77,-119.93,detrital,4.46,164.8,362,0.96,37.1,67.4,220,1.85,5.17,51,82.4,112,874
34.77,-119.93,detrital,4.41,87.1,163,0.58,22.1,38.5,60.7,1.75,3.34,65,31.6,115,292
34.77,-119.93,detrital,3.3,71.1,146.1,0.31,15,30.1,63.8,0.44,2.06,45,30.7,140,291
34.77,-119.93,detrital,6.14,51.3,94.5,0.27,10.4,20,41.2,0.5,1.48,67,20.8,140,193
34.77,-119.93,detrital,6.32,131.3,391,0.36,18.4,66.1,300,0.66,1.98,37,104.8,141,1119
34.77,-119.93,detrital,7.27,89.5,172.4,0.66,22.9,39.6,69.8,1.47,3.49,77,35.5,143,365
34.77,-119.93,detrital,48.1,65.8,136,0.62,17,27.7,68.5,1.01,2.78,111,30.7,150,303
34.77,-119.93,detrital,10.58,76.2,133.1,0.44,16.7,29.6,52.4,0.64,2.17,82,27.7,164,251
34.77,-119.93,detrital,7.26,66,121.2,0.35,14.3,25.26,52.4,0.68,1.55,89,24.3,168,239
34.77,-119.93,detrital,6.2,74,175,0.44,12.5,32.6,119,0.34,1.26,85,43.9,172,470
34.77,-119.93,detrital,8.71,45.9,107,0.28,9.37,19.6,65.4,0.48,1.46,75,25.2,183,271
34.77,-119.93,detrital,9.6,73.6,129.6,0.25,15.3,27,53.1,0.5,2.35,84,27.2,222,284
34.77,-119.93,detrital,15.2,104.2,189,0.47,25.3,44.3,77.7,4.37,4.07,120,37.4,228,376
34.77,-119.93,detrital,8.8,235.3,394,1.43,60.7,90.6,152.2,2.87,10.7,135,80.1,257,745
34.77,-119.93,detrital,8.91,117,226,0.68,27.3,46.2,112,1.55,3.52,109,53.3,262,489
34.77,-119.93,detrital,23.6,87.6,154.6,0.52,17.6,31.3,61.4,0.99,3.57,172,32.7,270,314
34.77,-119.93,detrital,24.3,145.9,252.7,0.77,41,61.1,93.7,3.72,6.84,223,51.5,270,459
34.77,-119.93,detrital,8.4,69.8,129.1,0.21,15.1,27.1,62.7,0.55,1.56,149,28.4,342,283
34.77,-119.93,detrital,25.63,89.1,175.1,1.35,18.6,34.3,93.5,1.12,2.53,118,42,343,425
34.77,-119.93,detrital,6.44,76.4,171.4,0.44,14.7,35.1,100.1,0.47,2,108,38.5,355,413
34.77,-119.93,detrital,6.26,90.3,180,0.47,15.6,36.4,95,0.73,2.43,133,41.5,379,430
34.77,-119.93,detrital,20.6,103,185,0.55,24.8,44.3,79.1,5.9,5.7,247,42.3,395,377
34.77,-119.93,detrital,12.79,49.9,108,0.3,10.4,21.4,67.2,0.75,1.82,221,25.6,434,296
34.77,-119.93,detrital,8.61,36.1,86,0.15,6.5,15.9,50.7,0.23,1.06,162,22.8,460,229
34.77,-119.93,detrital,59.7,244,403,0.3,54,103.5,145.1,2.5,6.53,239,82.2,484,764
34.77,-119.93,detrital,30,543,1197,2.97,118.7,227,682,5.55,20.1,362,298,490,2810
34.77,-119.93,detrital,22.5,244,425,1.55,57.9,93.6,169,2.97,10.2,380,88.7,509,791
34.77,-119.93,detrital,22.7,259,676,0.75,35.9,122.1,459,0.66,4.02,276,159.8,540,1784
34.77,-119.93,detrital,8.41,93.1,185,0.42,19.5,38.1,93.3,0.89,2.3,224,44.7,561,417
34.77,-119.93,detrital,19.96,162.3,282,0.75,38.2,57.1,97.3,1.45,5.52,447,56.7,574,511
34.77,-119.93,detrital,11.37,89.3,171.3,0.34,17.9,34.5,72,0.7,3.33,352,34.8,635,341
34.77,-119.93,detrital,9.05,89.2,179,0.19,16,37.4,80.4,1,3.23,248,39.7,682,385
34.77,-119.93,detrital,11.98,186.9,357,0.78,41.7,75.6,138.9,1.84,7.2,424,74.4,719,688
29.55,92.58,detrital,18.11,111,207,0.46,23.9,42.9,71.3,1.36,4.14,119,41.7,157,357
29.55,92.58,detrital,12.16,87,124,0.15,26.2,29.2,36.9,3.01,5.36,78,23.3,185,194
29.55,92.58,detrital,17.09,112,205,0.34,22.1,42,78.4,1.07,3.03,126,44,178,385
29.55,92.58,detrital,53.3,182,288,3.25,51.6,62.5,101.7,6.64,10.2,372,58,270,502
29.55,92.58,detrital,11.77,80,144,0.57,17.6,30.3,50.9,1.42,2.72,56,30.1,54,267
29.55,92.58,detrital,14.89,53,102,0.17,10.8,20.1,39.9,0.64,1.88,94,20.9,63,195
29.55,92.58,detrital,38.2,68,132,0.72,16.3,26,54.7,1.35,2.53,58,27.5,39,262
29.55,92.58,detrital,17.67,160,251,0.78,41.3,56.7,81.4,2.61,6.22,196,49.1,115,428
29.55,92.58,detrital,31.4,165,276,1.09,43.5,61.3,92.6,6.14,10.3,167,53.7,97,459
29.55,92.58,detrital,24.8,103,199,0.18,20.4,40,76.8,0.63,3.15,275,42.5,609,379
29.55,92.58,detrital,10.17,102,154,1.33,39.2,34.4,51.8,6.74,10.4,74,29.6,69,252
29.55,92.58,detrital,44,69,130,0.72,19.9,25.3,54.1,2.76,4.58,209,27.4,249,248
29.55,92.58,detrital,16.64,77,136,0.63,21.1,30,54.4,5.73,4.75,218,28.8,440,259
29.55,92.58,detrital,14.59,169,246,2.47,51.3,54.9,73.9,5.45,11,63,47.1,88,394
29.55,92.58,detrital,44.6,251,391,2.32,74.6,87.2,126.9,9.56,15,735,77.9,481,653
29.55,92.58,detrital,35.5,134,216,2.15,38.8,47.2,79.8,5.24,8.77,74,43.7,48,392
29.55,92.58,detrital,9.52,169,321,0.16,34.2,64.9,112.6,5.1,6.45,189,66.9,704,579
29.55,92.58,detrital,1.76,107,144,0.13,29.6,33.5,41.2,1.37,4.46,78,26.9,280,219
29.55,92.58,detrital,1.73,214,433,0,32.2,85.5,161.7,1.04,3.81,103,92.6,743,813
29.55,92.58,detrital,6.26,124,192,1.31,34.9,40.8,64.2,6.09,8.18,486,39.3,571,334
29.55,92.58,detrital,2.95,73,138,0.07,15.7,27.6,48.3,0.73,2.31,71,28.3,189,248
29.55,92.58,detrital,3.34,217,383,0.14,41.7,80.7,128.9,3.06,6.3,152,74.5,385,657
29.55,92.58,detrital,31.9,113,244,0.42,21.6,46.8,105.9,0.81,3.23,382,53.6,658,509
29.55,92.58,detrital,7.33,136,234,0.14,33.7,48.7,73.4,2.52,5.99,161,45.4,457,392
29.55,92.58,detrital,9.03,140,109,,47,34.7,15.3,2.18,8.03,487,15.1,520,94
29.55,92.58,detrital,2.27,126,207,0.2,29.5,44.3,68.5,2.45,5.66,121,41.1,263,355
29.55,92.58,detrital,10.22,86,150,0.19,18.8,31.4,53.3,1.19,2.63,121,31.1,221,279
29.55,92.58,detrital,11.05,178,285,1.92,51,64.4,91.1,6.77,11.46,89,55.5,132,479
29.55,92.58,detrital,19,160,266,1.09,47.6,58.2,81.4,6.07,9.8,176,51.6,416,434
29.55,92.58,detrital,12.99,63,116,0.31,13.53,23.8,40.1,1.02,2.25,124,23.7,224,207
29.55,92.58,detrital,14.44,55,92,0.52,13.44,20,36.4,1.68,2.88,66,19.2,138,177
29.55,92.58,detrital,13.57,193,296,0.33,53.1,68.5,88.9,4.74,10,226,56.5,360,473
29.55,92.58,detrital,21.2,217,349,0.38,61.3,80.9,99.4,4.7,9.4,200,66.3,332,566
29.55,92.58,detrital,27.9,185,319,0.34,40.7,68.5,86.6,2.75,6.95,306,59.1,249,485
29.55,92.58,detrital,15.56,135,272,0.64,29.9,53,113.3,2.46,4.79,156,57.4,634,549
29.55,92.58,detrital,18.6,243,414,2.38,62.2,85.7,139.3,11.8,13.6,124,80,354,705
29.55,92.58,detrital,11.53,38,83,0.03,6.81,15.5,39.2,0.34,0.84,97,19.2,229,182
29.55,92.58,detrital,40.1,133,229,1.22,41.1,48.1,81.6,3.29,6.95,353,45.5,319,388
29.55,92.58,detrital,22.2,92,182,0.12,17.7,36.3,74.5,0.99,2.8,200,39.1,713,351
29.55,92.58,detrital,2.51,62,114,0.04,13.03,23.6,42,0.85,1.86,37,22.9,213,211
29.55,92.58,detrital,7.45,50,88,0.64,17,18.7,36.7,2.84,4.3,39,17.5,255,174
29.55,92.58,detrital,10.11,131,186,1.22,54.5,42,64.6,14.17,18.1,139,37.3,148,323
29.55,92.58,detrital,2.42,28,18,0.29,18.4,6,2.9,2.15,5.22,79,2.6,179,18
29.55,92.58,detrital,72.1,42,60,1.69,17.4,13.6,19.7,2.99,4.91,393,12.1,293,106
29.55,92.58,detrital,17.41,87,119,0.96,30.4,28,33.7,4.75,6.93,135,21.9,249,183
29.55,92.58,detrital,2.42,54,104,0.18,9.91,21,44.3,0.26,1.23,37,22.4,351,212
29.55,92.58,detrital,49.8,156,204,1.67,64.1,47.3,60.9,27,24.6,750,38.8,514,325
29.55,92.58,detrital,7.58,57,44,0.17,31.2,13.5,8,3.36,8.22,501,6.9,345,50
29.55,92.58,detrital,1.45,42,43,0.13,18,11.3,19.6,0.83,2.86,65,9.4,403,92
29.55,92.58,detrital,89.4,91,115,2.8,40.4,27.3,33.5,9.72,12,463,21.3,162,179
29.55,92.58,detrital,4.65,15,8,0.2,16.7,3.1,1.2,5.3,8.4,172,1.2,211,8
29.55,92.58,detrital,9.86,52,48,0.65,23.4,14,9.4,3.45,5.89,316,7.9,484,58
29.55,92.58,detrital,11.49,86,103,1.82,33.8,25.8,28.7,6.37,8.64,94,19.1,143,157
29.55,92.58,detrital,10.4,88,121,0.3,22.5,27.5,35.3,1.73,4,185,22.3,525,195
29.55,92.58,detrital,22.64,128,168,1.19,45.4,39.1,46.8,8.87,11.46,411,30.8,485,261
29.55,92.58,detrital,44.5,38,78,0.5,10.4,15.9,45.8,1.01,2.2,380,19.3,470,202
29.55,92.58,detrital,14.71,25,47,0.2,6.25,9.4,23.2,0.45,1.09,156,10.6,354,106
29.55,92.58,detrital,18.27,106,166,0.22,23.8,36.8,48.3,1.44,4.14,275,32.1,500,268
29.55,92.58,detrital,5.07,27,23,0.32,16.6,6.7,3.9,3.32,7.32,68,3.7,303,26
29.55,92.58,detrital,20.27,95,137,0.64,29,32.1,42.5,3.24,6.2,137,25.9,149,220
29.55,92.58,detrital,30,23,31,0.72,8.62,7.2,11.3,2.04,2.05,64,6.4,40,58
29.55,92.58,detrital,37.1,20,29,0.55,6.35,6.4,12.2,0.88,1.66,142,6.2,181,59
29.55,92.58,detrital,15.33,74,129,0.44,16.4,26.7,49.3,1.18,2.79,146,26.5,237,242
29.55,92.58,detrital,3.06,15,15,0.39,8.01,4.1,3.3,1.06,1.69,4,2.3,16,20
29.55,92.58,detrital,14.13,56,90,0.11,14.1,19.8,26.8,1.12,2.98,254,17,148,145
29.55,92.58,detrital,8.64,55,131,0.06,9.97,23,68,0.44,1.36,257,32,616,322
29.55,92.58,detrital,14.56,68,128,0.2,15.8,26.6,43.7,0.96,2.16,87,26.3,194,227
29.55,92.58,detrital,16.9,35,64,0.45,8,13,28.9,0.95,1.4,354,14,323,140
29.55,92.58,detrital,5.34,82,163,0.11,14.2,30.9,60.4,0.33,2.06,79,33.5,219,306
29.55,92.58,detrital,6.52,37,76,0.22,6.82,14.2,36.7,0.24,0.92,79,17.2,270,169
29.55,92.58,detrital,52.4,35,53,0.62,12.5,11.4,20,2.89,3.27,110,11,56,97
29.55,92.58,detrital,15.5,102,194,0.79,21.4,37.9,72.6,1.77,3.29,154,39.7,200,354
29.55,92.58,detrital,16.06,32,63,0.2,6.89,12.3,26.8,1.46,1.56,97,14.5,383,134
29.55,92.58,detrital,24.63,193,305,2.37,57.3,68,99.4,5.35,11.08,292,60,356,508
29.55,92.58,detrital,18.05,118,262,1.23,24.3,49.1,116.6,1.54,3.47,150,56,205,527
29.55,92.58,detrital,19.93,175,344,0.45,34.6,66.8,129.9,1.5,4.93,341,70.5,677,648
29.55,92.58,detrital,17.82,87,171,1.3,19.1,34,78.3,1.25,3.27,115,37.4,145,360
29.55,92.58,detrital,12.33,281,436,3.28,86.9,100.2,126.2,7.93,16.3,273,82,445,682
29.55,92.58,detrital,0.24,26,73,0.13,3.32,12.1,38.9,0.04,0.32,7,17.9,946,182
29.55,92.58,detrital,0.31,308,242,0.69,53.2,74.5,45.6,0.89,4.95,32,37.2,1716,258
29.55,92.58,detrital,0.62,139,348,0.08,14.2,63.2,184.5,0.21,1.21,137,86.1,3470,874
29.55,92.58,detrital,15.06,66,105,0.33,20.5,23.5,34.1,1.56,3.68,209,20.2,297,172
29.55,92.58,detrital,24.46,80,169,0.69,22.4,32.5,69.1,2.07,4.14,168,34.9,278,321
29.55,92.58,detrital,5.95,115,210,0.15,23.7,44.9,78.4,1.59,3.71,117,42.8,330,366
29.55,92.58,detrital,13.01,69,131,1.39,18.2,26.1,58.2,1.92,3.94,118,27.3,195,257
29.55,92.58,detrital,26.5,89,131,0.42,26.7,31,44.4,2.34,5.11,444,25.3,546,212
29.55,92.58,detrital,8.92,91,157,0.41,21.1,33.6,51,1.73,3.71,102,29.3,77,248
29.55,92.58,detrital,4.22,123,220,0.17,29.7,46.9,73.2,2.22,5.72,121,41.8,231,350
29.55,92.58,detrital,5.64,144,230,0.1,39.6,52.2,66.2,2.27,6.48,256,41.7,305,339
29.55,92.58,detrital,1.25,182,328,0.07,38.6,71.4,112.1,1.37,5.64,79,64.2,232,527
29.55,92.58,detrital,8.59,51,103,0.73,13.1,20.4,55.7,1.83,2.42,103,23.1,246,234
29.55,92.58,detrital,5.69,305,545,1.31,74,117.8,140.7,7.7,11.8,766,93.6,1037,798
29.55,92.58,detrital,1.18,198,332,0.06,36.4,72.8,107,1.89,5.45,77,66,356,548
29.55,92.58,detrital,3.27,98,163,0.37,28.9,36.5,54.5,3.15,5.49,149,30.6,329,256
29.55,92.58,detrital,4.06,207,364,0.2,47.5,76.5,115.4,2.85,7.07,146,68.5,410,583
29.55,92.58,detrital,16.34,168,288,4.61,46.6,60,117.2,8.4,11.3,140,61.8,238,563
29.55,92.58,detrital,6.2,92,163,0.67,22.7,34.8,57.6,2.03,4.3,74,31.4,145,265
29.55,92.58,detrital,10.77,103,222,0.3,19.2,42.3,85.8,0.7,2.54,58,45.1,267,411
29.55,92.58,detrital,12.67,125,251,0.38,25.9,50.8,93.6,1.29,3.49,498,50.7,1284,454
29.55,92.58,detrital,6.84,111,187,1.32,29.8,39.7,60.9,3.58,5.75,61,35.2,115,297
29.55,92.58,detrital,8.11,125,243,1.19,26.6,48.7,92.3,1.53,4.25,41,47.4,102,438
29.55,92.58,detrital,9.43,69,155,0.39,14.8,28.5,73.3,0.39,2.09,112,34.2,324,316
29.55,92.58,detrital,10.83,126,208,0.79,34.1,46.8,67.3,4.18,7.41,191,38.6,284,336
29.55,92.58,detrital,8.46,42,75,0.09,9.6,15.4,27.3,0.72,1.64,29,14.5,104,136
29.55,92.58,detrital,1.81,21,37,0.06,6.06,7.8,13.6,0.32,0.84,16,7.4,76,64
29.55,92.58,detrital,5.91,49,90,0.14,11.06,19.6,32.3,1.13,2,63,18.6,152,163
29.55,92.58,detrital,14.79,96,161,0.42,26.2,35.1,52.7,1.65,3.66,173,30.6,203,260
29.55,92.58,detrital,1.8,19,43,0.02,4.51,7.8,19.8,,0.34,38,9.3,393,92
29.55,92.58,detrital,16.76,103,187,0.13,21.9,39.6,62,1.34,3.48,161,36.3,373,312
29.55,92.58,detrital,67.1,415,640,0.81,104.3,148.3,169.6,8.26,16.3,311,115.4,667,879
29.55,92.58,detrital,26.6,58,98,1.73,20.7,21.3,38.8,2.38,4.42,167,19.6,143,182
29.55,92.58,detrital,1.08,14,30,0.33,3.56,5.7,16.9,0.72,0.88,31,6.7,156,69
29.55,92.58,detrital,1.41,243,514,,37.9,100.6,188.1,1.55,4.48,77,102.7,424,901
29.55,92.58,detrital,8.02,27,62,0.08,4.59,11.3,28.2,0.27,0.63,97,13.8,406,127
29.55,92.58,detrital,9.54,40,87,0.01,7.64,16.6,38.1,0.31,0.96,114,19.1,352,177
29.55,92.58,detrital,10.06,23,51,0.26,4.7,9.5,25,0.25,0.59,135,11.7,274,111
29.55,92.58,detrital,9.11,189,312,0.84,48.9,70.4,94.1,4.94,9.79,145,58.9,237,486
29.55,92.58,detrital,3.95,79,151,0.1,17.2,31.2,52.5,0.86,2.25,83,29.5,419,251
29.55,92.58,detrital,12.22,214,349,0.13,54.4,76.6,89.5,4.67,10.9,226,61.3,360,507
29.55,92.58,detrital,1.73,4,4,0.19,2.09,1.1,0.9,0.25,0.37,55,0.6,177,5
29.55,92.58,detrital,11.32,87,95,1.87,39.4,25.9,23.4,7.7,9.6,115,16.8,222,127
29.55,92.58,detrital,4.74,82,114,0.63,28.6,26.9,35.5,1.83,6,139,21.1,519,181
29.55,92.58,detrital,12.48,65,82,1.41,26.2,20.5,21.9,4.7,6.8,121,14.7,130,115
29.55,92.58,detrital,77.6,124,151,4.29,55.2,37.1,42.7,16.1,17.6,291,26.4,137,221
29.55,92.58,detrital,39.9,113,104,7.47,61.7,29.2,20.3,16.5,18.1,411,16.2,437,113
29.55,92.58,detrital,9.51,48,80,1.93,14.5,17.4,32.7,2.1,2.86,288,15.8,412,148
29.55,92.58,detrital,116.8,124,127,9.85,72.3,33.9,33,27,30.7,640,21.6,337,165
29.55,92.58,detrital,19.13,79,89,2.56,37.3,23.7,21.6,9.39,11.62,163,14.9,102,116
29.55,92.58,detrital,54.4,49,82,1.33,14.5,18,27.9,2.24,3.29,274,16.4,258,142
29.55,92.58,detrital,12.49,33,26,0.21,16.5,7.9,4.3,3.07,5.07,493,3.8,214,26
29.55,92.58,detrital,21.46,85,149,0.17,20.3,32.3,51,2.94,4.13,75,28.5,176,240
29.55,92.58,detrital,41.4,109,127,3.21,49.4,32.8,36.6,11.5,14.2,890,22.5,495,187
29.55,92.58,detrital,20.07,94,123,0.59,34.9,30,37.4,4.45,7.91,371,22.6,498,179
29.55,92.58,detrital,15.11,42,51,0.55,16,12.9,12.1,1.87,4.23,51,8.9,52,67
29.55,92.58,detrital,9.16,29,17,0.8,24.8,6.2,2,8.84,11.08,667,2.2,918,14
29.55,92.58,detrital,34.52,35,41,1.09,17.4,9.9,11.8,3.98,5.28,194,7,194,61
29.55,92.58,detrital,14.12,21,37,0.54,5.71,7.4,18,0.56,1.05,97,7.9,147,78
29.55,92.58,detrital,2.61,78,146,0.1,16.1,29.9,49.9,0.88,2.65,87,28,214,245
29.55,92.58,detrital,61.5,69,90,2.94,30.3,21.7,27.1,6.37,8.28,183,15.6,70,137
29.55,92.58,detrital,10.15,16,29,0.21,4.13,5.7,14.2,0.53,0.46,137,6.3,696,62
29.55,92.58,detrital,0.74,23,18,,15.73,5.2,2.9,1.6,4.92,513,2.7,730,19
29.55,92.58,detrital,28.54,79,180,0.39,15.4,33.7,101.1,0.65,2.01,382,42.8,1250,437
29.55,92.58,detrital,30.24,18,28,0.71,7.19,6.2,11.4,0.89,1.71,67,5.7,148,53
29.55,92.58,detrital,35.2,251,429,2.08,64.6,93,131.9,5.93,11.24,689,77.5,623,668
29.55,92.58,detrital,13.11,63,120,0,15,24,43.7,1.02,2.85,497,24.4,1227,220
29.55,92.58,detrital,4.67,18,29,0.31,4.85,6.2,10.7,0.49,1.12,89,5.8,519,51
29.55,92.58,detrital,11.7,86,171,0.84,21.1,33.8,68.9,1.45,3.62,169,35.7,289,325
29.55,92.58,detrital,26.7,296,515,2.96,79.6,108,155.4,6.68,13.1,740,92.1,643,799
29.55,92.58,detrital,13.27,116,255,0.91,28.4,48.5,113.3,2.14,4.72,239,53,346,522
29.55,92.58,detrital,8.27,58,121,0.46,9.69,23.5,61,0.45,1.06,62,26.8,309,261
29.55,92.58,magmatic,2.92,213,457,0.04,22.67,84.3,147,0.36,1.84,173.9,92.1,3434,1014
29.55,92.58,magmatic,3.48,229,490,0.07,23.7,91.8,152,0.39,2.76,215.1,95.6,3620,1060
29.55,92.58,magmatic,4.03,300,648,0.12,30.62,120.2,212,0.63,2.64,270,131.7,4461,1450
29.55,92.58,magmatic,3.1,241,521,0.06,22.47,94.8,174,0.42,2.57,211.2,105.9,3885,1184
29.55,92.58,magmatic,2.47,184,409,0.03,18.36,74,138,0.23,1.83,146.5,82.4,3063,942
29.55,92.58,magmatic,2.27,185,424,0.17,17.58,75,163,0.36,1.37,176.4,88.5,3734,1066
29.55,92.58,magmatic,2.89,227,494,0.09,21.36,91.1,163,0.45,2.07,204.1,100,3771,1133
29.55,92.58,magmatic,1.52,164,342,0.06,16.86,64.9,115,0.26,1.62,130.1,71.2,3317,784
29.55,92.58,magmatic,2.46,196,411,0.06,19.28,76.7,136,0.32,0.74,155.5,85,3163,941
29.55,92.58,magmatic,1.94,198,404,0.14,18.89,77.5,128,0.54,2.17,155.5,82.7,3692,886
29.55,92.58,magmatic,2.87,186,399,0.14,18.82,75.3,129,0.21,1.77,164.7,79.3,2671,878
29.55,92.58,magmatic,1.61,173,344,0.08,16.58,66.4,98,0.22,1.51,121,68.8,3329,702
29.55,92.58,magmatic,2.51,204,425,0.12,20.56,79.4,140,0.27,2.33,162.9,87.1,3255,955
29.55,92.58,magmatic,1.6,160,362,0.07,14.13,64.8,156,0.29,1.31,120.8,81.3,3508,999
29.55,92.58,detrital,1.15,122,251,0.07,13.11,48.2,84,0.05,0.86,68.9,50.9,1468,561
29.55,92.58,detrital,0.63,81,204,0.01,6.99,33.5,118,0.17,0.65,89.3,49.7,3459,682
29.55,92.58,detrital,1.31,154,404,0.08,14.33,66.2,239,0.26,0.71,278.8,98.7,4871,1331
29.55,92.58,detrital,1.72,152,374,0.03,14.62,63.3,188,0.11,0.83,158.3,87.4,4465,1108
29.55,92.58,detrital,1.88,131,258,0.11,13.79,49.5,74,0.14,1.18,81.7,49,1694,507
29.55,92.58,detrital,0.99,98,216,0.02,7.85,38.7,93,0.1,0.53,47.7,48.1,1376,569
29.55,92.58,detrital,1.81,143,299,0.1,12.65,55.3,107,0.27,1.34,70.8,62.5,1747,692
29.55,92.58,detrital,1.36,120,253,0.08,12,46.5,97,0.25,0.84,82.4,54.2,1691,630
29.55,92.58,detrital,0.95,111,280,0.07,10.15,46.6,168,0.05,0.67,76.8,71.2,2488,951
29.55,92.58,detrital,1.49,126,274,0.07,11.99,51,108,0.07,0.73,62.1,58.5,1640,689
29.55,92.58,detrital,2.82,211,445,0.09,22.1,83.4,146,0.36,1.94,173.3,92.5,2998,989
29.55,92.58,detrital,1.57,116,232,0.06,10.78,43.7,78,0.12,1.28,66.9,46.7,1524,515
29.55,92.58,detrital,0.96,100,228,0.08,8.55,40.9,109,0.2,0.69,98.5,53,3461,668
29.55,92.58,detrital,1.14,122,284,0.05,8.76,49.7,131,0.14,0.89,59.6,66.6,1657,803
29.55,92.58,detrital,1.22,112,250,0.07,10.63,45.5,112,0.16,0.76,72.1,56.5,1730,689
29.55,92.58,detrital,28.8,112,123,6.22,53.3,30.8,40.6,14.3,16.7,221,22.8,354,213
29.55,92.58,detrital,13.02,165,253,0.92,48.4,56.8,74.9,6.38,9.5,203,46.2,242,387
29.55,92.58,detrital,9.19,92,175,0.46,22.1,35.6,60.7,1.26,3.28,62,34.1,107,306
29.55,92.58,detrital,33.7,94,121,3.07,35.1,27.6,38.9,6.7,8.9,223,21.9,237,194
29.55,92.58,detrital,40.4,72,117,1.18,22.4,24.2,44.5,2.97,5.02,90,23.7,116,210
29.55,92.58,detrital,17.05,86,144,0.15,21.3,31,46.4,1.3,3.57,157,28.1,140,243
29.55,92.58,detrital,11.34,73,127,0.08,18,27.3,44.9,1.21,2.67,117,24.6,293,223
29.55,92.58,detrital,12.94,57,96,0.19,14.3,20.4,33.8,0.97,3.02,143,19,135,168
29.55,92.58,detrital,34.8,91,164,0.71,22.6,32.8,68.7,2.2,5.08,338,34.3,301,315
29.55,92.58,detrital,30.9,102,177,1.44,28.1,37,65.3,3.16,5.85,187,33.8,222,311
29.55,92.58,detrital,4.79,157,310,0.27,30,61.4,111,0.77,3.8,106,61.8,247,528
29.55,92.58,detrital,59.9,102,162,0.7,29.3,34.5,49.1,2.16,5.52,423,31.7,271,260
29.55,92.58,detrital,11.52,29,63,,5.6,12.1,27,0.25,,83,13.6,288,129
29.55,92.58,detrital,33,108,225,0.16,23.5,44,91.5,2.19,3.66,393,47,533,438
29.55,92.58,detrital,37.2,99,189,0.35,20.6,38.8,73.2,1.41,3.48,294,39.5,470,370
29.55,92.58,detrital,22.43,43,119,,6.2,20.3,63.9,,0.62,214,28.6,556,292
29.55,92.58,detrital,9.89,61,119,0.39,14.3,24.3,49.5,0.37,1.66,43,25.4,92,230
29.55,92.58,detrital,21.9,119,201,0.98,27.4,44.4,74,1.58,4.9,81,39.8,206,363
29.55,92.58,detrital,10.4,161,273,0.07,38.8,55.9,80.9,2.3,6.2,213,48.4,232,414
29.55,92.58,detrital,23.1,64,113,1.04,17.6,22.7,45.1,2.53,3.8,301,23.9,388,217
29.55,92.58,detrital,13.55,51,90,0.44,13.6,18,35.2,0.92,2.26,31,18.6,37,162
29.55,92.58,detrital,7.54,60,109,0.35,13.1,22.2,41.4,0.9,1.85,42,22.1,52,200
29.55,92.58,detrital,13.91,109,188,0.68,25.1,39.1,69.9,1.35,3.51,94,37.4,146,334
29.55,92.58,detrital,16.52,92,168,0.27,22.8,35.5,62.2,0.9,3,173,34.5,152,297
29.55,92.58,detrital,17.62,109,198,0.01,22.8,41.9,65.8,1.37,3.93,205,39.2,162,338
29.55,92.58,detrital,19.58,57,106,0.64,11.5,22.2,43,0.95,2.59,67,22,26,206
29.55,92.58,detrital,18.6,97,156,0.44,25.4,33.8,52.2,1.89,4.9,118,29.4,93,260
29.55,92.58,detrital,22.38,63,123,0.06,11.2,24.3,48.3,0.36,2.12,245,25.8,267,237
29.55,92.58,detrital,2.87,173,323,0.18,38.7,64.9,115.1,1.68,5.74,162,62.6,391,578
29.55,92.58,detrital,21.4,134,224,1.58,34.7,48.2,86,3.3,7.8,132,45,156,409
29.55,92.58,detrital,12.35,175,279,0.07,44.8,59.4,80.7,3.68,7.4,128,51.5,234,427
29.55,92.58,detrital,4.15,88,153,0.49,22,33.2,52.9,1.32,4.49,27,30.2,46,258
29.55,92.58,detrital,7.65,89,159,0.74,20.6,33.5,57.6,1.38,4.5,117,30.4,311,294
29.55,92.58,detrital,19.2,100,191,0.63,21.7,38.1,77.9,1.3,3.74,146,38.4,147,359
29.55,92.58,detrital,8.01,65,111,0.32,14.4,23.3,42.2,0.9,2.48,35,22.3,34,200
29.55,92.58,detrital,1.91,149,273,,29.4,55.3,95.8,0.91,3.78,93,54.2,294,479
29.55,92.58,detrital,4.29,134,230,0.38,30.7,48.3,84,2.96,5.9,253,44.6,740,401
29.55,92.58,detrital,4.02,124,200,0.89,30.2,41,74.4,1.47,5,117,37.8,514,363
29.55,92.58,detrital,0.46,220,445,,32.6,87.4,167.1,0.59,3.38,29,92.7,216,831
29.55,92.58,detrital,33.7,191,411,0.04,31.7,79.7,142.8,1.85,4.08,433,86.2,712,768
29.55,92.58,detrital,35.6,423,646,1.23,113.7,149.9,154.2,15.3,25.5,471,115.3,411,935
29.55,92.58,detrital,17.6,29,47,0.99,8.2,10,17.2,0.86,1.76,56,9.3,44,80
29.55,92.58,detrital,0.6,119,204,,21.3,43.9,68.8,0.78,2.52,64,39.9,356,341
29.55,92.58,detrital,3.16,40,81,0.47,11,14.1,36,,1.8,123,17.1,391,164
29.55,92.58,detrital,5.23,131,206,0.26,37.3,44.7,62.4,2.98,5.97,98,37.8,146,320
29.55,92.58,detrital,14.92,133,203,0.91,38.5,45.9,57.1,2.74,5.95,107,37.1,225,294
29.55,92.58,detrital,8.9,100,168,0.82,25.9,35.9,59.1,1.73,3.54,133,32.7,234,293
29.55,92.58,detrital,5.08,162,266,0.12,42.2,57.5,77.8,3.09,8.2,123,47.7,547,405
29.55,92.58,detrital,2.88,50,95,,9.4,19,39,0.52,1.53,58,19.7,419,180
29.55,92.58,detrital,14.57,49,88,0.04,9.6,17.4,35,0.13,1.35,223,19.4,738,182
29.55,92.58,detrital,15.8,3,5,0.3,1.89,1.1,3.2,0.88,1.32,218,1.2,277,13
29.55,92.58,detrital,23.7,60,69,2.5,28.1,17.2,18.7,7.7,9.9,139,11.9,94,101
29.55,92.58,detrital,0.61,8,6,0.71,6.9,2,1,,0.64,8,0.8,471,6
29.55,92.58,detrital,8.83,23,13,2.4,19,4.6,2.4,1.04,3.84,32,2,552,13
29.55,92.58,detrital,28.3,170,215,2.04,68.6,51.7,55,14.2,20.9,1112,36.9,950,306
29.55,92.58,detrital,51.5,53,91,0.47,15,19.1,34.4,1.38,2.51,221,18.2,274,165
29.55,92.58,detrital,7.35,62,136,0.3,7.2,26.4,65.3,,0.83,18,30.2,354,299
29.55,92.58,detrital,5.28,48,64,0.25,14.2,15,20.6,0.66,2.68,192,12.3,499,109
29.55,92.58,detrital,80.5,144,173,5.65,64.9,44.1,47.7,16,18.2,872,30.3,228,250
29.55,92.58,detrital,26.4,11,8,0.45,7.8,2.5,1.4,2.02,2.92,288,1.2,500,10
29.55,92.58,detrital,2.82,33,21,,14.1,8.3,2.5,1.12,1.44,85,2.4,559,16
29.55,92.58,detrital,7.4,31,46,0.23,11.3,10.6,15.4,1.79,2.49,69,9.2,80,76
29.55,92.58,detrital,15.41,14,27,0.17,3.31,5.2,17.9,0.07,0.48,115,6,428,72
29.55,92.58,detrital,3.1,27,49,0.08,5.35,10.4,17.1,0.4,1.15,96,9.6,169,84
29.55,92.58,detrital,4.01,113,189,,18,40.4,58.9,0.33,1.95,114,36.3,659,313
29.55,92.58,detrital,20.68,17,30,0.29,6.01,5.9,11.4,1.54,1.37,161,5.9,113,55
29.55,92.58,detrital,12.49,31,63,0.74,8,12,39.8,0.43,1.45,188,14.8,944,155
29.55,92.58,detrital,6.96,81,127,,19.8,27.7,40.8,0.85,1.86,132,24.4,272,224
29.55,92.58,detrital,10.91,158,223,0.59,46,50.9,64.1,4.34,10.5,136,40.5,204,338
29.55,92.58,detrital,22.7,47,58,1.91,21.9,13.3,19.3,5.9,5.7,199,10.9,174,96
29.55,92.58,detrital,11.35,73,127,0.52,23.5,26.2,49.6,2.42,5.88,454,25.2,979,237
29.55,92.58,detrital,5.44,95,169,0.52,24.1,34.1,69.7,1.95,4.75,356,34.6,950,309
29.55,92.58,detrital,29.7,27,41,0.76,8.4,9.3,13.8,1.04,2.1,77,7.7,64,64
29.55,92.58,detrital,15.07,22,51,0.24,4.89,9.4,31.7,,0.87,159,12.4,383,128
29.55,92.58,detrital,14.9,133,214,1.18,34,44.6,77.1,2.4,4.5,166,41.2,250,367
29.55,92.58,detrital,2.12,66,55,0.12,32.8,15.6,11.7,2.03,5.6,82,8.6,609,66
29.55,92.58,detrital,97.1,156,211,5.02,62,49.1,60.8,11.9,16.8,882,39.2,504,336
29.55,92.58,detrital,18.6,86,174,0.41,21.2,32.7,78,1.2,1.25,147,36.1,264,378
29.55,92.58,detrital,15.7,105,210,0.5,23.8,42.9,82.5,1.6,3.3,208,44.9,312,380
29.55,92.58,detrital,1.97,44,91,0.16,7.55,17.6,42.4,0.54,0.79,95,20.9,1757,192
29.55,92.58,detrital,5.76,193,309,0.78,53.7,69.2,94.1,3.53,7.9,136,56.9,223,494
29.55,92.58,detrital,8.77,108,179,0.47,26.2,37.8,58.6,1.56,4.15,78,34.1,161,303
29.55,92.58,detrital,4.47,141,223,0.36,30.5,49,70.3,1.78,4.77,108,42.6,179,370
29.55,92.58,detrital,76.4,887,1162,1.01,290.2,290,252.5,35.6,63.3,975,191.2,663,1474
29.55,92.58,detrital,12.07,188,309,0.73,47.6,68.2,105.3,2.96,7.4,288,61.2,530,537
29.55,92.58,detrital,25.9,43,77,0.62,9.6,15.4,34.9,0.5,2.47,193,16,795,168
29.55,92.58,detrital,30,93,194,1.16,24.6,36.3,108.7,2.38,4.3,567,43.8,644,457
29.55,92.58,detrital,13.1,107,188,1.1,25.8,38.4,74.2,1.85,5.8,89,37.8,115,345
29.55,92.58,detrital,21.4,116,247,0.63,24,47,113.9,1.51,4.3,235,54.2,425,521
29.55,92.58,detrital,53.1,552,823,1.12,155.9,185.9,218,13.6,27.9,864,144.8,947,1161
29.55,92.58,detrital,0.31,218,92,0.66,47.8,40.4,9,0.37,3.62,28,10.4,1780,64
29.55,92.58,detrital,0.84,98,210,0.02,8.42,39,75,0.17,0.97,62.7,44.1,1748,493
29.55,92.58,detrital,0.39,86,190,0.03,8.64,32.9,91,0.11,0.62,36.1,43.7,1838,556
29.55,92.58,detrital,0.3,54,126,0.03,5.57,22.1,65,0.09,0.16,17.2,30.2,1353,392
29.55,92.58,detrital,1.33,130,329,0.02,11.87,55,181,0.19,0.84,97.4,82.1,3667,1072
42.64,86.22,magmatic,7.12,76.48,146.78,0.45,16.06,30.81,68.28,1.09,2.56,122.04,33.6,310.43,325.62
42.64,86.22,magmatic,7.78,58,107.33,0.37,13.95,23.12,47.44,0.89,2.26,103.78,23.27,252.8,227.35
42.64,86.22,magmatic,19.3,122.9,232.53,0.89,28.39,49.76,93.62,3,5.25,346.84,49.13,539.16,459.78
42.64,86.22,magmatic,0.62,13.21,29.84,0.16,1.79,5.79,18.42,0.04,0.11,28.01,7.35,91.23,78.48
42.64,86.22,magmatic,8.52,119.9,212.31,0.89,29.07,47.61,89.58,2.09,4.41,171.8,45.4,293.28,428.62
42.64,86.22,magmatic,31.62,66.35,126.91,0.58,16.13,27.2,59.12,9.17,4.17,98.94,28.1,248.34,271.64
42.64,86.22,magmatic,6.35,54.32,103.65,0.3,11.83,21.66,47.85,0.89,1.64,71.1,23.19,172.53,225.69
42.64,86.22,magmatic,6.39,49.56,95.48,0.35,11.47,20.09,43.28,0.61,2.01,75.38,20.67,191.16,202.69
42.64,86.22,magmatic,7.32,60.42,118.15,0.3,13.54,24.35,57.74,1.02,1.67,87.76,27.21,228.59,268.93
42.64,86.22,magmatic,5.8,67.69,134.33,0.39,15.01,28.34,62.38,0.89,2.01,74.41,29.53,192.48,290.94
42.64,86.22,magmatic,7.85,60.2,115.7,0.43,13.29,24.41,51.81,1.36,2.6,100.54,25.1,262.04,245.04
42.64,86.22,magmatic,7.79,65.74,126.8,0.38,15.11,26.59,57.16,0.85,2.31,115.1,27.77,271.38,273.75
42.64,86.22,magmatic,6.64,82.28,151.33,0.55,20.58,32.88,68.36,1.3,3.55,100.97,33.18,221.87,326.74
42.64,86.22,magmatic,6.01,48.07,91.7,0.33,11.01,19.35,41.74,0.77,1.68,64.59,20.43,159.22,200.49
42.64,86.22,magmatic,10.77,111.39,221.18,0.71,23.68,46.13,102.06,1.65,3.79,142.84,49.27,339.8,483.41
42.64,86.22,magmatic,8.4,67.24,125.82,0.47,15.43,27.79,58.47,0.97,3.05,127.27,28.48,318.29,273.59
42.64,86.22,magmatic,8.56,71.97,141.79,0.51,16.68,29.75,66.92,1.13,2.56,101.98,31.47,256.17,316.3
42.64,86.22,magmatic,8.07,112.64,195.4,0.82,28.67,43.59,78.49,2.55,5.61,149.33,41.68,256.41,379.05
42.64,86.22,magmatic,6.24,71.41,134.52,0.55,15.64,28.05,65.63,1.25,2.24,79.05,29.66,205.5,307.06
42.64,86.22,magmatic,9.18,74.62,142.13,0.61,17.24,30.7,64.43,1.08,3.13,149.78,31.64,353.96,301.25
42.64,86.22,magmatic,7.2,76.58,145.64,0.63,17.58,30.62,69.77,1.03,2.7,87.93,32.49,214.05,320.83
42.64,86.22,magmatic,7.89,60.95,116.73,0.38,13.32,25.03,52.62,1.25,2.64,104.21,25.8,271.06,252.56
42.64,86.22,magmatic,0.59,17.04,35.22,0.28,3.59,7.26,20.49,0.14,0.43,42.69,8.43,98.8,87.81
42.64,86.22,magmatic,0.35,6.08,14.77,0.05,0.94,2.71,10.09,0.04,0.19,34.74,3.6,317.48,40.92
42.64,86.22,magmatic,0.74,19.23,40.21,0.41,4.07,8.19,23.89,0.17,0.51,29.82,9.32,80.34,100.39
42.64,86.22,magmatic,0.53,13.6,28.56,0.26,2.38,5.64,17.45,,0.25,37.33,6.6,248.12,72.85
42.64,86.22,magmatic,0.49,11.45,25.71,0.12,2.01,4.96,16.54,0.25,0.32,15.44,6.15,61.27,69.28
42.64,86.22,magmatic,0.56,17.08,39,0.29,2.9,7.8,24.22,0.13,0.49,17.98,9.16,74.22,100.11
42.64,86.22,magmatic,0.38,8.9,17.92,0.2,1.93,3.65,12.03,0.13,0.21,28.71,4.54,82.62,50.35
42.64,86.22,magmatic,0.97,16.78,40.19,0.16,2.81,7.56,27.54,0.29,0.27,123.08,10.22,386.36,112.22
42.64,86.22,magmatic,7.87,123.39,201.61,0.26,26.32,43.77,91.67,0.74,2.73,425.16,43.72,2701.14,434.98
42.64,86.22,magmatic,21.72,161.09,286.19,3.36,34.68,60.2,137.19,8.03,5.26,334.95,63.25,2461.76,637.75
42.64,86.22,magmatic,8.35,171.27,317.12,0.61,32.64,66.88,157.25,0.95,3.28,290.94,72.34,2270.16,730.72
42.64,86.22,magmatic,6.7,168.58,301.6,0.41,34.06,63.73,147.94,1.15,3.55,291.96,68.25,2282.59,683.51
42.64,86.22,magmatic,7.78,160.25,287.91,0.61,32.43,61.65,141.81,0.88,3.44,311.41,65.52,2188.34,657.41
42.64,86.22,magmatic,6.32,173.73,311.06,0.42,34.35,66.52,150.95,0.71,3.37,328.88,70.25,2399.64,695.37
42.64,86.22,magmatic,13.3,157.1,261.69,1.16,35.75,58.6,125.23,1.68,4.15,415.07,58.83,2878.94,580.43
42.64,86.22,magmatic,16.64,174.95,285.49,1.14,38.94,63.89,132.97,2.3,4.56,565.22,63.09,3421.35,628.06
42.64,86.22,magmatic,6.52,160.43,287.91,1.27,31.97,61.89,140.14,2.1,4.07,275.58,63.8,2198.6,646.27
42.64,86.22,magmatic,10.15,160.42,304.41,0.66,32.78,63.88,152.97,1.31,3.61,295.74,68.83,2411.04,695.97
42.64,86.22,magmatic,5.23,156.31,281.75,0.35,30.41,59.16,138.83,0.72,2.82,265.01,62.75,2182.29,633.94
42.64,86.22,magmatic,7.31,166.93,305.95,0.74,33.95,64.41,151.65,1.47,3.76,301.02,67.99,2297.23,688.03
42.64,86.22,magmatic,8,118.12,206.15,0.72,24.73,44.67,96.49,0.54,3.33,343.16,46.08,2335.88,456.1
42.64,86.22,magmatic,5.92,167.42,304.05,0.42,31.66,64.36,148.56,0.73,3.5,287.42,68.73,2236.36,686.96
42.64,86.22,magmatic,4.57,126.54,229.53,0.29,24,48.61,114.78,0.43,2.69,202.51,52.1,1839.09,524.24
42.64,86.22,magmatic,8.19,199.41,352.49,1.69,40.16,74.88,171.28,2.86,5.41,394.3,79.57,2597.97,785.23
42.64,86.22,magmatic,4.87,142.58,260.54,0.27,27.6,55.43,131.3,0.59,2.92,223.56,58.4,2015.94,595.03
42.64,86.22,magmatic,20.71,102.22,185.33,2.6,22.79,38.96,92.72,9.67,3.92,198.31,41.9,1695.97,421.86
42.64,86.22,magmatic,4.82,63.69,106.96,0.21,13.38,23.2,51.28,0.58,1.34,163.95,24.12,1567.75,240.05
42.64,86.22,magmatic,3.29,25.29,44.55,0.04,5.74,9.64,21.1,0.14,1.01,43.38,9.87,194.36,97.4
42.64,86.22,magmatic,1.68,21.48,35.78,0.11,4.59,7.77,18.36,0.29,,31.16,7.97,615.36,84.52
42.64,86.22,magmatic,2.72,36.2,74.18,0.08,7.08,14.74,41.27,0.19,0.9,56.97,17.56,551.75,181.88
42.64,86.22,magmatic,1.96,15.39,32.97,0.06,3.15,6.74,19.27,0.06,0.35,30.75,7.95,290.85,82.96
42.64,86.22,magmatic,3.41,49.41,93.57,0.1,9.53,18.96,45.73,0.3,1.18,95.31,20.31,667.05,207.91
42.64,86.22,magmatic,1.94,7.12,24,0.1,0.98,4,25.39,0.27,0.02,16.3,7.02,815.25,89.71
42.64,86.19,magmatic,36.22,167.95,343.51,2.4,28.69,71.19,145.3,5,5.94,380.68,76.2,1269.26,722.98
42.64,86.19,magmatic,27.31,172.7,359.55,2.83,32.72,74,155.61,4.29,5.62,341.68,80.58,1410.63,779.14
42.64,86.19,magmatic,97.2,209.64,294.8,9.43,81.72,70.36,119.91,19.85,26.89,1014.6,60.95,541.17,563.73
42.64,86.19,magmatic,245.64,522.82,697.64,20.52,197.56,172.37,245.67,36.9,54.78,2023.99,140.78,1437.09,1259.36
42.64,86.19,magmatic,49.26,118.71,203.22,2.68,29.99,46.07,85.68,2.88,5.64,391.9,44.46,424.02,418.1
42.64,86.19,magmatic,52.35,124.98,188.15,4.18,39.69,43.75,75.83,7.75,10.77,437.47,39.39,417.97,367.78
42.64,86.19,magmatic,61.25,211.37,340.97,5.59,55.99,77.97,131.25,11.81,13.92,705.56,72.42,1088.91,667.5
42.64,86.19,magmatic,61.13,143.51,251.41,2.97,38.75,55.63,107.5,3.49,7.08,408.7,55.55,460.87,516.4
42.64,86.19,magmatic,44.35,125.86,202.71,3.92,38.08,45.71,82.97,5.94,9.4,401.04,43.52,488.74,404.2
42.64,86.19,magmatic,21.81,60.51,96,1.65,17.91,22.27,40.56,1.6,3.65,142,20.42,183.09,199.83
42.64,86.19,magmatic,80.62,156.45,220.73,5.96,57.78,53.09,84.31,11.85,16.51,938.25,46.24,519.04,425.76
42.64,86.19,magmatic,68.75,155.49,244.68,4.6,47.13,55.88,97.59,6.89,10.93,561.27,51.95,615.44,480.39
42.64,86.19,magmatic,37.68,118,188.25,3.34,36.23,42.48,77.22,5.2,8.75,327.11,40.07,342.22,372.04
42.64,86.19,magmatic,47.24,115.66,192.98,3,33.76,43.28,80.55,2.74,6.71,378.25,41.55,451.06,391.55
42.64,86.19,magmatic,62.97,115.89,169.45,4.33,40.03,40.28,72.91,12.54,12.68,326.59,37.2,363.71,342.58
42.64,86.19,magmatic,23.53,75.92,132.98,1.82,18.38,29.3,57.2,3.06,4.17,191.69,29.11,330.92,281.62
42.64,86.19,magmatic,88.47,195.03,264.63,7.91,78.13,64.95,98.93,18.22,26.16,852.85,53.36,426.44,481.61
42.64,86.19,magmatic,36.03,126.86,192.85,3.78,40.25,44.63,72.84,4.33,8.08,349.84,39.81,386.89,367.97
42.64,86.19,magmatic,38.64,128.43,203.77,3.86,40.79,47,82.51,6.3,9.45,350.32,43.2,382.61,404.33
42.64,86.19,magmatic,39.27,120.48,227.17,2.08,25.68,48.72,98.23,1.78,4.58,374.13,49.73,649.46,472.43
42.64,86.19,magmatic,16.04,63.11,124.62,1.03,13.42,26.27,58.86,0.66,1.7,131.37,29.03,352.25,279.5
42.64,86.19,magmatic,44.18,117.16,199.73,2.8,28.02,43.89,83.29,7.15,6.66,390.11,43.52,648.9,412.05
42.64,86.19,magmatic,45.53,137.57,253.82,2.25,28.96,55.06,108.1,1.84,5.34,405.8,55.87,643.44,524.89
42.64,86.19,magmatic,35.18,105.91,199.46,2.1,24.91,43.24,88.84,2.01,4.09,279.05,44.98,436.61,430.48
42.64,86.19,magmatic,43.78,120.35,214.94,2.42,28.39,47.42,89.6,1.6,4.6,382.51,46.06,539.64,433.98
42.64,86.19,magmatic,36.96,101.05,182.67,1.97,23.14,39.77,74.38,1.69,3.72,507.15,37.92,787.39,361.98
42.64,86.19,magmatic,27.18,88.24,146.16,2.34,27.07,32.58,62.36,2.31,5.14,232.6,31.46,308.39,299.95
42.64,86.19,magmatic,61.89,130.19,192.36,6.1,46.68,43.57,101.7,21.08,17.03,518.45,44.28,636.2,447
42.64,86.19,magmatic,16.92,53.81,92.29,1.4,14.52,19.9,40.34,1.88,2.55,137.76,19.85,216.37,194.7
42.64,86.19,magmatic,84.07,226.91,323.79,8.08,79.06,79.15,119.6,10.56,19.44,610.94,66.37,546.99,602.72
42.64,86.19,magmatic,11.83,3.95,2.79,0.71,3.31,0.92,0.78,1.99,1.27,33.78,0.49,16.08,3.37
42.64,86.19,magmatic,39.77,71.59,150.32,1.04,15.34,30.28,79.68,0.85,2.19,370.58,35.05,470.24,355.89
42.64,86.19,magmatic,5.63,35.71,66.2,0.25,6.87,14.04,27.66,0.48,1.17,34.43,14.13,62.44,131.09
42.64,86.19,magmatic,4.4,23.93,43.75,0.23,5.21,9.73,18.65,0.64,0.49,22.6,9.52,37.84,89.91
42.64,86.19,magmatic,7.65,79.67,124.87,0.87,20.59,29.57,43.72,1.71,3.3,65.58,25.38,70.88,223.45
42.64,86.19,magmatic,4.42,30.55,54.58,0.29,6.05,12.15,22.96,0.38,,21.84,11.67,36.5,107.83
42.64,86.19,magmatic,3.62,78.44,137.14,0.29,17.51,30.76,51.08,0.95,2.46,40.1,27.99,78.71,251.62
42.64,86.19,magmatic,17.01,29.63,62.38,0.66,7.1,12.57,37.34,2.39,1.73,113.77,15.3,156.59,162.89
42.64,86.19,magmatic,4.39,16.23,30.59,0.24,3.55,6.32,13.08,0.26,0.55,18.67,6.57,30.85,61.17
42.64,86.19,magmatic,6.38,41.14,75.05,0.39,9.35,16.33,30.67,0.87,1.7,46.37,15.84,65.66,147.41
42.64,86.19,magmatic,5.04,144.57,288.47,0.49,24.63,60.57,111.13,1.31,3.64,93.15,63.41,240.3,569.06
42.64,86.19,magmatic,6.56,47.05,83.04,0.45,10.29,18.65,31.93,0.75,1.87,47.31,17.57,65.99,158
42.64,86.19,magmatic,4.82,33.59,62.94,0.32,6.6,13.57,26.09,0.29,1.11,29.44,13.78,49.47,126.24
42.64,86.19,magmatic,7.63,64.62,107.3,0.6,16.02,24.56,39.38,1.36,3.08,58.27,22.47,70.27,194.29
42.64,86.19,magmatic,6.08,74.33,131,0.7,17.87,29.58,49.27,1.56,3.42,68.75,27.05,93.03,244.88
42.64,86.19,magmatic,5.89,76.59,125.92,0.35,19.8,29.75,44.83,1.8,3.55,118.48,25.17,165.98,222.77
42.64,86.19,magmatic,7.84,49.14,84.95,0.32,10.48,19.03,32.01,0.73,1.91,57.39,17.94,82.32,159.99
42.64,86.19,magmatic,8.26,74.32,133.11,0.56,15.99,29.86,53.05,1.08,3.13,60.43,28.87,86.09,260.52
42.64,86.19,magmatic,9.6,55.8,100.96,0.58,12.53,22.1,40.06,0.57,2.04,69.51,21.4,81.45,193.58
42.64,86.19,magmatic,11.35,5.03,3.87,0.73,3.53,1.23,0.85,1.48,1.48,57.7,0.62,24.36,4.28
42.64,86.19,magmatic,13.25,19.37,12.81,2.62,15.95,4.35,2.42,6.18,5.9,218.16,1.96,48.9,13.75
42.64,86.19,magmatic,9.7,12.59,7.95,1.85,9.62,2.81,1.41,3.52,3.96,34.91,1.2,30.05,8.59
42.64,86.19,magmatic,8.93,6.51,4.82,0.64,3.45,1.46,1.07,0.76,0.9,55.84,0.81,28.18,5.98
42.64,86.19,magmatic,11.56,36.65,69.34,0.28,8.07,15.03,28.65,0.83,1.61,73.01,14.69,67.95,137.23
42.64,86.19,magmatic,8.66,3.77,3.31,0.47,3.04,0.99,1.2,1.07,1.17,31.59,0.59,22.84,4.97
42.64,86.19,magmatic,17.35,5.83,3.55,0.95,4.67,1.34,0.7,2.62,1.93,129.5,0.53,29.58,4
42.64,86.19,magmatic,11.16,7.6,5.01,1.12,5.67,1.6,1.53,1.24,2.14,66.53,0.81,34.68,7.25
42.64,86.19,magmatic,7.39,39.61,73.49,0.33,8.02,15.94,29.78,0.55,0.95,50.47,15.73,71,145.17
42.64,86.19,magmatic,10.74,3.91,2.6,0.65,3.49,0.99,0.46,1.64,1.19,27.48,0.45,21.13,3.08
42.64,86.19,magmatic,6.21,34.57,66.35,0.23,6.65,14,28.56,0.53,1.06,36.06,14.44,55.33,136.44
42.64,86.19,magmatic,9.97,6.66,5.18,0.65,4.81,1.64,1.16,1.09,1.71,62.97,0.75,30.5,6.27
42.64,86.19,magmatic,11.21,5.81,5.19,0.66,3.66,1.54,1.49,1.46,1.45,50.61,0.93,23.44,7.77
42.64,86.19,magmatic,16.74,5.17,3.41,1.07,5.42,1.22,0.62,2.88,2.68,78.96,0.5,23.65,3.54
42.64,86.19,magmatic,8.58,28.25,53.89,0.32,5.36,11.04,23.44,0.69,0.88,48.11,11.51,53.49,110.72
42.64,86.19,magmatic,12.86,5.24,3.4,0.7,4.02,1.12,0.74,1.75,1.88,69.78,0.52,23.47,3.62
42.64,86.19,magmatic,8.65,5.22,4.51,0.53,3.37,1.39,1.49,1.05,1.11,44.96,0.83,21.13,7.08
42.64,86.19,magmatic,13.6,8.65,6.9,1.11,6.37,2.15,1.53,1.72,2.29,105.03,1.06,32.99,8.51
42.64,86.19,magmatic,13.91,5.43,4.11,0.65,3.53,1.35,1.1,2.05,1.51,82.42,0.73,31.41,6.12
42.64,86.19,magmatic,16.6,10.87,7.79,1.37,8.74,2.65,1.61,2.79,3.57,143.88,1.36,38.5,9.57
42.64,86.19,magmatic,9,6.16,5.65,0.73,3.87,1.77,1.5,0.99,0.81,76.05,0.87,33.16,7.48
42.64,86.19,magmatic,10.48,6.45,5.01,0.76,5.05,1.7,1.1,1.23,1.38,86.66,0.78,35.57,6.44
42.64,86.19,magmatic,14.88,7.79,5.12,0.99,5.97,1.77,0.91,1.81,2.14,91.1,0.77,30.88,4.88
42.64,86.19,magmatic,9.92,10.89,8.6,0.97,6.56,2.76,1.55,0.73,1.98,106.94,1.26,56.91,9.07
42.64,86.19,magmatic,14.17,6.53,4.89,1.02,4.32,1.65,0.93,2.31,2,86.24,0.8,36.74,5.62
42.64,86.19,magmatic,5.78,32.85,65.4,0.3,5.78,13.63,27.19,0.36,1.08,31.5,14.2,43.22,130.84
42.64,86.19,magmatic,21.77,12.69,9.72,0.84,8.08,3.32,2.42,1.96,3.37,77.3,1.61,58.48,11.57
42.64,86.19,magmatic,3.23,85.25,171.36,0.17,14.35,35.08,75.84,0.65,1.99,80.82,38.05,342.63,360.62
42.64,86.19,magmatic,19.38,21.11,49.7,0.31,4.25,9.18,31.73,0.3,0.58,52.9,12.37,123.97,135.04
42.64,86.19,magmatic,16.78,11.62,7.65,0.97,7.6,2.63,1.38,1.74,2.75,41.15,1.15,41.15,7.92
42.64,86.19,magmatic,16.54,52.07,70.82,1.2,22.63,16.74,29.74,2.3,6,315.1,14.8,790.03,140.27
42.64,86.19,magmatic,26.7,25.53,20.65,2.14,20.2,6.11,4.62,8.77,8.97,38.31,3.32,48.55,24.08
42.64,86.19,magmatic,0.54,116.24,265.07,0.03,16.14,52.54,107.23,0.36,1.51,37.68,58.54,242.07,534.48
42.64,86.19,magmatic,22.41,11.21,6.23,1.14,9.82,2.39,1.01,3.51,3.33,36.7,0.96,52.08,6.69
42.64,86.19,magmatic,19.39,66.09,128.27,0.43,14.58,26.97,55.5,1.81,2.78,143.22,28.24,278.17,266.9
42.64,86.19,magmatic,23.49,9.6,8.2,0.8,6.02,2.64,1.83,2.49,2.77,45.31,1.45,24.43,10.25
42.64,86.19,magmatic,25.06,21.12,11.32,3.09,23.72,4.31,1.74,7.04,11.56,95.51,1.47,58.91,10.69
42.64,86.19,magmatic,10.33,65.97,114.65,0.61,15.21,25.23,49.14,1.66,2.98,38.81,25.34,557.5,241.89
42.64,86.19,magmatic,11.37,112.77,233.07,0.75,18.83,48.47,104.39,2.23,3.52,150.31,52.57,324.4,502.58
42.64,86.19,magmatic,12.59,9.18,7.66,0.6,5.24,2.35,1.96,1.19,1.68,12.44,1.29,15.25,9.53
42.64,86.19,magmatic,7.37,98.64,188.21,0.35,19.17,40.46,73.65,1.37,2.43,176.12,39.48,492.38,356.12
42.64,86.19,magmatic,25.5,23.03,17.67,1.54,16.09,5.7,3.79,4.06,6.44,51.5,2.81,45.67,21.5
42.64,86.19,magmatic,7.81,58.51,34.51,1.17,40.82,12.38,6.75,2.3,9.09,153.24,5.15,1325.72,39.08
42.64,86.19,magmatic,17.13,52.02,34.92,1.86,38.9,12.41,6.23,4.12,11.57,488.14,5.14,378.87,35.39
42.64,86.19,magmatic,12.06,38.04,23.41,0.73,24.1,8.12,4.7,1.91,4.26,79.61,3.31,755.09,23.47
42.64,86.19,magmatic,21.3,147.02,286.06,1.43,32.74,60.74,115.48,2.61,5.37,654.05,59.38,782.86,550.25
42.64,86.19,magmatic,7.66,31.12,21.44,0.59,18.78,7.08,4.49,1.53,3.6,46.47,3.27,524.11,23.35
42.64,86.19,magmatic,8.52,14.05,13.83,0.71,6.19,4.07,3.28,0.92,1.3,432.74,2.31,600.72,18.35
42.64,86.19,magmatic,11.24,28.53,24.05,1.08,18.18,7.75,5.16,2.15,4.34,514.26,3.86,789.34,29.07
42.64,86.19,magmatic,5.77,58.07,114.2,0.48,12.92,23.69,47.64,1.01,2.32,131.63,24.89,636.9,230.08
42.64,86.19,magmatic,37.56,33.21,24.84,2.3,24.62,8.11,5.08,8.05,9.48,183.59,3.87,95.25,28.99
42.64,86.19,magmatic,13.41,7.79,11.33,0.54,3.53,2.65,5.38,1.59,1.5,169.48,2.33,119.14,22.59
42.64,86.19,magmatic,26.33,32.58,28.28,2.1,21.85,8.5,7.11,6.15,8.08,81.15,4.48,61.47,35.8
42.64,86.19,magmatic,10.35,9.04,6.23,0.88,8.3,1.94,1.26,1.42,2.04,35.86,0.91,72.77,7.12
42.64,86.19,magmatic,7.02,13.36,11.92,0.94,6.85,3.56,2.89,1.57,1.69,138.39,1.94,68.31,15.64
42.64,86.19,magmatic,32.74,38.03,27.59,3.26,31.8,9.01,5.42,12.32,13.77,105.75,4.36,75.35,31.07
42.64,86.19,magmatic,24.68,12.91,9.04,1.17,9.02,2.97,2.21,2.63,3.34,102.07,1.57,54.32,11.15
42.64,86.19,magmatic,7.75,15.11,17.62,0.9,7.56,4.49,6.38,1.37,2.09,143.4,3.45,142.02,31.39
42.64,86.19,magmatic,10.64,14.22,10.66,0.74,8.86,3.57,2.12,2.25,3.26,255.57,1.66,267.25,11.78
42.64,86.19,magmatic,30.78,10.39,7.04,1.09,8.13,2.2,1.32,4.1,3.53,65.54,1.11,52.52,7.14
42.64,86.19,magmatic,23.48,10.45,7.45,0.78,7.97,2.25,1.62,2.41,2.91,39.26,1.3,41.09,9.37
42.64,86.19,magmatic,26.72,7.6,4.18,0.97,8.15,1.62,0.67,3.99,3.17,79.73,0.59,70.13,3.87
42.64,86.19,magmatic,17.31,11.18,10.08,0.83,8.08,2.94,2.25,1.7,2.31,14.62,1.63,21.55,13.12
42.64,86.19,magmatic,26.72,16.94,12.92,1.35,12.9,4,2.52,4.16,5.49,27.85,1.83,27.17,14.18
42.64,86.19,magmatic,8.64,17.25,20.33,0.92,6.65,5.49,5.88,0.77,1.64,102.37,3.34,30.3,29.92
42.64,86.19,magmatic,26.87,30.13,23.47,2.47,23.74,7.47,5.04,7.13,9.75,96.62,3.62,59.8,27.03
42.64,86.19,magmatic,23.64,13.52,9.62,1.15,10.22,3.06,2.02,3.09,3.53,27.79,1.56,31.59,10.99
42.64,86.19,magmatic,23.39,27.31,20.26,2.56,19.55,6.58,4.15,9.15,8.77,105.82,3.18,62.21,23.53
42.64,86.19,magmatic,20.66,17.95,14.88,1.51,11.37,4.57,3.26,2.6,3.15,100.61,2.45,56.94,18.2
42.64,86.19,magmatic,11.18,25.49,52.22,0.36,6.39,10.3,24.62,0.53,1.13,76.62,11.2,158.36,109.28
42.64,86.19,magmatic,25.41,12.36,9.65,1.35,9.28,3.14,2.15,3.16,3.74,83.98,1.57,48.46,11.4
38.92,-108.25,detrital,2.36,13,26.6,0.13,2.26,5.12,12.05,0.12,0.31,2.82,6.41,8.02,69.5
38.92,-108.25,detrital,28.6,97.8,121.5,3.7,36.9,31.2,35.17,10.82,12.26,16.77,24.61,17.3,228.1
38.92,-108.25,detrital,4.71,67.3,99.6,0.35,17.9,22.75,32.5,2.34,4.28,6.54,21.47,32.4,208.1
38.92,-108.25,detrital,11.39,79.4,111.5,0.93,21.7,26.57,32.2,3.8,5.91,21.86,22.18,34.47,209.5
38.92,-108.25,detrital,40.5,136.6,190.9,3.2,40.2,45.6,55.6,4.88,9.46,25.68,38.8,46.69,366
38.92,-108.25,detrital,13.39,35.8,67.5,0.23,6.8,13.87,30.17,0.75,1.66,26.37,16.36,51.53,178.2
38.92,-108.25,detrital,18.34,77.7,121.3,0.93,17.66,27.3,41.8,1.91,4.17,35.17,27.4,54.02,271
38.92,-108.25,detrital,18.28,87.1,142,0.73,17.85,31.3,48.7,2.02,4.42,14.06,31.5,54.46,314
38.92,-108.25,detrital,18.33,135.9,198.3,1.6,32,45.6,62.5,5.3,8.87,38.59,41.73,62.09,402
38.92,-108.25,detrital,9.91,66.7,117.2,0.22,12.8,25.2,40.5,0.86,2.3,22.72,26.7,62.68,268
38.92,-108.25,detrital,7.55,42.3,73.5,0.1,8.69,15.74,24.91,0.6,1.78,21.43,16.12,69.13,157.6
38.92,-108.25,detrital,8.28,85.6,139.3,0.34,18.8,31.3,41.7,1.38,3.28,25.85,29.5,72.42,279
38.92,-108.25,detrital,13.37,76.7,128.2,0.32,15.36,28.23,42,1.59,3.5,19.59,28.47,73.15,280.4
38.92,-108.25,detrital,9.05,48.3,84.2,0.15,10.07,17.79,28.3,0.86,2.04,45.66,18.47,73.79,182.3
38.92,-108.25,detrital,27.8,36.1,68.8,0.2,8.16,13.83,29.6,0.82,1.64,64.24,16.73,84.45,176.5
38.92,-108.25,detrital,5.11,51.4,79.3,0.16,12.01,17.54,28.1,1.25,2.7,22.25,17.44,100.8,171.3
38.92,-108.25,detrital,13.38,169.6,250.5,0.42,38.2,58.8,67.5,3.38,8.68,39.59,50.9,104,462
38.92,-108.25,detrital,33.5,58.2,95.2,0.94,15.29,20.67,38.5,3.08,4.29,43.03,22.14,107.59,228.8
38.92,-108.25,detrital,16.28,78.3,129.4,0.21,15.71,28.9,38.9,1.13,3.02,34.44,27.69,108.35,258.5
38.92,-108.25,detrital,3.85,16.94,35.49,0.44,3.21,6.8,22.87,0.5,0.73,32.28,9.47,109.94,111.8
38.92,-108.25,detrital,13.95,88.2,137.7,0.25,20.06,30.76,42.7,2.92,5.05,39.72,29.5,110.14,281.5
38.92,-108.25,detrital,27.97,65.5,76.8,4.14,27.3,19.31,27.1,6.65,8.92,64.16,16.34,110.34,164.5
38.92,-108.25,detrital,13.72,38,66.5,0.2,7.29,14.28,24.61,0.78,1.69,41.36,15.2,112.53,153.6
38.92,-108.25,detrital,17.92,125.2,197.4,0.28,28.6,44.8,56.7,3.3,6.31,49.83,41.76,113.94,384
38.92,-108.25,detrital,3.1,80.7,117.2,0.35,19.1,27.1,34.4,1.82,4.15,39.55,25,116.21,236
38.92,-108.25,detrital,30.9,42.7,92,0.43,7.65,17.65,48.2,0.8,1.66,54.02,24.22,121.67,275.6
38.92,-108.25,detrital,12.7,95.5,152.9,0.42,21.45,33.75,51.2,3.62,5.81,45.61,33.87,122.94,327.3
38.92,-108.25,detrital,12.83,42.8,74.2,0.43,10.34,15.81,29.34,1.07,2.18,71.01,17.34,123.36,178.2
38.92,-108.25,detrital,13.55,145.4,194.3,2.3,40,46.6,54.6,9.78,12.7,58.31,40.17,135.16,374.7
38.92,-108.25,detrital,11.64,22.82,46.6,0.15,3.77,9.21,22.09,0.41,0.76,30.85,11.95,138,130.9
38.92,-108.25,detrital,6.12,49,82.7,0.65,9.79,17.86,31.29,1.18,2.31,61.65,19.01,143.38,194.6
38.92,-108.25,detrital,15.91,245.6,345.3,0.26,56.8,84,87.9,9.34,15.83,98.86,68.6,147.6,599
38.92,-108.25,detrital,16.42,227,338,1.12,47.4,79.5,78.5,4.54,10.26,45.29,67.3,152.09,578
38.92,-108.25,detrital,20.61,119.6,191.1,0.35,23.2,43.2,55.7,2.53,5.12,50.41,40.8,161.42,381
38.92,-108.25,detrital,5.56,114.4,223.1,0.12,17.31,45.2,79.8,0.73,2.57,44.87,51.2,169.42,518
38.92,-108.25,detrital,4.83,117,231,1.27,24.2,46.5,93.6,3.05,5.08,57.31,54.4,177.9,565
38.92,-108.25,detrital,52.3,274,396,6.4,63.6,91.4,112.7,21.3,25.3,87.31,83.8,187.53,772
38.92,-108.25,detrital,23.08,161.4,262.8,0.72,32.7,58.4,80,2.71,6.71,63.7,58,205.59,542
38.92,-108.25,detrital,18.69,111.3,158.7,0.6,27.1,38.1,42.6,5.57,7.92,54.6,33.28,216.69,297
38.92,-108.25,detrital,14.91,78.8,155.6,0.66,15.16,31.3,64.3,1.1,2.73,107.81,36.86,217.28,386
38.92,-108.25,detrital,6.98,61.1,95.4,0.31,15.61,21.58,28.17,2.12,3.66,92.27,20.13,222.65,186.3
38.92,-108.25,detrital,31.5,72.3,128.7,0.57,15.22,26.59,47.5,1.43,3.51,128.75,29.77,223.27,303
38.92,-108.25,detrital,9.74,84.6,140.1,0.18,17.54,31.11,43.7,1.1,3.09,56.71,30.44,225.63,295.2
38.92,-108.25,detrital,19.02,212.2,303,0.45,59.7,70.7,79,10.96,17.22,146.05,60.9,241.24,553
38.92,-108.25,detrital,25.5,420,561,0.53,110.5,137,140,16.51,29.5,107.93,112,257.11,994
38.92,-108.25,detrital,4.11,79.7,62.3,0.27,18.2,19.53,15.2,0.61,2.51,29.93,11.13,298.92,97.7
38.92,-108.25,detrital,16.28,56.8,92.5,0.28,12.46,20.48,28.9,1.18,2.6,105.87,20.52,373.56,197.8
38.92,-108.25,detrital,15.3,85.7,157,0.26,13.88,33,49.6,0.88,2.35,63.55,35.5,461.18,348
38.92,-108.25,detrital,23.16,75.5,158,0.29,11.62,31,64.8,0.55,1.54,230.57,38.58,561.57,403.7
38.92,-108.25,detrital,18.15,59.5,108.6,0.26,12.65,22.83,39.9,1.24,2.12,42.68,24.29,59.01,245
38.92,-108.25,detrital,30.4,66,101.4,1.25,15.7,22.4,33.1,1.94,3.42,47.79,21.37,61.23,213.8
38.92,-108.25,detrital,20.1,86.5,159.1,1.25,21.1,33,65.1,2.99,4.9,65.21,36.5,68.48,381
38.92,-108.25,detrital,48.4,91.4,184.1,0.78,18.8,36.2,74.2,1.33,3.43,54.02,43.17,80.3,445.7
38.92,-108.25,detrital,22.2,158.2,327,0.86,28.6,64.5,127.6,9.3,6.3,51.12,72.4,95.08,699
38.92,-108.25,detrital,9.22,50.5,88.5,0.3,11.5,18.88,30.39,0.89,2.37,45.65,19.52,99.15,192.2
38.92,-108.25,detrital,84.4,132,199.1,1.31,42.1,45.57,54.9,63.8,20.2,34.85,39.7,108.2,362
38.92,-108.25,detrital,25.05,110.2,235.3,2.62,23.5,44.8,124.3,5.6,5.95,74.06,57.2,115.04,645
38.92,-108.25,detrital,9.06,47.4,78,0.35,11.61,17.37,25.26,1.21,2.6,73.87,16.71,116.46,160.4
38.92,-108.25,detrital,28.51,111.7,179.3,1.29,27.5,40.1,58.2,2.11,5.11,85.79,39,124.96,377
38.92,-108.25,detrital,8.4,127,219,0.55,25.6,47.8,67.4,1.9,4.31,46.38,45.6,125.23,422
38.92,-108.25,detrital,8.7,73.9,116,0.21,18.3,26,35.1,4.5,3.89,50.22,24.15,130.54,230
38.92,-108.25,detrital,26.3,58.4,100.4,1,13.8,21.01,38.3,1.94,3.04,170.7,23.07,131.98,225.2
38.92,-108.25,detrital,13.87,73.6,132.7,0.52,16.4,26.9,46.7,1.87,3.79,35.81,29.27,139.16,294.9
38.92,-108.25,detrital,30.01,72.3,134.7,0.37,15.62,27.53,51.7,0.96,2.54,166.98,30.76,248.46,315.6
38.92,-108.25,detrital,11.52,41.7,74.2,0.08,9.47,15.55,27.21,0.75,1.58,90.36,16.82,251.47,171
38.92,-108.25,detrital,12.61,40.3,87.5,0.45,9.2,16.5,46.7,0.61,1.93,152.2,21.7,260.43,244
38.92,-108.25,detrital,2.81,62,115,0.08,13.3,23.71,38.28,0.76,1.81,71.78,24.77,296.46,239.7
38.92,-108.25,detrital,33,87.5,162.7,0.67,17.7,33.5,61.4,6.4,4.16,160.55,37.1,336.45,374
38.92,-108.25,detrital,42.3,79.5,135.3,0.46,19.28,28.7,45.4,1.79,3.83,217.63,29.95,353.19,295.9
38.92,-108.25,detrital,26.8,88,142,2.96,23.8,29.5,78.9,5.3,7.3,314.41,34.1,770.54,405
38.92,-108.25,detrital,15.43,56.3,74.1,1.84,16.8,17.6,21.8,2.52,4.2,30.3,15.17,31.21,147.8
38.92,-108.25,detrital,5.15,57,85.5,0.42,15,19.19,28,1.48,3.08,29.05,17.77,44.46,169.1
38.92,-108.25,detrital,9.89,69.6,126.2,0.57,14.6,26.6,47.2,0.96,2.45,27.88,29.8,47.39,301.2
38.92,-108.25,detrital,31.1,165,184.3,4.33,62.6,48.8,43.4,27.7,19.3,20.91,36,49.07,314
38.92,-108.25,detrital,13.7,58.7,100.3,0.62,13.2,21.6,35.2,1.5,2.33,48.37,22.38,62.72,218.6
38.92,-108.25,detrital,13.2,120,186.3,0.92,31.4,41.6,57.9,2.99,6.28,17.73,39,64.07,355
38.92,-108.25,detrital,43,71.4,107.8,1.62,17.8,24.12,35.1,2.97,4.47,61.63,23.67,64.37,236
38.92,-108.25,detrital,16.58,43.8,78.4,0.47,9.27,16.25,30.3,0.81,1.89,37.35,18.31,68.09,199.6
38.92,-108.25,detrital,10.44,78,117.7,0.75,22.1,26.7,36.3,3.08,4.84,66.96,24.75,69.94,230.5
38.92,-108.25,detrital,6.33,250,537,0.89,32.3,101.9,220.5,1.2,4.14,30.37,135.2,75.13,1438
38.92,-108.25,detrital,13.53,28.2,47.1,0.17,7.57,10.08,17.09,0.99,1.54,87.88,10.73,75.99,110.8
38.92,-108.25,detrital,17.62,64.5,102.7,0.59,14.8,22.84,34.8,1.32,2.67,35.8,22.85,86.62,229.7
38.92,-108.25,detrital,4.38,60.2,98.8,0.16,14.2,22.1,32,1,2.29,33.76,21.82,92.09,217.2
38.92,-108.25,detrital,10.15,35.3,59.4,0.13,7.43,12.58,19.04,0.77,1.39,25.57,13.48,96.5,129.9
38.92,-108.25,detrital,21.3,63.1,97.5,0.58,14.6,22.2,31,1.42,2.92,65.03,20.64,97.5,203.4
38.92,-108.25,detrital,32.5,116,199.5,0.64,28.6,42.3,71,11.8,7.24,54.5,41.4,97.85,379
38.92,-108.25,detrital,13.1,59.2,86.7,0.76,15.5,19.5,27.7,2.6,3.68,53.18,19.5,98.13,198
38.92,-108.25,detrital,6.55,46.4,85.3,0.59,10.68,17.46,31.73,1.14,2.3,59.03,19.16,98.55,200
38.92,-108.25,detrital,10.34,42.6,78.3,0.15,8.58,16.5,27.67,0.82,1.51,62.77,17.93,101.76,189.7
38.92,-108.25,detrital,4.32,56.2,104,0.23,11.8,21.33,42.4,0.79,1.95,33.56,24.66,109.13,262.9
38.92,-108.25,detrital,2.52,25.54,47.1,0.18,4.04,10.06,12.52,0.18,0.57,27.81,9.88,119.13,90.4
38.92,-108.25,detrital,15.9,38.7,81.2,0.55,9.03,15.52,41.4,5,1.98,62.04,20.47,130.07,234.1
38.92,-108.25,detrital,9.63,60.4,107.7,0.57,12.51,22.15,40.6,1.42,2.64,106.45,24.65,140.84,257
38.92,-108.25,detrital,5.94,75.3,151.3,0.2,14.7,29.5,54,0.6,1.86,43.11,31.1,144.64,285
38.92,-108.25,detrital,8.13,140.8,205.4,0.26,38.9,47.3,56.6,4.23,8.76,73.36,42.6,145.92,404
38.92,-108.25,detrital,7.46,87.4,117.7,0.44,25.2,28.2,32,3.68,5.93,40.57,24.5,148.43,226
38.92,-108.25,detrital,16.86,184.5,270.1,1.3,49.5,62.7,79.9,6.34,12.58,72.44,56.2,156.2,543
38.92,-108.25,detrital,7.2,58.9,106.2,0.44,12.2,22.7,39.1,0.67,2.06,52.32,24.63,158.78,253.5
38.92,-108.25,detrital,11.65,212,335.9,0.93,54.2,76.6,100.1,8.54,12.33,66.45,69.9,159.67,671
38.92,-108.25,detrital,25.42,52.8,91.5,0.42,11.71,19.91,31.8,1.17,2.47,110.07,20.65,166.04,207.7
38.92,-108.25,detrital,13.02,66.6,114,0.66,15.4,24.5,40.8,2.57,3.19,93.04,26.1,173.46,268.3
38.92,-108.25,detrital,6.54,38,89.4,0.39,7.02,16.56,54.1,0.47,0.92,55.58,23.29,178.07,289
38.92,-108.25,detrital,24.8,219.3,326.4,0.84,55,75.9,85.9,5.8,11.93,94.15,68,183.93,618
38.92,-108.25,detrital,9.26,46,77.6,0.16,9.85,16.74,25.11,0.71,1.98,92.89,17.01,199.78,171.6
38.92,-108.25,detrital,12.6,30.6,56.5,0.61,7.54,11.53,23.8,0.55,1.25,117.75,13.33,214.68,146
38.92,-108.25,detrital,41.9,71.9,85,2.24,31.7,21.1,23.6,9.23,11.9,262.95,17.06,215.48,168.2
38.92,-108.25,detrital,1.99,13.4,11.91,0.22,6.33,3.17,2.43,0.7,1.39,41.93,2.12,215.66,18.58
38.92,-108.25,detrital,22.67,401,763,3.61,62.3,159.8,240.6,1.57,6.32,173.37,169.1,222.97,1687
38.92,-108.25,detrital,3.8,102.1,244,0.45,16.1,43.9,125.8,0.71,2.03,139.92,63.3,229.81,733
38.92,-108.25,detrital,15.1,31.9,38.7,0.78,11.7,9.61,12.05,2.57,3.63,157.14,8.13,231.68,83.2
38.92,-108.25,detrital,4.7,45.1,78.6,0.14,9.88,16.61,26.36,0.57,1.47,38.67,17.41,232.79,173.9
38.92,-108.25,detrital,137,191.3,273.2,0.5,52.8,63.9,71,70,24.8,144.69,55.6,270.24,518
38.92,-108.25,detrital,52.8,90.3,115.9,3.21,28.2,27.1,39.5,6.91,9.29,214.54,24.08,276.34,229.5
38.92,-108.25,detrital,6.42,43.8,86,0.11,7.11,17.3,34.6,0.31,0.88,120.42,20.53,438.71,217.8
38.92,-108.25,detrital,4.25,39.8,54.1,0.19,10.6,13.31,15.01,0.67,1.61,128.26,10.93,583.72,96.1
38.92,-108.25,detrital,13.37,74.8,127.4,0.32,18.2,26.8,49,1.96,3.93,304.47,29.36,1250.33,301
38.92,-108.25,detrital,31.22,55.9,68.5,2.02,20.7,17.2,20.6,5.43,7.48,12.23,14.31,29.44,134.7
38.92,-108.25,detrital,21.4,96.3,147.2,0.63,22.5,33.83,45.6,1.82,3.9,23.37,30.9,33.84,298.4
38.92,-108.25,detrital,15.27,78.4,113.7,0.21,23.2,26.44,38.2,4.29,6.22,21.05,24.5,44.29,239.4
38.92,-108.25,detrital,5.23,116.8,162.5,0.38,32.5,39.4,48.8,3.55,7.36,19.81,34.57,49.27,328
38.92,-108.25,detrital,22.77,72.2,111.3,1.56,19.7,25.4,37.9,1.54,3.62,33.65,24.61,53.97,240
38.92,-108.25,detrital,17.17,46.1,86.1,0.31,9.66,17.9,35.5,0.74,1.78,28.5,20.6,62.7,213.3
38.92,-108.25,detrital,13.29,66.1,106.5,0.26,14.2,24.1,33.4,1.22,2.41,23.3,23.04,66.53,224.2
38.92,-108.25,detrital,11.09,66.5,104.7,0.35,15.84,23.49,32.7,1.78,3.86,23.33,22.59,68.17,219.3
38.92,-108.25,detrital,12.82,32,51.2,0.52,8.27,11.27,19.32,0.91,1.8,30.41,11.66,71,118.9
38.92,-108.25,detrital,28.9,384,553,2.34,102.6,130.6,146.8,11.83,22.3,29.77,112.4,71.66,1024
38.92,-108.25,detrital,0.56,79.1,191,0.09,8.05,34.8,99.8,0.18,0.8,38.11,51.9,86.76,597
38.92,-108.25,detrital,11.81,95.2,149.8,0.34,24.5,34.3,47.5,2.65,5.21,86.55,31.94,101.15,306
38.92,-108.25,detrital,14.55,161.5,238.6,0.9,42.5,55.4,71.5,7.81,11.37,42.95,50.3,101.85,484
38.92,-108.25,detrital,9.83,126.3,233.9,1.2,27.9,49.7,83.3,1.93,4.76,45.69,51.7,107.29,525
38.92,-108.25,detrital,17.35,189,263.2,1.22,51.1,62.7,73.9,7.63,12.24,58.71,55.5,111.84,515
38.92,-108.25,detrital,21.43,221.3,317,0.59,58.9,74.9,90.2,7.25,13.18,44.66,65.3,112.8,609
38.92,-108.25,detrital,8.63,155.7,230.3,1.29,40.3,51.9,68.1,3.92,8.67,48.07,47.9,114.3,462
38.92,-108.25,detrital,22.44,94.5,143.7,0.34,22.9,32.75,43.1,2.64,5.07,54.79,30.84,123.84,283.8
38.92,-108.25,detrital,5.85,61.9,109,0.16,12.93,24,37.4,0.71,2.22,36.62,24.92,126.41,250
38.92,-108.25,detrital,17.22,123.3,191.4,1.73,30.3,43.9,57,2.02,5.37,48.46,40.63,131.3,387.9
38.92,-108.25,detrital,21.2,117.2,178,0.33,28.5,40.8,52.5,3.37,6.17,60.27,37.6,131.78,358
38.92,-108.25,detrital,16.01,146.8,261.9,0.35,28.4,56.7,76.4,1.2,3.78,46.69,56.7,134.59,522
38.92,-108.25,detrital,21.41,128.2,220.7,0.4,24.91,48.3,61.8,1.72,4.62,25.96,46.3,137.83,432
38.92,-108.25,detrital,10.91,54.8,95,0.35,12.1,20.5,33.5,1.11,2.34,39.64,21.3,140.14,215
38.92,-108.25,detrital,21.5,74.8,102.9,1.24,23.3,24.5,33.7,3.66,6.56,142.62,22.3,145.23,218
38.92,-108.25,detrital,14.73,168.8,252.1,0.93,43.1,57.5,71.4,4.63,9.25,56.1,52.1,148.52,482
38.92,-108.25,detrital,23.6,29.4,27.5,1.63,10.7,7.68,5.73,2.8,3.68,56.76,5.01,159.18,42.6
38.92,-108.25,detrital,19.74,152.9,265.1,0.66,30.9,57.9,81.3,2.04,4.83,62.9,57.9,170.32,547
38.92,-108.25,detrital,11.87,85.9,107.6,0.46,28.2,26.65,29.68,3.08,7.24,136.35,22.04,174.9,204
38.92,-108.25,detrital,20.34,222.4,324,1.08,59.1,76.8,83.9,11.23,15.3,62.13,65.4,175.05,594
38.92,-108.25,detrital,29.9,183.8,287.9,0.43,40.3,64.3,76.7,3.6,7.5,60.19,59.8,182.92,533
38.92,-108.25,detrital,16.28,301,443,1.29,78,104.8,127.1,11.84,17.16,138.81,91.4,198.86,850
38.92,-108.25,detrital,18.88,84,177.3,2.03,18.2,33.6,92.1,1.72,4.03,113.53,45.5,207.63,523
38.92,-108.25,detrital,20.08,147,252,0.65,31.5,54.7,82.9,2.41,5.9,88.83,56.3,209.74,551
38.92,-108.25,detrital,121,114.8,173.9,0.86,36.1,39.3,54.4,73,17.9,72.79,37.47,222.39,360.6
38.92,-108.25,detrital,75,116,151.6,4.4,53,37,39.4,60,29,77.96,31.03,233.06,271.1
38.92,-108.25,detrital,14.04,119,179.4,0.07,25.3,42,45.6,1.41,4.05,81.06,36.46,243.42,331
38.92,-108.25,detrital,8.73,129.9,184.2,0.74,36.1,44.8,53.6,3.82,7.81,88.33,38.85,246.89,358.1
38.92,-108.25,detrital,9.13,153.3,234.3,0.4,36.4,54.3,65.4,2.69,6.4,81.52,48.9,253.35,446
38.92,-108.25,detrital,0.94,304,650,0.05,38.8,128.9,222.5,1.02,4.28,57.04,150.1,275.34,1459
38.92,-108.25,detrital,9.9,408,606,1.96,102.3,141.3,163.7,10.5,20.2,180.73,124.8,280.45,1143
38.92,-108.25,detrital,17.76,278,421,1,55.9,98.2,92.4,2.75,10.15,79.34,83.7,285.51,705
38.92,-108.25,detrital,16.66,162.5,247.4,0.23,35.7,57.4,65.2,2.57,6.45,114.67,50.5,297.53,460
38.92,-108.25,detrital,49.4,120.1,218.9,1.17,26,45.8,87.7,2.4,4.95,128.11,52.3,361.47,547
38.92,-108.25,detrital,13.07,53.7,107.5,0.32,10.19,21.48,42.4,0.7,1.88,71.84,25.66,389.43,265.7
38.92,-108.25,detrital,13.47,59.5,111,0.17,11.96,22.65,45.4,0.91,2.25,55,27.3,409.07,285.3
38.92,-108.25,detrital,0.68,58,40.07,0.52,22.31,13.33,5.94,0.47,2.85,5.71,6.43,412.64,47.3
38.92,-108.25,detrital,7.03,153.5,226.8,1.26,38.2,53.1,64.6,2.79,7.48,110.34,47.8,446.7,447
38.92,-108.25,detrital,5.04,104.1,160,0.35,24.9,35.9,48.3,3.67,6.07,92.05,33.77,458,332.4
38.92,-108.25,detrital,19.6,59.6,109.8,0.8,12.9,22.7,46.7,1.17,2.48,133.92,26.5,469.41,286
38.92,-108.25,detrital,4.22,59.1,97.4,0.07,12.48,21.18,30.6,0.77,2.03,90.46,21.69,471.05,208.6
38.92,-108.25,detrital,18.3,52.8,105.3,0.2,11.17,21.03,48.6,0.87,1.96,129.52,26.6,488.59,287.4
38.92,-108.25,detrital,27.2,512,726,1.73,121.7,174.1,161,10.74,21.3,280.03,138,491.81,1159
38.92,-108.25,detrital,38.3,210.3,368,0.6,40.6,79.4,96.1,2.77,7.13,151,77.9,561.47,697
38.92,-108.25,detrital,0.61,76.4,86,0.18,9.6,23.76,16.43,0.16,1.03,17.26,15.85,638.58,128.6
38.92,-108.25,detrital,54.1,238,430,4.77,46.7,89,168.7,5.86,10.92,418.17,104.6,1001.36,1083
38.92,-108.25,detrital,28.62,67.1,100.3,1.07,19.3,22.58,34.4,2.96,4.89,12.01,21.69,17.29,211.2
38.92,-108.25,detrital,4.61,63.9,105.2,0.48,16.1,22.65,36.8,1.62,2.87,10.45,23.12,18.77,223.9
38.92,-108.25,detrital,16.67,113.5,181.3,1.72,28.1,40.4,64.8,2.67,4.85,18.55,39.4,28.3,381
38.92,-108.25,detrital,36.2,30.2,35.1,0.98,10.7,8.4,11.14,3.6,2.99,28.84,7.06,38.6,71.4
38.92,-108.25,detrital,36.39,72.2,97.2,3.21,29.3,23.29,31.42,7.78,8.73,38.55,20.6,39.38,195.1
38.92,-108.25,detrital,11.8,245,300,7.3,56.4,71.1,112.5,9.5,13.7,20.16,67.6,43.53,706
38.92,-108.25,detrital,24.4,42.7,58.3,1.01,13.2,13.59,20.5,2.5,3.84,16.74,12.83,44.88,128.8
38.92,-108.25,detrital,15.81,60.9,95,0.13,13.1,21.7,28.5,1.14,2.62,13.92,20.66,45.6,195.6
38.92,-108.25,detrital,10.47,179,206,2.48,70.3,52.9,51.5,12.6,18.3,20.74,39.3,46.3,340
38.92,-108.25,detrital,12.26,68,91.4,1.87,19,20.9,35,1.34,2.8,16.62,19.9,51.17,193.9
38.92,-108.25,detrital,6.03,51.4,91.8,0.33,11.61,18.99,33.4,0.84,2.01,17.13,20.8,58.25,205.5
38.92,-108.25,detrital,3.84,123.2,188.3,0.59,27.9,42.6,55.2,1.74,4.52,14.88,39.5,61.12,369
38.92,-108.25,detrital,15.73,21.3,25.4,0.57,9.15,6.23,6.98,2.54,3.55,74.75,4.91,66.18,47.5
38.92,-108.25,detrital,61.2,350,271,20.2,189,83,58.5,10.1,26.5,48.62,50.4,75.5,428
38.92,-108.25,detrital,9.66,77.5,138.2,0.45,17,28.83,55,1.55,3.42,25.78,32.2,81.11,313.4
38.92,-108.25,detrital,17.2,85,146.1,0.46,17.8,30.7,48.3,1.26,2.73,18.94,31.7,85.75,295.6
38.92,-108.25,detrital,14.62,113.8,203.9,1.56,30.5,41.6,88.7,4.36,6.49,2.03,47.7,86.35,494
38.92,-108.25,detrital,14.32,46.8,75.7,0.82,10.8,16.5,32.9,1.01,1.48,12.69,17.96,86.82,193.3
38.92,-108.25,detrital,46,231,246,13.6,100,60,80.6,6.6,13.8,40.66,50.8,98.24,465
38.92,-108.25,detrital,10.08,58.4,86.6,0.52,15.1,19.49,29.1,1.81,3.53,15.04,18.85,101.58,182.4
38.92,-108.25,detrital,7.25,255,426,1.11,59.1,92.5,132.8,3.84,9.7,32.22,91.7,103.92,880
38.92,-108.25,detrital,18.1,184,281,1.74,42.6,63.6,80.1,3.52,6.93,44.92,58.2,103.95,541
38.92,-108.25,detrital,21.57,211,282,0.53,65.9,67.7,74.7,11.43,18.1,55.71,57,106.72,516
38.92,-108.25,detrital,11.18,101.5,150.3,1.81,31.2,34,57.8,2.55,4.87,25.41,33.1,109.03,333
38.92,-108.25,detrital,26.73,128,225,0.41,27.7,47.9,77.5,1.91,5.04,43.18,51,112.67,494
38.92,-108.25,detrital,2.31,107.1,190,0.08,22.3,40.3,64.7,1.26,2.65,26.03,42.4,130.67,411
38.92,-108.25,detrital,12.67,43,88.4,0.57,8.29,17.66,45.4,0.7,1.35,46.89,22.76,136.6,252
38.92,-108.25,detrital,55.4,90.9,96,7.56,45.2,24.9,25.8,15.09,18.1,60.25,19,137.76,173.1
38.92,-108.25,detrital,13.44,78.6,144.3,0.12,13.1,29.9,46.2,0.81,2.13,22.22,33.2,151.02,307
38.92,-108.25,detrital,12.2,62,117,1.52,15.3,23.5,61.3,2.7,3.9,107.92,29.4,183.12,330
38.92,-108.25,detrital,10.84,47.4,110.1,0.91,10.38,20.08,75,0.83,1.84,62.98,30.72,200.36,389
38.92,-108.25,detrital,21.1,72,134,1.3,18.2,26.6,63.6,2.01,3.35,92.21,32,202.32,350
38.92,-108.25,detrital,14.68,153,245,1.49,32.3,54.5,81.7,1.91,4.58,64.19,50.8,213.24,459
38.92,-108.25,detrital,11.29,60,140.6,0.39,9.69,25.6,76.2,0.64,1.58,72.15,36.6,217.91,421
38.92,-108.25,detrital,27.1,108.9,176.1,0.29,28.7,37.7,55.5,4.53,7.79,48.34,38.2,240.62,360
38.92,-108.25,detrital,3.91,194,341,1.97,38.6,72.1,126.9,2.51,5.79,47.63,75.9,307.99,741
38.92,-108.25,detrital,29.1,203,401,0.23,37.6,81.2,150,2.91,5.71,82.48,94.4,347.67,947
38.92,-108.25,detrital,330,92,178,3.2,41,34.9,84.7,168,37,184.29,44,368.95,471
38.92,-108.25,detrital,30.4,171,189.6,7.53,59.6,48.3,49.7,9.4,15.8,63.9,38.2,387.69,346
38.92,-108.25,detrital,18.9,137.8,220,1.97,36.5,48.4,79.2,3.6,7.22,278.08,48.7,528.98,475
38.92,-108.25,detrital,10.17,83.4,135.1,1.21,19.3,29.7,50,1.24,3.34,122.55,30.7,584.39,299
38.92,-108.25,detrital,25.3,180,173,5.01,41.4,48.8,55.6,6.51,8.48,68.78,34.7,586.96,345
38.92,-108.25,detrital,56.4,283.7,569,1.31,49.7,114.9,214,2.04,6.36,246.19,132.4,624.22,1297
38.92,-108.25,detrital,16.6,149,225,4.22,34.6,48.9,90.6,5.24,7.7,98.87,52.2,714.29,546
38.92,-108.25,detrital,14.53,122.3,186.2,0.46,32.2,42.6,54.8,3.02,6.63,21.78,38.87,36.81,364.4
38.92,-108.25,detrital,15.69,66.7,113.4,0.27,14.27,24.46,35.2,1.16,2.77,16.56,25.04,54.09,239
38.92,-108.25,detrital,3.53,46.2,76.3,0.19,10.79,16.99,26.4,0.87,1.92,35.5,16.72,62.21,168.8
38.92,-108.25,detrital,10.38,148.8,202.3,0.56,49,48.8,61.2,7.84,12.83,36.26,41.9,65.67,401
38.92,-108.25,detrital,20.39,235.3,318.9,1.18,66.3,77.4,77.3,8.09,14.99,24.02,64.1,72.02,565
38.92,-108.25,detrital,11,36.8,65.4,0.24,7.95,13.59,24.36,0.75,1.51,21.15,15.28,77.07,159.1
38.92,-108.25,detrital,16.95,84.3,133.7,0.34,19.9,30.23,40.8,1.92,3.87,23.1,28.97,77.94,269.5
38.92,-108.25,detrital,33.32,71.3,111,0.4,19,25.53,35.7,2.65,4.33,34.3,24.5,84.7,240.5
38.92,-108.25,detrital,3.35,327,609,0.6,53.1,129.6,187,2.3,6.93,23.77,129.8,85.91,1194
38.92,-108.25,detrital,14.6,74.5,128.7,0.88,18.58,26.92,47.7,2.29,4.11,42.2,30.19,86.06,313.2
38.92,-108.25,detrital,13.18,121.6,180.7,0.46,31.7,42.1,48.2,3.3,6.68,40.79,37.1,91.4,335
38.92,-108.25,detrital,20.8,116.8,147,3.29,43.3,36.2,40.1,8.92,12.72,44.43,30.06,94.28,279.7
38.92,-108.25,detrital,16.28,279.3,414.7,1.05,70.9,96.3,117.8,9.84,15.82,49,87.4,95.51,814
38.92,-108.25,detrital,9.01,79.3,123.3,0.87,21.2,27.8,40.1,2.08,4.34,37.89,26.42,96.74,264.8
38.92,-108.25,detrital,8.65,66.9,107,0.16,16.4,23.64,31.6,1.35,2.92,58.58,22.95,98.15,219.2
38.92,-108.25,detrital,16.86,106.5,172.6,0.37,23.8,38.7,55.5,1.6,4.48,57.41,37.78,98.6,364
38.92,-108.25,detrital,13.19,66.1,110.1,0.49,14.1,24.48,33,1.03,2.79,20.93,24.7,101.36,230.6
38.92,-108.25,detrital,23.04,85.3,128.9,0.6,23,29.19,38.8,3.47,5.92,42.19,27.56,103.48,263.4
38.92,-108.25,detrital,8.98,42,80.8,0.62,8.49,16.35,34.9,0.53,1.33,32.66,19.52,106.07,214.5
38.92,-108.25,detrital,14.88,84.4,135.5,0.44,19.08,30.18,44.3,2.23,4.19,40.07,29.96,112.06,288.8
38.92,-108.25,detrital,14.99,196.7,273.4,1.7,59.1,65.5,73.6,10.31,16.17,34.06,55.5,113.68,521
38.92,-108.25,detrital,13.91,43.6,80.2,0.12,8.87,16.35,32.5,0.92,1.87,83.39,19.72,115.13,205.8
38.92,-108.25,detrital,8.37,54.9,95.8,0.29,13.19,20.74,33.49,1.29,2.53,44.76,21.62,117.9,215.6
38.92,-108.25,detrital,10.77,32.3,76.2,0.12,5.17,13.89,33.6,0.27,0.81,21.44,19.55,120.21,211.8
38.92,-108.25,detrital,25.1,82,115,2.02,25.6,27.3,36,4.4,6.9,88.24,24.8,124.74,246
38.92,-108.25,detrital,11.36,97.5,146.4,0.79,26.1,33.9,44,2.95,5.57,72.64,31.3,136.09,298
38.92,-108.25,detrital,26.05,134.1,214.6,0.48,29,49,56.3,2.56,5.75,41.84,45.58,145.83,414
38.92,-108.25,detrital,16.07,90.1,142.2,0.46,22.26,32.2,42.7,2.71,4.89,47.44,30.15,146.03,285.6
38.92,-108.25,detrital,19.47,153,217.5,1.75,46.4,50.6,69.2,7.43,12.25,72.21,47,146.23,457
38.92,-108.25,detrital,55.1,88.5,168.7,1.25,20.9,34.4,74.2,11.7,5.8,122.29,41.1,150.63,447
38.92,-108.25,detrital,21.05,261.7,395.9,0.72,62.9,92.7,107.4,8.32,14.99,68.43,81.8,150.67,748
38.92,-108.25,detrital,37.8,156,219.5,1.73,44.3,50.5,66.8,7.9,12.19,65.77,46.8,163.88,440
38.92,-108.25,detrital,3.01,45.6,61,0.17,10.66,15.04,15.3,0.74,2.19,79.19,12.09,165.75,109.1
38.92,-108.25,detrital,13.47,30.8,49.7,0.32,7.63,10.77,17.39,0.65,1.59,40.33,11.39,166.55,115.3
38.92,-108.25,detrital,50.5,141,227,2.29,36.3,50.7,74.2,12.1,8.92,136.37,50,170.83,490
38.92,-108.25,detrital,9.28,78.7,120.3,1.55,22.6,27.6,39.8,3.18,5.05,120.15,25.5,172.23,252
38.92,-108.25,detrital,19.8,192.7,262.9,1.14,56.7,63.9,64.7,8.68,14.45,58.26,52.6,178.1,464
38.92,-108.25,detrital,11.06,46.9,87.1,0.68,10.26,17.46,39.9,1.12,1.98,124.26,20.63,189.47,227.6
38.92,-108.25,detrital,22.29,93.8,159.5,0.41,21.3,34.8,47.3,1.71,4,58.92,34.92,190.02,330
38.92,-108.25,detrital,38.9,189.9,262,1.62,60,62.1,74.1,12.39,17,99.12,54.6,190.36,517
38.92,-108.25,detrital,7.28,75.6,52.6,0.03,33.9,17.63,7.87,2.95,7.28,146.72,8.41,212.41,63.8
38.92,-108.25,detrital,24.9,22.7,37.2,1.03,7.71,7.75,17.38,1.67,2.02,31.39,8.85,112.94,95.1
38.92,-108.25,detrital,17.7,53.9,112,0.4,11.25,21.7,52.6,1.16,2.03,52.71,28.2,150.72,306.8
38.92,-108.25,detrital,10.03,111.3,279,0.4,15,49.2,142.3,0.69,2.1,21.88,74.9,154.61,863
38.92,-108.25,detrital,32.7,102.2,155.6,3.1,32.6,34.7,53.5,6.1,10.6,266.72,33.8,154.92,350
38.92,-108.25,detrital,0.85,193,288,0.08,39.3,66.3,79.5,1.27,4.51,45.06,60.6,174.35,559
38.92,-108.25,detrital,12.03,122.3,181.5,0.6,38.9,42,55.1,6.31,9.6,98.01,39.2,177.5,377
38.92,-108.25,detrital,8.25,107.8,183.4,0.28,25.6,39.5,56.5,1.38,3.97,91.85,39,194.01,375
38.92,-108.25,detrital,19.5,34.1,80.1,0.14,6.08,14.82,44.1,0.35,0.86,84.43,21.21,202.31,249
38.92,-108.25,detrital,33.8,66.5,89.5,1.85,22.9,20.91,29.5,4.04,6.05,274.39,19.56,203.87,198.4
38.92,-108.25,detrital,18.37,164.4,297.9,0.92,32,62.2,101.5,1.45,5.03,68.46,67.8,215.28,678
38.92,-108.25,detrital,15.8,40.7,66.7,0.94,10.65,14.43,35.4,1.13,2.07,135.82,17.16,221.26,203.2
38.92,-108.25,detrital,2.87,23.8,58.3,0.12,3.43,10.63,30.8,0.05,0.42,2.35,15.56,226.84,173.2
38.92,-108.25,detrital,48.6,104.4,180,1.68,30.5,38.2,71.6,4.87,7.7,174.81,40.6,230.95,404
38.92,-108.25,detrital,3.9,245,321,0.66,64.5,79,83.5,5.2,11.21,199.84,64.7,236.83,578
38.92,-108.25,detrital,7.13,24.7,44.6,0.22,5.39,9.3,19.58,0.32,0.76,67.52,11.34,245.42,122.6
38.92,-108.25,detrital,103,298,485,5.5,76.3,106.6,161,42,23,131.15,101.4,246.12,935
38.92,-108.25,detrital,1.01,261,394,0.1,48.3,91.5,104.4,1.58,6.81,41.78,82,260.76,740
38.92,-108.25,detrital,31,94.3,187.7,0.79,19.7,37.2,77.8,2.18,3.76,127.9,44.9,272.46,475
38.92,-108.25,detrital,32.2,48.9,117.4,0.46,8.79,20.6,70,0.77,1.34,166.35,32.59,275.13,403
38.92,-108.25,detrital,7.56,178,307,0.38,33,65.8,101,1.76,4.73,23.32,68.4,282.45,669
38.92,-108.25,detrital,4.06,151,257,0.7,37.2,55.3,81.1,2.87,6.04,144.42,54.8,335.48,545
38.92,-108.25,detrital,34.3,78.1,166.6,0.62,16.5,32.2,84.7,1.06,2.78,384.62,41.7,396.6,473
38.92,-108.25,detrital,116,94.7,154,2.57,26.9,32.8,57.7,7.8,7.5,222.06,35.5,438.64,365
38.92,-108.25,detrital,3.78,35.8,26.5,0.17,14,8.48,4.65,0.92,2.2,65.39,4.18,605.09,32.1
38.92,-108.25,detrital,38.2,151.8,226,4.84,41.1,49.2,73.3,20.7,16.4,349.79,51.1,644.21,486
38.92,-108.25,detrital,34.2,64.7,121.9,0.38,15.9,24.5,60.2,1.2,2.67,26.37,29.07,727.67,333
24.8,107.59,magmatic,6.24,28.26,51.06,0.25,7.31,10.79,22.99,0.92,1.12,55.62,11.07,87.36,108.92
24.8,107.59,magmatic,8.42,75.55,117.45,0.82,20.86,26.53,47.91,4.26,5.09,143.66,24.6,149.39,229.74
24.8,107.59,magmatic,11.4,109.7,169.82,1.26,33.86,39.29,65.19,7.06,8.49,206.4,34.22,196.35,330.99
24.8,107.59,magmatic,10.1,119.52,180.3,1.41,34.31,42.56,69.52,6.12,8.35,234.7,37.28,216.92,346.79
24.8,107.59,magmatic,10.78,101.94,159.58,1.01,28.47,36.85,62.14,4.74,7.32,223.99,33.22,220.92,310.53
24.8,107.59,magmatic,11.38,134.37,201.42,1.62,36.62,48.24,77.2,6.83,9.54,279.87,42.33,251.4,387.83
24.8,107.59,magmatic,10.91,156.47,231.37,1.54,45.15,54.01,89.11,8.41,10.14,326.22,48.05,282.42,444.42
24.8,107.59,magmatic,12.07,155.1,238.9,1.62,44.36,55.45,91.55,7.9,9.9,344.43,49.12,301.09,454.16
24.8,107.59,magmatic,12.69,148.37,229.09,1.38,39.91,51.87,86.29,7.21,9.66,342.08,46.47,302.69,436.08
24.8,107.59,magmatic,12.95,164.78,246.01,1.79,48.56,58.19,92.9,7.44,11.41,382.38,50.31,327.78,468.02
24.8,107.59,magmatic,16.72,199.19,293.42,2.45,61.18,69.58,110.09,11.71,14.92,1000,59.77,375.16,545.33
24.8,107.59,magmatic,53.95,192.39,306.94,1.67,51.23,70.08,119.63,8.18,11.27,927.3,64.7,1160,593.4
24.8,107.59,magmatic,21.21,262.66,405.24,0.49,59.12,93.23,160.9,6.81,12.22,772.1,88.61,2570,833.87
24.8,107.59,magmatic,89.18,237.75,386.33,1.67,57.33,85.43,156.28,13.2,16.68,1800,86.69,2719.92,827.4
24.8,107.59,magmatic,16.83,213.49,445.95,0.32,32.21,88.93,221.23,2.57,4.85,514.2,107.56,3490,1080
24.8,107.59,magmatic,11.36,253.4,520.68,0.5,37.11,100.43,279.91,6.55,6.99,450.34,132.5,4809.81,1370
24.8,107.59,magmatic,8.61,169.51,363.67,0.27,23.16,69.76,206.51,3.6,4.16,408.4,92.72,5100,992.06
24.8,107.59,magmatic,8.72,336.23,652.05,0.63,49.06,135.18,302.22,7,10.52,607.96,156.95,5190,1550.25
24.8,107.59,magmatic,10,237.4,517.96,0.34,32.27,97.85,303.36,8.52,8.14,540,136.28,5800,1450
24.8,107.59,magmatic,13.98,336.59,701.88,0.57,45.31,138.6,360.31,4.42,8.22,225.96,177.56,5900,1780
24.8,107.59,magmatic,24.45,287.52,559.82,0.69,41.12,109.19,328.4,17.16,11.71,226.08,152.75,6590,1650.38
24.8,107.59,magmatic,32.19,374.5,639.25,0.6,67,138.18,360.07,9.35,14.25,1370,168.17,7750,1790
24.84,107.62,magmatic,10.93,109.47,200.4,0.32,21.74,44.24,86.48,1.21,2.02,151.49,45.43,429.07,437.99
24.84,107.62,magmatic,11.32,109.13,216.46,0.43,20.54,44.35,102.04,1.2,3.39,186.5,50.35,1300,506.79
24.84,107.62,magmatic,4.26,140.76,309.17,0.06,18.61,61.5,157.36,0.75,2.68,142.66,76.68,1570,794.76
24.84,107.62,magmatic,4.59,220.35,451.77,0.12,32.17,91.77,208.05,1.97,4.19,223.34,107.76,1949.65,1050
24.84,107.62,magmatic,9.34,217.95,438.39,0.39,35.55,90.08,209.66,2.46,4.7,275.89,106.96,2570,1070
24.84,107.62,magmatic,1.93,160.34,384.23,0.03,17.8,73.3,221.79,0.28,2.67,139.55,102.91,3570,1070
24.84,107.62,magmatic,1.71,195.59,452,0.08,20.11,85.68,263.61,0.49,2.05,134.62,120.24,3949.68,1260
24.84,107.62,magmatic,1.94,204.83,497.03,0.22,25.71,92.22,293.09,1.07,2.15,171.94,130.23,4320,1390
24.84,107.62,magmatic,2.27,228.86,503.89,0.15,26.55,98.51,288.5,0.75,3.69,189.47,131.25,4540,1410
24.84,107.62,magmatic,1.44,229.08,561.88,0.17,21.31,101.93,336.93,0.51,2.36,102.78,149.9,4570,1690
24.84,107.62,magmatic,1.88,345.69,686.89,0.1,39.33,143.34,293.12,0.75,3.59,166.77,160.47,4830,1580
24.84,107.62,magmatic,6.76,249.21,529.7,0.54,34.03,102.27,282.75,1.68,4.1,183.38,135.07,5350.35,1430
24.9,107.62,magmatic,13.43,134.24,218.86,0.58,32.1,50.48,79.27,3.27,6.69,215.06,46.47,348.26,411.32
24.9,107.62,magmatic,21.51,241.17,370.83,0.76,63.12,90.7,125.1,8.09,11.55,556.44,74.49,497.3,667.63
24.9,107.62,magmatic,9.01,108.06,202.75,0.24,20.53,41.77,87.7,1.4,2.63,144.8,45.94,611.77,444.38
24.9,107.62,magmatic,18.83,293.38,398.29,1.8,87.18,99.53,126.12,10.18,18.54,541.91,77,623.22,678.22
24.9,107.62,magmatic,10.96,109.21,195.03,0.26,19.77,42.27,83.64,1.57,2.47,180.39,47.41,828.43,455.58
24.9,107.62,magmatic,2.51,229.17,448.12,0.25,29.91,92.76,179.74,0.8,3.69,94.98,100.82,909.67,935.34
24.9,107.62,magmatic,11.47,227.01,434.34,0.21,37.46,91.26,186.58,3.6,5.25,257,100.1,1890,1009.64
24.9,107.62,magmatic,4.99,217.83,445.13,0.34,30.47,91.02,193.39,2.64,4.3,229.16,106.78,2520,1020
24.9,107.62,magmatic,2.15,324.66,714.87,0.24,35.14,136.67,368.4,1.42,3.82,209.04,182.38,4369.77,1890
24.9,107.62,magmatic,6.7,228.35,424.15,0.59,32.8,85.62,245.9,3.45,6.44,159.75,114.62,5739.89,1289.63
24.9,107.62,magmatic,5.09,422.43,934.36,0.69,54.39,180.16,473.83,3.23,7.22,349.01,231.09,6430,2410
24.9,107.62,magmatic,4.81,420.61,765.11,0.69,47.31,157.94,335.57,5.26,8.13,195.64,185.62,7960,1880
53.59,-127.57,magmatic,8.87,41.4,77.7,0.4,7.72,19.54,35.9,0.55,2.97,15.62,19.46,64,176
53.59,-127.57,magmatic,10.79,53,94.1,0.48,9.7,24.65,41,0.65,3.89,21.16,22.58,69.5,194.1
53.59,-127.57,magmatic,13.16,83.3,93.4,1.37,24.23,28.2,40.8,0.65,11.56,58.5,22.47,78.1,194.4
53.59,-127.57,magmatic,10.86,55,96.5,0.62,11.76,24.41,42.8,0.93,4.82,25.16,23.5,80,199.5
53.59,-127.57,magmatic,13.83,70.6,94.6,0.93,15.43,27.31,41,0.71,6.75,39.9,23.5,83.9,201.5
53.59,-127.57,magmatic,11.44,43.9,76.9,0.4,8.38,18.72,35,0.48,3.07,24.38,19.55,86.6,171
53.59,-127.57,magmatic,12.47,46.7,84,0.45,8.84,21.51,36.9,0.59,3.52,25.26,20.46,87.9,178.4
53.59,-127.57,magmatic,13.11,73,110.4,0.77,15.44,31.7,48.8,0.64,6.15,39.7,27.1,88.5,224.3
53.59,-127.57,magmatic,11.84,65.2,114.1,0.76,13.93,29.1,46.5,1.36,6.43,31.2,27.5,91.1,221.1
53.59,-127.57,magmatic,12.59,64.5,109.5,0.64,12.64,29.13,49.3,0.79,5.34,32.3,27.6,91.4,226.9
53.59,-127.57,magmatic,12.45,70.3,119.3,0.78,14.7,31.9,51.7,1.17,6.87,30.5,28.6,92,241
53.59,-127.57,magmatic,14.11,69.1,63.5,2.51,31.1,19.16,31.6,0.39,17.99,134.2,16.6,101.5,155.6
53.59,-127.57,magmatic,16.89,103.8,83,6.15,68.5,25.55,35.5,0.6,46.1,248.5,19.83,111,181.2
53.59,-127.57,magmatic,16.75,234,172.4,18.95,182.9,56.4,64.5,2.7,162.7,338,40.1,111.6,305
53.59,-127.57,magmatic,19.64,123.1,96.7,4.89,67.7,31.1,41,0.68,39.9,216.5,23.55,116.3,205.4
53.59,-127.57,magmatic,17.75,143.4,172.2,2.29,40.44,51.4,67.4,1.77,20.59,83.4,40.3,118.4,310.4
53.59,-127.57,magmatic,14.4,117,179.8,1.4,27.98,46.6,69.1,1.8,11.79,51.1,41.7,122.9,326
53.59,-127.57,magmatic,21.52,261,197.9,15.09,174.5,65.7,71.3,2.09,127.4,353,43.6,124,345
53.59,-127.57,magmatic,17.7,124.1,195.6,1.41,27.7,54.6,73.4,1.88,12.3,54.5,45.4,126.4,346.8
53.59,-127.57,magmatic,26.2,152.3,169.6,3.64,49.3,50.7,74.5,2.85,27.9,139.8,40.3,159.4,336
53.59,-127.57,magmatic,2.36,19.5,43.5,0.16,3.13,8.11,27.9,0.24,1.02,10.2,11.78,36.2,136.7
53.59,-127.57,magmatic,2.62,47.7,101.7,0.42,7.65,19.01,67,0.36,2.43,9.77,28.27,52.6,288
53.59,-127.57,magmatic,3.82,64.9,129,0.6,12.1,25.9,73.1,0.76,4.31,15.1,33.4,65.1,332
53.59,-127.57,magmatic,4.56,44.8,94.3,0.35,7.34,18.9,57.1,1.1,2.93,16.6,25.4,68,266
53.59,-127.57,magmatic,4.11,55.1,116.9,0.44,8.82,22.77,71.3,0.56,3.03,19.29,31.2,79.6,312
53.59,-127.57,magmatic,4.21,80.6,151.6,1,16.6,31.3,84.7,1.39,6.83,23.59,39.9,80.5,375
53.59,-127.57,magmatic,4.42,67.4,139.5,0.48,10.82,27.6,82.4,0.76,3.64,18.8,36.7,85,362
53.59,-127.57,magmatic,6.67,70.1,147.1,0.43,11.02,30.17,90.3,0.66,3.62,28.51,39.8,116.4,396
53.59,-127.57,magmatic,7.38,111.3,233.8,0.94,16.86,46.1,133.9,0.98,5.32,34.9,60.8,126.9,589
53.59,-127.57,magmatic,8.41,124.7,269.2,0.94,17.65,54,157.1,0.92,5.32,39.7,73.4,150.3,686
53.59,-127.57,magmatic,9.97,88.6,185,0.56,14.56,36.1,104.9,2.14,5.01,49.9,50.1,158.7,460
53.59,-127.57,magmatic,10.69,109.9,227,1.81,20.2,44.8,130,1.14,7.1,20.1,60.4,59.9,535
53.59,-127.57,magmatic,12.94,132.1,252.7,2.46,26.82,51.4,136.4,1.47,9.37,30.7,64,68.8,554
53.59,-127.57,magmatic,14.9,157,300,3.33,34.6,61.6,163.8,2.59,14.5,39,77.3,85.4,678
53.59,-127.57,magmatic,9.6,115,236,2.13,23.1,46.1,142,1.55,9.4,35.2,62.5,86.7,555
53.59,-127.57,magmatic,9.63,111.7,233.2,2.11,22.17,45.1,136.9,1.47,9.08,34.2,62.3,87.2,568
53.59,-127.57,magmatic,11.85,110.6,237,1.75,20.5,46.4,138.8,1.27,7.63,35.5,61.6,100.8,561
53.59,-127.57,magmatic,22,160,318,2.53,29.4,65.3,167,1.44,9.9,42.5,83,120,780
53.59,-127.57,magmatic,19.06,181.8,365,2.8,33.4,73.2,195,1.79,11.57,40.9,94,130,825
53.59,-127.57,magmatic,18.3,101.3,208,1.75,19.5,40.7,111.1,6.6,9.2,51.7,53.2,135,468
53.59,-127.57,magmatic,16.6,180.5,334,4.18,40.2,70.4,179.4,1.97,15.48,80,85,147.1,751
53.59,-127.57,magmatic,11.49,153,292,3.88,35.4,59.4,175,3.55,17,86.9,77,164.9,692
53.59,-127.57,magmatic,8.38,72.1,163.1,0.94,12.25,31.1,100.1,0.88,4.98,47.8,45.4,167,421
53.59,-127.57,magmatic,9,73,155,1.31,13.5,30.8,101,0.84,4.76,70,41.6,191,390
53.59,-127.57,magmatic,11.9,110,244,1,17.8,46.8,143,0.83,6.03,66,66.6,282,596
53.59,-127.57,magmatic,13.02,133.4,292,1.3,22.3,56.6,172,1.1,7.52,76.2,78.5,290,702
53.59,-127.57,magmatic,28.7,249,494,6.03,57.2,100,300,5.79,27.7,150,134,311,1190
53.59,-127.57,magmatic,19.7,150,322,1.08,23,65.7,167.9,1.07,6.98,169,86.6,619,742
53.59,-127.57,magmatic,35.8,242,469,1.78,40.7,98.5,227,1.62,12.68,479,122.4,1336,1025
53.59,-127.57,magmatic,15.2,56.4,99.9,0.86,9.29,18.6,68.8,0.82,5.16,81.8,30.6,335,302
53.59,-127.57,magmatic,13.72,52.2,104.3,0.64,7.72,18.8,77.8,0.42,3.32,91.2,32,467,329
53.59,-127.57,magmatic,21.9,80.6,126.9,1.27,13.1,24.8,81.3,1.31,8.9,153,37.1,474,358
53.59,-127.57,magmatic,14.32,71.5,163.4,0.52,15.87,32.4,90.5,0.84,3.94,114.4,44.5,488,387
53.59,-127.57,magmatic,6.83,38.4,73.6,0.35,3.79,12.4,65.5,0.16,1.96,63,23.2,544,255
53.59,-127.57,magmatic,24.9,93,167,1.57,17.2,31.9,103.7,1.5,9.3,169,48.7,566,457
53.59,-127.57,magmatic,22.18,64.4,116.7,1,11.14,21.88,75.7,0.73,5.62,179,33.8,599,328
53.59,-127.57,magmatic,27.1,106.1,164,1.5,15.9,31.6,100.3,1.34,11,175,46.4,627,447
53.59,-127.57,magmatic,23.6,91.4,211.6,2.12,24.3,41.9,130.9,2.06,8.17,206,58.9,628,530
53.59,-127.57,magmatic,32.2,82.6,131.2,1.03,11.51,24.8,78.7,0.78,7.7,229,36.5,672,359
53.59,-127.57,magmatic,22.6,79.6,157.5,1.02,12.8,29.9,101.4,0.62,4.98,182,44.6,711,429
53.59,-127.57,magmatic,20.7,194.8,289,0.77,34.7,61.4,117.6,7.3,22.1,135.3,73.1,759,590
53.59,-127.57,magmatic,30.3,83.1,178.3,1.51,17.9,34.9,105.9,0.93,5.88,341,48,891,437
53.59,-127.57,magmatic,38.4,109.7,251.7,2.55,29.8,47.7,143,2.16,9.41,487,66.2,937,580
53.59,-127.57,magmatic,31.9,130.7,265,1.8,21.37,51.6,158,1.16,7.8,256,74.2,1069,670
53.59,-127.57,magmatic,41.6,120.5,207,2.11,23.63,42.6,113.9,1.47,11.03,483,56.3,1157,515
53.59,-127.57,magmatic,23.8,101,192.2,1.93,17.9,36.1,123.4,1.09,8.03,229,54.4,1180,519
53.59,-127.57,magmatic,27.5,119.5,271.7,1.98,18.2,49.3,192.4,0.79,6.75,259,80.3,1193,775
53.59,-127.57,magmatic,10.08,139.3,242.2,0.83,26.03,53,96.9,2.68,11.6,72,57.5,162.5,461
53.59,-127.57,magmatic,10.11,191.8,322,1.25,36.4,71.1,130.6,2.63,15.17,86.7,76.4,195,612
53.59,-127.57,magmatic,13.44,188,336,1.05,36.6,72.1,134.4,2.84,14.48,137.1,77.6,272,625
53.59,-127.57,magmatic,17.7,296,503,2.18,67.9,115.3,169.3,6.14,28.3,155,113.6,309,877
53.59,-127.57,magmatic,26.5,177,319,1.01,37.9,69.6,129.3,6.9,14.6,212,73.9,354,598
53.59,-127.57,magmatic,8.33,26.15,49.1,0.29,5.91,10.04,22.32,0.49,2.61,35.3,12.21,79.5,117.9
53.59,-127.57,magmatic,8.59,26.69,52.8,0.29,5.57,10.09,22.93,0.48,2.56,36.5,12.47,83.8,123.1
53.59,-127.57,magmatic,10.16,35.1,58.9,0.41,8.7,13.7,32.4,0.82,3.7,43.8,15.4,96.8,149
53.59,-127.57,magmatic,11,31.2,60.6,0.27,6.64,12.23,28.7,0.48,2.81,52,14.94,127.3,147.3
53.59,-127.57,magmatic,13.77,60.2,120.9,0.87,13.43,21.41,38.4,1.26,7.12,102.3,26.11,137,198.1
53.59,-127.57,magmatic,11.46,36,72.8,0.32,6.9,13.71,31.3,0.54,3.1,60.9,17.83,139.8,163.8
53.59,-127.57,magmatic,12.34,59.7,112.9,0.56,12.09,22.7,50.5,0.82,5.13,69.1,28.1,142.9,235.6
53.59,-127.57,magmatic,10.57,31.4,64.3,0.26,6.28,12.34,31.5,0.47,2.59,48.5,16.36,145.6,160.1
53.59,-127.57,magmatic,13.92,71.3,134.5,0.76,15.82,26.8,55.8,1.16,6.69,94.1,31.5,149.5,252.8
53.59,-127.57,magmatic,13.64,84,132.9,1.43,24.73,29.6,49.9,4.21,15.55,102,30.67,153.7,249.6
53.59,-127.57,magmatic,16.93,71,122.2,0.68,16.63,27.04,61.9,1.04,6.45,106,31,205.6,264.9
53.59,-127.57,magmatic,14.14,60.2,121.1,0.5,11.72,23.56,56.5,0.82,4.95,87.3,30.4,210,266
53.59,-127.57,magmatic,15.3,47.5,96.7,0.47,9.79,17.8,36.5,0.81,4.83,110,22.4,211,198
53.59,-127.57,magmatic,17.19,84.9,162.1,0.8,17.73,31.9,69.4,1.07,7.25,125.2,38.9,217,295
53.59,-127.57,magmatic,18.86,117.7,206.5,1.41,27.43,42.3,81.5,1.94,12.25,169,47.9,221,328
53.59,-127.57,magmatic,18.08,88,147.1,1.08,22.93,31.3,55.1,2.25,12.34,156.8,33.8,249,284
53.59,-127.57,magmatic,17.12,52.9,101.1,0.42,10.88,20.77,47.7,0.68,4.52,120.4,25.22,255,231.4
53.59,-127.57,magmatic,20.59,101.2,180.5,0.78,22.27,39,94.2,1.15,8.33,164.5,45.9,290,376
53.59,-127.57,magmatic,21.54,99.5,165.1,0.89,23.11,38.4,86.1,1.22,8.59,169,43.8,294,335.6
53.59,-127.57,magmatic,26.5,258.8,410,2.37,63.1,95.6,175,2.58,21.8,331,98.7,390,653
53.59,-127.57,magmatic,4.39,19.41,31.7,0.52,5.1,7.03,14.38,0.44,2.13,11.29,7.52,80.4,91.3
53.59,-127.57,magmatic,6.5,42.2,69.8,1.04,10.1,15.4,32.4,0.66,4.12,38,17.3,161,169
53.59,-127.57,magmatic,5.77,20.2,36.5,0.52,5.33,7.17,17.4,0.41,2.25,43.8,8.46,162,102.2
53.59,-127.57,magmatic,8.56,33.3,53.7,0.94,8.84,12.19,23.86,0.6,3.81,74.7,12.61,246.3,132.8
53.59,-127.57,magmatic,28.9,174.8,227,7.39,62.4,56.3,71.3,4.46,28.3,90.5,46.6,283,367
53.59,-127.57,magmatic,5.82,42.7,82.1,0.7,9.34,16.3,36.7,0.55,3.45,64.7,19.3,314,189.4
53.59,-127.57,magmatic,10.7,29.3,53.8,0.95,8.02,10.51,30.1,0.94,4.17,54.3,13.88,339,151.1
53.59,-127.57,magmatic,9.9,50.1,95.7,1,11.45,18.6,49.8,0.73,4.37,110,24.2,373,242.3
53.59,-127.57,magmatic,30.84,108,156,3.38,33.9,36.8,56.6,3.55,16.99,255,34.2,508,289
53.59,-127.57,magmatic,19.6,134,207,2.55,31.2,48.3,75.2,2.34,10.9,175,45.6,549,363
53.59,-127.57,magmatic,18.37,78,188.7,0.65,14.63,32.7,97.3,0.98,5.36,297,47.4,562,443
53.59,-127.57,magmatic,18.58,79.8,144.4,2.05,19.67,29.75,61.9,1.03,7.82,242.4,33.9,695,296.8
53.59,-127.57,magmatic,4.77,47.3,78.7,0.72,12.75,16.72,33.1,1.03,6.12,175,18.68,786,173.6
53.59,-127.57,magmatic,12.19,69.5,140.7,1.24,14.54,27,66.2,0.72,5.25,234,33.6,881,317
53.59,-127.57,magmatic,12.18,69.7,150.8,1.18,13.79,27.77,74.5,0.7,4.8,149,36.7,911,344
53.59,-127.57,magmatic,9.98,86.8,178.5,1.25,14.37,35.4,84.3,0.4,4.07,190,44.8,1042,399
53.59,-127.57,magmatic,21.31,88.6,159.6,2.01,21.73,32.27,65.9,0.92,8.03,405,37,1047,321.5
53.59,-127.57,magmatic,7.89,97.3,167.8,1.17,24.15,36.3,66.1,1.65,9.53,266,38.1,1372,334
53.59,-127.57,magmatic,2.68,9.49,14.84,0.31,2.81,3.41,7.69,0.28,1.33,4.52,3.55,18.63,54.4
53.59,-127.57,magmatic,3.26,9.19,15.24,0.27,2.41,3.34,8.35,0.25,1.15,6.06,3.82,25.07,56.4
53.59,-127.57,magmatic,4.02,22.3,30.8,0.91,7.55,7.28,14.22,0.83,4.25,9.19,7.13,25.21,81.3
53.59,-127.57,magmatic,3.89,20.9,32.4,0.71,6.19,7.51,16.9,0.84,3.23,8.7,7.94,29.1,88.9
53.59,-127.57,magmatic,3.82,18.37,30.5,0.55,5.04,6.85,16.19,0.53,2.47,7.47,7.49,29.2,86.9
53.59,-127.57,magmatic,3.66,14.09,22,0.51,4.34,4.98,11.84,0.64,2.43,7.75,5.28,29.6,69.7
53.59,-127.57,magmatic,5.3,34.1,45.8,1.68,12.67,11.6,20.08,2.12,8.62,15.87,10.47,38.4,107.4
53.59,-127.57,magmatic,5.06,26.2,46.6,0.76,6.82,10.28,26.4,0.77,3.58,11.22,11.83,44,125.5
53.59,-127.57,magmatic,5.96,32.4,44.9,1.37,10.9,10.96,21,2.14,6.77,18,10.59,45.5,109.9
53.59,-127.57,magmatic,5.24,27.1,48.5,0.78,6.85,10.32,28.2,0.71,3.65,11.54,11.87,47,131.2
53.59,-127.57,magmatic,5.84,36.8,54.9,1.37,11.69,12.94,26.3,1.83,6.62,18.58,12.79,47,131.9
53.59,-127.57,magmatic,5.6,31.2,53.6,0.81,7.71,11.94,28.6,0.82,3.64,14.19,13.17,48.1,134.9
53.59,-127.57,magmatic,5.1,20.41,36.6,0.62,5.38,7.74,20.58,0.67,2.88,12.74,9.19,55.9,105.5
53.59,-127.57,magmatic,6.85,44,58.6,1.93,15.7,14.9,25.2,3.01,9.29,31.1,13.18,57.3,130.7
53.59,-127.57,magmatic,6.03,32.5,57.4,0.87,7.62,12.39,33,0.81,4.03,14.19,14.68,57.7,151
53.59,-127.57,magmatic,6.25,30.3,53,0.83,7.66,11.7,27.02,0.92,3.67,17.61,12.92,58.1,134.6
53.59,-127.57,magmatic,3.67,6.95,13.38,0.16,1.47,2.73,9.44,0.11,0.55,9.62,3.84,62.6,69.4
53.59,-127.57,magmatic,7.68,48.9,71.6,1.94,16.11,17.17,33.2,2.95,9.68,26.2,16.79,67.8,161.7
53.59,-127.57,magmatic,7.35,41.8,75.9,0.95,8.88,16.62,40,1.01,4.46,19.6,18.53,70.4,181.6
53.59,-127.57,magmatic,16.7,99.7,137.4,2.79,28.9,34.3,53.6,3.17,12.08,93.9,30.5,154.1,269.7
53.59,-127.57,magmatic,7.99,42.6,76.1,0.43,9.2,16.1,32.9,0.8,3.98,23.2,18.4,54.5,174
53.59,-127.57,magmatic,6.58,20.31,40.6,0.19,3.79,7.96,23.13,0.3,1.53,18.37,11.12,56.7,129.1
53.59,-127.57,magmatic,7.8,32.58,61.8,0.33,6.26,12.74,33,0.49,2.77,22.9,16.28,64.9,163.7
53.59,-127.57,magmatic,9.71,66,106,0.95,17.3,24.2,40.9,1.98,9.4,38.6,24.5,70,209
53.59,-127.57,magmatic,8.5,48.5,87.4,0.59,11.69,18.8,41.7,1.07,5.82,27.41,21.49,71.3,195.6
53.59,-127.57,magmatic,7.4,25.4,54.6,0.26,4.79,10.29,32.7,0.4,1.96,28.37,15.15,88.5,169.3
53.59,-127.57,magmatic,11.63,91.7,141.1,1.5,26.19,32.9,52,3.53,15.65,54.7,32.5,88.7,263.5
53.59,-127.57,magmatic,12.66,101.3,153.1,1.56,28.5,35.2,54.2,3.46,15.74,58.7,34.6,88.9,282.3
53.59,-127.57,magmatic,9.98,37.5,68.7,0.51,8.8,14.28,34.3,0.83,4.34,40,17.9,90.5,174.3
53.59,-127.57,magmatic,12.32,99,154.3,1.63,28.2,35.1,54.6,4.18,16.52,58.3,35.6,91.8,288.1
53.59,-127.57,magmatic,11.93,81.5,131.4,1.26,22,30.3,52.1,2.63,11.9,57.6,31,98.9,259
53.59,-127.57,magmatic,11.56,90.7,157,1.14,23.1,34.2,59,2.58,11.4,69,35.6,102,299
53.59,-127.57,magmatic,8.37,32.4,67.1,0.33,6.11,12.91,40.9,0.51,2.51,34,18.7,103.2,198.5
53.59,-127.57,magmatic,8.75,31.2,62.8,0.37,6.38,11.94,34.9,0.47,2.63,46.2,16.67,104.1,181.7
53.59,-127.57,magmatic,11.79,100,159,1.39,25.5,37.4,59,3.28,14,73,37.2,108,293
53.59,-127.57,magmatic,14.78,112,180.2,1.84,31.26,41.4,65.5,6.05,19.34,77.1,40.7,116.6,337.8
53.59,-127.57,magmatic,12.85,110.9,177.6,1.63,28.81,40.9,68.2,4.38,17.44,72.8,40.6,118.5,331
53.59,-127.57,magmatic,13.37,85.5,141.7,1.45,23.54,29.94,61.1,3.33,13.76,80.4,34.5,136.2,301.8
53.59,-127.57,magmatic,8.66,18.9,39.4,0.26,3.76,7.6,26.5,0.31,1.64,48.8,11.28,141.4,133.4
53.59,-127.57,magmatic,9.87,15.58,34.9,0.3,2.89,6.57,27.2,0.25,1.22,84.7,10.37,284,133.6
53.59,-127.57,magmatic,8,64.6,134,0.42,13.06,24.94,53.1,0.91,4.78,54,30.45,129,262.7
53.59,-127.57,magmatic,8.69,136,206,1.39,34.1,48.4,76.8,2.85,16,74.2,47.6,154.1,354
53.59,-127.57,magmatic,10.44,54.5,104.2,0.34,9.92,21.62,46.9,0.69,3.54,73.8,25.75,259,225.4
53.59,-127.57,magmatic,8.74,27.4,65.1,0.18,4.58,11.74,37.8,0.44,1.69,81.6,17.9,322,181.1
53.59,-127.57,magmatic,9.86,65.9,128.5,0.48,11.85,26.2,67.9,0.79,4.41,81.9,34,332,299
53.59,-127.57,magmatic,18,54.5,117.9,0.36,10.75,22.7,55.4,4.5,5.29,135.2,30.1,354.1,268.8
53.59,-127.57,magmatic,10.99,59.4,109.8,0.5,12.07,23.5,54.9,0.66,4.38,136.8,28.52,374.1,248.8
53.59,-127.57,magmatic,13.5,58.7,101.8,0.6,12.74,22.2,59,1.44,4.86,171.6,28.4,478,257
53.59,-127.57,magmatic,14.73,73.6,153.7,0.56,12.93,31.2,81.9,1.23,5.05,169.9,40.9,551,352
53.59,-127.57,magmatic,13,51.8,101.4,0.48,9.5,20.62,60.5,0.99,3.74,200,27.5,630,265
53.59,-127.57,magmatic,17.9,40.9,98.2,0.43,7.21,17.6,58.7,2.99,3.39,227.3,26.7,651,252.7
53.59,-127.57,magmatic,12.7,69.1,121.5,0.68,13.64,26.4,71.6,0.7,4.9,292,33.4,707,302
53.59,-127.57,magmatic,18.6,60.3,146.8,0.51,9.71,27.1,89.8,1.8,3.84,204.7,40,713,368
53.59,-127.57,magmatic,18.11,50,120.9,0.49,8.75,21.08,70,0.84,3.28,357,33.5,882,315
53.59,-127.57,magmatic,17.82,67.5,164.4,0.58,11.25,30.1,93.7,1.11,4.22,329,44.3,914,394
53.59,-127.57,magmatic,21,58,124.3,0.37,10.28,24.1,67,0.92,3.9,338,32.2,921,295
53.59,-127.57,magmatic,16.43,45.4,109.5,0.47,8.17,18.97,59.9,0.74,3.07,397,28.4,922,273.4
53.59,-127.57,magmatic,4.44,29,56.5,0.45,5.98,11.51,32.3,0.41,2.41,14.6,14.9,48,148.7
53.59,-127.57,magmatic,3.71,20.7,41.4,0.35,4.43,8.27,26,0.31,1.77,13.21,11.2,52.5,123
53.59,-127.57,magmatic,4.59,32.3,63.9,0.52,6.49,12.82,41.2,0.44,2.69,16.8,17.5,63.8,179
53.59,-127.57,magmatic,5.3,52.2,87.4,1.34,14.76,19.1,41.7,1.62,7.73,29.2,20.7,66.3,193.6
53.59,-127.57,magmatic,5.04,35.2,71.1,0.56,7.32,13.74,43.3,0.49,3,20.22,18.5,70.4,186.7
53.59,-127.57,magmatic,5.05,34.4,71.3,0.58,7.57,13.95,46.7,0.52,3.13,19.45,19.48,72.8,196.4
53.59,-127.57,magmatic,4.92,43.6,81,0.93,10.58,16.6,43.9,1.08,5.08,28,20.2,74.8,189.5
53.59,-127.57,magmatic,4.68,27,53.4,0.42,5.52,10.58,36,0.36,2.15,20.9,14.72,83.7,161.3
53.59,-127.57,magmatic,4.9,29.6,62.9,0.48,6.21,12.17,42.5,0.39,2.49,21.64,17.42,85.3,180
53.59,-127.57,magmatic,5.7,41.2,84.1,0.65,8.48,16.32,52.6,0.63,3.6,25.6,22.9,91.4,225
53.59,-127.57,magmatic,5.2,35.3,72.9,0.55,6.72,14.2,47,0.48,2.75,27.3,19.2,94.4,195
53.59,-127.57,magmatic,7.32,54.2,113,0.82,10.87,22.7,65.8,0.8,4.53,31.4,29.3,99.6,270
53.59,-127.57,magmatic,5.05,30,60.3,0.45,5.86,11.97,43.3,0.33,2.3,24.47,17,100.3,182.8
53.59,-127.57,magmatic,6.94,54.4,109.9,0.95,11.58,22.1,61,1.03,5.29,35,28.6,103.5,260.7
53.59,-127.57,magmatic,6.81,50.1,104.9,0.76,9.74,20.7,64.8,0.73,4.2,35,27.9,113.9,268
53.59,-127.57,magmatic,6.44,26.6,58.2,0.36,4.85,10.83,43.3,0.26,1.72,31.3,16.7,140,188
53.59,-127.57,magmatic,9.18,71.1,149.1,1.02,12.73,30.1,84.3,0.98,5.24,49.9,38.2,143.3,343
53.59,-127.57,magmatic,5.95,26.9,57.2,0.36,4.89,10.84,43.9,0.28,1.78,31.6,16.1,154,183.2
53.59,-127.57,magmatic,4.99,60.2,141.3,0.52,10.13,25.2,91.6,0.53,3.55,48,38.9,153.1,366
53.59,-127.57,magmatic,7.7,63.8,143,0.5,9.77,28,92.4,0.45,3.08,47.6,39.4,171,389
53.59,-127.57,magmatic,7.51,67.9,152.3,0.55,10.36,30,99.8,0.5,3.22,49.7,43.3,174.6,413
53.59,-127.57,magmatic,7.75,62,135.9,0.54,10.29,25.96,86.6,0.5,3.37,60.9,36.9,176,367
53.59,-127.57,magmatic,6.12,48.3,108.9,0.44,8.07,20.24,66.5,0.48,2.61,60.3,29.65,185.8,282.2
53.59,-127.57,magmatic,9.46,90.4,200.7,0.81,14.05,39.7,123.3,0.65,4.36,70.2,53.6,204.4,511
53.59,-127.57,magmatic,7.81,55.3,116.9,0.52,9.28,23.3,70.9,0.67,3.09,86.6,31.7,209.9,308.8
53.59,-127.57,magmatic,8.85,63.9,143.8,0.59,10.31,28.34,93.9,0.55,3.23,88,39.2,211.9,378
53.59,-127.57,magmatic,9.12,129.4,252,2.04,28.5,50,138.6,3.22,12.86,116.8,65.1,237.6,574
53.59,-127.57,magmatic,8.85,61,135.6,0.5,9.87,26.93,84.8,0.49,3.09,97.1,36.5,242,347.9
53.59,-127.57,magmatic,10.21,62.1,130.9,0.64,11.17,26.64,78.3,1.62,4.64,119.1,34.8,250.1,331
53.59,-127.57,magmatic,9.76,62.3,126.7,0.61,10.73,26.5,75.9,0.53,3.39,150.4,33.6,288,318
53.59,-127.57,magmatic,12.37,90.9,196,0.65,14.22,38.6,120.5,0.62,4.21,90.3,54.4,306,512
53.59,-127.57,magmatic,9.83,62.5,127.4,0.51,10.78,25.18,74.1,0.52,3.19,184,33.9,347,311.3
53.59,-127.57,magmatic,14.44,117.9,278,0.72,16.93,51.9,162.9,0.79,5.52,123.1,73.7,356,679
53.59,-127.57,magmatic,30.5,147.5,299,1.31,28.2,58.9,151.2,2.05,11.09,565,74.5,760,669
53.59,-127.57,magmatic,2.36,19.5,43.5,0.16,3.13,8.11,27.9,0.24,1.39,10.2,11.78,36.2,136.7
53.59,-127.57,magmatic,2.62,47.7,101.8,0.42,7.65,19.01,67,0.36,2.55,9.77,28.27,52.6,288
53.59,-127.57,magmatic,3.82,64.9,129,0.6,12.1,25.9,73.1,0.75,4.69,15.1,33.4,65.1,332
53.59,-127.57,magmatic,4.56,44.8,94.4,0.35,7.36,18.9,57.1,1.08,3.84,16.6,25.4,68,266
53.59,-127.57,magmatic,4.11,55.1,117,0.44,8.83,22.77,71.3,0.55,3.62,19.29,31.2,79.6,311.9
53.59,-127.57,magmatic,4.21,80.6,151.8,1,16.6,31.3,84.7,1.37,7.55,23.59,39.9,80.5,375
53.59,-127.57,magmatic,4.42,67.4,139.7,0.48,10.83,27.6,82.4,0.75,4.29,18.8,36.7,85,362
53.59,-127.57,magmatic,6.67,70.1,147.3,0.44,11.03,30.17,90.3,0.65,4.41,28.51,39.8,116.4,396
53.59,-127.57,magmatic,6.3,108.5,228.1,0.94,18.1,44,134.1,0.84,5.3,30.72,62.1,118.1,554
53.59,-127.57,magmatic,7.38,111.3,234.1,0.94,16.87,46.1,133.9,0.97,6.18,34.9,60.8,126.9,589
53.59,-127.57,magmatic,7.32,96.4,230,0.77,13.99,42,155.3,0.68,4.23,29.3,66.1,135.9,622
53.59,-127.57,magmatic,8.41,124.7,269.6,0.95,17.64,54,157.1,0.9,5.67,39.7,73.4,150.3,686
53.59,-127.57,magmatic,9.97,88.6,185,0.56,14.54,36.1,104.9,2.1,5.14,49.9,50.1,158.7,460
53.59,-127.57,magmatic,11.23,110.9,213.8,0.54,18.43,43.3,113.4,0.9,5.19,65.5,57.2,204.2,509
53.59,-127.57,magmatic,2.68,9.49,14.83,0.31,2.81,3.41,7.69,0.28,1.53,4.51,3.55,18.63,54.4
53.59,-127.57,magmatic,3.26,9.19,15.23,0.27,2.41,3.34,8.35,0.25,1.25,6.06,3.82,25.07,56.4
53.59,-127.57,magmatic,4.02,22.3,30.9,0.91,7.56,7.28,14.22,0.83,4.22,9.19,7.13,25.21,81.3
53.59,-127.57,magmatic,3.89,20.9,32.4,0.72,6.19,7.51,16.9,0.84,3.68,8.7,7.94,29.1,88.9
53.59,-127.57,magmatic,3.82,18.37,30.5,0.55,5.05,6.85,16.19,0.53,2.83,7.46,7.49,29.2,86.9
53.59,-127.57,magmatic,3.66,14.09,22,0.51,4.35,4.98,11.84,0.64,2.82,7.74,5.28,29.6,69.7
53.59,-127.57,magmatic,5.3,34.1,45.9,1.69,12.67,11.6,20.08,2.13,8.36,15.87,10.47,38.4,107.4
53.59,-127.57,magmatic,5.05,26.2,46.6,0.76,6.82,10.28,26.4,0.77,3.78,11.22,11.83,44,125.5
53.59,-127.57,magmatic,5.96,32.4,44.9,1.37,11,10.96,21,2.14,7.8,18,10.59,45.5,109.9
53.59,-127.57,magmatic,5.24,27.1,48.6,0.78,6.85,10.32,28.2,0.71,3.6,11.54,11.87,47,131.2
53.59,-127.57,magmatic,5.84,36.8,54.9,1.37,11.7,12.94,26.3,1.83,7.47,18.57,12.79,47,131.9
53.59,-127.57,magmatic,5.6,31.2,53.6,0.82,7.72,11.94,28.6,0.82,3.94,14.19,13.17,48.1,134.9
53.59,-127.57,magmatic,5.1,20.41,36.6,0.62,5.4,7.74,20.58,0.67,3.32,12.73,9.19,55.9,105.5
53.59,-127.57,magmatic,6.85,44,58.7,1.93,15.8,14.9,25.2,3.01,10.89,31.1,13.18,57.3,130.7
53.59,-127.57,magmatic,6.03,32.5,57.4,0.87,7.62,12.39,33,0.82,3.9,14.19,14.68,57.7,151
53.59,-127.57,magmatic,6.25,30.3,53.1,0.83,7.68,11.7,27.02,0.92,4.3,17.61,12.92,58.1,134.6
53.59,-127.57,magmatic,3.67,6.95,13.37,0.16,1.47,2.73,9.44,0.11,0.59,9.62,3.84,62.6,69.4
53.59,-127.57,magmatic,7.68,48.9,71.6,1.94,16.12,17.17,33.2,2.95,10.57,26.2,16.79,67.8,161.7
53.59,-127.57,magmatic,7.35,41.8,76,0.95,8.89,16.62,40,1.01,4.65,19.6,18.53,70.4,181.6
53.59,-127.57,magmatic,16.7,99.7,137.5,2.79,29,34.3,53.6,3.17,14.11,94,30.5,154.1,269.7
53.59,-127.57,magmatic,4.99,60.2,140.9,0.52,10.17,25.2,91.6,0.54,3.17,48,38.9,153.1,366
53.59,-127.57,magmatic,7.7,63.8,142,0.5,9.78,28,92.4,0.46,3.12,47.6,39.4,171,389
53.59,-127.57,magmatic,7.51,67.9,152,0.55,10.39,30,99.8,0.51,3.25,49.7,43.3,174.6,413
53.59,-127.57,magmatic,7.75,62,135.6,0.55,10.31,25.96,86.6,0.51,3.41,60.9,36.9,176,367
53.59,-127.57,magmatic,6.12,48.3,108.6,0.45,8.12,20.24,66.5,0.48,2.57,60.3,29.65,185.8,282.2
53.59,-127.57,magmatic,9.46,90.4,200.3,0.81,14.05,39.7,123.3,0.66,4.49,70.2,53.6,204.4,511
53.59,-127.57,magmatic,7.81,55.3,116.6,0.52,9.32,23.3,70.9,0.68,3.12,86.6,31.7,209.9,308.8
53.59,-127.57,magmatic,8.85,63.9,143.5,0.59,10.31,28.34,93.9,0.56,3.41,88,39.2,211.9,378
53.59,-127.57,magmatic,12.6,139,264,1.9,30.2,54,152,4.3,12.7,100,69.7,231,612
53.59,-127.57,magmatic,9.12,129.4,251,2.05,28.7,50,138.6,3.25,11.79,116.7,65.1,237.6,574
53.59,-127.57,magmatic,8.85,61,135.3,0.5,9.87,26.93,84.8,0.49,3.2,97.1,36.5,242,347.9
53.59,-127.57,magmatic,10.21,62.2,130.6,0.65,11.17,26.64,78.3,1.65,4.86,119.1,34.8,250.1,331
53.59,-127.57,magmatic,9.76,62.3,126.4,0.61,10.72,26.5,75.9,0.54,3.62,150.4,33.6,288,318
53.59,-127.57,magmatic,12.37,90.9,196,0.65,14.26,38.6,120.5,0.62,4.25,90.3,54.4,306,512
53.59,-127.57,magmatic,9.83,62.5,127,0.51,10.84,25.18,74.1,0.52,3.2,183.9,33.9,347,311.3
53.59,-127.57,magmatic,14.44,117.9,277,0.72,16.97,51.9,162.9,0.8,4.68,123,73.7,356,679
53.59,-127.57,magmatic,30.5,147.5,298,1.32,28.3,58.9,151.2,2.07,9.59,564,74.5,760,669
53.59,-127.57,magmatic,5.42,80.4,140.1,0.66,18.17,30.4,54.1,1.65,8.08,29.6,31.8,79.2,263
53.59,-127.57,magmatic,6.71,74.6,137.1,0.43,14.72,29.81,58.3,0.83,5.58,31.7,32.7,94.1,274.1
53.59,-127.57,magmatic,5.91,69.7,124.4,0.48,14.64,27.3,52.3,1.41,6.27,31.3,29.2,97.8,249.7
53.59,-127.57,magmatic,5.7,88.7,166.1,0.51,17.18,35.7,68.8,1.05,6.54,40.6,39.5,129.5,326
53.59,-127.57,magmatic,7.23,75.7,139.3,0.45,15.19,29.5,57.2,1.01,5.89,49.1,33.2,144.7,279
53.59,-127.57,magmatic,8.89,76.3,141.7,0.52,16.59,30.9,57.6,2.36,7.06,48.2,33,146.6,277.7
53.59,-127.57,magmatic,7.06,77.7,148.5,0.42,15.4,31.4,63,1.01,5.87,47.2,35.7,151.9,301
53.59,-127.57,magmatic,7.1,65.3,122.6,0.42,13.45,25.8,52.2,0.88,5.26,52,29.3,167,256
53.59,-127.57,magmatic,8.61,69.2,131.3,0.34,13.37,26.9,53.6,0.76,4.94,52.8,30.8,167,264.7
53.59,-127.57,magmatic,9.11,107.7,198.8,0.68,23.5,42.8,80.9,2.08,9.84,74.1,47.3,200.9,374
53.59,-127.57,magmatic,9.5,88.6,163,0.56,18.3,34.5,69.2,1.87,7.77,70,38.8,205,337
53.59,-127.57,magmatic,9.64,88.2,168.4,0.46,16.57,35.2,73.5,1.02,6.46,69.2,40.9,244,352
53.59,-127.57,magmatic,4.79,42.1,92.7,0.56,8.12,17.68,59.2,0.55,3.19,9.75,25.02,33.57,254
53.59,-127.57,magmatic,4.3,31.6,67.1,0.37,5.54,13.18,42.8,0.4,2.3,11.7,17.69,36.5,197
53.59,-127.57,magmatic,3.59,36.6,89.6,0.57,6.17,15.45,66.1,0.46,2.4,10.23,26,37.8,255
53.59,-127.57,magmatic,4.58,38.6,86.6,0.59,7.22,17,63,0.62,3.16,10.2,25,38.7,261
53.59,-127.57,magmatic,11.2,73.3,132.5,1.11,15.9,29.6,69.7,3.87,8.54,23.7,33.8,49.9,327
53.59,-127.57,magmatic,5.84,75.7,146.8,1.2,15.7,31.2,80.6,1.36,6.66,23.1,37.5,52.9,347
53.59,-127.57,magmatic,8.7,53.2,112.4,0.57,9.55,22.88,66.7,1.77,4.32,20.2,29.6,53,298.6
53.59,-127.57,magmatic,7.34,50.4,105.5,0.52,8.45,21.7,60.9,0.61,3.37,22.2,27.7,53.3,276
53.59,-127.57,magmatic,7.01,44.5,101.5,0.4,7.11,18.4,61.9,0.38,2.27,21.14,26.8,54.6,255
53.59,-127.57,magmatic,7.76,62.3,134.3,0.67,10.09,27.2,77.4,0.73,4.22,23.22,35.1,58.1,349
53.59,-127.57,magmatic,7.77,67.6,161.4,0.7,10.9,27.9,104.6,0.65,3.84,22.98,43.2,68.1,406
53.59,-127.57,magmatic,7.85,63.9,150.4,0.58,9.82,26.4,93.7,0.55,3.19,23.79,41.1,70,373
53.59,-127.57,magmatic,8.6,78.5,178.8,0.81,13.3,33.7,108.7,0.87,4.57,26.6,48.1,75.4,432
53.59,-127.57,magmatic,6.49,53.2,126.4,0.62,9.24,23.49,82.9,0.55,3.15,17.14,35,100.6,330
53.59,-127.57,magmatic,5.4,34.5,85.1,0.32,5.17,14.62,63.4,0.34,1.83,48.3,24.2,162.2,251
53.59,-127.57,magmatic,17.28,139.1,293,1.61,23.66,60.1,165.8,1.23,7.23,173.1,75.2,362,684
53.59,-127.57,magmatic,27.8,146,373,0.61,19.1,66,245,0.87,5.19,249,103,730,850
53.59,-127.57,magmatic,4.79,42.1,92.6,0.56,8.14,17.68,59.2,0.55,3.39,9.76,25.02,33.57,254
53.59,-127.57,magmatic,4.3,31.6,67,0.37,5.55,13.18,42.8,0.4,1.99,11.71,17.69,36.5,197
53.59,-127.57,magmatic,3.59,36.6,89.5,0.57,6.18,15.45,66.1,0.46,2.55,10.25,26,37.8,255
53.59,-127.57,magmatic,4.58,38.6,86.5,0.59,7.24,17,63,0.62,3.16,10.22,25,38.7,261
53.59,-127.57,magmatic,11.2,73.3,132.2,1.11,16,29.6,69.7,3.9,7.96,23.7,33.8,49.9,327
53.59,-127.57,magmatic,5.84,75.7,146.6,1.2,15.8,31.2,80.6,1.37,6.85,23.1,37.5,52.9,347
53.59,-127.57,magmatic,8.7,53.2,112.2,0.57,9.59,22.88,66.7,1.78,3.94,20.2,29.6,53,298.6
53.59,-127.57,magmatic,7.34,50.4,105.3,0.52,8.49,21.7,60.9,0.61,3.02,22.2,27.7,53.3,276
53.59,-127.57,magmatic,7.01,44.5,101.3,0.4,7.13,18.4,61.9,0.38,2.55,21.14,26.8,54.6,255
53.59,-127.57,magmatic,6.85,44,58.6,1.93,15.7,14.9,25.2,3.01,9.29,31.1,13.18,57.3,130.7
53.59,-127.57,magmatic,6.25,30.3,53,0.83,7.66,11.7,27.02,0.92,3.67,17.61,12.92,58.1,134.6
53.59,-127.57,magmatic,7.76,62.3,134.1,0.67,10.13,27.2,77.4,0.73,3.7,23.23,35.1,58.1,349
53.59,-127.57,magmatic,7.77,67.6,161.1,0.7,10.92,27.9,104.6,0.65,4.23,22.98,43.2,68.1,406
53.59,-127.57,magmatic,7.85,63.9,150.1,0.58,9.84,26.4,93.7,0.55,3.56,23.8,41.1,70,373
53.59,-127.57,magmatic,8.6,78.5,178.4,0.81,13.33,33.7,108.7,0.87,5.35,26.6,48.1,75.4,432
53.59,-127.57,magmatic,6.49,53.2,126.1,0.62,9.26,23.49,82.9,0.55,3.62,17.15,35,100.6,330
53.59,-127.57,magmatic,16.7,99.7,137.4,2.79,28.9,34.3,53.6,3.17,12.08,93.9,30.5,154.1,269.7
53.59,-127.57,magmatic,5.4,34.5,85,0.32,5.18,14.62,63.4,0.34,1.97,48.3,24.2,162.2,251
53.59,-127.57,magmatic,17.28,139.1,293,1.62,23.73,60.1,165.8,1.24,7.95,173,75.2,362,684
53.59,-127.57,magmatic,27.8,146,372,0.61,19.2,66,245,0.87,6.07,249,103,730,850
53.59,-127.57,magmatic,9.6,25,46.4,0.31,5.72,9.9,23.5,1.33,2.36,9.43,11,31,114
53.59,-127.57,magmatic,6.97,29.4,53.1,0.33,6.41,11.5,25.9,0.38,2.52,12.51,13.26,42.8,139.1
53.59,-127.57,magmatic,8.63,47.6,82.9,0.57,10.75,17.89,38.2,0.68,4.23,16.08,19.75,47.4,185.8
53.59,-127.57,magmatic,9.06,47.9,82.8,0.54,10.69,17.6,34.97,0.64,4.27,17.24,19.07,47.9,178.5
53.59,-127.57,magmatic,9.98,66.5,106.4,0.83,16.6,24.5,40.8,1.08,7.14,24.1,23.9,49,213
53.59,-127.57,magmatic,8.98,32.4,58.9,0.36,6.76,12.59,28.7,0.47,2.74,15.89,14.63,50.3,152.5
53.59,-127.57,magmatic,9.29,40.4,74.6,0.43,8.4,15.5,36.9,0.52,3.41,17.28,18.65,52.2,182.9
53.59,-127.57,magmatic,7.79,28.1,56.4,0.38,5.92,11.41,33.1,0.42,2.39,20.22,15.03,59.5,160.1
53.59,-127.57,magmatic,13.8,35.8,65.1,0.49,8.16,13.44,32.8,2.43,4.18,23.8,15.82,66,161.8
53.59,-127.57,magmatic,12.14,104.1,158.1,1.75,30.5,37.4,60.3,3.2,15.25,34.8,35.1,69.4,299
53.59,-127.57,magmatic,13.4,98,148,1.49,26.9,35.1,56.4,2.11,12.7,37.6,33.2,72.2,270
53.59,-127.57,magmatic,10.95,58.8,106.7,0.7,13.17,22.6,51.5,0.87,5.58,25.9,26,75.4,244
53.59,-127.57,magmatic,12.13,87.4,144.7,1.02,21.59,34.2,62.3,1.79,8.91,37.4,34.3,82.2,288.7
53.59,-127.57,magmatic,7.57,15.39,33.8,0.21,3.15,6.55,28.4,0.23,1.3,24.29,9.78,101.6,131.2
53.59,-127.57,magmatic,15.94,167.1,242.3,2.28,42.5,58.4,83,3.72,19.29,60.8,52.9,102,421
53.59,-127.57,magmatic,27.6,115.2,196,1.34,26.12,43.8,76.7,2.11,11.65,92.4,45.3,176,378
53.59,-127.57,magmatic,21.7,285,445,3.44,68.3,106.5,160,6.43,30.1,151,101.1,217,769
53.59,-127.57,magmatic,39.2,302,436,5.15,92.3,102.8,147.4,9.39,46.6,177,93,220,713
53.59,-127.57,magmatic,5.96,61,130.8,0.48,11.87,25.21,49.6,0.71,4,18.31,29.5,49.9,253.8
53.59,-127.57,magmatic,6.38,58,127.7,0.43,10.9,25.49,48.8,0.65,3.74,17.12,29.2,52.4,249
53.59,-127.57,magmatic,6.89,49.4,102.7,0.39,9.22,20.06,40.9,0.6,3.24,21.41,24.02,62.2,210.4
53.59,-127.57,magmatic,6.88,59.9,133.2,0.47,11.19,28.29,53.7,0.74,3.98,20.02,31,62.6,262.4
53.59,-127.57,magmatic,8.22,56.4,107.2,0.41,10.33,26.18,42.2,0.6,3.58,23.08,25.61,63.2,213.1
53.59,-127.57,magmatic,7.07,50.8,112.9,0.41,9.81,22.05,43.8,0.64,3.38,19.23,25.87,63.9,226.2
53.59,-127.57,magmatic,8.56,67.8,130.4,0.48,11.79,31.4,52.1,0.62,4.11,26.32,29.9,70.8,258.4
53.59,-127.57,magmatic,8.79,106.4,158.2,1.03,21.77,44.4,61.4,1.93,9.66,33.6,36.3,71.7,290.7
53.59,-127.57,magmatic,6.71,68.8,158.3,0.58,12.81,31.8,67.6,0.98,4.82,18.32,36.5,71.9,318
53.59,-127.57,magmatic,8.05,80.5,169,0.71,16.5,38.2,62.5,1.33,6.52,26.2,37.2,72.2,309
53.59,-127.57,magmatic,8.57,93.1,177.8,0.92,20.5,42.4,63.9,1.92,8.87,32.4,39.4,79.9,320
53.59,-127.57,magmatic,7.83,57.7,131.2,0.49,11.1,25.18,55.2,0.84,3.94,28.13,30.18,84,269
53.59,-127.57,magmatic,8.33,121.3,227,1.4,28.92,46.6,78.1,2.85,12.75,39.8,49.9,86.1,394
53.59,-127.57,magmatic,8,113.4,233.1,1.02,22.68,52,81,2.5,9.35,37.2,51.9,87,403
53.59,-127.57,magmatic,9.59,102,179.4,0.79,19.13,45.6,69.3,1.28,7.55,33.8,41.5,87.1,334.6
53.59,-127.57,magmatic,5.41,42.9,103.1,0.47,8.35,18.49,53.5,0.65,3.06,26.98,26,87.2,250.3
53.59,-127.57,magmatic,7.19,82.2,193.1,0.79,16.73,37.9,82.4,1.74,6.79,28.02,44.6,95.1,369
53.59,-127.57,magmatic,9.26,90.7,184.7,0.89,19.32,41.6,72.6,1.61,7.93,35.92,42.7,95.5,347.5
53.59,-127.57,magmatic,9.46,122.5,240.7,1.3,28.71,49.2,84.1,2.47,12.02,42.8,52.2,98.1,422
53.59,-127.57,magmatic,10.86,159.5,253,1.6,33.9,67,90.4,3.19,15.7,53.7,55.7,110.3,425
53.59,-127.57,magmatic,7.59,19.72,38.6,0.36,4.35,8.5,23.4,0.28,1.67,13.62,10.01,36,123
53.59,-127.57,magmatic,12.37,67,120.7,1.43,16.89,27.8,61,0.87,6.84,31.1,29.9,58,248
53.59,-127.57,magmatic,15.24,118.8,241.7,2.24,25.83,49.5,129.3,1.28,10.11,46.8,61.8,101.1,437
53.59,-127.57,magmatic,32,232,406,4.7,56.8,94.8,175,3.53,24.4,76.6,96.7,107.3,606
53.59,-127.57,magmatic,9.3,16.8,32,0.22,3.28,6.5,19.7,0.17,1.14,41.3,8.7,111,104
53.59,-127.57,magmatic,5.19,36.11,70.3,0.67,7.22,14.17,34.9,0.42,2.79,26.9,17.52,116,168.2
53.59,-127.57,magmatic,10.51,42.5,85.9,0.78,9.34,17.93,50.6,0.51,3.58,54.3,21.74,134,219.1
53.59,-127.57,magmatic,17.82,41.6,81.1,0.53,8.14,16.18,48.8,0.37,2.68,69.8,21.61,144.5,215.4
53.59,-127.57,magmatic,16.9,47.8,104,0.62,8.7,20.2,69.3,0.52,2.99,63.7,29.6,158,281
53.59,-127.57,magmatic,24.1,353,604,6.83,79.9,141,272,2.45,25.6,121,140,164,997
53.59,-127.57,magmatic,22.42,63.5,128.4,0.73,11.9,25.3,71.9,0.48,3.74,86.9,33.6,222.2,319
53.59,-127.57,magmatic,32,77.2,141.9,1.07,16.42,30.1,66.2,0.95,6.53,154,36.2,250,317
53.59,-127.57,magmatic,23.6,55,102.5,0.79,11.89,21.2,54.4,0.66,4.49,127.6,27.9,253.7,247.1
53.59,-127.57,magmatic,27.6,59.5,103,0.86,13.46,22,46.3,0.97,5.33,184.2,25.9,261,230
53.59,-127.57,magmatic,16.9,35.5,79.8,0.78,8,15,59.1,1.21,3.6,80,22.3,345,227
53.59,-127.57,magmatic,30.6,98,206,1.67,22.1,42.2,123.1,0.99,7.63,284,53.9,382,420
53.59,-127.57,magmatic,31.5,135.1,221,3.15,37.2,52.9,105.6,1.62,14.47,325,53.8,392,390
53.59,-127.57,magmatic,34.3,100.6,194.2,2.29,25.07,41.7,116.2,1.84,10.66,521,51.9,594,416
53.59,-127.57,magmatic,78.1,193,314.7,3.07,50,73.4,132.1,3.21,21.51,521,77.5,600,593
53.59,-127.57,magmatic,33.7,118.7,224,2.13,27.9,49,124.3,2.93,11.16,271,57.9,610,439
29.5,94.75,magmatic,37.74,183.66,260.04,3.86,56.98,69.46,85.84,7.35,11.72,265.61,59.26,175.2,474.08
29.5,94.75,magmatic,41.73,118.59,179.6,1.66,34.95,46,64.6,3.61,6.06,258.62,42.51,228.17,359.42
29.5,94.75,magmatic,7.92,89.1,172.72,0.35,15.75,38.13,78.93,0.34,2.28,129.89,44.94,1280.37,410.91
29.5,94.75,magmatic,8.18,17.17,37.91,0.14,3.5,7.73,23.38,0.25,0.39,70.51,10.83,231.1,101.34
29.5,94.75,magmatic,6.7,11.85,26.68,0.1,2.12,5.94,21.28,0.32,0.68,57.69,7.95,192.98,85.23
29.5,94.75,metamorphic,2.89,5.81,15.81,0.17,1.32,2.79,14.9,NaN,0.22,21.98,4.4,487.79,56.72
29.5,94.75,metamorphic,4.09,8.02,18.57,0.27,1.73,3.52,15.93,0.06,0.43,31.86,4.84,383.83,60.9
29.5,94.75,metamorphic,4.06,7.03,16.71,0.21,1.33,2.98,13.52,0.08,0.5,38.28,4.16,682.81,49.2
29.5,94.75,metamorphic,4.49,8.59,20.5,0.25,2,3.6,15.97,0.93,0.9,50.65,4.66,925.44,57.26
29.5,94.75,metamorphic,5.13,9.58,21.1,0.23,2.18,4.47,17.19,0.11,0.33,47.35,6.31,588.81,68.61
29.5,94.75,metamorphic,4.37,8.35,18.81,0.3,2.07,3.87,16.33,0.18,0.46,33.41,4.92,387.35,62.26
29.5,94.75,metamorphic,4.32,8.59,19.38,0.22,2.35,3.73,16.2,0.21,0.49,48.87,5.78,552.16,64.17
29.5,94.75,metamorphic,3.88,9.67,22.06,0.27,2.42,4.62,19.32,0.08,0.35,35.29,7.16,666.69,78.49
29.5,94.75,metamorphic,3.06,7.74,19.11,0.13,1.32,3.69,18.05,0.09,0.24,24.57,6.03,523.52,70.7
29.5,94.75,metamorphic,5.01,8.25,19.05,0.46,2.31,3.52,14.91,NaN,0.78,51.05,4.57,674.16,56.74
29.5,94.75,metamorphic,3.84,7.02,15.68,0.19,2.25,3.46,14.07,0.08,0.32,48.79,4.8,717.76,55.66
29.5,94.75,metamorphic,3.51,15.56,41.04,0.32,3.6,7.05,33.48,0.44,NaN,31.26,11.32,835.64,134.01
29.5,94.75,metamorphic,3.32,8.33,19.42,0.46,1.49,3.45,16.42,0.57,0.21,30.23,5.28,499.12,60.69
29.5,94.75,metamorphic,3.73,11.45,27.61,0.32,2.04,5.21,22.51,NaN,0.2,32.33,7.16,411.04,85.24
29.5,94.75,metamorphic,3.18,7.4,18.96,0.16,1.13,3.24,17.3,0.33,0.25,22.33,5.32,356.43,63.39
29.5,94.75,magmatic,11.26,102.36,194.17,0.48,19.71,41.2,80.25,0.4,2.15,339.51,41.93,1394.07,403.23
29.5,94.75,magmatic,12.23,73.39,137.35,0.57,15.94,28.4,59.31,0.95,2.04,179.62,29.56,583.12,288.19
29.5,94.75,magmatic,10.36,104.82,183.13,1.25,26.59,39.94,77.75,2.78,4.7,212.67,39.19,622.03,379.08
29.5,94.75,magmatic,24.55,129.43,254.16,0.93,25.94,51.75,115.56,1.87,3.84,389.1,55.96,1079.08,554.74
29.5,94.75,magmatic,14.66,83.6,164.61,0.58,16.35,33.97,80.56,0.59,2.61,304.98,38.08,1161.25,383.24
29.5,94.75,magmatic,10.14,63.82,136.37,0.86,13.61,27.8,68.96,2.02,1.94,118.66,30.97,440.08,313.39
29.5,94.75,magmatic,9.62,135,234.93,0.88,33.85,51.87,89.58,2.08,5.95,298.82,48.61,780.79,455.63
29.5,94.75,magmatic,7.95,84.3,171.71,0.52,16.16,35.01,84.3,0.14,2,198.81,39.1,1046.23,397.63
29.5,94.75,magmatic,20.58,98.98,191.93,0.88,23.08,39.92,83.44,2.51,3.09,322.48,42.02,975.09,407.11
29.5,94.75,magmatic,10.72,62.81,125.69,0.47,14.81,26.14,59.3,0.49,2.46,140.21,27.79,488.32,280.24
29.5,94.75,magmatic,9.71,72.73,144.46,0.57,16.71,29.09,70.93,1.23,2.59,186.64,33.74,636.09,330.47
29.5,94.75,magmatic,7.68,71.04,127.88,0.64,17.37,27.8,61.45,1.03,2.96,121.13,28.4,388.19,283.21
29.5,94.75,magmatic,11.1,63.5,137,0.27,10.7,26.7,74.7,0.29,1.08,275,33,1442,344
29.5,94.75,magmatic,11.8,47.4,93.8,0.38,10.5,18.8,49.3,1.4,1.28,273,22.5,1300,231
29.5,94.75,magmatic,35,162,319,1.93,35.9,66.2,151,3.55,6.68,927,71.6,1810,710
29.5,94.75,metamorphic,3.96,21.82,64.79,0.26,3.28,10.87,51.78,NaN,0.29,52.6,17.7,1764.74,214.51
29.5,94.75,metamorphic,4.01,9.56,22.73,0.21,2,3.98,17.97,0.17,0.14,42.14,6.32,555.6,78.97
29.5,94.75,metamorphic,3.39,7.14,17.4,0.13,1.32,3.03,13.66,0.1,0.23,30.12,4.73,511.06,61.28
29.5,94.75,metamorphic,3.35,7.14,17.07,0.2,1.26,2.87,14.9,0.09,0.34,32.65,4.75,557.66,65.05
29.5,94.75,metamorphic,4.56,11.51,27.1,0.24,2.57,4.88,22.1,NaN,0.41,51.77,7.15,706.66,94.04
29.5,94.75,metamorphic,2.78,3.82,10.09,0.11,0.6,1.79,9.21,NaN,0.16,23.35,2.83,315.19,37.15
29.5,94.75,metamorphic,3.14,7.43,16.88,0.17,1.41,3.15,14.66,0.02,0.06,26.8,4.82,550.84,61.01
29.5,94.75,metamorphic,3.5,9.71,21.84,0.27,1.7,4.08,17.12,0.21,0.2,27.1,6.12,336.43,81.28
29.5,94.75,metamorphic,3.84,10.69,25.85,0.2,2.2,4.95,20.53,0.27,0.26,46.06,7.55,553.93,95.32
29.5,94.75,metamorphic,3.89,8.18,19.83,0.15,1.78,3.5,15.06,NaN,0.45,35.6,5.44,444.67,72.82
29.5,94.75,metamorphic,2.73,2.89,7.45,0.06,0.46,1.39,6.11,NaN,0.16,24.26,1.91,372.29,26.92
29.5,94.75,metamorphic,4.08,9.39,22.98,0.22,1.66,3.81,20.91,0.03,0.29,42.82,6.85,675.04,98.04
29.5,94.75,metamorphic,3.22,7.35,18.43,0.16,0.93,3.21,15.13,0.04,0.1,28.69,5.09,453.54,72.19
29.5,94.75,metamorphic,4.84,8.9,21.19,0.25,1.82,3.63,16.27,0.16,0.2,49.63,5.71,581.6,76.14
29.5,94.75,metamorphic,3.58,10.7,30.05,0.21,2.25,4.89,28.8,0.14,0.17,33.3,9.11,483.12,126.3
29.5,94.75,magmatic,23.1,56.7,103,0.39,14.4,25.1,45.6,0.95,2.34,194,25.2,201,200
29.5,94.75,magmatic,26.1,39.5,85.5,0.19,7.45,18,47.5,0.34,1.15,139,22.6,327,200
29.5,94.75,magmatic,21.3,87.8,145,0.83,23.8,35.5,62.5,2.21,5.33,238,34.8,240,276
29.5,94.75,magmatic,35.5,83.2,155,0.29,18.9,37,71.4,1.16,3.8,448,39.2,513,312
29.5,94.75,magmatic,22.3,43.4,99,0.23,9.72,21,54,0.78,1.39,114,25.3,177,222
29.5,94.75,magmatic,19.9,66.2,127,0.42,14.7,29.2,58.8,0.83,2.5,172,31.6,228,253
29.5,94.75,magmatic,29.2,116,191,0.88,31.4,47.4,76.2,1.9,5.62,324,43.5,238,345
29.5,94.75,magmatic,17.5,38.6,87.1,0.2,8.59,18.6,49,0.65,1.04,160,23.3,260,199
29.5,94.75,magmatic,8.63,21.6,46.3,0.25,4.13,10.4,29.8,0.05,0.83,77.3,12.8,182,117
29.5,94.75,magmatic,19.9,44.8,98.2,0.12,9.35,21.4,54.1,0.31,1.74,182,26.1,268,234
29.5,94.75,magmatic,21,48.5,99.8,0.26,10,21.7,49.5,0.53,1.67,190,25.8,269,224
29.5,94.75,magmatic,25.1,67.2,124,0.54,16.1,28.8,56.1,0.74,2.47,241,30.7,291,253
29.5,94.75,magmatic,22.8,72.8,124,0.6,19.4,31.1,53.3,1.91,3.24,300,30.4,273,244
29.5,94.75,magmatic,18,52.6,95.4,0.4,12,22.2,41.2,0.8,2.14,150,23.8,165,191
29.5,94.75,magmatic,25,106,173,1.09,31.8,44.2,65.8,1.85,5.37,249,41.7,190,322
29.5,94.75,magmatic,20.9,127,195,1.36,38.8,50.7,72,4.63,8.25,295,43.9,215,340
29.5,94.75,magmatic,35.6,180,289,1.59,51.1,70.6,109,5.92,9.92,580,66.6,434,525
29.5,94.75,magmatic,19,89.2,140,0.91,25.6,35.8,54.5,2.7,5.64,178,33.1,145,266
29.5,94.75,magmatic,19.9,51.4,89.8,0.63,14.1,21.5,38.1,0.9,2.64,120,22.3,124,184
29.5,94.75,magmatic,17.5,55.3,98.3,0.4,12.7,23,41.7,1.38,2.25,163,23.6,176,192
29.5,94.75,metamorphic,3.14,14.02,42.03,0.25,1.73,7.24,28.27,NaN,0.87,54.07,10.7,704.69,118.79
29.5,94.75,metamorphic,2.77,12.59,37,0.14,2.16,6.28,30.27,0.01,NaN,44.2,9.93,729.49,113.51
29.5,94.75,metamorphic,3.85,19.88,51.06,0.26,2.75,9.49,31.26,NaN,0.11,73.15,12.78,701.75,138.41
29.5,94.75,metamorphic,3.52,21.64,59.15,0.21,3.89,10.26,43.73,0.17,0.12,56.28,15.4,678.44,180.23
29.5,94.75,metamorphic,4.52,28.01,73.03,0.24,3.5,12.39,42.85,NaN,0.47,74.39,18.38,783.65,191.32
29.5,94.75,metamorphic,6.71,32.44,87.75,0.4,4.53,15.47,54.4,0.48,1.02,82.21,22.21,910.52,245.04
29.5,94.75,metamorphic,3.51,17.37,48.18,0.16,2.66,8.08,34.57,0.41,NaN,48.05,12.37,714.52,140.8
29.5,94.75,metamorphic,3.41,20.11,58.23,0.15,2.43,9.93,42.02,0.41,0.16,50.81,14.92,632.35,173.6
29.5,94.75,metamorphic,3.57,25.94,76.86,0.11,2.64,13.48,48.33,0.29,0.15,52.1,19.8,828.58,209.45
29.5,94.75,metamorphic,3.44,15.86,46.66,0.1,2,7.82,29.77,0.36,0.72,54.95,12.61,852.77,130.95
29.5,94.75,metamorphic,3.09,18.42,54.68,0.18,2.57,9.22,38.97,0.08,0.08,44.13,13.81,660.95,159
29.5,94.75,metamorphic,3.05,15.96,46.45,0.23,1.54,7.77,33.65,0.17,NaN,43.66,12.1,537.11,138.07
29.5,94.75,metamorphic,3.41,18.91,53.89,0.15,2.15,9.09,39.46,0.29,NaN,52.24,14.21,636.06,161.12
29.5,94.75,metamorphic,4.29,24.41,68.13,0.32,3.21,11.38,46.21,0.21,0.29,56.11,17.9,671.82,196.93
29.5,94.75,metamorphic,4.65,25.59,74.32,0.22,3.56,12.92,45.52,0.2,0.11,65.05,18.64,647.58,201.84
29.5,94.75,metamorphic,3.52,17.82,49.45,0.22,1.71,8.57,31.37,0.04,NaN,62.33,12.73,699.91,139.03
29.5,94.75,metamorphic,2.88,18.17,54.9,0.13,2.07,9.16,42,0.29,0.78,44.25,14.99,602.18,173.14
29.5,94.75,metamorphic,6.6,28.11,70.49,0.46,3.21,13.13,45.5,0.48,0.36,80.72,18.19,812.47,197.45
29.5,94.75,metamorphic,4.3,22.08,52.73,0.22,2.85,10.04,29.57,NaN,0.63,40.13,12.91,404.3,138.03
29.5,94.75,metamorphic,3.31,27.14,77.64,0.17,3.01,13.52,47.5,NaN,0.14,51.24,19.65,848.56,214.03
29.5,94.75,metamorphic,4.61,24.81,66.69,0.13,3.55,11.61,43.91,NaN,0.65,62.87,17.24,655.46,190.16
33.62,110.77,hydrothermal,258.6,1477.4,1217.3,214.73,442,366,483,253.57,223.67,214,265.9,6327,2704
33.62,110.77,hydrothermal,132.3,636.2,598.7,68.66,231.6,172.3,276.5,202.39,143.65,1100,135.4,3793,1321
33.62,110.77,hydrothermal,192.9,853.8,711.2,98.36,322,203.5,332,303.5,216.13,440,146,3123,1376
33.62,110.77,hydrothermal,12,228.4,332.3,3.73,45.9,73,252.3,15.14,14.51,198,95.3,3482,1272
33.62,110.77,hydrothermal,565.5,1171.9,814.8,146.98,521.2,260.3,280.2,637.71,384.13,292,162.7,3719,1612
33.62,110.77,hydrothermal,53.2,343.4,395.2,9.98,86.1,98.5,223.2,65.39,43.29,554,100.9,5543,1189
33.62,110.77,hydrothermal,35.4,216.3,309.3,12.26,49.8,67.1,191.1,37.57,28.05,187,80.7,4098,1060
33.62,110.77,hydrothermal,143.4,572.7,445.1,94.1,229.3,128.8,202.9,224.73,183.87,485,102.3,3508,1129
33.62,110.77,hydrothermal,337.1,724.5,533.3,122.7,361.6,163.9,227.1,437.39,259,125,112.6,3529,1203
33.62,110.77,hydrothermal,53,206.9,282,19.94,55.3,66.7,156.1,54.66,33.61,73,69.8,4211,784
33.62,110.77,hydrothermal,52.3,360,350.6,16.21,100.6,93.9,201.2,73.49,50.85,219,89.7,6338,1057
33.62,110.77,hydrothermal,107.2,289.2,361.1,64.76,95.7,84.4,260.7,104.09,60.25,50,93.1,3021,1239
33.62,110.77,hydrothermal,326.9,642,427.1,31.13,244.1,132.4,172.2,288.35,171.96,1922,95.6,4713,1029
33.62,110.77,hydrothermal,210,803.7,640.9,232.58,318.2,190.1,336.6,245.69,199.85,478,153.5,4050,1733
33.62,110.77,hydrothermal,273.7,1236,876.5,134.65,465.8,279.7,274.1,362.55,314.98,771,176.9,3683,1718
33.62,110.77,hydrothermal,130.4,487.3,437.1,107.96,168.8,122.8,225.5,135.9,97,136,101.3,3147,1175
33.62,110.77,hydrothermal,294.5,795.4,641.8,246.26,347.7,185.8,277,401.09,240.83,140,139,5869,1515
33.62,110.77,hydrothermal,108.4,710.3,653.9,63.2,181.9,181.4,286.5,107.39,90.91,268,152.1,9003,1675
33.62,110.77,hydrothermal,20.4,368.3,539.8,4.13,50.3,116.5,345,17.14,13.91,214,147.3,7290,1876
33.62,110.77,hydrothermal,122.9,288.2,362.3,10.42,70,86,235,89.06,36.69,264,100.1,6039,1237
33.62,110.77,hydrothermal,36.7,235.9,309.2,13.23,60.6,76.9,161.7,40.2,26.72,57,76.3,3404,863
33.62,110.77,hydrothermal,116.5,494,461.1,122.76,165.2,123,234.3,141.48,110.26,120,108.6,4848,1240
33.62,110.77,hydrothermal,10.9,198.4,208.9,2.83,48.8,53.7,99.8,14.69,28.13,544,49.8,2347,553
33.62,110.77,hydrothermal,86.9,187.3,246.6,8.43,42.9,57.5,157.8,48.99,23.31,118,64.4,4128,807
33.62,110.77,hydrothermal,259.6,653.4,536.7,46.16,270.7,161.6,234.7,311.77,168.85,234,120,4254,1368
33.62,110.77,hydrothermal,103.4,470.9,507.1,58.12,124.4,130.3,290.6,90.6,64.02,267,131.1,7372,1567
33.62,110.77,hydrothermal,321.9,1292.9,1057.8,271.16,477.3,309.2,381,351.99,276.83,195,217.1,6547,2164
33.62,110.77,hydrothermal,2.6,216.4,349.6,8.99,31.6,76.6,184.8,3.3,7.73,86,88.2,4392,1000
33.62,110.77,hydrothermal,83.3,524.7,567.6,18.09,156.9,143.3,378,89.73,67.06,242,148.8,4411,1844
33.62,110.77,hydrothermal,271.8,772,564.3,217.76,340.2,174.9,242.5,356.63,224.85,391,123.3,6503,1314
33.62,110.77,hydrothermal,57.5,143.9,223.8,19.58,68.9,48.8,127.3,92.59,67.45,41,57.9,3120,672
33.62,110.77,hydrothermal,22.03,103.8,164.86,1.74,22.91,36.99,64.17,17.82,9.35,105,41.87,636,487.44
33.62,110.77,hydrothermal,1.97,89.48,121.7,0.37,9.76,30.9,28.96,0.87,1.91,28,27.01,417,259.36
33.62,110.77,hydrothermal,21.36,143.17,210.67,1.73,96.54,49.54,66.49,10.13,12.42,328,48.19,580,517.13
33.62,110.77,hydrothermal,4.61,51.08,79.55,0.41,6.67,18.73,38.22,0.57,1.49,24,19.98,257,247.18
33.62,110.77,hydrothermal,9.16,116.62,162.31,2.1,32.32,36.08,84.86,14.62,10.91,319,45.04,575,603.79
33.62,110.77,hydrothermal,1.27,45.88,66.71,0.42,7.72,15.79,24.13,1.4,1.89,19,15.98,481,182.86
35.72,117.95,metamorphic,14.7,20.6,26.5,1.17,7.87,6.26,10.6,2.42,2.9,8.87,,14.8,63.1
35.72,117.95,metamorphic,17.8,20.7,30.8,0.71,6.6,6.98,13.1,1.26,1.75,14.5,,24.8,74.8
35.72,117.95,metamorphic,17.2,20.4,31,0.77,6.6,6.96,13.4,1.33,1.88,4.5,,7.3,74.1
35.72,117.95,metamorphic,10.1,37,50.2,0.97,14.1,12.1,17.8,2.91,4.21,55.3,,65.5,100
35.72,117.95,metamorphic,15,26.8,43.1,0.72,8.04,9.43,18.7,1.27,2.07,30.5,,58.1,101
35.72,117.95,metamorphic,18.4,22.7,33.1,0.68,7.01,7.61,13.5,1.24,1.83,16.2,,21,75.6
35.72,117.95,metamorphic,13.4,119,89.9,2.56,49.8,28.2,20,15.8,17.4,1283,,507,153
35.72,117.95,metamorphic,75.7,114,179,3.02,34,40.5,68.5,9.06,8.97,139,,135,396
35.72,117.95,metamorphic,38.6,107,152,3.45,36.1,35.9,53.5,8.9,11.1,109,,93.6,329
35.72,117.95,metamorphic,33,82.7,113,2.51,27.7,27,38.3,3.83,7.07,72.8,,55.3,239
35.72,117.95,metamorphic,79.5,39.9,63.7,0.95,10.4,14,28.1,15.5,3.41,54.4,,96.9,163
35.72,117.95,metamorphic,28.1,59.7,93.6,0.79,18,21.3,37.8,2.28,4.1,76.1,,126,212
35.72,117.95,metamorphic,22.8,50.9,74.1,1.66,16.8,17.1,28.4,2.8,4.47,23,,33.5,163
35.72,117.95,metamorphic,22.9,43.8,68.5,1.12,13.3,15.2,28.1,1.93,3.17,42.3,,49.4,152
35.72,117.95,metamorphic,34,89.2,124,2.63,30.3,29.5,42.9,5.33,8.08,81.4,,60.5,257
35.72,117.95,metamorphic,48.1,145,202,5,51.5,48.1,69.4,11.9,15.7,107,,84.3,403
35.72,117.95,metamorphic,15.9,66.8,114,0.15,14.4,25.4,38.8,1.12,2.61,165,,184,247
35.72,117.95,metamorphic,121,1167,747,56.9,470,249,142,130,163,1680,,789,1110
35.72,117.95,metamorphic,13.5,15.9,28,0.44,4.1,5.99,15.7,1.14,1.04,30.7,,67,82.8
35.72,117.95,metamorphic,230,71,95,58.6,61.5,22.3,36.7,303,77,146,,527,216
35.72,117.95,metamorphic,148,102,152,8.88,38.7,35.2,53.3,81.1,22,146,,189,335
35.72,117.95,metamorphic,98.2,136,174,13.7,68,42.5,56,69.7,34.6,200,,225,337
35.72,117.95,metamorphic,219,162,119,32.3,210,35.5,37.7,263,143,625,,1562,219
35.72,117.95,metamorphic,59.4,115,178,1.8,33.9,40.7,64.7,11.3,8.97,140,,180,409
35.72,117.95,metamorphic,75.2,63.8,50.8,12.6,81.8,14.6,23.5,72.7,58,95,,703,125
35.72,117.95,metamorphic,62.2,70.9,118,3.87,20.6,25.9,45.1,22.5,7.77,155,,230,271
35.72,117.95,metamorphic,338,143,204,19.7,60.5,48,69.4,131,40.4,439,,481,419
35.72,117.95,metamorphic,94.9,196,172,30.5,99.8,49.6,47.8,86.7,58.3,279,,1396,304
35.72,117.95,metamorphic,91.2,187,272,8.02,61.1,64.7,88.9,31.4,19,263,,227,556
35.72,117.95,metamorphic,2240,378,333,138,541,91.4,92.4,1890,642,772,,2204,631
35.72,117.95,metamorphic,76.2,514,452,30.3,215,130,98.9,74,86.2,210,,1045,682
35.72,117.95,magmatic,33.45,43.03,63.28,2.59,17.61,14.33,27.24,10.44,6.63,116.92,,199.88,151.75
35.72,117.95,magmatic,4.21,101.7,181.07,0.86,15.41,39.23,62.81,3.62,3.09,13.56,,135.87,377.57
35.72,117.95,magmatic,3.11,107,104.04,1.49,26.43,30.33,21.73,1.02,2.87,21.6,,103.85,151.07
35.72,117.95,magmatic,28.88,156.65,213.21,6.66,69.58,50.07,74.44,28.05,26.02,31.66,,329.77,464.46
35.72,117.95,magmatic,5.09,217.57,333.55,1.45,36.56,78.66,98.6,1.47,3.9,51.81,,344.79,633.8
35.72,117.95,magmatic,6.6,213.33,325.32,2.8,37.45,78.4,92.48,5.33,6.39,97.28,,641.94,591.8
35.72,117.95,magmatic,24.5,294.61,472.41,9.34,90.15,106.04,175.46,29.91,32.94,54.37,,500.85,1040.59
35.72,117.95,magmatic,47.09,208.25,438.46,21.5,49,81.83,230.19,36.96,19.67,248.62,,646.57,1311.48
41.89,123.94,metamorphic,49.85,104.59,139.95,9.24,42.16,33.48,48.09,48.89,19.95,120.09,,256.92,289.37
41.89,123.94,metamorphic,19.13,89.67,134.01,3.26,29.2,31.05,52.02,7.1,7.76,66.3,,145.69,293.69
41.89,123.94,metamorphic,47.56,91.71,128.21,9.51,35.17,30.37,48.55,21.09,11.68,157.92,,322.28,278.1
41.89,123.94,metamorphic,19.99,34.15,43.89,3.86,17.74,10.52,21.08,9.35,7.55,56.61,,226.23,108.86
41.89,123.94,metamorphic,131.5,188.03,302.35,13.49,72.75,66.92,125.33,93.5,40.72,192.99,,332.36,659.32
41.89,123.94,metamorphic,23.23,58.13,106.4,1.4,14.05,22.27,49.36,1.25,2.44,85.46,,220.58,270.22
41.89,123.94,metamorphic,13.78,42.29,79.36,0.49,9.8,16.55,35.61,0.86,1.71,50.99,,111.03,195.95
41.89,123.94,metamorphic,10.95,68.21,94.94,1.44,19.69,23.09,31.56,1.63,3.77,37.84,,30.94,188.08
41.89,123.94,metamorphic,23.22,46.29,69.19,1.57,16.34,16.46,26.24,3.11,4.72,113.83,,157.49,134.46
41.89,123.94,hydrothermal,24.2,53.21,93.69,1.33,15.29,20.13,43.79,2.87,3.48,90.3,,75.13,194.06
41.89,123.94,hydrothermal,119.89,160.21,206.04,24.61,71.2,50.24,80.43,53.01,24.82,284.42,,521.7,452.74
41.89,123.94,hydrothermal,65.18,82.29,142.07,11.67,25.61,30.98,55.28,95.48,18.52,129.88,,300.59,328.65
41.89,123.94,hydrothermal,36.15,128.12,231.69,4.26,37.78,48.85,98.25,26.29,15.83,110.88,,350.84,553.94
41.89,123.94,hydrothermal,45.85,216.8,410.28,5.29,57.26,86.34,180.9,13.17,11.62,219.54,,243.18,859.71
41.89,123.94,hydrothermal,312.49,219.16,265.08,30.93,123.21,65.58,96.84,241.03,94.71,248.54,,403.07,564.32
41.89,123.94,hydrothermal,20.39,48.23,60.1,1.65,19.84,14.84,20.28,3.9,5.81,103.65,,102.49,124.14
41.89,123.94,magmatic,18.45,16.4,27.32,0.47,5.33,5.74,12.95,0.79,1.28,57.93,,164.18,70.78
41.89,123.94,magmatic,8.89,23.16,45.23,1.31,6.28,9.13,24.17,4.56,2.29,35.29,,132.72,126.42
41.89,123.94,magmatic,49.37,102.6,173.25,3.14,27.95,37.56,74.95,10.19,6.9,166.41,,295.44,426.45
41.89,123.94,magmatic,7.55,40.34,76.62,1.42,10.75,15.44,39.72,2.65,3.05,33.7,,247.21,215.61
41.89,123.94,magmatic,13.67,37.4,67.02,1.38,10.79,13.98,34.61,2.17,2.53,35.96,,81.91,177.96
41.89,123.94,magmatic,1.2,55.29,158.72,0.39,6.09,27.68,90.77,0.13,0.47,2.48,,53.42,474.58
41.89,123.94,magmatic,26.81,111.54,194.46,2.37,27.3,42.04,86.12,2.34,4.57,159.11,,283.02,464.42
41.89,123.94,magmatic,50.69,63.18,103.44,6.41,23.95,22.58,52.48,12.13,7.35,123.67,,201,277.03
41.89,123.94,magmatic,94.68,253.85,450.24,21.28,101.63,93.53,141.26,38.35,39.41,777.4,,1095.3,1034.74
41.89,123.94,magmatic,69.49,151.81,233.17,53.27,78.7,52.69,97.81,51.33,48.67,272.45,,629.99,554.86
-13.25,-43.4,hydrothermal,36.07,12.9,62.73,2.17,2.44,34.91,91.92,4.21,1.7,929.31,48.41,1477.37,72.34
-13.25,-43.4,hydrothermal,76.51,20.14,68.4,7.18,5.39,41.28,94.81,17.56,5.3,883.26,47.27,2358.81,72.02
-13.25,-43.4,hydrothermal,30.39,10.31,32.08,1.83,3.43,18.74,67.06,4.18,1.6,140.65,25.07,1182.34,43.57
-13.25,-43.4,hydrothermal,18.43,9.33,48.04,0.64,1.43,24.26,77.49,3.57,1.14,1300.36,38.73,1241.52,59.02
-13.25,-43.4,hydrothermal,21.62,7.86,48.47,0.37,1.19,22.64,84.2,3.51,1.02,340.45,39.17,978.82,60.07
-13.25,-43.4,hydrothermal,8.55,7.14,39.83,0.33,1,19.81,95.09,0.78,0.47,1991.49,33.68,1664.42,59.05
-13.25,-43.4,hydrothermal,16.41,8.26,47.31,1.23,1.53,23.25,91.11,0.97,0.58,723.52,40.3,1558.2,62.17
-13.25,-43.4,hydrothermal,27.12,12.63,59.28,0.21,1.58,33.21,66.58,2.12,0.52,1204.38,42.89,1443.35,58.39
-13.25,-43.4,hydrothermal,143.33,23.47,85.28,1.88,5.17,51.69,91.08,13.45,3.31,1057.72,60.06,1338.28,82.31
-13.25,-43.4,hydrothermal,16.12,16.23,65.1,0.21,2.01,38.78,71.76,0.63,0.5,312.48,44.8,993.45,60.3
-13.25,-43.4,hydrothermal,88.26,32.34,93.09,2.91,6.98,63.91,99.79,10.6,4.24,445.21,62.87,1466.82,82.59
25.7,113.17,hydrothermal,23.5,59,106,0.31,12.8,21,40,6.2,3.3,200,22,437,239
25.7,113.17,hydrothermal,104,239,471,1.92,43.2,92,187,29.2,9.1,2427,103,6717,1155
25.7,113.17,hydrothermal,123.9,454,795,1.13,98.8,160,291,34.6,21.1,7849,165,12250,1794
25.7,113.17,hydrothermal,293.8,108,163,1.61,51.3,36,58,168.5,39.2,318,33,602,359
25.7,113.17,hydrothermal,17.2,195,398,0.22,28.8,73,174,3.1,3.7,666,90,5768,1031
25.7,113.17,hydrothermal,34,1119,1581,0.07,264.4,347,509,33.9,66,9570,323,21360,3494
25.7,113.17,hydrothermal,149,1623,2008,0.3,470.9,479,543,185.6,176.3,26626,365,37860,3616
25.7,113.17,hydrothermal,78.8,1044,1200,0.14,293.4,282,404,73.8,87.4,21991,248,12598,2780
25.7,113.17,hydrothermal,25.9,746,1304,0.15,133.6,265,510,12.7,25.4,2511,291,8116,3305
25.7,113.17,hydrothermal,19.2,435,725,0.1,93.8,148,270,23.4,26.9,3734,158,7903,1778
25.7,113.17,hydrothermal,87.2,2037,2622,0.23,475.2,607,770,49.3,112.2,5927,516,21394,5321
25.7,113.17,hydrothermal,10.5,491,536,0.08,73.8,131,134,4.9,11.2,237,103,584,1004
25.7,113.17,hydrothermal,26.6,354,623,0.03,64.9,127,208,9,13.2,1212,126,5918,1319
25.7,113.17,hydrothermal,451.4,2751,2715,0.44,810.5,681,758,340.2,269.8,25063,517,39086,5340
25.7,113.17,hydrothermal,5253,675,1006,0.35,342,214,365,2229,674.5,13571,210,19014,2209
25.7,113.17,hydrothermal,27.5,1004,1236,0.21,227.2,267,525,22.4,52.2,2276,282,4391,3422
25.7,113.17,hydrothermal,16.8,398,705,0.04,60.7,147,244,3.9,7.8,1112,145,7230,1547
25.7,113.17,hydrothermal,346.6,1192,1745,0.19,322.4,387,569,200.5,118.8,10851,349,23756,3661
25.7,113.17,hydrothermal,28,1021,1491,0.13,205.7,333,442,16.9,37.6,2854,290,12458,2970
25.7,113.17,hydrothermal,16.1,643,718,0.25,131.5,176,244,10.2,20.8,954,150,5337,1632
25.7,113.17,hydrothermal,12.8,303,565,0.01,44.4,115,190,3.8,6.7,866,115,5413,1212
25.7,113.17,hydrothermal,49.5,754,1232,0.06,137.8,267,371,23.2,24.3,3543,242,12911,2432
25.7,113.17,hydrothermal,41.9,215,355,0.48,47.9,76,121,3.4,8.2,1154,72,1997,738
25.7,113.17,hydrothermal,25.8,56,98,0.24,11.7,21,37,4.8,2.5,152,20,379,226
25.7,113.17,hydrothermal,37.6,116,216,0.53,26,43,87,12.8,5,272,46,663,507
25.7,113.17,hydrothermal,51.7,173,263,1.44,47.2,59,91,16.3,10.6,351,52,302,543
25.7,113.17,hydrothermal,46.8,128,256,0.48,24.9,49,113,15.3,6.3,632,58,1844,654
25.7,113.17,hydrothermal,67.8,373,744,0.76,69.4,141,326,13,13.7,1618,166,5408,1925
25.7,113.17,hydrothermal,66.1,127,208,0.85,33.5,44,76,26.3,10.6,334,43,456,457
25.7,113.17,hydrothermal,84.3,782,1231,1.25,173.5,240,793,69.2,66.9,2221,322,7105,4503
25.7,113.17,hydrothermal,76.3,594,1387,0.75,91.9,241,713,20.2,19.4,3586,335,20641,4055
25.7,113.17,hydrothermal,93,1582,1953,2.92,354.1,424,1078,88.2,121.6,2961,481,5168,6378
25.7,113.17,hydrothermal,31.1,542,1032,0.5,98.5,182,838,22.2,28.3,1276,300,5866,4354
25.7,113.17,hydrothermal,62.3,247,476,0.32,41.5,93,191,10.1,8.5,1216,103,4219,1163
25.7,113.17,hydrothermal,380.4,733,1242,0.91,147.2,241,606,63.1,50.8,2177,304,10416,3645
25.7,113.17,hydrothermal,33.3,390,659,0.45,80.3,134,267,10.4,16.6,1839,142,5201,1616
25.7,113.17,hydrothermal,18.6,390,696,0.27,82.9,127,502,16.4,25.8,777,190,5550,2740
25.7,113.17,hydrothermal,32,517,908,0.76,101.5,166,542,24.9,30.3,3921,237,12504,3027
25.7,113.17,hydrothermal,47.4,392,667,0.73,78.9,127,373,19.5,23.6,1193,168,3235,2209
25.7,113.17,hydrothermal,31.2,170,363,0.48,25.4,64,203,2.8,4.8,997,90,3701,1120
25.7,113.17,hydrothermal,37.1,1051,2109,0.15,142.4,398,861,10.7,18.6,2043,472,15639,5244
25.7,113.17,hydrothermal,102.2,314,512,1.93,77.4,107,190,13.1,17.8,1700,107,2086,1168
25.7,113.17,hydrothermal,19.4,372,777,0.17,50,146,318,3.8,7.5,1088,173,9370,1937
25.7,113.17,hydrothermal,768.5,914,1210,1.99,363.7,250,621,591.8,311.7,4139,292,7936,3700
25.7,113.17,hydrothermal,243.4,2891,3877,4.74,711.1,789,2114,265.9,284,4614,997,6896,13045
25.7,113.17,hydrothermal,136.8,1609,2344,2.9,375.8,466,1215,119.7,141.5,3597,582,11534,7398
25.7,113.17,hydrothermal,17.9,226,440,0.08,35.3,86,186,1.8,5.3,1003,97,4771,1119
25.7,113.17,hydrothermal,26,349,589,0.15,66.1,117,233,7.7,13.9,1198,127,4571,1457
25.7,113.17,hydrothermal,23.1,536,1092,0.33,67.2,193,629,5.9,13.2,697,282,7109,3760
25.7,113.17,hydrothermal,9.5,254,526,0.06,37.3,91,371,4.2,8.5,433,146,5149,2031
25.7,113.17,hydrothermal,22.9,408,770,0.21,73.9,147,352,9.1,17.6,979,178,7088,2126
25.7,113.17,hydrothermal,20.7,222,422,0.09,37.1,81,218,2.6,5.9,929,101,3987,1295
25.7,113.17,hydrothermal,51.1,719,1225,0.25,141.4,243,554,42.1,48.8,3056,285,20973,3388
25.7,113.17,hydrothermal,19.9,230,428,0.11,41.4,81,214,8.2,10.6,685,102,4217,1249
25.7,113.17,hydrothermal,71.1,420,740,0.23,90.4,147,287,50.7,30.2,3424,159,10322,1759
25.7,113.17,hydrothermal,1699,393,723,0.29,110.3,134,406,696.5,134.1,1083,182,7568,2378
25.7,113.17,hydrothermal,32,376,566,0.35,73.6,124,193,9.5,17.8,960,117,3685,1270
25.7,113.17,hydrothermal,52.2,320,574,0.11,77.8,101,402,35.3,30.7,394,158,5268,2220
25.7,113.17,hydrothermal,58,329,585,0.2,77,115,258,42.4,25.4,978,130,7092,1507
25.7,113.17,hydrothermal,17.2,536,951,0.19,90.4,188,386,6.2,17.1,966,212,6672,2423
25.7,113.17,hydrothermal,103.4,443,758,0.2,106.3,151,356,57.7,38.9,741,173,6977,2087
25.7,113.17,hydrothermal,25.1,482,977,0.06,63.6,186,415,7.1,9.1,1425,220,10699,2554
25.7,113.17,hydrothermal,69.6,122,192,0.36,33.7,41,66,27.3,10.5,431,38,775,409
25.7,113.17,hydrothermal,39.1,434,671,0.25,87.2,144,234,9.9,14.2,2444,140,4898,1523
25.7,113.17,magmatic,2.1,120,214,0.28,26.2,44,76,2.2,4.7,88,43,198,457
25.7,113.17,magmatic,6.1,112,182,0.42,24.7,39,62,1.7,5.1,138,37,256,385
25.7,113.17,magmatic,13.5,88,156,0.27,16.3,32,56,0.8,2.7,241,32,557,343
25.7,113.17,magmatic,23.2,179,335,0.46,38.6,66,132,4,7.7,1263,72,2243,799
25.7,113.17,magmatic,21.3,118,245,0.16,21.4,45,106,1.7,3.7,1212,54,3275,632
25.7,113.17,magmatic,22.9,94,173,0.18,20.7,35,63,5.6,3.2,327,35,871,390
25.7,113.17,magmatic,26.4,150,251,0.35,32.8,52,91,3.4,5.1,519,50,1111,552
25.7,113.17,magmatic,10,168,285,0.5,35.8,60,101,2.4,5.8,312,57,790,619
25.7,113.17,magmatic,21.6,95,182,0.16,18.7,36,75,1.6,3.4,906,40,1951,454
25.7,113.17,magmatic,20.8,83,157,0.14,16.8,31,67,1.4,2.7,671,36,1546,408
25.7,113.17,magmatic,20.3,87,172,0.28,17.8,33,73,1.3,2.9,884,37,2034,439
25.7,113.17,magmatic,8.4,59,107,0.19,11.1,22,40,0.6,2,131,22,310,243
25.7,113.17,magmatic,21.9,89,149,0.2,20.8,31,52,1.3,3.8,348,30,552,320
25.7,113.17,magmatic,14.1,82,138,0.2,17.8,29,48,1.1,3.5,197,28,350,292
25.7,113.17,magmatic,17.7,139,262,0.09,24.6,52,101,1.1,3.8,746,56,2802,614
25.7,113.17,magmatic,15.8,93,162,0.29,21.1,33,59,1.2,3.5,326,32,628,355
25.7,113.17,magmatic,11.9,67,115,0.32,15.6,24,41,1.2,2.2,181,23,369,254
25.7,113.17,magmatic,16.2,93,154,0.3,20.5,32,55,1.7,3.8,306,31,597,340
25.7,113.17,magmatic,15.6,80,161,0.33,15.4,31,72,3.2,3.2,544,36,2226,412
25.7,113.17,magmatic,10.1,126,205,0.41,25.3,44,71,1.5,5.1,207,41,368,438
25.7,113.17,magmatic,17.1,75,139,0.19,16.2,28,52,1,3.2,386,29,816,317
25.7,113.17,magmatic,13.6,55,104,0.22,11.7,20,43,0.7,2,231,22,528,254
25.7,113.17,magmatic,8.2,81,146,0.29,16.2,29,52,2,2.3,142,29,347,322
25.7,113.17,magmatic,18.8,69,126,0.23,15.1,26,48,2,2.8,336,27,696,296
25.7,113.17,magmatic,11.7,242,406,0.05,43.5,86,136,2.1,7.2,841,82,2855,827
25.7,113.17,magmatic,12.4,388,708,0.07,60.1,147,232,1.8,7.2,1563,143,7332,1462
25.7,113.17,magmatic,5.3,140,221,0.27,34.1,49,66,2.5,6.2,137,42,261,422
25.7,113.17,magmatic,10.9,234,423,0.05,38.1,88,148,1.7,6.1,655,87,3240,913
25.7,113.17,magmatic,3.4,97,150,0.49,25.6,32,50,2.5,4.5,95,29,210,304
25.7,113.17,magmatic,13.7,330,518,0.36,79.2,115,152,7.1,16,1010,98,2013,987
25.7,113.17,magmatic,42.4,290,431,0.7,72.8,98,114,5.7,11.5,198,79,274,755
25.7,113.17,magmatic,19.1,351,601,0.02,61.9,128,195,6,10,1491,119,5900,1239
25.7,113.17,magmatic,15.2,422,758,0.09,67.1,160,251,2.7,8.7,2110,154,8463,1599
25.7,113.17,magmatic,32.6,67,161,1.29,13.8,29,111,17.8,8.4,297,43,1871,566
25.7,113.17,magmatic,11.2,320,593,0.08,45.3,122,203,1.8,6.2,1096,122,5815,1275
25.7,113.17,magmatic,10.4,140,220,0.19,29.5,48,71,4.2,5.3,365,43,844,433
25.7,113.17,magmatic,5.1,92,150,0.22,20.6,33,51,1.2,3,162,29,405,305
25.7,113.17,magmatic,30.4,94,186,0.14,18.1,37,79,1.3,2.8,585,41,1284,454
25.7,113.17,magmatic,21.1,66,113,0.38,13.7,24,45,0.8,2.3,152,24,221,264
25.7,113.17,magmatic,26.4,76,127,0.24,18.2,27,47,0.9,3,229,25,412,279
25.7,113.17,magmatic,31.5,111,211,0.32,21.3,41,87,1.8,3.6,642,46,1619,508
25.7,113.17,magmatic,25.3,93,153,0.19,20.8,33,57,1.6,3.5,339,32,624,336
25.7,113.17,magmatic,28.5,84,161,0.26,15.9,31,71,0.9,2.5,441,36,1103,409
25.7,113.17,magmatic,35.2,104,170,0.27,24.1,37,60,2.2,5.1,404,35,650,362
25.7,113.17,magmatic,34.3,154,258,0.38,31.2,53,102,2,5.1,706,55,1534,610
25.7,113.17,magmatic,27.2,89,176,0.28,16.1,34,80,0.9,2.4,548,40,1322,454
25.7,113.17,magmatic,17,84,152,0.54,18.5,31,58,1,3,140,30,267,339
25.7,113.17,magmatic,27.4,112,197,0.17,24.2,42,71,1.3,3.9,520,41,1225,425
25.7,113.17,magmatic,29.3,76,127,0.56,17.5,28,48,1.3,3.3,260,26,306,283
25.7,113.17,magmatic,27.1,57,106,0.35,13.2,22,41,6.4,3.2,135,22,276,237
25.7,113.17,magmatic,23.6,78,139,0.32,15.2,29,57,1.3,2.9,189,30,313,335
25.7,113.17,magmatic,33.5,110,208,0.37,21,42,90,2.6,3.7,580,47,1366,519
25.7,113.17,magmatic,26,87,173,0.33,16.8,34,75,2.3,2.4,292,38,801,431
25.7,113.17,magmatic,26.6,79,132,0.26,18.3,29,49,1.4,2.8,254,27,496,284
25.7,113.17,magmatic,35.4,134,223,0.26,28.5,48,78,2.1,5,701,46,1204,481
25.7,113.17,magmatic,21.2,79,133,0.25,16.9,28,50,1.2,2.9,211,27,365,295
25.7,113.17,magmatic,41.6,92,150,0.54,22.5,32,55,9.1,4.8,274,31,484,328
25.7,113.17,magmatic,20.9,105,179,0.67,23.7,37,67,1.1,3.2,211,36,341,390
25.7,113.17,magmatic,23.5,78,132,0.96,18.5,27,52,1.7,3.9,154,27,217,301
25.7,113.17,magmatic,22.3,237,460,0.27,38.4,89,188,3.4,6.2,1140,101,4270,1131
25.7,113.17,magmatic,144.5,383,665,1.94,86.5,134,270,9.9,17,4126,144,5156,1617
25.7,113.17,magmatic,30.8,102,189,0.9,22,38,76,2.3,3.9,573,39,729,440
25.7,113.17,magmatic,38.1,118,223,0.33,22.8,43,94,1.3,3.7,640,50,1408,555
25.7,113.17,magmatic,25.4,92,154,0.22,18.5,31,56,1.3,3.2,295,32,661,353
25.7,113.17,magmatic,23,131,200,0.88,32.6,44,71,3.7,5.7,224,41,280,432
25.7,113.17,magmatic,11.5,160,301,0.03,29.6,60,114,3.1,5.5,698,63,2684,691
25.7,113.17,magmatic,23.1,144,244,0.06,27.3,51,89,3.1,4.2,710,51,1994,543
25.7,113.17,magmatic,30.4,167,275,0.28,36.1,57,99,3.1,7.5,610,56,1287,607
25.7,113.17,magmatic,24.6,138,229,0.5,32.2,50,77,2.3,5.9,405,45,822,481
25.7,113.17,magmatic,24.4,89,151,0.24,19.4,31,55,1.1,2.8,261,31,549,330
25.7,113.17,magmatic,35.9,236,373,0.1,46.8,79,126,6.3,9.8,1102,76,2846,802
25.7,113.17,magmatic,30.8,222,341,0.72,47.1,74,112,5,11.2,549,67,908,705
25.7,113.17,magmatic,26.6,82,136,0.29,20,28,51,1.8,3.8,252,28,431,290
25.7,113.17,magmatic,20.6,101,162,0.18,19.9,34,57,1.2,3.5,169,33,330,362
25.7,113.17,magmatic,15.9,220,397,0.12,40.5,79,137,1.6,5.6,830,80,3031,861
42,124.52,hydrothermal,6.68,157.2,387,0.52,19.4,71.49,208.7,0.51,1.6,69.31,104.7,1347,1107
42,124.52,hydrothermal,5.19,120.2,276.2,0.38,14.88,54.61,148.6,0.37,2.03,56.55,74.22,1102,817.1
42,124.52,hydrothermal,8.2,92.33,207.4,0.47,13.37,40.55,106.6,0.38,1.62,68.63,54.97,608.9,586.7
42,124.52,hydrothermal,5.87,85.56,186.7,0.31,12.21,36.58,96.61,0.23,1.13,51.83,48.88,453.4,520.8
42,124.52,hydrothermal,7.63,88.11,197.7,0.24,11.68,38.6,104.4,0.24,2.25,61.31,52.37,647.6,564.3
42,124.52,hydrothermal,6.97,75.06,163.2,0.37,10.62,32.85,85.22,0.51,1.05,61.41,43.68,510.9,469.9
42,124.52,hydrothermal,6.97,112.5,253,0.18,16.47,48.07,130.7,0.24,1.45,56.4,70.46,544.2,790.4
42,124.52,hydrothermal,3.12,147.2,297.1,0.4,15.35,59.92,201.5,0.59,1.54,12.2,94.9,1064,1243
42,124.52,hydrothermal,1.51,113.6,237.6,0.29,11.14,46.74,152.9,0.19,0.75,4.59,75.03,561.7,934.3
42,124.52,hydrothermal,1.21,117.1,259.3,0.29,11.01,50.25,145.5,0.11,0.82,4.32,75.71,244.2,863.5
42,124.52,hydrothermal,6.93,306.6,466,1.52,73.32,108.4,141.9,7.12,13.54,21.9,100.3,137.7,939.5
42,124.52,hydrothermal,4.52,133,219.9,0.77,21.16,51.5,69.65,0.92,3.55,63.99,52.59,162.2,485.7
42,124.52,hydrothermal,3.58,163.1,322.8,0.54,13.49,70.75,99.58,0.39,1.86,20.19,79.25,238.7,726.5
42,124.52,hydrothermal,4.39,161.5,269.4,0.87,34.75,61.71,92.63,1.35,3.81,56.12,60.59,117.5,595.3
42,124.52,hydrothermal,5.37,153.1,276.9,0.52,16.55,64.12,78.91,0.24,1.09,30.64,64.67,157.5,581.6
42,124.52,hydrothermal,3.17,116.8,195.4,0.71,15.67,46.08,61.87,0.69,1.33,31.09,47.71,153.7,445.4
42,124.52,hydrothermal,28.06,448.4,695.3,2.2,114.2,169.3,208.2,7.94,20.4,44.2,152.1,362.1,1381
42,124.52,hydrothermal,5.22,98.09,170.7,0.32,11.42,38.59,48.96,0.25,0.78,26.96,40.24,111.2,361.9
42,124.52,hydrothermal,3.84,131.7,244.3,0.57,15.61,54.68,74.72,0.45,1.61,37.08,57.62,321.7,553.1
42,124.52,hydrothermal,2.74,142.3,265.7,0.5,14.57,59.35,86.54,0.49,0.8,30.53,65.68,345,645.1
42,124.52,hydrothermal,2.74,149.4,275.7,0.54,12.88,62.25,89.34,0.12,0.57,17.57,67.41,287.2,629.1
42,124.52,magmatic,16.26,475.1,711.6,3.29,113,171.9,230.6,9.22,18.07,155.1,160.9,194.1,1481
42,124.52,magmatic,1.44,125.5,276.2,0.3,12.94,51.66,162.9,0.3,0.71,50,78.79,337.6,926.7
42,124.52,magmatic,5.3,156.6,292.8,0.23,17.59,65.66,81.83,0.3,1.08,34.38,68.01,147.9,598.8
42,124.52,magmatic,4.4,179,344,0.54,17.34,76.59,97.28,0.12,1.26,27.01,81.82,206.8,710.9
42,124.52,magmatic,8.73,348.1,516.8,1.84,82.53,129.4,162.6,7.37,12.17,89.53,116.1,122.6,1025
42,124.52,magmatic,8.58,267.6,414.5,1.25,62.26,100.3,133.2,5.48,8.98,109.7,90.1,126.5,836.1
42,124.52,magmatic,3.61,151.7,283,0.62,15.01,64.46,82.29,0.37,1.91,42.71,68.4,274.9,625.2
42,124.52,magmatic,7.47,247.6,381.8,1.06,54.68,89.83,121.1,3.74,9.07,66.49,85.9,89.62,774.8
42,124.52,magmatic,4.86,151.4,261.1,1.08,24.17,61.41,78.33,0.85,2.96,35.73,59.42,100.6,524.4
40.95,115.3,hydrothermal,237,314,275,46.1,140,74.6,78,180,110,1739,63.7,1225,581
40.95,115.3,hydrothermal,897,625,677,39,331,177,188,958,330,1293,143,1865,1261
40.95,115.3,hydrothermal,35,147,147,31.5,89,38.2,116,152,75.4,123,38.3,1257,486
40.95,115.3,hydrothermal,453,315,272,58.9,199,76.5,94.4,292,169,2469,61.2,1547,585
40.95,115.3,hydrothermal,911,2262,2176,278,841,581,672,848,538,5596,498,9370,4568
40.95,115.3,hydrothermal,533,106,195,11.9,50.3,36.5,165,143,41.1,914,62.5,2197,778
40.95,115.3,hydrothermal,145,764,609,118,503,181,274,181,256,426,141,1931,1442
40.95,115.3,hydrothermal,1809,255,294,35.8,151,70.3,175,507,143,9910,81,3978,922
40.95,115.3,hydrothermal,61.8,941,1020,99.2,427,248,697,127,156,1048,293,2468,3438
40.95,115.3,hydrothermal,719,2456,2368,348,1089,649,715,1303,708,6758,533,8634,4949
40.95,115.3,hydrothermal,85.3,43.5,168,3.17,11.3,22.1,176,18.3,7.35,1237,65.8,2277,878
40.95,115.3,hydrothermal,547,151,237,17.1,78.9,48.3,180,158,65.2,825,73.1,2419,900
40.95,115.3,hydrothermal,39.9,133,263,11.3,37,48.1,188,44.8,23.8,1526,84.5,2612,988
40.95,115.3,hydrothermal,536,360,535,25.5,142,115,327,129,75.1,746,152,3444,1735
40.95,115.3,hydrothermal,307,89.7,175,8.97,34.9,33.2,135,108,35.6,990,54.2,1619,655
40.95,115.3,hydrothermal,1436,1549,1869,111,594,474,502,448,257,1108,433,2524,3882
40.95,115.3,hydrothermal,104,58,179,3.87,16.6,27.2,213,21.9,10.7,688,66.1,2653,908
40.95,115.3,hydrothermal,78.7,541,682,67.5,194,159,352,206,128,933,187,8208,2058
40.95,115.3,hydrothermal,252,687,896,73.9,256,202,466,265,171,2905,243,6621,2545
40.95,115.3,hydrothermal,480,315,413,41.8,131,93.8,247,220,97.2,1687,114,2507,1282
40.95,115.3,hydrothermal,86.2,84.8,202,6.42,21.2,33.7,210,25.3,15.2,737,70.1,1822,922
40.95,115.3,hydrothermal,72.7,89.8,167,9.76,33.1,30.4,183,39.6,23.4,592,57.3,2319,766
40.95,115.3,hydrothermal,1325,288,380,44.9,179,85.9,224,352,194,1544,110,4801,1217
40.95,115.3,hydrothermal,196,832,866,4.71,279,235,215,161,139,4967,168,4934,1535
40.95,115.3,hydrothermal,142,1063,1442,2.3,263,369,385,76,79,5279,305,5957,2498
40.95,115.3,hydrothermal,56,224,334,0.6,49,76,146,22,18,1034,85,2159,877
40.95,115.3,hydrothermal,199,837,869,5,274,233,222,163,135,5246,179,4783,1514
40.95,115.3,hydrothermal,136,1074,1432,1.5,259,363,377,70,73,5345,299,6088,2519
40.95,115.3,hydrothermal,80,746,1048,0.8,157,258,293,33,39,3674,226,4796,1937
40.95,115.3,hydrothermal,45,393,602,0.4,77,142,190,23,17,1490,135,2803,1212
40.95,115.3,hydrothermal,112,736,1030,0.44,161,258,289,22,32,4511,220,5221,1887
40.95,115.3,hydrothermal,119,537,745,1.2,129,182,222,92,53,2012,164,2946,1439
40.95,115.3,hydrothermal,151,633,914,0.42,138,223,262,74,42,5374,199,6027,1726
40.95,115.3,hydrothermal,76,605,865,0.38,127,212,245,36,24,4160,186,4809,1621
40.95,115.3,hydrothermal,41,341,500,0.24,69,120,149,40,15,1259,110,1832,976
40.95,115.3,hydrothermal,203,782,1064,0.9,213,263,293,215,116,2764,226,4010,1949
40.95,115.3,hydrothermal,201,912,1116,2.8,258,284,295,167,120,4364,235,4813,2001
40.95,115.3,hydrothermal,66,557,822,0.29,111,197,235,26,26,3988,179,4914,1541
40.95,115.3,hydrothermal,120,717,1042,0.5,155,252,291,61,43,4684,224,5662,1924
40.95,115.3,hydrothermal,331,835,1017,2.7,263,263,274,300,141,3211,214,3723,1823
40.95,115.3,hydrothermal,57,2350,1742,4.7,829,563,311,87,221,1803,313,2209,2375
40.95,115.3,hydrothermal,89,416,643,0.4,90,151,199,51,30,2648,144,3572,1274
40.95,115.3,hydrothermal,188,880,1047,5,299,269,300,164,141,3843,229,5536,2011
40.95,115.3,hydrothermal,124,730,930,2.4,181,236,250,81,69,3836,198,5188,1690
40.95,115.3,magmatic,149,90,104,8.24,54.4,24.9,51.5,49.5,33.2,393,25.2,693,272
40.95,115.3,magmatic,59.3,38,47.8,3.32,22,11.2,27.5,19.8,13.5,138,12,361,136
40.95,115.3,magmatic,32.8,47.2,76,1.23,14.4,16.9,37.7,3.3,4.02,571,19.2,712,206
40.95,115.3,magmatic,43.8,87.1,158,9.35,36.3,30.6,88.5,47.9,28.2,868,45,1742,509
40.95,115.3,magmatic,9.3,14.6,12.6,2.28,7.76,3.63,4.7,6.76,5.36,91.8,2.8,246,26.4
40.95,115.3,magmatic,6.3,9,15,0.24,2.5,3.2,8,0.6,0.8,26,3.8,192,41
40.95,115.3,magmatic,19,11.2,14,1.21,7.66,3.36,8.38,7.08,4.95,45,3.65,151,41.8
40.95,115.3,magmatic,19.4,11.9,13.8,1.15,7.6,3.3,8.3,7,4.9,84,3.6,151,41
40.95,115.3,magmatic,267,68.8,70.2,7.54,51.9,18.3,33.3,45.2,32.1,717,16.7,1283,172
40.95,115.3,magmatic,34,58.4,83.6,2.37,22.5,19.7,36.9,8.3,9.1,101,20.2,731,201
40.95,115.3,magmatic,18.1,10.5,17,0.57,4.32,3.48,13.7,1.35,1.64,70,4.77,136,57.6
40.95,115.3,magmatic,15.2,9.08,14.5,0.61,4.26,3.16,12.5,1.74,1.74,57.5,4.22,125,51.6
40.95,115.3,magmatic,12.6,146,257,1.7,34.9,56.4,102,16.9,13.9,1196,67,1568,602
40.95,115.3,magmatic,136,88.2,105,8.06,50.4,25.6,52.4,42.1,29.9,489,26.2,761,270
40.95,115.3,magmatic,292,233,430,4.38,53.7,101,216,2.97,9.05,1284,116,973,916
40.95,115.3,magmatic,151,672,971,1.3,155,234,287,22,37,7853,213,6520,1889
40.95,115.3,magmatic,40,672,1007,0.14,132,242,282,7,23,2499,215,3735,1849
40.95,115.3,metamorphic,182,192,363,2.49,41.3,84.7,165,2.07,6.35,361,94.1,480,722
40.95,115.3,metamorphic,137,131,245,1.95,30.6,57.4,122,2.4,5.58,431,65.8,543,522
40.95,115.3,metamorphic,3.45,153,188,0.13,57.5,53.5,60.1,6.55,14.8,208,42.3,210,290
40.95,115.3,metamorphic,35,73.2,119,2.36,18.7,28.7,55.4,6.37,6.1,207,31.4,651,246
40.95,115.3,metamorphic,25.1,48,92.4,0.44,11.8,20.9,50.7,1.03,2.3,162,25.6,488,212
40.95,115.3,metamorphic,31.5,20.7,25.5,1.07,9.51,6.94,11.8,1.58,2.34,118,6.33,120,49.7
40.95,115.3,metamorphic,62.8,80.4,133,0.5,22.1,32.4,62.7,2.29,4.68,404,35.3,351,276
40.95,115.3,metamorphic,22.8,53.4,97.1,0.49,13.8,22.5,48.7,2.54,2.74,129,25.9,410,208
40.95,115.3,metamorphic,30.4,76.6,127,0.17,20.8,30.9,63,1.67,3.98,254,33.3,363,269
40.95,115.3,metamorphic,12.8,179,474,0.45,33.3,90.5,348,6.65,7.6,2854,153,4551,1387
40.95,115.3,metamorphic,2.83,212,409,0.16,24.9,93,204,1.37,3.36,128,118,2595,958
40.95,115.3,metamorphic,30.9,49.2,86.9,0.35,13,20.3,53.9,1.11,2.52,145,24.4,339,210
40.95,115.3,metamorphic,45.6,64.4,101,0.18,19.7,24.9,48.8,2.74,4.09,228,26.1,165,209
40.95,115.3,metamorphic,8.18,188,302,0.93,35.2,76.9,118,6.59,7.2,249,75.3,1128,555
40.95,115.3,metamorphic,33.8,89.9,164,0.92,18.7,38.2,85.2,5.06,3.68,189,45.4,852,371
40.95,115.3,metamorphic,10.2,282,456,0.2,51.7,115,181,5.66,8.85,340,117,1510,864
40.95,115.3,metamorphic,85.8,114,202,1.13,23.8,49.1,97.2,1.45,3.3,203,53.5,325,419
40.95,115.3,metamorphic,85.9,115,206,2.47,26.3,49.3,101,9.65,6.99,306,55.4,875,440
40.95,115.3,metamorphic,52.7,85.7,145,1.55,20,36,66,7.59,4.22,340,38,911,291
40.95,115.3,metamorphic,13.7,22.9,30.3,0.64,6.85,8.33,14.7,0.6,1.27,18.5,7.61,368,59.7
40.95,115.3,metamorphic,270,210,375,4.27,51.2,90.3,178,4.7,9.71,1029,100,844,776
40.95,115.3,metamorphic,18.6,122,212,1.31,30,51.3,111,3.48,6.55,305,58.3,416,476
40.95,115.3,metamorphic,23.3,31.6,57.6,0.82,7.46,13.6,32.3,2.57,2.21,41.4,16.2,332,132
47.5,92.1,hydrothermal,69.2,344,676,8.66,60.9,146,317,51.6,27.2,1695.48,157,5127.39,1579
47.5,92.1,hydrothermal,35.3,406,751,3.56,69.2,170,298,20.9,20.8,1758.44,163,3180.35,1578
47.5,92.1,hydrothermal,42.1,353,637,0.94,53.6,149,215,4.54,9.27,6855.39,108,3817.43,1205
47.5,92.1,hydrothermal,48.8,615,1124,2.84,97.9,255,433,20.1,23.2,1790.28,249,4132.92,2437
47.5,92.1,hydrothermal,14,195,338,0.31,41.8,78,123,6.57,8.03,859.11,69.9,1248.49,534
47.5,92.1,hydrothermal,33,378,617,1.11,86.3,148,205,26.5,17.4,1306.04,127,1707.55,906
47.5,92.1,hydrothermal,102,480,757,1.01,114,185,240,102,26.6,1961.26,151,2359.13,1069
47.5,92.1,hydrothermal,64.6,439,745,2.69,96.4,177,240,25,21.4,4555.04,155,3187.01,1182
47.5,92.1,hydrothermal,231,497,775,32.9,135,188,247,188,55.3,6033.57,163,3794.7,1240
47.5,92.1,hydrothermal,20.6,318,507,0.66,75.5,121,191,20,18.3,1548.75,109,1469.36,867
47.5,92.1,hydrothermal,127,361,587,16.5,91.4,140,201,103,34.7,1413.2,127,2716.86,1008
47.5,92.1,hydrothermal,10.9,64.9,118,0.58,13.3,26.2,49.4,5.48,3.01,207.67,25.9,611.47,208
47.5,92.1,hydrothermal,13.9,56.2,104,3.27,12,23.1,44.6,8.93,3.34,230.06,22.8,540.52,185
47.5,92.1,hydrothermal,37.7,433,830,0.32,80,182,341,12.6,14.8,5773.7,180,6204.42,1488
47.5,92.1,hydrothermal,35.1,243,451,1.31,49.9,98.9,193,14,10.6,2262.85,99.5,2401.16,825
47.5,92.1,hydrothermal,23.6,229,458,0.26,45.8,97.4,212,8.17,9.34,2439.65,101,2525.39,864
47.5,92.1,hydrothermal,270,241,393,2.64,74.1,92.3,145,216,44.3,292.47,83,497.48,626
47.5,92.1,hydrothermal,14.8,150,265,0.57,30.4,60.4,102,6.28,5.39,265.07,55,585.01,434
47.5,92.1,hydrothermal,43.5,207,301,4.37,54.4,75.1,98.6,37.8,15.3,198.49,62.5,278.05,469
47.5,92.1,hydrothermal,330,306,461,14.5,72.3,114,152,174,37.1,229.95,93.2,341.56,842
47.5,92.1,hydrothermal,97.6,580,678,13,156,196,150,75,53.8,561.34,119,531.01,950
47.5,92.1,hydrothermal,19.3,349,547,0.45,70.1,135,180,13.4,19.9,430.13,109,677.29,965
47.5,92.1,hydrothermal,9.61,173,283,0.29,32.6,68.4,103,4.93,8.7,139.27,57.6,256.69,534
47.5,92.1,hydrothermal,23.6,289,485,1.86,60.6,118,167,17.1,18.4,,98.3,,893
47.5,92.1,hydrothermal,199,262,408,16.5,67.7,102,138,119,37.2,368.74,81.7,363.08,752
47.5,92.1,hydrothermal,30.6,193,310,0.61,39.4,75,107,15.1,11.9,184.58,63.8,328,581
47.5,92.1,hydrothermal,90.7,171,291,10,39.1,69.2,115,62.6,16.3,374.91,61,687.18,581
47.5,92.1,hydrothermal,20.7,138,265,4.47,27.8,61.1,106,19.8,10.1,75.84,57.6,199.24,554
47.5,92.1,hydrothermal,16.9,121,206,0.77,27.8,47.3,77.6,9.41,6.7,281.81,43.5,497.48,346
47.5,92.1,hydrothermal,7.28,177,275,0.43,44.2,67.4,95.2,10.4,11.1,175.47,57.2,302.15,428
47.5,92.1,hydrothermal,4.15,42,78.6,0.05,8.03,17.2,33.7,0.77,1.31,41.28,17.3,117.87,144
47.5,92.1,hydrothermal,12.9,41.3,80.4,0.33,7.41,17.5,34.9,7.01,2.22,87.76,17.7,260.43,150
47.5,92.1,hydrothermal,6.31,138,225,0.18,29.5,53.7,80.5,2.41,4.89,132.91,47.1,276.84,354
47.5,92.1,hydrothermal,9.89,165,261,0.41,38,62.9,91.3,5.36,7.2,177.73,54.6,343.56,405
47.5,92.1,hydrothermal,15.3,84.4,145,1.16,18.8,33.8,56.7,11,4.85,66.47,31.1,167.74,250
47.5,92.1,hydrothermal,47.9,220,339,4.19,56.6,82.7,119,47.4,19.4,733.89,70.4,936.31,529
47.5,92.1,hydrothermal,14.8,247,390,0.67,59.1,93.7,132,12.8,12.4,567.26,80.1,826.51,594
47.5,92.1,hydrothermal,20.5,433,624,0.79,108,157,191,16.9,23.5,950.65,126,1385.57,921
47.5,92.1,hydrothermal,19.1,426,630,0.87,109,157,204,19.8,24.9,135.56,130,242.3,966
47.5,92.1,hydrothermal,22.6,169,260,1.04,42,62.9,89.2,16.7,10.1,130.42,54.4,264.76,398
47.5,92.1,hydrothermal,7.55,69.7,129,0.15,13.8,29,55,1.69,2.37,409.64,28.7,644.59,234
47.5,92.1,hydrothermal,32,134,206,2.26,36.9,50,72.9,28.2,12.7,196.35,43,354.27,323
47.5,92.1,hydrothermal,96,258,364,12.3,99.3,91,119,112,47.7,489.6,73.5,946.15,528
47.5,92.1,hydrothermal,11.6,425,632,0.8,104,158,201,13.4,19.3,584.11,129,751.04,927
47.5,92.1,hydrothermal,4.95,95.5,164,0.15,20.3,38.1,62.2,1.8,3.29,119.01,34.3,220.77,269
47.5,92.1,hydrothermal,8.54,223,307,0.44,56.8,78.8,87.7,9.52,12.6,164.84,61.2,267.36,428
47.5,92.1,hydrothermal,4.55,79.3,135,0.12,16.6,31.4,53.7,1.96,3,100.52,29.2,193.03,231
47.5,92.1,hydrothermal,7.36,184,284,0.3,43.4,69.3,92.5,5.69,8.88,186.29,58.2,300.22,420
47.5,92.1,hydrothermal,11,231,362,0.39,51.8,88.6,122,9,11.3,557.91,74.8,895.29,569
47.5,92.1,hydrothermal,5.6,89.1,149,0.15,18.3,35.3,56.3,2.09,3.4,66.45,32,162.43,251
47.5,92.1,hydrothermal,15.4,547,813,0.87,139,202,254,17,25,985.02,163,1081.73,1123
47.5,92.1,hydrothermal,8.32,165,261,0.27,39.8,63.3,92,5.69,7.5,328.76,53.9,477.02,405
47.5,92.1,hydrothermal,9.08,234,361,0.42,57,87.3,121,10.3,12.2,270.78,73.9,421.92,538
47.5,92.1,hydrothermal,7.37,135,235,0.16,26.8,54.7,85.5,3,4.68,228.58,50.1,486.52,388
47.5,92.1,hydrothermal,7.89,190,293,0.36,45.8,71.5,98.5,7.98,10,188.69,60.5,309.68,438
47.5,92.1,hydrothermal,11.7,217,345,0.48,48.8,82.5,121,8.32,9.97,394.5,71,635.63,530
47.5,92.1,hydrothermal,18.2,63.7,106,2.74,16.8,24.8,42.1,15.3,6.17,155.6,22.8,284.37,180
47.5,92.1,hydrothermal,4.03,31.1,60.3,0.03,5.26,12.9,26.6,0.48,0.87,50.21,13.3,157.45,112
47.5,92.1,hydrothermal,6.15,107,172,0.19,23.6,41.5,63.1,2.85,4.42,128.1,36.4,230.99,281
47.5,92.1,hydrothermal,7.76,176,267,0.4,45.4,65.8,95,8.98,9.6,211.89,56,334.45,430
47.5,92.1,hydrothermal,35.1,282,439,0.8,64.5,107,145,24.8,14.9,298.28,90.7,500.1,675
47.5,92.1,hydrothermal,4.93,93.2,163,0.15,17.4,37.6,63.7,1.5,2.95,84.49,35.6,194.01,297
47.5,92.1,hydrothermal,7.78,218,341,0.49,51.1,82.2,123,8.46,10.9,240.66,70.4,368.04,531
47.5,92.1,hydrothermal,5.21,77.1,133,0.18,16.8,30.6,51.3,2.79,3.43,106.14,28.2,216.44,223
47.5,92.1,hydrothermal,21.8,328,516,0.96,79.4,125,177,19.2,16.1,477.73,107,699.98,779
47.5,92.1,hydrothermal,6.33,110,184,0.23,24.8,43,72.3,4.06,5.58,71.88,39.7,161.68,318
47.5,92.1,hydrothermal,6.22,146,238,0.23,32.7,56.3,81.5,3.27,6.02,146.64,48.8,257.38,362
47.5,92.1,hydrothermal,6.15,77.6,139,0.11,15.1,31.7,54.5,1.68,2.84,119.42,29.7,220.59,238
47.5,92.1,hydrothermal,14.1,90.6,160,0.71,19.6,36.7,63,9.74,4.99,92.77,34.4,238.1,272
47.5,92.1,hydrothermal,4.63,88.1,161,0.16,16.8,36.7,63.4,1.52,2.74,114.7,34.6,243.87,275
47.5,92.1,hydrothermal,8.68,324,539,0.54,68.5,130,179,10.5,12.5,533.66,108,791.42,782
47.5,92.1,hydrothermal,14.2,263,415,0.37,53.2,103,143,9.14,14.6,297.99,83.1,479.01,765
47.5,92.1,hydrothermal,15,293,470,0.36,60.7,114,162,11.9,18.3,351.82,94.2,586.28,856
47.5,92.1,hydrothermal,13,107,192,0.09,17.6,44.2,76,1.81,3.89,137.9,40.8,327.31,394
47.5,92.1,hydrothermal,17,373,558,1.4,73.5,140,172,14,22.6,,110,,960
47.5,92.1,hydrothermal,7.58,165,257,0.43,40,61.7,87.9,7.46,9.04,162.39,53.3,272.8,410
47.5,92.1,hydrothermal,8.74,187,295,0.41,46.1,71.8,102,9.83,11,269.95,61,446.51,467
47.5,92.1,hydrothermal,8.14,195,289,0.35,47.1,71.4,95.5,8.99,11,183.18,60.2,290.2,438
47.5,92.1,hydrothermal,9.1,195,304,0.34,48.6,73.9,103,8.57,11,246.84,62.7,396.74,466
47.5,92.1,hydrothermal,8.36,191,290,0.33,47.1,70.9,97.3,8.6,10.6,208.44,59.9,324.96,443
47.5,92.1,hydrothermal,4.56,72.8,127,0.1,14.1,29.2,49.9,1.43,2.48,83.37,27.8,182.29,222
47.5,92.1,hydrothermal,8.66,195,292,0.39,50.5,71.6,96.1,10.6,11.9,221.97,59.8,355.94,446
47.5,92.1,hydrothermal,6.4,147,234,0.29,33.9,55.5,85.3,5.29,6.67,168.61,49.2,312.01,377
25.67,96.25,hydrothermal,3.35,162,328,2.91,28.2,68.4,245,0.53,2.97,52,84.5,333,1006
25.67,96.25,hydrothermal,1.74,98,211,1.52,15.4,42.3,178,0.21,1.23,17.6,58.2,160,702
25.67,96.25,hydrothermal,2.41,109,231,1.98,19.1,46.5,183,0.34,1.86,30.4,60.8,226,742
25.67,96.25,hydrothermal,3.5,149,293,2.86,27.6,60.9,220,0.51,3.03,58,75.6,315,897
25.67,96.25,hydrothermal,15.9,145,176,6.46,44.8,46,89.2,2.54,8.26,650,39.6,1617,416
25.67,96.25,hydrothermal,8.02,129,219,2.2,24.4,48.6,149,0.9,2.53,102,50.5,666,517
25.67,96.25,hydrothermal,7.05,82.2,124,2.66,20.7,29.2,78.4,0.94,3.05,330,30.5,917,350
25.67,96.25,hydrothermal,18.6,232,301,5.63,57.2,75.4,151,1.47,5.75,231,68.4,1200,738
25.67,96.25,hydrothermal,8.43,146,209,3.63,33.8,50.1,120,0.81,3.69,238,49.8,815,467
25.67,96.25,hydrothermal,6.08,192,313,3.36,36.9,71.9,194,1,3.18,72.5,74.6,346,812
25.67,96.25,hydrothermal,4.91,83.3,136,1.69,16.1,30.2,91.9,0.49,1.86,45.9,34.2,514,401
25.67,96.25,hydrothermal,13.2,82.8,105,3.63,27,26,56,2.24,6.2,822,22.2,1074,213
25.67,96.25,hydrothermal,4.43,54.1,86,1.38,11.8,19.3,54.9,0.76,1.88,70.4,20.8,454,241
25.67,96.25,hydrothermal,1.41,67.9,147,1.16,10.8,29.2,130,0.36,1.18,20,40.2,159,498
25.67,96.25,hydrothermal,5.01,85.1,139,1.93,15.6,31.5,92.6,0.65,1.94,100,34.2,425,396
25.67,96.25,hydrothermal,4.8,69.4,125,1.62,13.5,26.6,90.3,0.51,1.86,151,32,644,377
25.67,96.25,hydrothermal,10.5,158,184,6.66,43.4,49.1,86.2,1.47,7.07,397,40.4,798,412
25.67,96.25,hydrothermal,2.75,97.4,188,1.85,17,39.1,141,0.62,1.98,36.2,48.4,326,568
25.67,96.25,hydrothermal,3.54,114,218,2.05,21,46,166,0.73,2.29,49.7,50.9,279,537
25.67,96.25,hydrothermal,4.03,141,265,2.4,26.4,56.1,198,0.38,2.26,34.9,61.9,204,633
25.67,96.25,hydrothermal,2.15,119,265,1.86,19.3,52.4,225,0.49,1.76,24.8,69.2,194,791
25.67,96.25,hydrothermal,0.62,9.86,27.7,0.27,1.97,4.62,48.9,0.35,0.36,9.92,8.65,79.8,125
25.67,96.25,hydrothermal,0.93,8.71,19.8,0.29,2.01,3.92,20.7,0.54,0.62,11.8,5.56,116,72.9
25.67,96.25,hydrothermal,0.29,5.14,17.7,0.09,0.64,2.87,32.6,0.3,0.11,9.69,5.84,90.5,73.7
25.67,96.25,hydrothermal,0.44,5.73,17.1,0.22,0.93,2.83,23,0.23,0.15,15.1,4.69,74.3,56.6
25.67,96.25,hydrothermal,1.71,17.4,39.9,0.67,3.55,7.24,50.8,0.36,0.58,59.6,12.2,302,172
40.95,115.3,hydrothermal,13.4,13.1,33.1,0.34,3.42,6.12,27.5,0.33,0.46,92.1,8.7,149,110
40.95,115.3,hydrothermal,19.1,38.1,82.2,1.19,9.77,15.9,58.9,2.06,2.36,94.9,20.9,147,245
40.95,115.3,hydrothermal,17.9,30.4,69,0.86,7.55,13.2,50,1.04,1.53,126,17.7,209,205
40.95,115.3,hydrothermal,7.84,13.1,31.3,0.4,3.27,5.79,26.7,0.34,0.49,35.8,8.5,93.3,106
40.95,115.3,hydrothermal,16.4,35,80.3,1.2,9.8,15.1,61.5,1.52,2.07,110,20.5,179,247
40.95,115.3,hydrothermal,8.67,17.3,40.2,0.52,4.46,7.35,29.8,0.48,1.13,37,10.4,77.8,121
40.95,115.3,hydrothermal,16.3,38.9,87.4,0.88,9.43,16.7,57.1,1.02,1.84,80,21.4,142,246
40.95,115.3,hydrothermal,18.4,39.7,101,1.01,8.5,18.4,71.9,0.98,1.72,85.1,25.6,165,296
40.95,115.3,hydrothermal,10.6,21.6,57.5,0.59,5.14,10.3,45.9,0.47,0.78,35.2,14.9,84.7,182
40.95,115.3,hydrothermal,15.7,19.1,49.5,0.42,3.96,8.56,41.4,0.96,1.14,64.6,13.1,112,164
40.95,115.3,hydrothermal,10.5,35.9,77.7,1.27,9.58,14.8,51.2,1.88,2.1,57.4,18.8,96.5,215
40.95,115.3,hydrothermal,13.2,27.1,70.7,0.73,5.89,12.6,55,0.69,1.24,49.9,18.3,112,221
40.95,115.3,hydrothermal,7.45,13.3,32.5,0.33,2.98,5.85,27.7,0.27,0.69,23.5,8.76,60.5,109
40.95,115.3,hydrothermal,8.91,12.2,29.2,0.3,2.75,5.37,24.2,0.3,0.59,33.6,7.79,81.6,96.1
40.95,115.3,hydrothermal,12.5,13.9,41.3,0.32,3,7,40.3,0.27,0.53,52,11.3,115,149
40.95,115.3,hydrothermal,9.25,21.6,43.6,0.49,5.32,9.23,26.1,0.47,1.12,20.9,10.3,48.7,116
40.95,115.3,hydrothermal,9.6,14.2,38.8,0.45,3.78,6.89,36.7,0.42,0.74,35.7,10.5,102,135
40.95,115.3,hydrothermal,44,93.8,181,1.73,23.7,39.3,85.3,1.44,3.6,354,42.7,536,432
40.95,115.3,hydrothermal,77.4,115,176,6.71,44.4,41,84.9,8.75,10.5,320,40,396,421
40.95,115.3,hydrothermal,35.7,75.5,135,2.37,19.7,28.2,65.9,5.46,5.22,4566,30.9,1824,324
40.95,115.3,hydrothermal,84.6,101,161,2.91,32.2,37.1,71.6,10.1,8.96,1480,35.5,919,357
40.95,115.3,hydrothermal,3.22,43,90,0.24,7.88,18,46.3,1.13,1.51,81,21.4,215,232
40.95,115.3,hydrothermal,61.5,175,281,2.35,54.5,63.9,112,28,19.6,298,61.3,1171,602
40.95,115.3,hydrothermal,27.9,103,138,1.14,33.6,33.7,46.3,5.05,8.98,185,28.9,282,269
40.95,115.3,hydrothermal,17.9,229,400,2,64.5,88.8,164,23.2,18.5,300,86.6,343,860
40.95,115.3,hydrothermal,6.41,104,186,0.45,21.5,41.6,77,1.88,3.26,171,42.1,303,417
40.95,115.3,hydrothermal,5.75,99.5,179,0.41,21.3,39.4,72.2,1.75,3.69,121,39.6,266,394
40.95,115.3,hydrothermal,6.45,85.7,161,0.32,15.6,33.8,68.3,0.96,3.13,127,34.5,570,354
40.95,115.3,hydrothermal,40.7,121,218,1.74,34.2,45.3,103,23.8,11.6,574,49.4,1626,510
40.95,115.3,hydrothermal,10.6,21.2,52.8,0.82,6.27,9.5,50.3,1.83,1.99,4,14.9,54,192
40.95,115.3,hydrothermal,46.4,87.5,212,1.68,20.7,39.2,175,1.42,4.09,18,57.4,489,728
40.95,115.3,hydrothermal,18.3,21.9,48.9,1.19,4.84,8.82,49.6,0.74,0.89,29,12.7,185,169
40.95,115.3,hydrothermal,16.8,50.6,104,0.68,9.47,20.6,50.3,1.76,1.29,285,24.3,521,260
40.95,115.3,hydrothermal,473,190,250,128,150,58,101,453,147,61,56.3,68,559
40.95,115.3,hydrothermal,34.8,19.4,22.7,0.23,8.93,6.16,9.59,1.59,2.52,124,4.74,26,45.8
40.95,115.3,hydrothermal,22.1,27.9,45.2,0.26,8.04,10.1,19,1.16,2.13,50,10,56,101
25.46,112.57,hydrothermal,21,236,421,0.7,45,63,161,14,11,718,105,1111,854
25.46,112.57,hydrothermal,40,198,455,1.8,65,70,152,8.7,15,909,83,1019,696
25.46,112.57,hydrothermal,29,211,420,1.7,41,73,132,12,13,1025,100,1149,773
25.46,112.57,hydrothermal,35,202,286,1.6,84,58,147,13,11,966,100,897,874
25.46,112.57,hydrothermal,18,223,314,2,57,72,108,12,12,1231,88,1477,760
25.46,112.57,hydrothermal,25,220,449,1.3,87,70,124,12,15,992,91,873,927
25.46,112.57,hydrothermal,28,187,323,0.7,68,80,158,9.2,14,1102,96,1111,904
25.46,112.57,hydrothermal,612,787,943,0.8,233,236,262,202,112,1666,168,2267,1658
25.46,112.57,hydrothermal,13,183,301,1.1,49,65,90,9.3,16,229,62,569,588
25.46,112.57,hydrothermal,68,183,253,2.4,61,57,86,13,21,565,52,1467,486
25.46,112.57,hydrothermal,52,86,152,1.3,23,30,59,4.5,4.4,642,35,562,355
25.46,112.57,hydrothermal,84,139,197,1.4,45,45,60,49,18,332,37,317,381
25.46,112.57,hydrothermal,9.4,110,170,5.1,27,35,74,11,8.4,846,37,1490,447
25.46,112.57,hydrothermal,19,13,18,1,3,3,44,15,5.9,2327,11,2615,250
25.46,112.57,hydrothermal,39,86,165,1.2,19,33,85,7,4.1,10,39,19,436
25.46,112.57,hydrothermal,25,89,161,1,22,34,69,4.2,4,320,35,515,366
25.46,112.57,hydrothermal,18,213,351,1.2,46,79,128,18,13,673,75,600,731
25.46,112.57,hydrothermal,17,147,258,1.1,32,55,100,4.6,5.6,127,54,174,553
25.46,112.57,hydrothermal,587,145,226,2.4,65,51,88,294,52,803,48,929,488
25.46,112.57,hydrothermal,11,74,131,0.1,15,29,49,2.6,2.4,323,28,1066,277
25.46,112.57,hydrothermal,26,223,359,1.4,50,83,121,6.1,9,570,72,792,703
25.46,112.57,hydrothermal,44,43,79,1,13,16,41,9.6,4.4,2,19,5,208
25.46,112.57,hydrothermal,9.9,104,189,1.1,25,40,76,2.8,3.8,43,39,27,410
25.46,112.57,hydrothermal,32,52,106,0.5,12,21,59,2.5,2.2,876,26,751,291
25.46,112.57,hydrothermal,22,62,120,1.9,14,23,70,6.5,4.5,320,28,515,339
25.46,112.57,hydrothermal,19,175,281,0.3,42,63,91,6.1,6.9,478,55,848,551
25.46,112.57,hydrothermal,568,62,74,3.1,59,18,26,336,60,646,14,640,148
25.46,112.57,hydrothermal,295,407,437,34,201,108,167,292,138,1413,87,1677,974
25.46,112.57,hydrothermal,20,136,216,0.5,36,50,70,16,7.2,570,42,792,422
25.46,112.57,hydrothermal,269,645,838,2.9,214,170,539,380,239,1949,245,1992,3284
25.46,112.57,hydrothermal,75,242,336,0.4,79,79,101,45,21,576,61,497,601
25.46,112.57,hydrothermal,95,169,256,0.4,53,58,81,61,20,813,49,985,490
25.46,112.57,hydrothermal,5.7,173,287,0.3,34,63,95,3.4,4.1,111,59,262,579
25.46,112.57,hydrothermal,23,95,156,0.1,24,34,51,3,4.7,433,32,547,314
25.46,112.57,hydrothermal,33,129,225,0.1,28,49,72,10,5.2,297,45,553,447
25.46,112.57,hydrothermal,16,71,119,0.9,19,25,48,3.1,3.2,241,25,513,268
25.46,112.57,hydrothermal,27,126,257,0.8,29,49,116,5.9,5.3,269,57,350,642
25.46,112.57,hydrothermal,7.9,72,115,0.2,16,25,36,2,3.4,183,23,134,230
25.46,112.57,hydrothermal,7.5,109,191,0.4,22,39,64,2.6,3.4,288,39,423,394
25.46,112.57,hydrothermal,50,90,143,2.2,28,31,54,16,7.8,208,29,126,319
25.46,112.57,hydrothermal,18,101,162,1.6,29,34,60,13,10,139,32,543,347
25.46,112.57,hydrothermal,43,192,351,2.1,43,72,128,4.4,7.5,450,70,767,757
25.46,112.57,hydrothermal,21,80,139,0.8,20,29,50,10,4.6,121,29,219,295
25.46,112.57,hydrothermal,36,35,63,0.8,9,13,26,8.9,2.7,106,14,168,150
25.46,112.57,hydrothermal,55,75,143,0.8,16,28,62,13,4.7,264,30,276,356
25.46,112.57,hydrothermal,60,64,122,0.3,15,24,52,19,5.9,226,27,478,302
25.46,112.57,hydrothermal,43,144,224,1.7,40,49,75,7.7,7.9,822,44,393,464
25.46,112.57,hydrothermal,12,146,228,2.2,42,50,75,7,8.9,207,45,281,452
25.46,112.57,hydrothermal,2.9,111,183,0.4,26,39,70,3.2,4.8,79,37,102,391
25.46,112.57,hydrothermal,110,186,281,0.1,49,62,92,60,18,165,55,679,570
25.46,112.57,magmatic,15,84,128,0.8,24,28,44,4.4,5.2,213,26,356,256
25.46,112.57,magmatic,20,144,261,0.4,29,55,91,1.4,4.2,592,54,1050,545
25.46,112.57,magmatic,23,80,146,0.2,18,31,56,1.2,1.9,337,31,392,325
25.46,112.57,magmatic,12,196,291,0.2,53,66,85,6.4,11,290,57,420,522
25.46,112.57,magmatic,60,122,258,0.8,23,50,122,2.2,4.1,926,59,923,652
25.46,112.57,magmatic,27,50,121,0.9,10,22,86,0.5,1.7,315,32,479,377
25.46,112.57,magmatic,5.8,142,213,4.1,42,50,79,6.2,9.4,51,44,101,422
25.46,112.57,magmatic,1.3,5,16,0.1,1,3,15,0.1,0.1,66,4,136,61
25.46,112.57,magmatic,22,74,159,1.2,17,30,88,2,3.5,569,37,1609,460
25.46,112.57,magmatic,0.9,111,135,0.1,21,33,29,0.8,3.4,594,24,1134,207
25.46,112.57,magmatic,26,155,218,0.8,40,49,69,9,11,705,42,881,422
25.46,112.57,magmatic,35,87,126,0.8,25,27,42,3.4,6.9,481,25,496,253
25.46,112.57,magmatic,8.4,89,132,0.6,22,29,41,1.7,4.1,95,24,213,247
25.46,112.57,magmatic,14,32,65,0.4,6,12,34,0.4,0.7,77,15,154,177
25.46,112.57,magmatic,118,143,177,3,51,44,51,7.8,9.3,1890,33,1284,324
25.46,112.57,magmatic,11,103,194,2.1,30,41,66,5.7,9.7,212,33,126,359
25.46,112.57,magmatic,11,88,147,0.1,17,31,48,1.4,2.8,176,28,441,299
25.46,112.57,magmatic,29,85,58,3.3,20,32,55,15,20,451,11,323,353
25.46,112.57,magmatic,3.8,228,429,0.4,42,90,176,2.6,5.7,130,96,180,995
25.46,112.57,magmatic,24,112,210,1.3,21,42,99,1.9,3.4,163,49,177,527
25.46,112.57,magmatic,35,211,374,2.2,51,79,133,4.7,9.9,281,74,293,753
25.46,112.57,magmatic,29,123,234,1.1,26,47,119,2.3,4.5,478,55,620,609
25.46,112.57,magmatic,43,81,129,1.4,24,29,50,2.2,5.6,121,27,162,272
25.46,112.57,magmatic,3.3,181,413,0.3,26,81,167,1.8,3.7,258,91,198,925
25.46,112.57,magmatic,4,190,281,0.4,44,67,90,3.4,7.3,288,56,506,527
25.46,112.57,magmatic,21,92,198,0.4,17,38,105,0.9,2.2,882,47,474,527
25.46,112.57,magmatic,38,119,230,1.5,25,47,111,2,4,155,54,224,578
25.46,112.57,magmatic,28,55,101,0.4,14,21,44,1.2,2.1,1413,22,1126,230
25.46,112.57,magmatic,2.3,132,177,0.2,32,44,53,1.5,4.5,483,34,585,316
25.46,112.57,magmatic,15,237,352,1.4,61,84,110,6.5,12,338,70,335,640
25.46,112.57,magmatic,42,67,140,1.1,15,27,76,1.2,3.1,794,33,614,374
25.46,112.57,magmatic,1.6,135,237,0.2,29,51,93,1.8,5.2,133,51,264,512
25.46,112.57,magmatic,48,160,281,2.8,41,58,143,6.5,8.7,205,68,224,746
25.46,112.57,magmatic,30,51,107,0.5,10,21,61,1.3,2.3,228,27,385,302
25.46,112.57,magmatic,41,60,146,1.2,11,27,101,0.8,1.9,813,37,720,459
25.46,112.57,magmatic,4.6,164,301,0.1,31,65,108,1.6,4.9,338,64,414,630
25.46,112.57,magmatic,15,36,66,0.5,9,14,33,0.8,1.3,130,15,180,168
25.46,112.57,magmatic,61,188,286,2.2,58,64,99,11,14,673,57,600,590
25.46,112.57,magmatic,15,131,187,2.2,41,43,60,6,9.2,163,35,177,348
25.46,112.57,magmatic,15,130,208,0.5,36,47,71,6.3,7.7,281,40,293,408
25.46,112.57,magmatic,15,37,66,0.5,9,14,31,0.9,1.2,127,15,174,165
25.46,112.57,magmatic,9.4,68,110,0.1,17,25,37,1.1,2.9,121,22,162,221
25.46,112.57,magmatic,50,71,147,0.9,15,28,74,1.1,2.3,258,33,198,381
25.46,112.57,magmatic,14,65,129,0.9,16,25,69,1.8,3.4,288,29,506,347
25.46,112.57,magmatic,72,131,195,1.2,34,46,66,3.4,6.8,282,39,474,387
25.46,112.57,magmatic,16,49,88,0.5,12,18,42,1.2,2.3,155,20,224,220
25.46,112.57,magmatic,7.9,104,191,0.2,20,39,76,0.8,2.6,229,40,779,434
25.46,112.57,magmatic,11,246,392,0.2,63,88,124,4.8,11,483,74,585,726
25.46,112.57,magmatic,20,132,206,0.5,33,46,68,4.8,7.2,338,40,335,406
25.46,112.57,magmatic,12,80,192,0.3,10,34,99,0.4,1.5,155,46,264,550
25.46,112.57,magmatic,17,62,104,0.8,18,21,45,2.6,3.8,205,22,224,243
25.46,112.57,magmatic,14,54,117,0.8,13,22,71,1.1,1.7,228,28,385,333
25.46,112.57,magmatic,25,62,107,0.2,14,23,41,1.1,2.6,338,23,414,236
25.46,112.57,magmatic,8,72,123,0.2,14,26,44,1.3,2.3,262,26,662,265
25.46,112.57,magmatic,4.4,187,323,0.6,36,69,113,1.5,4.2,134,66,397,667
25.46,112.57,magmatic,18,90,172,0.2,18,36,67,1.1,3.7,529,37,1226,383
25.46,112.57,magmatic,16,72,128,0.03,15,26,47,1.3,2,587,28,1227,281
25.46,112.57,magmatic,23,88,178,0.1,16,35,79,1.1,2.4,464,41,1014,440
25.46,112.57,magmatic,20,145,274,1.1,30,58,109,2.3,5.7,481,59,699,611
25.46,112.57,magmatic,7.6,64,114,0.2,14,24,41,1.3,2.7,106,24,194,237
25.46,112.57,magmatic,25,53,71,1.3,18,17,23,3.7,6.1,236,14,145,132
25.46,112.57,magmatic,11,160,220,0.4,48,53,62,6,11,444,42,332,386
25.46,112.57,magmatic,13,67,115,0.1,16,24,38,1.4,2.8,192,23,262,227
25.46,112.57,magmatic,13,79,152,0.4,16,30,65,1.2,2.2,247,34,583,359
25.46,112.57,magmatic,1.8,236,469,0.5,33,94,177,2.2,4.1,134,103,1226,1045
25.46,112.57,magmatic,12,93,174,0.7,21,36,68,1.7,2.5,247,37,747,385
25.46,112.57,magmatic,2.2,146,238,0.5,38,51,90,2.8,8.1,219,49,528,511
25.46,112.57,magmatic,10,203,392,1,36,81,150,3.2,5.4,318,84,1144,887
25.46,112.57,magmatic,7.1,56,99,0.1,12,21,36,1.1,2.3,95,21,128,206
25.46,112.57,magmatic,43,73,112,1,22,25,40,3.2,4.3,127,23,95,232
25.46,112.57,magmatic,4.1,99,78,1,40,24,18,4.9,7.2,85,13,216,115
25.46,112.57,magmatic,9.4,111,194,0.1,22,42,63,1.7,3.2,186,40,525,388
25.46,112.57,magmatic,5.3,143,242,0.4,30,52,85,1.4,4.2,151,50,496,505
25.46,112.57,magmatic,11,137,253,1.9,29,51,102,2.1,4.3,303,54,1410,569
25.46,112.57,magmatic,12,87,135,0.1,20,30,43,1.3,3.6,331,27,453,259
25.46,112.57,magmatic,2.2,260,338,0.1,51,83,87,2.2,5.9,180,63,870,571
25.46,112.57,magmatic,19,42,70,0.3,10,15,26,0.9,1.8,158,14,163,150
25.46,112.57,magmatic,0.7,140,153,0.1,36,40,41,1.1,5.4,100,28,538,259
25.46,112.57,magmatic,14,619,876,4.7,162,207,242,13,28,356,162,558,1504
25.46,112.57,magmatic,17,95,162,1.6,23,35,61,5.2,5.5,665,35,767,355
25.46,112.57,magmatic,2.6,146,239,0.2,31,52,77,1.7,4.6,181,48,408,470
25.46,112.57,magmatic,21,155,239,0.2,37,54,71,3.4,7.2,850,47,694,443
25.46,112.57,magmatic,2.7,178,313,0.1,34,66,102,1.8,4,134,64,500,626
25.46,112.57,magmatic,14,106,195,0.3,24,41,76,1.3,3.8,453,42,583,429
25.46,112.57,magmatic,14,72,117,0.1,17,26,38,1.1,2.6,247,24,273,228
25.46,112.57,magmatic,1.5,72,43,0.2,29,15,5,1.3,5,165,6,816,43
25.46,112.57,magmatic,17,95,168,0.2,19,34,59,1.5,3.5,262,34,506,363
25.46,112.57,magmatic,5.9,82,174,1.2,13,32,77,2,2.7,230,38,1422,432
25.46,112.57,magmatic,1.8,110,113,0.2,31,30,25,2,5.4,151,19,538,175
25.46,112.57,magmatic,21,109,212,0.7,23,41,91,1.6,3.9,320,46,483,513
25.46,112.57,magmatic,65,203,293,3.7,67,66,94,10,15,429,55,211,570
25.46,112.57,magmatic,6.6,198,299,0.3,45,67,95,3.4,7.6,208,59,98,584
25.46,112.57,magmatic,2.8,18,33,0.1,3,6,20,0.1,0.6,31,7,421,93
25.46,112.57,magmatic,11,67,114,1.3,15,23,45,2.3,3.5,161,25,429,264
25.46,112.57,magmatic,14,132,220,0.5,30,47,71,1.9,5.4,308,42,270,442
25.46,112.57,magmatic,0.9,433,794,0.1,64,163,252,2,6.9,118,159,793,1627
25.46,112.57,magmatic,1.2,72,53,0.2,34,16,12,1.9,6.3,107,9,572,79
25.46,112.57,magmatic,10,300,486,1.3,66,108,144,4.8,10,402,92,487,911
25.46,112.57,magmatic,8.5,64,104,0.2,14,22,35,1.3,2.8,171,21,248,211
25.46,112.57,magmatic,7.4,87,141,0.1,21,31,47,1.5,3.7,162,29,287,293
25.46,112.57,magmatic,22,73,137,0.3,15,27,53,1,2.6,298,28,497,302
25.46,112.57,magmatic,2.1,77,123,0.1,15,26,41,1.1,2.1,98,24,314,256
25.46,112.57,magmatic,7.7,195,337,0.3,37,71,112,1.3,5,149,66,151,682
25.46,112.57,magmatic,0.6,144,237,0.1,28,50,87,0.7,3.5,67,49,776,520
25.46,112.57,magmatic,2.5,72,117,0.2,18,26,40,0.9,3.1,233,23,776,240
25.46,112.57,magmatic,28,69,109,1.6,22,24,44,3.5,5.9,395,23,605,252
25.46,112.57,magmatic,4.2,101,168,0.2,22,36,54,1.2,3.7,122,32,336,330
25.46,112.57,magmatic,8.6,152,255,1.1,36,54,89,4.9,7.6,153,52,541,547
25.46,112.57,magmatic,1.8,181,295,0.2,35,65,86,1.9,5.6,154,56,393,554
25.46,112.57,magmatic,12,172,238,0.2,48,57,65,7.7,16,155,42,255,413
25.46,112.57,magmatic,19,125,298,2.3,23,54,166,1,3,149,70,425,860
25.46,112.57,magmatic,42,81,135,0.6,21,29,48,2,4.4,329,27,351,287
25.46,112.57,magmatic,11,79,133,0.2,13,26,47,0.3,3.4,280,28,671,288
25.46,112.57,magmatic,0.8,158,231,0.01,26,52,79,0.7,3.4,121,46,1374,492
25.46,112.57,magmatic,30,94,152,0.9,22,33,53,1.7,3.5,351,31,463,319
25.46,112.57,magmatic,6.1,336,521,0.6,84,116,155,9.5,16,382,99,751,986
25.46,112.57,magmatic,2,137,222,0.3,32,48,77,2.7,6.2,208,44,510,469
25.46,112.57,magmatic,2.7,206,272,0.1,57,65,74,4.4,10,186,50,294,476
25.46,112.57,magmatic,19,218,285,3.7,47,67,88,3.7,9.1,486,54,984,556
25.46,112.57,magmatic,46,96,168,0.6,24,35,67,2.8,4,534,35,541,393
25.46,112.57,magmatic,9.7,161,265,0.8,38,57,87,3.4,6.7,277,52,569,526
25.46,112.57,magmatic,3.7,158,255,0.3,42,55,80,4,8.2,348,48,462,502
25.46,112.57,magmatic,27,67,93,1.5,19,21,36,2.8,4.3,300,20,450,214
25.46,112.57,magmatic,8.6,131,211,1.1,34,45,73,3.7,6.3,390,42,679,438
25.46,112.57,magmatic,44,67,150,1,15,28,80,1.4,2.9,357,35,647,420
25.46,112.57,magmatic,5.7,166,241,0.7,48,56,68,4.2,9.2,286,44,230,438
25.46,112.57,magmatic,21,56,99,0.5,15,20,41,1.7,3.1,407,21,628,233
25.46,112.57,magmatic,18,57,100,0.7,15,21,41,1.5,3.1,244,21,443,240
25.46,112.57,magmatic,11,91,159,3,23,32,67,3.5,6.8,263,35,816,388
25.46,112.57,magmatic,46,100,186,2.1,27,37,80,3,4.5,487,39,429,447
25.46,112.57,magmatic,8.6,55,103,0.9,13,21,40,0.8,1.8,181,21,672,227
25.46,112.57,magmatic,9.9,244,428,2.4,54,88,142,3.9,11,681,87,1085,905
25.46,112.57,magmatic,3.4,138,234,0.1,28,52,76,1.9,4.5,121,48,155,481
25.46,112.57,magmatic,1.9,147,68,0.7,49,27,8,1.9,6.7,215,9,1938,63
25.46,112.57,magmatic,1.9,27,53,0.1,14,9,42,1.4,3.2,139,15,431,204
25.46,112.57,magmatic,93,207,289,5,64,65,88,11,14,485,55,314,555
25.46,112.57,magmatic,12,106,187,0.2,19,39,66,1,2.9,183,38,332,396
25.46,112.57,magmatic,0.6,154,223,0.05,27,51,65,0.7,2.6,77,42,461,418
25.46,112.57,magmatic,25,128,262,0.3,22,50,112,1,3.5,450,58,819,644
25.46,112.57,magmatic,9.6,48,65,0.9,16,14,22,3.3,5.1,245,13,373,131
25.46,112.57,magmatic,2.9,183,270,0.2,31,62,74,1.3,4.5,126,50,578,492
25.46,112.57,magmatic,33,97,162,2.2,26,34,59,3,5.4,193,32,172,350
25.46,112.57,magmatic,1.8,191,292,0.2,35,66,85,2.2,4.4,95,56,275,541
25.46,112.57,magmatic,8.7,67,121,0.1,13,25,42,0.9,1.9,55,24,129,264
25.46,112.57,magmatic,7,178,235,0.2,48,56,62,4.3,10,488,43,793,414
25.46,112.57,magmatic,61,140,212,2.7,40,47,74,7,9.3,309,43,197,447
25.46,112.57,magmatic,8,126,200,1,30,43,68,3.3,5.1,170,39,251,398
25.46,112.57,magmatic,3.7,152,261,0.5,36,56,94,3.5,7,203,51,267,544
25.46,112.57,magmatic,3.3,253,500,0.3,36,99,184,1.1,3.8,158,107,539,1130
25.46,112.57,magmatic,1.4,15,19,0.1,7,5,9,1.4,3.5,119,4,373,52
25.46,112.57,magmatic,24,43,123,0.8,7,20,104,0.3,1,160,33,439,461
25.46,112.57,magmatic,1,111,93,0.4,26,27,17,0.8,3.4,108,15,874,123
25.46,112.57,magmatic,13,109,176,0.8,27,38,60,2.9,4.9,193,35,299,361
25.63,112.57,detrital,26.44,191,330,0.84,44.75,74,124,4.69,8.08,336,70,500,626
25.63,112.57,detrital,1.87,53,84,0.6,12.45,20,31,0.92,1.52,42,17,688,157
25.63,112.57,detrital,14.15,84,170,0.66,19.75,35,87,1.38,3.25,263,39,532,394
25.63,112.57,detrital,32.63,102,189,1.53,26.11,40,91,13.17,5.94,200,42,281,416
25.63,112.57,detrital,62.4,191,251,5.34,70.73,63,85,35.33,26.1,410,52,361,445
25.63,112.57,detrital,10.68,97,206,0.5,19.4,41,125,2.83,3.71,363,51,815,543
25.63,112.57,detrital,50.75,69,134,2.59,18.55,26,80,17.57,6.53,317,33,1488,357
25.63,112.57,detrital,5.96,96,147,0.16,25.35,35,48,2.56,4,142,29,182,247
25.63,112.57,detrital,1.08,109,105,0.45,44.99,29,24,5.07,7.46,61,17,434,130
25.63,112.57,detrital,47.81,63,77,2.84,27.62,20,28,5.79,8.18,271,15,224,134
25.63,112.57,detrital,36.58,64,129,2.11,15.45,27,83,10.21,4.87,253,32,230,344
25.63,112.57,detrital,23.61,82,143,1.54,24.45,32,68,7.06,5.4,323,33,475,316
25.63,112.57,detrital,3.06,36,28,0.32,13.2,9,8,0.77,2.32,103,5,782,41
25.63,112.57,detrital,20.81,104,135,0.96,36.81,35,38,4.59,7.31,251,24,164,202
25.63,112.57,detrital,18.83,32,65,0.42,7.6,13,32,0.4,1.08,112,14,212,146
25.63,112.57,detrital,13.4,59,95,0.2,16.33,22,34,1.92,3.33,196,20,384,172
25.63,112.57,detrital,14.07,111,183,0.97,28.7,41,70,3.85,5.46,235,39,269,340
25.63,112.57,detrital,24.51,114,197,0.92,29.36,44,78,3.17,5.82,363,41,747,377
25.63,112.57,detrital,21.99,76,148,1.05,17.34,31,82,1.42,3,332,35,668,350
25.63,112.57,detrital,5.26,84,152,0.74,20.61,34,63,1.71,3.36,86,32,268,304
25.63,112.57,detrital,18.39,80,190,0.85,15.45,36,110,0.71,2.46,173,46,412,484
25.63,112.57,hydrothermal,409.5,1411,2283,0.11,269.3,499,917,212.8,102.6,5353,525,15992,4980
25.63,112.57,hydrothermal,71.75,699,1343,0.01,125.2,281,559,29.64,21.58,3121,305,17629,2855
25.63,112.57,hydrothermal,73.56,1113,1780,0.05,232.5,381,738,57.16,67.69,27303,406,20453,3860
25.63,112.57,hydrothermal,81.88,882,1633,0.06,161.6,315,925,65.64,64.08,4569,434,20867,4586
25.63,112.57,hydrothermal,40.02,912,1639,0.01,143.5,352,698,9.83,20.29,3300,388,17127,3619
25.63,112.57,hydrothermal,254.6,924,1603,0.03,202.2,346,673,150,71.92,3929,365,19614,3456
25.63,112.57,hydrothermal,70.63,803,1488,0.01,117.4,307,664,32.61,25.61,2657,355,12600,3428
25.63,112.57,hydrothermal,54.8,1146,1845,0.04,228.9,406,709,34.92,56.22,3411,404,16341,3756
25.63,112.57,hydrothermal,62.48,791,1411,0.03,132.9,296,612,25.31,27.26,2680,332,14900,3205
25.63,112.57,hydrothermal,37.06,711,1295,0.01,120.1,275,565,9.58,19.32,2540,299,14453,2909
25.63,112.57,hydrothermal,15.89,308,520,0.02,61.51,110,257,6.97,12.38,635,125,5568,1309
25.63,112.57,hydrothermal,28.22,396,661,0.02,80.68,144,335,15.29,23.86,1860,162,7986,1635
25.63,112.57,hydrothermal,22.07,434,807,0,70.73,169,348,6.98,13.8,1806,191,7631,1804
25.63,112.57,hydrothermal,78.55,3357,5445,0.29,652.4,1146,2477,99.97,203.5,6292,1395,25751,13881
25.63,112.57,hydrothermal,15.4,311,602,0.03,52.29,123,316,7.7,12.45,1525,152,7790,1573
25.63,112.57,hydrothermal,58.74,1455,2453,0.07,249.7,539,938,30.89,51.6,5254,576,17645,5312
25.63,112.57,hydrothermal,46.94,825,1323,0,171.5,298,540,29.83,44.48,2724,301,14776,2831
25.63,112.57,hydrothermal,17.09,482,947,0.02,73.02,196,425,3.59,11.38,1813,223,10568,2137
25.63,112.57,hydrothermal,33.7,751,1388,0.06,123.3,296,582,9.7,21.02,3863,312,16557,2934
25.63,112.57,hydrothermal,49.9,610,908,0.05,133.6,206,405,32.94,44.35,1978,211,9366,2092
25.63,112.57,hydrothermal,41.94,909,1532,0.02,179.4,338,612,26.54,41.25,3206,343,16657,3224
25.63,112.57,hydrothermal,12.23,249,463,0.02,39.66,96,246,5.09,8.37,959,115,7640,1214
25.63,112.57,hydrothermal,39,883,1575,0.03,155.9,339,708,19.71,32.52,3115,377,16599,3661
25.63,112.57,hydrothermal,21.47,607,1096,0.05,104,246,392,3.59,13.13,2670,233,11991,2040
25.63,112.57,hydrothermal,27.06,428,795,0.04,77,164,396,18.7,23.41,1374,201,8521,1994
25.63,112.57,hydrothermal,32.35,524,983,0,88.75,205,425,13.24,20.29,2364,230,11717,2269
25.63,112.57,hydrothermal,99.31,1160,2093,0.08,213.6,440,905,53.17,52.24,6114,488,24199,4730
25.63,112.57,hydrothermal,41.21,637,1190,0.01,104.6,253,483,2.81,10.8,2582,269,16070,2568
25.63,112.57,hydrothermal,21.6,588,1070,0.01,98.65,235,377,3.36,10.8,2874,223,12660,2027
25.63,112.57,hydrothermal,136,956,1706,0.04,198.1,372,699,70.83,50.67,7223,384,23079,3649
25.63,112.57,hydrothermal,72.54,806,1423,0.02,157.6,306,570,48.46,40.25,4254,325,17869,3055
25.63,112.57,hydrothermal,130.5,1017,1867,0.09,190.7,388,914,74.91,54.96,5073,471,18591,4791
25.63,112.57,hydrothermal,153.6,598,1028,0.05,138.9,227,391,96.35,50.67,2910,228,9435,2101
25.63,112.57,hydrothermal,39.36,619,1160,0.01,103.5,249,479,1.5,10.32,3074,262,16013,2463
25.63,112.57,hydrothermal,65.84,1162,2197,0.04,197.8,453,1053,27.22,38.43,4164,546,22811,5486
25.63,112.57,hydrothermal,27.37,405,774,0,64.86,159,371,11.48,14.21,1520,191,9003,1940
25.63,112.57,hydrothermal,24.45,436,843,0.02,77.17,174,388,11.55,15.61,1496,200,6945,1922
25.63,112.57,hydrothermal,42.38,678,1235,0.03,125.1,256,539,8.68,21.17,2689,295,15835,2726
25.63,112.57,hydrothermal,76.69,664,1308,0.02,112.4,260,611,42.68,32.1,2262,314,13781,3070
25.63,112.57,hydrothermal,45.39,491,973,0.01,85.03,187,481,25.47,25.08,2262,241,10883,2408
25.63,112.57,hydrothermal,37.31,794,1431,0.02,138.7,305,595,11.71,21.77,3103,325,16205,3049
25.63,112.57,hydrothermal,144.4,1297,2263,0.04,273.7,474,953,90.24,81.28,5137,514,22050,4881
25.63,112.57,hydrothermal,51.94,931,1661,0.04,180.4,350,676,26.55,39.2,3324,369,17221,3440
25.63,112.57,hydrothermal,160.4,824,1522,0.01,178.3,315,669,78.71,55.65,3033,346,16764,3330
25.63,112.57,hydrothermal,185.6,266,402,7.85,102.5,93,167,58.17,41.8,2760,86,3241,813
25.63,112.57,hydrothermal,114.4,174,287,4.23,58.84,65,135,22.51,16.94,2496,65,3286,635
25.63,112.57,hydrothermal,88.03,167,405,0.96,38.89,73,273,56.79,19.57,1974,111,4953,1247
25.63,112.57,hydrothermal,1.5,307,278,0.07,84.72,73,125,4.63,20.4,257,69,9434,707
25.63,112.57,magmatic,13.61,293,569,0.08,49.44,122,231,0.72,5.84,1400,126,4742,1150
25.63,112.57,magmatic,21.81,397,729,0.13,74.13,158,283,1.86,8.42,2245,155,6303,1399
25.63,112.57,magmatic,40.4,440,742,0.2,96.62,166,258,2.91,12.32,3185,150,6332,1326
25.63,112.57,magmatic,19.65,396,728,0.09,81.58,159,278,3.33,10.64,2307,152,6598,1358
25.63,112.57,magmatic,27.4,605,1056,0.12,126.1,236,381,4.45,17.53,2639,219,7228,1930
25.63,112.57,magmatic,38.05,499,885,0.18,105.4,198,325,3.53,14.23,4642,180,8574,1593
25.63,112.57,magmatic,56.54,722,1197,0.33,167.3,275,410,12.74,25.56,4986,242,8953,2099
25.63,112.57,magmatic,40.22,547,996,0.12,105.3,216,374,12.04,13.61,2574,211,8095,1896
25.63,112.57,magmatic,31.69,679,1135,0.15,146.3,259,383,6.85,21.91,3325,232,7080,1980
25.63,112.57,magmatic,27.25,491,800,0.17,100.9,181,272,4.59,13.61,2432,161,6460,1418
25.63,112.57,magmatic,32.38,589,961,0.22,124.6,223,326,9.81,22.58,2492,198,6108,1696
25.63,112.57,magmatic,30.27,541,951,0.18,119.8,212,345,5.06,16.17,2993,196,6761,1722
25.63,112.57,magmatic,41.55,577,1006,0.13,114.7,225,364,3.76,13.35,3883,209,9224,1861
25.63,112.57,magmatic,40.19,554,951,0.11,115.5,210,335,4.06,14.56,3714,196,8106,1706
25.63,112.57,magmatic,20.64,403,749,0.06,71.91,160,288,1.67,7.48,2229,162,6564,1451
25.63,112.57,magmatic,27.53,284,497,0.09,61.6,111,180,2.44,9.34,1413,102,3803,908
25.63,112.57,magmatic,91.47,836,1361,0.3,196,309,447,29.89,35.23,5071,273,9129,2315
25.63,112.57,magmatic,21.22,397,727,0.09,74.19,158,270,1.79,9.43,2471,154,7167,1380
25.63,112.57,magmatic,54.78,832,1401,0.13,175.7,314,484,6.63,25.73,5272,286,10661,2454
25.63,112.57,magmatic,26.69,419,770,0.08,80.59,168,285,2.42,9.96,2672,161,6327,1414
25.63,112.57,magmatic,29.7,499,864,0.18,105.8,194,327,3.81,13.9,2972,182,7509,1647
25.63,112.57,magmatic,19.02,290,476,0.19,68.04,111,167,7.34,11.28,881,98,1997,849
25.63,112.57,magmatic,47.54,266,433,0.21,65.89,100,148,21.64,16.17,1074,87,2370,767
25.63,112.57,magmatic,13.19,276,457,0.24,67.37,104,160,3.84,11.79,753,93,1542,803
25.63,112.57,magmatic,18.88,263,448,0.18,58.82,99,162,7.16,10.07,913,93,2216,812
25.63,112.57,magmatic,13.13,214,404,0.1,42.23,86,161,1.5,6.21,1026,86,3078,786
25.63,112.57,magmatic,18.19,289,487,0.13,66.74,109,177,5.76,11.12,952,99,2336,870
25.63,112.57,magmatic,19.86,277,452,0.2,66.89,104,161,3.68,10.28,1017,93,2312,800
25.63,112.57,magmatic,23.5,217,369,0.18,51.83,84,135,3.4,7.22,1086,75,2234,664
25.63,112.57,magmatic,16.33,342,564,0.2,75.06,128,187,4.03,11.2,1034,113,2511,946
25.63,112.57,magmatic,17.24,286,453,0.25,71.69,105,155,5.79,12.7,836,91,1737,801
25.63,112.57,magmatic,19.68,400,685,0.23,91.69,156,242,4.17,15.27,1609,138,3676,1202
25.63,112.57,magmatic,17.22,369,623,0.15,88.02,146,216,5.21,14.06,1351,128,2941,1112
25.63,112.57,magmatic,9.22,143,267,0.08,29.31,58,108,1.71,3.79,532,57,1694,525
25.63,112.57,magmatic,39.79,245,428,0.16,57.12,94,153,25,13.29,888,87,2261,763
25.63,112.57,magmatic,20.07,209,354,0.11,46.56,81,130,6.36,7.96,728,73,1820,641
25.63,112.57,magmatic,17.38,295,483,0.15,66.25,110,166,5.39,11.55,923,100,2121,858
25.63,112.57,magmatic,31.84,246,418,0.26,55.3,94,149,4.74,8.44,1414,87,3008,766
25.63,112.57,magmatic,31.54,263,436,0.09,56.14,100,156,6.94,9.31,1568,90,3450,792
25.63,112.57,hydrothermal,82.52,191,324,0.17,52.17,72,115,53.91,19.38,887,67,2220,579
25.63,112.57,magmatic,20.21,449,765,0.24,96.5,174,264,4.61,14.27,1738,155,3679,1338
25.63,112.57,magmatic,16.13,195,336,0.11,40.67,75,126,2.73,6.55,761,70,2096,635
25.63,112.57,magmatic,12.34,172,301,0.1,34.25,65,114,1.64,5.46,580,63,1598,556
25.63,112.57,magmatic,15.91,253,424,0.21,54.34,94,147,3.71,8.79,913,85,2229,748
25.63,112.57,magmatic,19.96,203,364,0.13,45.46,80,134,4.93,7.46,800,75,2158,663
25.63,112.57,magmatic,23.02,285,495,0.16,61.57,112,185,2.6,8.73,1357,106,3279,905
25.63,112.57,magmatic,53.72,413,704,0.2,92.45,157,248,21.22,18.89,1753,144,3896,1238
25.63,112.57,magmatic,31.12,308,525,0.17,70.78,118,186,13.62,13.73,1101,107,2659,924
25.63,112.57,magmatic,21.94,93,179,0.54,21.83,37,76,1.76,3.77,339,38,1022,355
25.63,112.57,magmatic,52.42,111,190,0.67,29.23,42,79,14.15,7.17,509,40,730,379
25.63,112.57,magmatic,35.91,147,285,3.55,35.66,60,141,3.58,7.37,419,65,549,626
25.63,112.57,magmatic,42.62,95,205,1.69,20.23,39,111,1.25,3.3,744,47,847,472
25.63,112.57,magmatic,5.53,152,262,0.21,33.52,59,98,2.85,5.36,412,55,646,478
25.63,112.57,magmatic,32.09,94,170,1.2,24.39,37,78,2.19,4.61,388,38,346,360
25.63,112.57,magmatic,23.15,92,156,1.25,24.63,34,72,2.92,5.51,287,35,267,329
25.63,112.57,magmatic,18.79,139,182,3.44,49.83,45,65,7.55,11.42,266,36,278,310
25.63,112.57,magmatic,22.37,249,403,0.17,57.75,93,144,5.47,9.2,1070,82,2209,738
25.63,112.57,magmatic,18.07,131,225,0.12,30.78,50,88,2.82,6.03,402,48,905,433
25.63,112.57,magmatic,17.36,170,294,0.12,35.17,66,107,1.48,5.17,850,60,1854,545
25.63,112.57,hydrothermal,63.35,99,80,11.28,66.71,25,26,23.86,24.42,228,14,314,120
25.63,112.57,magmatic,27.54,70,147,0.28,14.87,29,72,4.31,3.03,413,33,878,332
25.63,112.57,magmatic,13.15,223,370,0.15,50.39,85,134,2.81,8.8,736,76,1779,683
25.63,112.57,magmatic,17.21,135,232,0.12,32.18,52,86,1.91,4.84,645,47,1317,439
25.63,112.57,magmatic,10.98,214,344,0.22,52.69,80,120,2.76,8.1,520,69,1215,621
25.63,112.57,magmatic,14.18,33,93,0.44,5.9,16,88,0.33,0.87,271,26,1233,327
25.63,112.57,magmatic,18.28,233,376,0.28,58.88,88,135,6.27,10.85,661,76,1131,679
25.63,112.57,magmatic,28.57,258,419,0.19,60.71,96,149,8.06,12.01,904,85,1806,760
25.63,112.57,magmatic,29.64,261,416,0.29,61.51,97,145,5.14,9.87,1174,84,2108,751
25.63,112.57,magmatic,12.58,37,88,0.06,6.11,17,48,0.41,0.65,97,21,210,213
25.63,112.57,hydrothermal,98,82,165,0.72,20.34,34,81,38.65,10.19,335,39,500,377
25.63,112.57,magmatic,18.23,260,419,0.41,69.96,99,152,7.86,14.24,687,87,1214,781
25.63,112.57,magmatic,19.52,148,251,0.1,33.61,56,98,1.7,5.44,591,53,1279,488
25.63,112.57,magmatic,30.76,199,325,0.11,47.55,75,117,9.83,7.83,1145,67,2260,599
25.63,112.57,magmatic,57.48,85,76,6.76,47.33,22,28,7.49,15.02,172,15,246,126
25.63,112.57,hydrothermal,41.27,240,393,0.18,61.83,90,140,26.99,14.64,738,82,1705,729
25.63,112.57,magmatic,26.96,72,144,0.87,15.61,30,85,1.18,3.04,675,35,1889,375
25.63,112.57,magmatic,42.18,127,255,1.59,27.28,51,152,3.47,5.78,1057,62,3048,652
25.63,112.57,magmatic,24.84,128,253,1.4,30.9,52,139,2.99,5.27,728,60,2650,616
25.63,112.57,magmatic,29.8,70,143,1.49,22.76,29,99,12.57,8.11,603,36,1878,404
25.63,112.57,magmatic,14.97,38,89,0.47,8.75,17,65,5.64,1.64,292,23,1695,258
25.63,112.57,magmatic,35.62,137,194,2.39,44.2,47,71,8.34,9.8,567,39,769,349
25.63,112.57,magmatic,34.09,151,272,1.83,42.94,57,137,6.74,7.37,851,60,2632,614
25.63,112.57,magmatic,12.13,81,173,0.68,20.16,35,80,11.76,5.62,185,39,899,373
25.63,112.57,hydrothermal,52.2,140,252,3.58,48.54,54,127,47.32,20.76,886,56,2708,567
25.63,112.57,magmatic,32.71,97,192,1.69,28.11,39,110,16.74,9.7,731,46,2809,493
25.63,112.57,magmatic,38.97,130,246,2.05,32.01,52,138,3.81,5.22,1430,58,948,586
25.63,112.57,magmatic,5.45,180,297,0.9,47.93,66,111,4.01,8.39,212,59,326,529
25.63,112.57,magmatic,3.58,125,50,1.23,92.41,22,7,7.21,20.58,152,7,264,43
25.63,112.57,magmatic,17.98,151,246,2.13,37.21,55,114,7.74,7.76,310,55,708,519
25.63,112.57,magmatic,21.7,98,197,1.18,21.14,39,111,2.3,4.26,488,46,562,469
25.63,112.57,magmatic,45.08,96,212,0.52,17.59,40,125,1.18,2.82,502,51,581,539
25.63,112.57,magmatic,28.96,135,229,2.43,33.68,51,99,3.62,6.13,218,49,166,469
25.63,112.57,magmatic,15.9,74,158,0.93,15.27,31,98,1.32,2.45,309,39,440,406
25.63,112.57,magmatic,74.93,232,290,20.69,96.75,70,94,38,29.8,394,58,831,507
25.63,112.57,magmatic,34.7,78,144,1.62,18.92,30,72,2.15,3.83,170,33,153,323
25.63,112.57,magmatic,48.36,260,390,4.83,81.73,95,146,14.98,17.46,707,80,416,724
25.63,112.57,magmatic,19.13,105,171,1.78,33.2,40,70,4.22,7.3,225,36,186,337
25.63,112.57,magmatic,25.09,93,147,0.96,27.52,34,66,2.31,6.28,332,30,259,312
25.63,112.57,magmatic,48.94,184,296,2.48,54.03,68,121,7.07,11.38,715,63,479,583
25.63,112.57,magmatic,28.82,83,144,1.01,21.44,31,64,2.55,5.02,540,31,373,296
25.63,112.57,magmatic,23.92,61,127,0.99,12.91,26,80,0.6,1.56,186,32,405,333
25.63,112.57,magmatic,26.27,60,140,0.86,12.77,27,94,0.62,1.7,165,36,460,387
25.63,112.57,magmatic,41.59,83,149,3.09,24.76,32,76,2.79,5.73,450,34,454,334
25.63,112.57,magmatic,5.72,93,173,0.2,23.85,38,78,2.78,4.73,224,38,474,355
25.63,112.57,magmatic,33.38,94,170,0.93,23.45,36,81,2.34,4.91,510,38,450,364
25.63,112.57,magmatic,33.19,99,175,1.46,28.54,38,82,2.8,5.38,326,40,305,382
25.63,112.57,hydrothermal,147.5,71,119,1.98,23.76,27,54,56.05,12.37,287,26,255,254
25.63,112.57,magmatic,30.86,86,153,0.98,21.42,34,71,2.5,4.72,567,34,408,330
25.63,112.57,magmatic,15.03,73,132,1.18,21.69,30,61,1.99,3.25,163,29,167,281
25.63,112.57,magmatic,26.5,43,85,0.92,10.98,17,49,1.17,2.14,139,19,122,205
25.63,112.57,magmatic,27.37,137,272,2.31,38.25,55,143,5.68,7.74,591,62,1279,645
25.63,112.57,magmatic,25.17,88,202,0.69,19.52,39,131,2.09,3.41,348,50,510,542
25.63,112.57,magmatic,13.64,71,149,0.92,14.59,30,84,1.73,2.22,197,36,406,368
25.63,112.57,magmatic,25.13,118,249,1.78,25.95,49,132,2.41,4.21,313,60,534,588
25.63,112.57,magmatic,26.79,73,141,0.96,18.69,29,70,1.63,2.89,207,32,252,316
25.63,112.57,magmatic,37.05,173,334,2.95,39.49,70,168,3.11,7.15,481,77,584,762
25.63,112.57,magmatic,14.05,84,161,1.16,20.51,35,74,3.27,2.93,265,37,494,357
25.63,112.57,magmatic,9.54,208,488,0.3,27.2,96,224,0.45,2.5,588,110,2042,1077
25.63,112.57,magmatic,18.19,96,209,1.35,18.63,42,115,1.68,3.48,217,49,386,505
15.92,-92.76,metamorphic,0.53,2.07,3.65,0.35,0.31,0.86,4.81,0,0.05,1.05,0.89,10.03,16.6
15.92,-92.76,metamorphic,0.11,0.45,1.85,0.04,0.02,0.26,3.42,0.03,0.02,,0.47,1.36,7.56
15.92,-92.76,metamorphic,4.21,25.71,67.95,1.18,4.28,12.36,68.89,0.42,0.51,13.17,19.21,65.17,207.49
15.92,-92.76,metamorphic,3.09,11.76,35.46,0.59,1.76,6.19,34.43,0.1,0.41,17.29,9.21,82.64,108
15.92,-92.76,metamorphic,0.19,0.2,0.92,0.14,0.08,0.15,2.68,0.08,0.07,0.57,0.38,0.35,4.86
15.92,-92.76,metamorphic,2.59,8.23,21.52,0.44,1.33,3.78,20.99,0.05,0.19,21.44,5.46,96.25,67.91
15.92,-92.76,metamorphic,3.61,12.36,28.22,0.48,1.97,5.65,26.49,0.12,0.56,31.83,7.5,118.33,80.7
15.92,-92.76,metamorphic,0.11,0.19,1.29,0.06,,0.22,6.76,0.03,,0.06,0.62,17.94,9.83
15.92,-92.76,metamorphic,0.27,0.06,0.1,0.02,,0.04,0.36,,0.02,0.11,0.17,2.84,1.24
15.92,-92.76,metamorphic,1.88,2.81,4.95,0.64,1.37,1.37,3.08,0.09,0.1,43.74,1.13,47.99,9.35
15.92,-92.76,metamorphic,0.63,4.68,10.02,0.12,0.65,1.9,5.73,0.02,0.1,19.67,2.41,262.3,23.26
15.92,-92.76,metamorphic,0.15,0.91,2.82,0.09,0.04,0.59,5.57,0,0.02,0.03,1.15,6.73,12.09
15.92,-92.76,metamorphic,4.06,23.91,70.43,0.96,4.18,12.15,58.39,0.58,0.7,22.96,17.88,96.25,212.9
15.92,-92.76,metamorphic,0.7,0.38,1.37,0.04,0.07,0.33,3.02,,0.02,1.37,0.4,28.36,6.15
15.92,-92.76,metamorphic,1.69,4.85,9.83,0.29,0.61,1.86,10.09,0.05,0.13,9.75,2.96,39.73,30.69
15.92,-92.76,metamorphic,5.63,37.64,100.51,1.47,6.86,18.28,89.46,0.56,0.99,28.82,27.08,104.43,290.39
15.92,-92.76,metamorphic,2.52,17.1,44.74,0.66,3.09,8.53,46.73,0.37,0.39,10.31,12.51,51.34,150.52
15.92,-92.76,metamorphic,0.86,1.49,3.27,0.33,0.38,0.93,4.12,0.08,0.09,1.23,1.01,9.38,12.54
15.92,-92.76,metamorphic,2.48,14.9,46.65,0.55,2.43,8.28,44.82,0.36,0.35,8.29,13.05,49.68,152.7
15.92,-92.76,metamorphic,2.53,15.14,42.47,0.66,2.3,8.21,45.3,0.24,0.43,7.51,11.75,48.81,145.59
15.92,-92.76,metamorphic,0.22,0.09,0.6,0.16,0.05,0.15,1.85,0,0.02,0.24,0.4,3.19,3.95
15.92,-92.76,metamorphic,1.78,4.66,11.47,0.29,0.67,1.99,9.55,0.15,0.07,9.28,2.69,50.17,33.9
15.92,-92.76,metamorphic,3.36,17.87,57.34,0.85,2.94,9.15,55.26,0.18,0.5,21.67,17.27,108.52,173.61
15.92,-92.76,metamorphic,2.07,10.23,29.23,0.47,1.85,4.85,29.41,0.13,0.37,6.45,8.05,41.17,97.02
15.92,-92.76,metamorphic,1.04,7.11,16.03,0.17,2.09,3.36,8.6,0.2,0.35,7.56,3.73,24.84,29.69
15.92,-92.76,metamorphic,0.19,0.24,1.44,0.03,,0.17,1.76,0.05,0.02,0.03,0.27,3.22,5.51
15.92,-92.76,metamorphic,8.48,72.07,125.64,0.52,16.53,28.37,55.98,1.91,3.35,667.43,28.53,2462.13,248.26
15.92,-92.76,metamorphic,2.02,6.87,12.6,0.26,1.73,2.49,5.79,0.26,0.45,51.07,3.02,768.9,21.74
15.92,-92.76,metamorphic,5.59,32.77,63.35,0.39,7.66,14.29,28.52,0.94,1.65,447.48,14.62,1990.43,135.81
15.92,-92.76,metamorphic,5,49.18,92.73,0.38,11.62,19.49,36.81,0.97,2.33,290.74,19.53,2563.02,173.72
15.92,-92.76,metamorphic,14.97,113.94,199.61,0.51,24.59,45.32,78.68,2.14,4.58,518.27,47.55,4444.38,392.13
15.92,-92.76,metamorphic,6.04,37.68,67.56,0.28,8.21,15.48,32.32,0.74,1.62,443.44,15.43,2322.8,150.39
15.92,-92.76,metamorphic,6.24,72.7,124.9,0.36,14.81,28.67,47.67,1.2,2.86,613.33,27.95,1992.34,235.22
15.92,-92.76,metamorphic,12.08,54.05,111.49,0.29,10.22,22.76,52.6,0.48,1.76,280.62,29.86,3435.53,260.3
15.92,-92.76,metamorphic,3.47,29.9,60.88,0.31,6.86,11.53,35.68,0.97,1.2,244.22,15.75,1824.1,147.24
15.92,-92.76,metamorphic,2.98,18.65,34.97,0.35,4.04,7.74,18.01,0.5,0.79,92.78,8.69,1379.67,80.03
15.92,-92.76,metamorphic,0.63,4.68,10.02,0.12,0.65,1.9,5.73,0.02,0.1,19.67,2.41,262.3,23.26
15.92,-92.76,metamorphic,4.23,41.78,66.18,1.09,13.02,16.1,26.69,3.08,4.3,187.84,15.02,2214.01,128.19
15.92,-92.76,metamorphic,3.56,29.56,53.44,0.47,7.1,12.75,26.33,0.72,1.7,172.93,13.29,1595.07,115.35
15.92,-92.76,metamorphic,1.66,37.49,66.54,0.64,9.72,14.8,22.32,1.78,1.57,92.78,13.59,758,116.13
15.92,-92.76,metamorphic,1.82,12.49,29.89,0.41,2.21,6.57,28.34,0.04,0.27,9.16,8.52,398.88,96.66
15.92,-92.76,metamorphic,2.15,17.95,43.07,0.5,3.21,9.02,41.74,0.12,0.48,6.42,13.73,359.05,140.17
15.92,-92.76,metamorphic,7.62,46.16,91.68,1.48,10.88,20.25,56.93,0.29,1.71,103.6,22.78,2343.93,210.62
15.92,-92.76,metamorphic,1.63,12.88,51.7,2.23,1.77,7.74,75.09,0.17,0.24,9.9,16.53,1019.79,208.47
15.92,-92.76,metamorphic,4,48.64,109.99,1.29,8.35,21.87,72.14,0.21,0.72,23.87,25.01,727.61,275.23
15.92,-92.76,metamorphic,1.91,10.16,21.74,0.24,1.44,4.64,19.87,,0.11,5.56,6.27,354.59,62.55
15.92,-92.76,metamorphic,2.33,9.73,24.63,0.31,1.87,4.52,22.39,0.04,0.14,15.6,6.42,741.28,66.6
15.92,-92.76,metamorphic,6.87,15.86,28.83,0.59,5.29,6.69,19.48,1.44,1.08,57.78,6.95,148.49,77.36
15.92,-92.76,metamorphic,1.12,5.7,16.23,0.31,1.13,2.78,20.26,0.04,0.04,1.56,4.94,178.31,62.86
15.92,-92.76,metamorphic,4.18,26.45,63.87,0.39,5.78,12.32,50.18,0.21,0.96,127.84,17.11,165.88,174.56
15.92,-92.76,metamorphic,11.27,70.48,147.56,0.66,13.04,30.36,99.82,0.8,2.14,653.04,39.98,833.72,394.48
15.92,-92.76,metamorphic,4.79,67.81,155.11,0.46,11.33,30.61,107.69,0.48,1.07,238.07,39.38,322.49,388.06
15.92,-92.76,metamorphic,7.63,46.5,114.09,0.65,11.8,21.14,96.16,1.45,1.77,206.03,31.95,242,335.63
15.92,-92.76,metamorphic,5.29,4.68,21.64,0.07,0.69,3.24,30.32,0,0.09,37.24,7.46,189.93,94.87
15.92,-92.76,metamorphic,4.36,38.27,90.31,3.32,8.15,18.01,64.64,0.87,1.37,97.65,25.28,140.29,248.98
15.92,-92.76,metamorphic,3.6,30.48,74.23,0.32,6.38,13.61,55.8,0.18,0.64,67.23,19.79,122.78,207.49
45.25,130.67,metamorphic,1.32,16.3,5.46,0.27,15.83,2.23,0.52,0.47,2.79,43.65,0.74,380.12,3.63
45.25,130.67,metamorphic,0.93,25.77,14.73,0.46,16.3,6.04,1.66,0.7,2.98,28.14,1.88,371.16,13.04
45.25,130.67,metamorphic,0.8,26.06,15.8,0.15,11.03,5.39,2.5,0.98,1.89,37.59,2.13,815.91,16.37
45.25,130.67,metamorphic,3.64,61.49,104.29,0.46,13.7,23.16,51.49,0.61,2.36,59.52,23.23,454.28,261.16
45.25,130.67,metamorphic,1.73,26.7,14.1,1.31,16.06,5.46,1.97,0.99,3.43,55.81,1.81,937.43,14.29
45.25,130.67,metamorphic,5.92,30.75,45.42,0.25,9.3,10.16,27.79,0.33,1.26,27.6,11.07,322.56,131.03
45.25,130.67,metamorphic,1.91,29.91,16.16,1,13.69,6.03,2.7,1.18,3.3,72.8,2.34,1451.33,16.54
45.25,130.67,metamorphic,2.25,103.12,162.58,0.57,23.02,36.33,58.28,1.54,3.33,42.83,33.38,456.06,329.46
45.25,130.67,metamorphic,0.7,18.3,10.48,0.17,10.49,3.72,1.42,0.81,2,42.7,1.3,784.78,10.9
45.25,130.67,metamorphic,2.28,85.22,144.35,0.14,17.12,33.7,55.94,1.38,2.67,52,30.28,416.94,303.38
45.25,130.67,metamorphic,0.94,17.96,9.76,0.01,9.14,3.67,1.37,0.21,2.12,48.97,1.35,823.72,8.7
45.25,130.67,metamorphic,3.68,44.11,63.12,0.36,12.6,15.8,29.11,1.58,2.76,65.08,14.33,508.26,169.69
45.25,130.67,metamorphic,1.67,24.09,17.13,0.01,15.15,5.6,2.65,2.94,3.06,96.18,2.17,339.11,18.46
45.25,130.67,metamorphic,0.89,12.14,6.76,0.09,5.93,2.47,1.1,0.85,2.03,53.09,0.91,164.08,7.79
45.25,130.67,metamorphic,0.88,33.25,16.77,0.62,18.32,6.67,3.97,0.64,2.27,22.92,2.57,300.76,27.23
45.25,130.67,metamorphic,1.37,22.83,13.74,0.04,10.96,5.35,1.97,0.77,2.18,60.7,2.03,574.09,13.7
45.25,130.67,metamorphic,0.54,25.45,13.38,0,13.79,5.75,1.84,0.6,2.25,45.14,1.64,1872.4,14.77
45.25,130.67,metamorphic,2.28,89.7,165.82,0.31,13.83,32.96,72.73,1.34,1.91,63.65,37.49,600.9,383.23
45.25,130.67,metamorphic,0.86,18.7,7.18,0.18,9.68,3.65,0.91,0.93,2.08,67.69,0.99,711.2,6.73
45.25,130.67,metamorphic,23.15,93.12,159.64,5.9,18.3,41.18,75.58,4.78,7.55,106.86,34.18,604.82,406.43
45.25,130.67,metamorphic,1.95,53.99,21.94,0,15.35,7.38,3.04,1.3,5.14,41.64,4.06,2960.56,26.04
45.25,130.67,metamorphic,0.89,32.75,19.05,0.05,16.5,6.87,2.49,0.72,3.79,61.41,2.53,697.24,16.66
45.25,130.67,metamorphic,1.15,27.77,13.27,0.78,18.18,5.75,2.01,0.83,4.1,30.95,2.02,487.13,15.17
45.25,130.67,metamorphic,1.12,21.39,13.14,0.08,12.22,4.84,2.41,1.1,3.4,61.5,1.88,458.91,15.76
45.25,130.67,metamorphic,4.94,37.83,55.58,0.49,13.73,13.08,23.33,0.36,2.29,43.82,11.87,274.67,121.42
45.25,130.67,metamorphic,1.14,27.59,18.56,0.21,14.27,5.4,2.81,1.1,2.75,54.62,2.81,934.72,19.95
45.25,130.67,metamorphic,0.94,36.75,24.34,0.3,16.13,8.65,4.46,0.74,2.85,49.89,3.87,452.24,29.14
45.25,130.67,metamorphic,0.72,25.29,17.27,0.24,10.4,5.81,3.33,0.49,1.66,27.99,2.99,1730.41,22.41
45.25,130.67,metamorphic,0.87,27.01,17.03,0.3,16.14,6.27,2.66,0.9,3.26,33.04,2.26,549.48,17.68
45.25,130.67,metamorphic,1.01,34.54,30.75,0.11,13.87,9.51,5.48,0.65,3.48,28.83,4.59,1125.4,35.04
45.25,130.67,metamorphic,1.49,19.85,15.18,0.48,15.15,4.75,4.59,1.18,3.19,50.93,2.69,364.77,23.69
45.25,130.67,metamorphic,0.9,25.27,16.73,0.35,11.26,5.92,3.25,0.61,1.84,35.58,2.57,778.82,19.01
45.25,130.67,metamorphic,1.45,29.47,18.52,0.36,16.71,5.9,3.89,0.84,3.45,39.24,2.89,576.29,23.18
45.25,130.67,metamorphic,1.13,33.94,17.02,0.31,18.17,6.59,2.64,1.55,3.48,52.53,2.33,805.25,18.03
45.25,130.67,metamorphic,2.09,69.67,109.06,0.61,21.66,23.82,47.92,1.06,3.65,57.61,23.02,479.97,249.38
45.25,130.67,metamorphic,1.22,13.91,5.55,0.06,8.87,2.38,0.65,0.55,2.31,59.03,0.67,634.01,4.62
45.25,130.67,metamorphic,0.91,32.77,21.69,0.11,10.91,7.89,4.39,0.49,1.63,32.85,3.42,637.5,29.59
45.25,130.67,metamorphic,2.64,37.13,37.55,1.18,16.99,9.47,21.6,1.32,5.16,65.87,9.41,397.13,104.65
45.25,130.67,metamorphic,0.96,10.2,6.67,0.12,5.95,2.3,1,1.35,1.58,49.66,0.92,144.86,6.78
45.25,130.67,metamorphic,1.17,34.6,13.34,0.37,19.27,5.5,1.53,0.97,3.03,26.02,1.95,334.44,12.44
45.25,130.67,metamorphic,1.23,32.59,21.02,0.07,13.88,7.8,2.8,0.59,3.22,87.84,2.61,734.19,18.82
45.25,130.67,metamorphic,3.85,125.64,241.42,0.98,25.47,52.37,109.91,1.53,4.64,33.28,53.9,564.57,562.65
45.25,130.67,metamorphic,0.88,19.08,12.28,0.14,10.9,4.06,1.86,0.77,1.79,53.31,2.19,940.88,13.89
45.25,130.67,metamorphic,1.76,57.88,88.91,0.32,15.49,19.73,35.46,0.69,2.48,50.6,18.43,590.09,189.13
45.25,130.67,metamorphic,0.86,27.02,13.42,0.05,12.01,5.04,1.64,0.22,1.67,68.43,1.86,1244.64,14.64
45.25,130.67,metamorphic,5.17,37.77,44.18,1.49,13.92,10.64,16.07,1.99,2.74,124.43,8.94,617.41,95.17
45.25,130.67,metamorphic,1.58,9.49,5.44,0.69,5.48,2.68,0.86,0.75,1.74,38.37,1.13,497.48,6.91
45.25,130.67,metamorphic,1.06,18.75,9.23,0.2,11.09,3.85,2.18,0.72,2.34,34.88,1.58,322.17,11.77
45.25,130.67,metamorphic,1.08,24.91,11.14,0.19,18.15,4.72,1.29,0.91,3.64,84.13,1.41,810.13,10.49
45.25,130.67,metamorphic,2.71,35.03,19.56,2.58,13.62,7.25,2.88,2.11,3.79,78.81,2.81,1700.07,18.74
45.25,130.67,metamorphic,4.83,73.12,123.06,0.78,20.09,28.58,53.07,1.26,2.84,66.56,27.14,325.21,273.52
45.25,130.67,metamorphic,0.56,17.82,9.1,0.21,9.55,3.32,1.55,0.67,1.8,24.9,1.4,749.67,10.53
45.25,130.67,metamorphic,0.91,34.61,15.11,0.32,21.18,6.45,1.72,1.14,3.64,50.21,1.82,597.57,12.61
45.25,130.67,metamorphic,1.3,29.09,19.68,0.08,11.57,6.57,2.54,0.77,3.02,76.36,2.66,736.68,16.83
45.25,130.67,metamorphic,1.06,39.54,38.84,0.86,15.57,10.44,13.86,0.96,3.38,42.85,7.48,737.32,71.01
45.25,130.67,metamorphic,1.49,25.56,14.98,1.94,12.69,5.78,2.22,1.39,2.77,48.79,2.42,967.23,15.59
45.25,130.67,metamorphic,10.02,121.18,209.72,0.23,25.84,46.99,78.1,0.86,3.68,436.48,44.1,896.63,408.89
45.25,130.67,metamorphic,5.23,56.12,100.26,0.14,11.63,21.32,38.86,0.85,1.25,168.47,21.56,766.86,205.86
45.25,130.67,metamorphic,4.56,32.26,55.82,0,7.49,12.35,24.73,0.68,0.53,217.8,13.28,823.96,145.5
45.25,130.67,metamorphic,4.69,40.29,78.91,0.3,6.69,16.28,35.96,0.51,1.4,289.21,17.2,913.95,177.8
45.25,130.67,metamorphic,5.22,35.16,68.06,0,8.81,16.42,32.58,0.41,0.95,342.59,15.51,957.28,166.53
45.25,130.67,metamorphic,7.35,81.37,124.28,0.19,19.68,28.21,43.87,1.67,3.76,272.9,24.01,285.17,224.66
45.25,130.67,metamorphic,3.9,41.83,82.92,0.07,7.5,17.76,37.25,1.06,1.13,148.99,17.97,1282.14,188.47
45.25,130.67,metamorphic,8.01,96.92,163.92,0.11,18.85,36.33,61.97,1.18,3.5,275.43,34.63,723.08,324.3
45.25,130.67,metamorphic,5.6,42.39,84.54,0.13,8.54,17.22,40.26,1.51,1.39,158.87,20.1,781.75,205.36
45.25,130.67,metamorphic,3.72,27.07,59.24,0.02,4.72,11.96,27.11,0.42,0.57,182.54,13.4,1226.06,137.08
45.25,130.67,metamorphic,5.75,59.3,115.11,0.13,13.25,23.33,47.25,1.12,2.91,562.85,24.79,1469.4,238.87
45.25,130.67,metamorphic,6.22,82.1,154.71,0.1,15.61,32.68,59.04,1.23,3.02,277.81,31.99,960.54,305.92
45.25,130.67,metamorphic,4.06,53.17,104.05,0.17,10.7,20.78,46.11,0.81,2.18,201.04,22.46,961.4,230.34
45.25,130.67,metamorphic,3.53,13.57,16.27,0.11,6.6,4.26,6.59,0.41,1.72,93.29,3.32,586.33,31.58
45.25,130.67,metamorphic,4.23,37.62,70.39,0,9.56,15.04,29.35,0.92,0,130.7,15.36,857.58,148.02
45.25,130.67,metamorphic,6.84,82.76,147.39,0.17,15.24,32.04,55.95,0.76,3.2,394.71,31.32,1634.98,294.86
45.25,130.67,metamorphic,3.37,40.21,49.47,0.07,12.78,13.01,13.28,1.26,2.39,130.61,9.05,116.4,79.05
45.25,130.67,metamorphic,4.93,30.03,59.92,0.4,6.61,12.16,26,0.59,0.61,268.87,13.32,1052.59,134.19
45.25,130.67,metamorphic,4.87,66.84,124.39,0.16,14.18,28.32,51.26,0.45,3.69,182.28,27.3,1047.89,270.04
45.25,130.67,metamorphic,3.72,46.05,91.09,0,8.75,17.89,39.97,0.33,1.28,124.51,18.77,1254.19,183.39
45.25,130.67,metamorphic,3.93,40.84,79.43,0.08,7.82,16.32,34.54,0.35,0.98,212.06,18.01,1020.44,178.67
45.25,130.67,metamorphic,2.57,32.06,71.81,0,4.36,13.51,36.74,0.71,0,55.81,16.65,1256.78,175.49
45.25,130.67,metamorphic,7.31,86.12,152.66,0.29,19.42,33.22,56.32,0.76,2.64,364.28,31.82,1120.03,307.24
45.25,130.67,metamorphic,4.31,62.75,105.27,0.41,10.38,21.92,45.81,0,2.06,298.63,21.06,719.62,229.68
45.25,130.67,metamorphic,3.92,36.96,83.89,0.05,6.84,16.15,36.56,0.46,0.88,263.02,18.92,2190.91,176.98
45.25,130.67,metamorphic,2.57,41.61,75.13,0.07,8.17,15.05,33.83,0,0.86,77.63,16.67,520.29,167.91
45.25,130.67,metamorphic,4.24,40.02,61.16,0.38,8.38,14.26,26.81,1.48,0.6,123.54,13.65,466.72,134.91
45.25,130.67,metamorphic,2.94,30.86,63.46,0.06,5.87,12.68,28.02,0.34,0.83,262.77,14.53,940.46,144.18
45.25,130.67,metamorphic,4.65,52.29,106.27,0.04,11.63,21.64,42.72,0.39,1.64,199.59,22.37,538.78,218.04
45.25,130.67,metamorphic,7.51,90.74,160.79,0.16,19.41,34.09,62.03,1.18,3.1,273.26,32.58,842.57,315.17
45.25,130.67,metamorphic,2.95,31.13,67.57,0.23,5.91,12.12,32.47,0.46,0.99,310.39,15.12,802.04,161.43
45.25,130.67,metamorphic,3.96,39.79,71.25,0.1,6.99,15.43,31.68,0.9,1.03,367.99,15.82,1093.95,164.05
45.25,130.67,metamorphic,4.55,52.66,98.11,0.06,9.12,20.73,42.61,0,0.95,255.87,21.99,1525.6,223.03
45.25,130.67,metamorphic,4.52,48.45,78.16,0.09,12.38,17.16,30.08,0.93,2.96,215.82,15.9,477.84,155.5
45.25,130.67,metamorphic,7.66,43.28,72.92,0.31,9.38,16.38,32.29,2.69,1.38,387.51,15.24,1349.67,156.04
45.25,130.67,metamorphic,5.05,58.38,117.87,0.21,10.96,23.78,48.75,0.54,1.18,187.9,25.31,757.83,249.48
45.25,130.67,metamorphic,6.18,39.72,74.82,0.2,9.19,14.93,31.21,0.17,0.69,285.27,16.65,1019.29,167.71
45.25,130.67,metamorphic,7.01,52.33,96.29,0.83,10.61,20.36,40.17,0.8,1.4,302.65,20.82,1053.04,204.17
45.25,130.67,metamorphic,17.47,161.03,278.6,1.32,36.63,61.62,104.54,3.31,5.31,199.5,58.01,625.03,543.05
45.25,130.67,metamorphic,8.11,32.1,58.49,0.12,8.64,11.49,24.8,2.37,1.89,287.76,12.91,1056.88,119.69
45.25,130.67,metamorphic,1.11,10.77,4.73,0.14,8.56,2.14,0.62,0.97,2.43,50.3,0.58,541.72,3.42
45.25,130.67,metamorphic,2.48,46.35,62.64,0.59,18.39,13.85,29.37,0.81,3.94,45.13,14.05,447.74,140.01
45.25,130.67,metamorphic,1.37,25.1,11.31,0.1,13.54,4.89,1.38,0.63,2.26,78.61,1.62,686.13,9.01
45.25,130.67,metamorphic,4.14,43.79,37.51,0.58,17.32,10.29,13.53,1.82,2.78,40.69,6.88,297,68.1
45.25,130.67,metamorphic,1.12,29.95,13.87,0.16,19.49,5.99,1.77,0.76,4.28,46.24,2.03,808.32,12.07
45.25,130.67,metamorphic,1.59,27.87,12.89,0.29,20.71,5.47,1.73,1.7,4.21,74.83,1.85,683.39,11.42
45.25,130.67,metamorphic,1.15,39.36,39.07,0.23,18.34,11.1,10.2,0.94,3.54,38.95,6.69,521.74,57.63
45.25,130.67,metamorphic,1.46,20.09,9.73,0.28,15.2,3.83,1.34,0.68,3.29,68.56,1.14,754.74,9.1
45.25,130.67,metamorphic,1.12,14.99,6.93,0.36,10.27,2.93,1,0.84,3.32,109.43,1.13,376.97,7.56
45.25,130.67,metamorphic,1.72,18.44,8.03,0.48,14.67,3.32,1.18,0.73,3.03,37.78,1.22,377.26,8.35
45.25,130.67,metamorphic,1.19,19.29,8.17,0.21,15.71,3.57,0.97,0.87,3.99,56.72,1.12,679.49,7.41
45.25,130.67,metamorphic,2.6,31.18,43.04,0.25,15.33,8.78,30.27,1.58,4.39,76.77,10.41,616.25,134.49
45.25,130.67,metamorphic,1.46,16.66,8.21,0.13,14.06,3.3,1.01,1.58,3.41,52.65,1.04,607.13,7.59
45.25,130.67,metamorphic,1.65,21.96,10.51,0.24,16.16,4.45,1.42,1.55,4.19,54.84,1.35,696.94,9.47
45.25,130.67,metamorphic,2.2,26.53,29.45,0.3,14.32,8.41,16.14,2.96,3.12,69.71,7.76,515.67,83.88
45.25,130.67,metamorphic,0.97,44.68,53.38,0.45,16.47,13.4,21.62,0.2,2.23,28.86,10.78,450.69,118.26
45.25,130.67,metamorphic,1.19,14.92,7.3,0.18,11.73,2.92,1.01,0.95,3.68,79.09,1,474.4,6.87
45.25,130.67,metamorphic,2,38.14,39.1,0.54,18.55,9.92,16.12,0.84,3.93,42.66,8.35,395.63,86.93
45.25,130.67,metamorphic,1,8.43,3.41,0.05,7.45,1.38,0.29,0.55,1.58,36.27,0.38,572.07,2.16
45.25,130.67,metamorphic,17.89,93.11,144.86,1.1,23.22,33.54,55.88,2.96,4.61,60.16,29.7,295.43,298.35
45.25,130.67,metamorphic,1.57,20.99,13.11,0.12,11.93,4.94,2.46,1.44,2.11,89.82,1.97,681.96,15.51
45.25,130.67,metamorphic,0.95,22.06,9.28,0.09,13.23,3.84,1.17,1.21,4.15,60.38,1.19,697.12,8.69
45.25,130.67,metamorphic,1.8,14.14,5.01,0.23,14.61,2.2,0.59,2.33,4.55,65.64,0.66,566.84,4.35
45.25,130.67,metamorphic,1.68,18.22,7.21,0.4,14.46,2.92,1.41,0.69,3.22,26.37,0.91,244.68,8.97
45.25,130.67,metamorphic,1.63,17.24,9.63,0.11,9.43,3.27,1.21,1.83,1.77,145.55,1.33,253.22,7.69
45.25,130.67,metamorphic,1.76,12.74,7.69,0.21,10.16,2.52,1.06,0.55,2.25,48.83,1.09,568.19,6.53
45.25,130.67,metamorphic,0.94,18.19,8.36,0.15,13.75,3.22,1.1,1.01,3.45,54.2,1.08,686.07,7.54
45.25,130.67,metamorphic,4.59,54.56,67.39,0.58,16.32,16.07,25.48,2.78,2.68,47.86,13.35,302.47,132.26
45.25,130.67,metamorphic,5.77,40.39,62.02,0.56,17.73,12.74,33.86,2.45,5.04,63.73,14.84,396.69,170.43
45.25,130.67,metamorphic,1.17,15.66,7.42,0.17,11.22,2.64,1.06,1.55,3.01,109.11,1.25,400.53,7.33
45.25,130.67,metamorphic,0.76,8.93,4.26,0.13,7.65,1.77,0.58,0.2,2.37,29.82,0.78,471.04,4.6
45.25,130.67,metamorphic,0.99,12.9,3.57,0.39,15.89,1.91,0.48,0.68,2.25,28.4,0.43,415.69,3.79
45.25,130.67,metamorphic,1.88,40.75,55.99,0.25,13,13.39,22.73,1.39,2.31,42.48,11.8,412.62,117.97
45.25,130.67,metamorphic,1.42,22.79,10.03,0.12,17.08,4.37,1.17,1.09,3.47,60.81,1.38,730.48,9.87
45.25,130.67,metamorphic,1.32,10.17,4.53,0.15,7.19,1.62,0.77,1.17,2.6,95.58,0.8,339.71,3.89
45.25,130.67,metamorphic,1.3,15.71,9.12,0.04,13,3.47,1.54,0.67,3.52,91.1,1.24,516.51,8.46
45.25,130.67,metamorphic,1.26,15,7.28,0.31,11.1,3.03,1.38,0.78,2.51,46.26,1.1,416.17,8.37
45.25,130.67,metamorphic,1.8,26.63,27.18,0.52,16.35,6.85,10.01,0.73,4.3,28.78,5.66,239.63,53.6
45.25,130.67,metamorphic,1.05,14.94,7.48,0,10.94,2.91,1.06,0.58,2.01,48.48,0.88,691.53,6.12
45.25,130.67,metamorphic,1.91,33.57,15.06,0.48,18.78,6.36,2.07,0.9,3.52,37.61,2.11,364.32,15.07
45.25,130.67,metamorphic,0.98,9.45,4.98,0.13,6.94,2.06,0.78,0.18,1.94,40.24,0.7,565.55,4.92
45.25,130.67,metamorphic,19.97,77.97,153.09,0.54,15.36,32.44,69.31,0.95,1.62,114.98,34.88,234.09,343.19
45.25,130.67,metamorphic,1.24,23.37,10.89,0.06,13.58,4.1,1.18,0.97,3.28,74.65,1.52,727.98,10.31
45.25,130.67,metamorphic,1.2,22.84,11.02,0.22,16.78,4.42,1.68,1.18,3.89,66.72,1.57,647.29,9.66
45.25,130.67,metamorphic,0.9,17.25,8.61,0.09,12.73,3.1,1.35,1.03,2.87,48.41,1.14,587.38,7.42
45.25,130.67,metamorphic,0.95,14.72,7.06,0.19,11.64,3.05,0.82,0.72,3.63,55.09,0.74,525.22,6.66
45.25,130.67,metamorphic,1.3,15.48,6.07,0.01,12.84,2.59,0.68,0.77,3.72,62.24,0.83,519.99,4.5
45.25,130.67,metamorphic,1.56,16.79,11.96,0.32,9.85,4.03,3.45,0.57,2.04,32.98,2.56,400.81,17.64
45.25,130.67,metamorphic,3.29,62.78,85.15,0.69,24.43,19.99,33.78,0.84,3.1,106.09,17.96,461.78,179.86
45.25,130.67,metamorphic,1.21,12.57,5.02,0.19,15.92,1.98,0.6,1.25,3.42,39.11,0.76,575.64,4.03
45.25,130.67,metamorphic,3.84,50.43,95.95,0.52,12.6,20.37,51.75,0.97,2.36,51.26,23.26,303.98,245.93
45.25,130.67,metamorphic,1.2,20.15,9.66,0.06,11.05,3.79,1.64,0.83,2.11,60.25,1.23,651.8,9.9
45.25,130.67,metamorphic,1.75,40.33,47.35,0.46,16.14,12.28,19.91,1.4,4.23,48.11,10.45,460.89,105.58
45.25,130.67,metamorphic,1.07,15.22,6.1,0.13,10.89,2.82,0.94,0.58,2.36,49.95,0.91,562.84,8
45.25,130.67,metamorphic,0.87,34.4,26.43,0.35,22.18,8.18,7.33,1.54,4.74,65.12,4.82,425.37,40.89
45.25,130.67,metamorphic,7.16,39.38,65.11,0.66,16.15,14.98,30.7,1.39,2.45,65.43,14.53,366.17,155.47
45.25,130.67,metamorphic,1.32,12.72,6.52,0.08,7.31,2.65,1.04,1,2.45,121.24,0.97,315.99,7
45.25,130.67,metamorphic,1.09,23.83,9.92,0.22,17.27,4.21,1.35,1.12,4.11,46.77,1.53,587.84,9.14
36.75,-120.33,detrital,119.6,212,324,4.31,67.8,75.7,110.5,10.62,16.5,711,67.6,545,613
36.75,-120.33,detrital,19.2,55.4,103,0.33,11.1,22.5,43.7,1.06,1.96,90.1,24,186,228
36.75,-120.33,detrital,0.99,306,686,0.07,38.1,138,288,1.35,3.48,142,162,1151,1570
36.75,-120.33,detrital,5.08,6.83,6.41,0.38,3.57,1.93,1.19,0.3,0.66,26,1.1,256,8.25
36.75,-120.33,detrital,4.41,9.57,10.5,0.14,2.61,2.6,2.72,0.16,0.36,9.9,1.81,177,14.2
36.75,-120.33,detrital,84.5,140,244,3.47,38.1,53.6,109,5.17,8.46,780,56,701,550
36.75,-120.33,detrital,3.9,65.4,115,0.47,14.8,23.8,58.1,2.36,2.66,67,27.9,1175,291
36.75,-120.33,detrital,20.7,89.9,146,1.2,23.9,33.3,61.5,5,4.23,458,33.7,1302,323
36.75,-120.33,detrital,118,188,242,5.14,72.2,61,69.6,57.3,29,548,46.8,300,401
36.75,-120.33,detrital,30.4,29.4,42.2,0.42,9.88,10.3,13.9,0.89,1.97,90.5,8.83,68.4,76.5
36.75,-120.33,detrital,102,105,264,0.82,24.1,48,117,40.6,10.8,244,64.1,370,619
36.75,-120.33,detrital,31.8,40.5,49.1,1.92,17,12.9,16.7,4.15,5.44,63.4,9.81,31.5,88.8
36.75,-120.33,detrital,1.02,8.26,6.7,0.51,2.63,2.23,1.67,0.41,0.47,2.03,1.15,182,9.97
36.75,-120.33,detrital,21.4,84.6,99.5,1.02,37.2,25.9,28.1,4.43,9.72,275,18.7,246,164
36.75,-120.33,detrital,75.7,113,201,4.73,33.3,44,86.7,38.9,13.4,609,45.7,1013,440
36.75,-120.33,detrital,220,175,249,10.9,76.2,61.4,88.3,108,31,82.2,49.5,33.1,443
36.75,-120.33,detrital,455,73.4,113,6.68,37.6,24.6,55.2,186,31.4,168,25.6,293,264
36.75,-120.33,detrital,12.4,36,63.6,1.3,10.5,13.1,35,1.77,1.79,212,15.2,844,167
36.75,-120.33,detrital,13.2,36.6,69.9,0.24,7.91,14.8,35.6,1.01,1.67,144,16.4,768,176
36.75,-120.33,detrital,26.1,134,225,1.78,34,50.7,93.9,2.7,5.28,341,50.2,888,497
36.75,-120.33,detrital,4.79,81.7,60.6,0.47,37.1,20.8,9.68,3.26,8.14,139,9.63,155,70.5
36.75,-120.33,detrital,25.6,39.8,57.1,1.36,13.4,13.5,21.6,1.67,3.35,24.8,11.7,24.8,111
36.75,-120.33,detrital,30.2,73.7,165,0.17,12.5,32.2,80.8,0.71,2.16,213,40.4,430,413
36.75,-120.33,detrital,29.2,101,164,0.65,25.8,36.8,61.4,2.38,4.15,543,35.7,1123,333
36.75,-120.33,detrital,22.3,95.2,152,0.09,28.7,35.3,50.9,3.11,5.27,103,31.1,142,282
36.75,-120.33,detrital,8.42,87.2,148,1.56,22.8,32.6,64.9,2.96,4.65,158,32.9,394,333
36.75,-120.33,detrital,9.58,49.7,88.3,0.09,12.6,19,35.8,1.05,2.21,292,20.2,794,193
36.75,-120.33,detrital,60.8,71.5,139,1.46,19.3,28.9,71.9,21.3,6.87,184,32.5,305,347
36.75,-120.33,detrital,30.4,154,257,2.79,42.3,57,106,6.8,9.54,316,56.4,230,548
36.75,-120.33,detrital,37.9,30.6,47.8,0.73,8.51,10.6,19.6,1.43,2.16,83.3,10.6,123,108
36.75,-120.33,detrital,84.1,59.5,122,1.21,19.2,24.8,63.8,30.7,7.86,145,29.2,130,308
36.75,-120.33,detrital,95.2,106,196,1.96,25.7,40.4,95.8,7.48,6.4,487,48.2,1956,498
36.75,-120.33,detrital,22.5,52.6,104,0.22,9.35,20.8,51.1,0.23,1.58,174,25.5,454,258
36.75,-120.33,detrital,79.6,143,220,2.04,41.8,52.9,75.6,24.2,10.6,124,44.7,110,409
36.75,-120.33,detrital,57.6,56,84,1.97,21.8,19.2,39.9,2.25,3.9,518,19.2,505,192
36.75,-120.33,detrital,8.95,37.4,70.3,0.1,7.56,15.7,27,0.36,1.14,28.4,15.6,47.4,154
36.75,-120.33,detrital,26.2,153,254,0.16,35.9,58.1,83.4,3.74,7.17,192,54,187,479
36.75,-120.33,detrital,135,96.9,294,0.83,14.6,48.6,209,2.38,2.93,510,83.6,414,957
36.75,-120.33,detrital,275,196,309,3.55,64.6,72.2,108,127,33.4,156,64.5,120,600
36.75,-120.33,detrital,2.56,55.9,84.6,0.42,16.7,19.5,33.2,1.17,3.1,142,18.4,654,174
36.75,-120.33,detrital,45.5,34.2,62.4,1.14,9.46,13.4,33.9,4.92,2.44,199,15.9,251,163
36.75,-120.33,detrital,41.8,35.8,64.5,1.49,11,13.6,32.6,2.13,2.59,307,15.4,301,164
36.75,-120.33,detrital,4.46,75.6,148,0.7,13,31.5,67.4,0.37,1.52,29.8,34.2,222,339
36.75,-120.33,detrital,134,216,393,2.45,46.2,86.3,146,3.73,7.51,166,85.4,148,799
36.75,-120.33,detrital,15.9,49.4,76.2,0.35,12.5,17.4,28.3,1.08,2.81,105,16.3,130,151
36.75,-120.33,detrital,79.9,157,287,2.66,35.5,61.8,116,2.49,6.07,114,65.1,116,622
36.75,-120.33,detrital,23.6,57.3,77.3,1.02,20.9,18.5,27.8,3.99,6.02,187,16.2,202,153
36.75,-120.33,detrital,63.3,68.9,111,1.63,22,25.8,39.7,5.84,6.51,464,24,147,224
36.75,-120.33,detrital,306,58.7,94.1,3.47,29,20.9,42.7,144,27,78.9,21.8,87.9,214
36.75,-120.33,detrital,9.74,43.3,62.6,0.55,13.5,15,21,1.65,2.63,20,12.9,29.2,118
36.75,-120.33,detrital,27.9,23.8,46.8,0.48,5.73,9.58,27.4,0.87,1.05,163,11.6,233,131
36.75,-120.33,detrital,33.7,91.3,171,0.85,20.6,36.2,75.1,2.9,3.47,170,40,169,394
36.75,-120.33,detrital,32.4,173,237,2.86,59.2,58.5,72.5,11.7,13.3,351,47.1,561,411
36.75,-120.33,detrital,107,67.2,98.3,1.36,24.9,23,36,8,7.17,178,20.8,90,193
36.75,-120.33,detrital,25.2,166,191,1.63,76.6,51.1,54.4,18.6,22.9,449,38.2,621,324
36.75,-120.33,detrital,0.78,3.43,6.82,0.09,0.87,1.3,4.49,0.21,0.22,215,1.9,1838,21.2
36.75,-120.33,detrital,25.2,12.7,34.6,0.22,2.88,6.12,30.4,0.37,0.66,71,10.1,138,128
36.75,-120.33,detrital,22.4,42.3,53.3,0.88,16.1,13.7,16.7,14.4,6.09,120,10.9,220,96.1
36.75,-120.33,detrital,80.6,54.3,58.9,3.51,23,16.1,16.1,6.14,6.83,392,11.6,620,97.4
36.75,-120.33,detrital,34.2,114,187,2.56,34.3,42.4,76.6,3.68,7.42,121,41.5,140,398
36.75,-120.33,detrital,8.62,44.4,82.9,0.37,9.54,17.6,35.8,0.49,1.44,14.9,18.2,23.3,174
36.75,-120.33,detrital,9.72,28.6,53.2,0.11,7.31,11.7,23.8,0.98,1.58,128,12.1,385,116
36.75,-120.33,detrital,2.34,102,166,0.06,21.1,37.8,56.2,1.43,3.77,135,34.2,390,299
36.75,-120.33,detrital,46.3,127,240,0.82,29.3,50.7,105,12.2,7.45,631,55.3,708,522
36.75,-120.33,detrital,21.8,90.8,161,1.94,24.4,36.2,66.7,4.01,4.71,46,33.5,54,320
36.75,-120.33,detrital,56.9,345,553,0.13,71.5,131,156,9.37,11.1,744,109,913,906
36.75,-120.33,detrital,25,21.9,43.7,0.6,5.53,9.16,28.9,0.7,1.13,219,11,296,121
36.75,-120.33,detrital,26.6,105,189,0.51,21.8,42.1,69.6,3.8,3.55,425,40.4,1221,361
36.75,-120.33,detrital,12.9,36.2,45.6,0.41,12.3,11.5,14.6,3.06,3.85,66.1,9.22,91.2,78.3
36.75,-120.33,detrital,1.87,4.34,3.67,0.17,1.49,1.14,0.94,0.18,0.09,10.1,0.64,142,5.64
36.75,-120.33,detrital,21.2,126,216,NaN,30.2,48.8,75.6,2.66,5.25,181,44.8,241,396
36.75,-120.33,detrital,5.81,28.7,56.5,0.22,5.63,12,27,0.16,0.84,10.1,13.2,35.8,136
36.75,-120.33,detrital,18,95.4,172,0.2,22.5,38.4,59.5,1.55,3.56,83.3,36.3,133,328
36.75,-120.33,detrital,25.7,37.3,62.7,0.49,10.3,13.9,25.8,1.27,2.2,83.4,13.6,70.2,131
36.75,-120.33,detrital,16.5,11.6,23.5,0.32,3.08,4.73,14.8,0.21,0.74,136,5.98,132,64.9
36.75,-120.33,detrital,11.4,28.3,53.5,0.99,8.4,10.9,32.9,1.07,1.6,108,12.3,374,138
36.75,-120.33,detrital,38.6,109,184,0.6,29.9,41.4,67.1,2.59,5.67,230,38.2,643,351
36.75,-120.33,detrital,8.43,23.3,39.9,0.48,6.33,8.91,20,0.81,1.35,121,9.4,180,93.9
36.75,-120.33,detrital,13.6,43.6,61.1,1.28,14.8,14.7,22.8,3.93,4.78,67.7,12.6,50.7,119
36.75,-120.33,detrital,40.3,77.6,147,1.81,20.3,30.4,76.8,3.18,5.17,220,34.9,220,364
36.75,-120.33,detrital,43.7,26,40.3,0.55,7.39,9.3,18.7,1.37,2.39,125,8.75,154,89.3
36.75,-120.33,detrital,28.6,21.9,39.7,0.41,6.66,8.35,18.8,1.33,1.77,227,8.97,39.2,90.5
36.75,-120.33,detrital,47.2,97.8,171,1.79,24.8,37.8,68.9,2.74,5.63,76.5,36.8,52.7,348
36.75,-120.33,detrital,0.99,44.3,20.8,0.04,24.7,8.26,2.59,1.09,4.41,63.1,2.81,443,17.8
36.75,-120.33,detrital,8.16,33.1,71,0.1,5.69,13.9,31.8,0.57,0.83,24.6,16.7,74.5,165
36.75,-120.33,detrital,12.8,42.5,71.1,0.3,10.9,16,28.1,0.66,1.76,133,15.5,237,146
36.75,-120.33,detrital,6.99,108,123,0.6,48.9,32.2,33.7,12.7,16.1,235,22.4,212,189
36.75,-120.33,detrital,43,48.5,71.9,1.16,15.9,16.5,28.9,2.98,3.76,166,15.7,186,148
36.75,-120.33,detrital,11.3,78.1,123,0.38,22.8,28.8,42.7,1.89,4.15,110,24.9,135,228
36.75,-120.33,detrital,11.3,27.2,49.3,0.29,6.2,10.2,21,0.74,1.16,2.18,11.3,11.4,110
36.75,-120.33,detrital,10.8,25.7,48.5,0.29,5.59,10,21.7,0.54,1.04,105,11.1,257,112
36.75,-120.33,detrital,17.6,20.4,33.2,0.61,6.16,7.42,14.9,1.15,1.41,54.4,7.24,71.4,71.6
36.75,-120.33,detrital,8.65,52.4,92.7,0.72,12.3,20,34.7,1.32,2.21,36.1,19.2,97.3,181
36.75,-120.33,detrital,17,44.9,80.4,0.47,11.6,17.2,38.4,0.98,2.26,93.5,18.3,261,188
36.75,-120.33,detrital,12.1,11.3,12.2,0.65,4.63,3.17,3.78,1.46,1.49,19,2.15,399,20.7
36.75,-120.33,detrital,22.7,76.9,89.9,2.95,27.5,23.5,24.2,1.97,5.9,80.8,16.4,127,138
36.75,-120.33,detrital,7.17,52.3,89.8,0.64,15.5,19.8,38.6,2.86,2.85,103,20.1,131,190
36.75,-120.33,detrital,11.5,71.1,139,0.63,15.3,28.9,64.1,1.86,2.26,154,31.4,405,314
36.75,-120.33,detrital,15.8,19,46.1,0.31,3.62,8.42,33.8,0.41,0.71,159,12,268,142
36.75,-120.33,detrital,34.5,93.5,168,2.41,23.9,35.9,70.1,15.2,8.09,225,37,299,357
36.75,-120.33,detrital,7.93,142,182,0.85,53.1,46.5,53.9,9.26,13.7,186,34.5,234,302
36.75,-120.33,detrital,92.8,178,253,6.02,60,59.8,87.2,12.7,14.9,460,52.3,448,482
36.75,-120.33,detrital,17.4,186,305,1.3,49.7,69.7,106,4.69,9.07,265,63.5,346,569
36.75,-120.33,detrital,28,134,221,1.51,35.6,49.5,83.5,6.86,7.93,129,46.2,94.1,435
36.75,-120.33,detrital,20.3,29.3,71.6,0.63,6.84,13,51.5,0.95,1.43,122,17.7,262,214
36.75,-120.33,detrital,14.7,39.1,67.1,1.12,11.7,14.4,35,1.39,3.29,76.5,15.8,127,167
36.75,-120.33,detrital,72.3,122,205,2.05,35.9,45.2,81.7,18.4,9.85,291,44.9,226,429
36.75,-120.33,detrital,164,74.6,135,1.77,25.2,28.9,63.8,57.2,12,237,31.6,254,322
36.75,-120.33,detrital,49,43.9,77.2,0.45,11.1,16.8,32.7,1.34,2.74,188,16.8,204,170
36.75,-120.33,detrital,55.1,30.4,53.2,0.67,9.4,11.6,22.7,1.2,2.38,73.6,11.7,61.7,112
36.75,-120.33,detrital,5.35,125,161,0.54,44.9,39.9,48.2,4.83,10.6,201,30.9,466,275
36.75,-120.33,detrital,40.4,51.3,97.1,1.46,14.9,20.6,53.8,2.77,4.1,171,23.3,196,245
36.75,-120.33,detrital,87.5,137,225,3.35,38,51,93.4,7.67,8.33,337,48.5,484,475
36.75,-120.33,detrital,175,70.6,119,2.16,24.1,26.6,50.7,59.1,12.1,173,26.4,271,255
36.75,-120.33,detrital,11.5,254,350,4.01,80.9,86.3,108,9.52,17.3,218,67.6,214,598
36.75,-120.33,detrital,39.4,56.8,110,1.42,13.8,22.8,57.2,0.81,2.25,189,25.3,188,271
36.75,-120.33,detrital,1.17,55,99.5,1.16,13.3,22,34.7,1.39,2.25,41.1,21.3,571,201
36.75,-120.33,detrital,25.8,50,77.4,0.12,14.1,17.7,24.6,2.17,3.48,137,14.8,113,137
36.75,-120.33,detrital,104,102,144,1.24,33.9,34.9,44.7,12.3,9.64,205,27.8,81.7,253
36.75,-120.33,detrital,73,107,194,1.36,24.9,42.4,79.6,4.93,4.28,246,43.7,224,419
36.75,-120.33,detrital,11.5,136,259,0.09,27.3,55.6,88.1,1.88,3.36,227,55.4,572,500
36.75,-120.33,detrital,20.9,68.1,117,0.26,17.7,26,44.2,1.43,3.14,313,24.8,851,237
36.75,-120.33,detrital,12,104,189,0.51,24.3,41.7,71.8,1.43,3.67,164,40.3,226,376
36.75,-120.33,detrital,29.6,115,180,2.99,35.5,41.7,66.7,6.03,9.63,183,37.9,117,346
36.75,-120.33,detrital,84.3,111,263,0.69,20.5,49.3,148,1.9,2.97,381,65.4,391,702
36.75,-120.33,detrital,7.9,19.2,40.4,0.74,4.63,7.56,25.3,3.58,1.83,47.2,9.87,361,114
36.75,-120.33,detrital,27.2,181,193,7.61,73.6,52.8,50.8,17.6,23.1,113,35.1,129,298
36.75,-120.33,detrital,26,69.7,115,0.74,21.7,25.2,41.7,3.26,5.34,438,24,792,226
36.75,-120.33,detrital,5.06,58.1,108,0.63,14.6,23.1,50.6,2.58,2.52,104,24.8,802,254
36.75,-120.33,detrital,38.6,91,171,2.13,22.5,35.8,83.2,5.07,4.65,101,38.9,114,403
36.75,-120.33,detrital,69.8,153,261,4.17,43.5,59.6,106,11.2,9.14,174,55.6,154,530
36.75,-120.33,detrital,11.8,68.5,108,0.13,15.6,25.2,35.1,0.64,2.45,190,22.1,386,195
36.75,-120.33,detrital,2.29,96.1,151,0.16,26,35.3,48.8,1.66,5.12,104,30.5,159,271
36.75,-120.33,detrital,49,83.4,149,2.19,24.2,31.9,72.8,4.6,5.48,246,34.4,263,353
36.75,-120.33,detrital,219,307,610,3.56,56.2,129,212,2.61,7.77,134,126,95.9,1153
36.75,-120.33,detrital,2.22,12.8,15.7,0.15,4.09,4.02,4.59,0.57,0.96,62.5,2.89,101,26.1
36.75,-120.33,detrital,34.1,58.7,108,0.84,13.8,22.5,49.6,1.26,3.13,208,24.3,173,250
36.75,-120.33,detrital,26,28,53.8,0.29,7.17,11.1,28,0.84,1.58,55,12.9,55.1,132
36.75,-120.33,detrital,12.8,104,209,0.04,19.1,42.8,81.9,1.08,2.38,68,46.5,141,442
36.75,-120.33,detrital,68.5,60,115,1.72,16.9,23.7,58.5,14.4,4.5,186,26.9,244,279
36.75,-120.33,detrital,19.2,97.9,219,2.75,22.8,42.9,119,4.94,4.99,565,51.3,326,534
36.75,-120.33,detrital,93.7,68.3,120,1.96,21.6,26.5,53.4,31.1,7.69,113,27.1,99.6,265
36.75,-120.33,detrital,35,117,188,2.54,29.7,42.8,73.4,1.7,4.26,157,40,362,379
36.75,-120.33,detrital,343,170,232,2.1,67.9,56.9,72.7,145,37.4,223,46,152,403
36.75,-120.33,detrital,0.92,18.9,34.3,0.27,4.16,7.03,14.9,NaN,0.4,13.2,7.49,339,73.4
36.75,-120.33,detrital,110,198,285,5.49,68.2,68,96.5,13.2,17.4,390,57.8,161,527
36.75,-120.33,detrital,4.56,33.3,61.3,0.16,6.77,13.5,24,0.34,0.87,21.7,12.9,106,123
36.75,-120.33,detrital,13.1,41.3,88.1,1.23,11.2,17.1,55.8,1.7,1.76,76.7,22.1,128,250
36.75,-120.33,detrital,16,41.1,69.5,0.4,9.88,15.1,26.7,0.43,2.1,65.4,14.9,106,139
36.75,-120.33,detrital,23.8,53.6,94.7,0.36,14.1,20.6,40.3,1.22,2.9,247,20.9,290,204
36.75,-120.33,detrital,29.4,46.2,98.3,0.83,11.5,19.5,60.7,0.97,2.52,177,24.4,345,266
36.75,-120.33,detrital,2.87,71,131,0.73,15.7,28.6,54.7,0.66,2.12,40.9,28.7,337,275
36.75,-120.33,detrital,37,99.6,174,1.57,27.2,37.5,73.5,2.44,5.31,222,38,178,371
36.75,-120.33,detrital,10.5,18.5,16.5,0.31,9.94,4.91,4.49,2.05,2.82,42.2,2.66,111,23
36.75,-120.33,detrital,19.1,98.6,181,0.11,21.2,39.3,61.4,1.72,3.78,90.1,38.3,152,346
36.75,-120.33,detrital,37.3,37,89.6,0.78,8.46,16.6,61,3.11,2.02,173,21.9,271,253
36.75,-120.33,detrital,9.75,36.8,61.4,0.52,10.1,14,22.5,0.98,2.07,75.6,13,164,115
36.75,-120.33,detrital,19.8,129,179,1.2,45.9,43.5,56.6,7.36,10.8,310,34.9,246,308
36.75,-120.33,detrital,8.76,26.9,36.4,0.42,9.24,8.69,12.5,2.56,2.71,64.2,7.29,55.7,68
36.75,-120.33,detrital,3.85,30.7,54.1,0.29,7.88,11.4,23.8,0.87,1.52,70.3,12.1,222,123
36.75,-120.33,detrital,1.1,96.3,130,0.05,29.2,32.8,41.1,1.15,4.32,124,25.7,1212,227
36.75,-120.33,detrital,29.7,54.4,79.1,0.98,16.7,18.4,28.2,2.94,4.02,169,15.9,146,150
36.75,-120.33,detrital,101,117,226,1.82,27.6,46,102,2.52,5.25,360,51.2,380,502
36.75,-120.33,detrital,27.5,44.7,87.5,1.08,11.5,17.6,45.8,0.63,1.75,267,20.4,405,208
36.75,-120.33,detrital,10,112,175,2.95,32.8,41.6,59.8,3.08,7.05,34.1,34.4,45.5,307
36.75,-120.33,detrital,13.3,8.88,15.5,0.15,2.46,3.49,6.93,0.01,0.5,22.1,3.42,16.7,33.2
36.75,-120.33,detrital,42.2,80.4,163,1.41,17.9,33.4,87.7,1.15,3.03,180,38,302,397
36.75,-120.33,detrital,43.5,102,170,0.44,24.5,37.9,63.3,3.49,5.57,326,35.7,305,337
36.75,-120.33,detrital,17.4,33.7,58.7,0.57,8.93,12.6,25.9,0.76,2.07,71.5,12.7,71.1,127
36.75,-120.33,detrital,50.6,61.3,129,0.78,14.1,25.5,68.5,1.29,2.22,276,30.4,201,317
36.75,-120.33,detrital,31.9,45.7,64.5,1.16,16.3,15.4,24.8,3.04,4.35,23.1,13.6,22.2,126
36.75,-120.33,detrital,36.5,50.7,111,0.64,11.8,21.6,64.8,1.07,2,129,27.5,140,294
36.75,-120.33,detrital,37,84.7,153,2.59,25.7,32.7,73.3,2.77,6.23,228,33.9,242,345
36.75,-120.33,detrital,44.9,382,577,2,94.5,142,155,4.4,12.6,139,106,222,875
36.75,-120.33,detrital,30.8,161,255,0.09,43.2,59.8,75.4,4.26,7.75,119,49.2,156,420
36.75,-120.33,detrital,2.94,12,23.9,0.34,2.61,4.94,12.5,0.42,0.59,13,5.61,42.7,59.5
36.75,-120.33,detrital,11.6,46.8,81.5,0.7,13.3,17.9,33.5,1.59,2.65,106,17.5,143,168
36.75,-120.33,detrital,8.7,26.3,52,0.46,4.53,11.5,17.5,0.7,1.05,6.52,10.5,285,94.4
36.75,-120.33,detrital,2.94,26.3,52.5,0.46,6.69,10.6,26.2,0.34,0.86,24.1,11.6,98.2,121
36.75,-120.33,detrital,43,51.6,113,1.16,12.5,22.1,64.4,1.24,2.35,207,26.7,282,287
36.75,-120.33,detrital,31.1,49.6,95.6,1.01,13.3,19.9,48.8,1.24,2.14,214,21.5,272,226
36.75,-120.33,detrital,60.3,77.5,143,0.87,18.2,30,59.4,2.11,3.4,286,32.1,246,308
36.75,-120.33,detrital,4.45,118,170,1.13,37.5,41.5,53.8,6.36,8.57,26.5,32.4,30.3,287
36.75,-120.33,detrital,7.98,39,59.3,0.65,13.2,13.9,23,1.35,2.78,122,12.4,150,117
36.75,-120.33,detrital,89.3,75.6,105,1.58,26.7,25.7,37.2,4.58,7.24,112,21.1,48.1,193
36.75,-120.33,detrital,15.4,49,119,0.87,10.1,22.4,74.9,0.36,1.67,89.1,29.4,340,324
36.75,-120.33,detrital,10.4,120,134,2.2,30.5,37.5,30.6,1.52,4.47,90.5,23.6,425,190
36.75,-120.33,detrital,100,107,171,3.77,34.5,39.8,63.4,5.81,8.73,469,35.5,166,320
36.75,-120.33,detrital,42.8,182,304,4.44,50.7,68.9,116,6.69,11.5,134,63.3,169,590
36.75,-120.33,detrital,36.4,28.5,49.8,0.53,7.76,10.8,25.4,0.83,1.76,69.1,12.1,102,123
36.75,-120.33,detrital,10.6,35.3,66.1,0.22,9.02,14,28.5,0.77,1.56,144,14.9,451,141
36.75,-120.33,detrital,22,35.7,66.4,0.57,8.85,14.1,29.2,0.78,1.44,80.1,14.5,81.3,144
36.75,-120.33,detrital,50.8,55.9,116,1.17,13.2,23.7,67.1,1.91,2.47,424,28.1,462,298
36.75,-120.33,detrital,28.2,52.6,102,0.82,12.9,21.7,47.5,1.75,2.29,114,23,114,231
36.75,-120.33,detrital,22.2,35.7,55.9,0.68,12,12.8,23,1.25,2.27,68.9,12.2,62.1,114
36.75,-120.33,detrital,21.1,201,284,0.68,64.8,69.9,84.3,10.3,14.9,103,55.2,75.1,472
36.75,-120.33,detrital,20.4,123,182,1.71,39.1,44,60.5,9.66,10.6,332,35.8,303,319
36.75,-120.33,detrital,39.9,90.9,183,1.12,20.4,37.5,97.1,1.76,3.58,201,43.8,220,445
36.75,-120.33,detrital,0.14,2.13,16.1,NaN,0.02,1.78,18.9,0.03,0.07,0.19,5.84,128,75.6
36.75,-120.33,detrital,39.4,221,334,4.13,67.2,77.8,116,11,13.8,219,67.9,93.1,613
36.75,-120.33,detrital,13.6,54.7,103,0.41,12.1,21.4,50.1,0.85,2.37,160,23.8,294,239
36.75,-120.33,detrital,44.6,67.5,93.6,0.59,23.1,22.8,30.8,2.97,4.84,334,19,205,169
36.75,-120.33,detrital,9.22,30.4,66.1,0.18,6.18,13.5,30.6,0.45,0.99,55.7,15.5,77.3,149
36.75,-120.33,detrital,143,54.1,96.5,1.62,19.5,21.1,44.5,58.4,11.5,109,21.7,113,214
36.75,-120.33,detrital,0.88,4.76,5.57,0.11,1.2,1.49,1.58,0,0.16,4.72,0.99,68,9.34
36.75,-120.33,detrital,17.8,33.7,48.3,0.48,11.6,11.9,17.6,2.46,3.6,188,10.1,205,94.3
36.75,-120.33,detrital,39.6,18.6,23.8,0.46,4.65,5.81,9.23,0.39,0.79,27.5,4.89,7.54,45.1
36.75,-120.33,detrital,8.73,22,32.8,0.75,7.28,7.74,12.1,0.93,1.57,18.1,6.5,44.5,60.9
36.75,-120.33,detrital,25.1,52.1,78.2,0.48,16.5,18.6,28.4,1.93,3.51,79.2,16.2,239,146
36.75,-120.33,detrital,13.7,57.4,93.7,0.78,16.6,21.5,36,1.59,3.25,75.1,19.8,133,183
36.75,-120.33,detrital,2.2,4.97,5.18,0.17,1.52,1.47,1.55,0.07,0.46,16.8,1,43.7,7.84
36.75,-120.33,detrital,49.5,160,271,1.87,39.9,62.2,92.7,5.83,8.25,37.8,55.1,41.2,495
36.75,-120.33,detrital,34.4,50.4,96.6,0.73,13,20.6,45.8,1.1,2.63,122,22.8,194,223
10.58,-78.18,metamorphic,24.22,125.06,241.22,0.6,32.51,49.24,93.08,1.05,2.7,151.13,52.35,90.99,493.93
10.58,-78.18,metamorphic,9.59,57.46,107.45,0.11,14.47,22.41,39.6,0.7,1.5,126.9,23.78,315.25,223.83
10.58,-78.18,metamorphic,13.39,65.02,111.52,1.8,23.95,25.39,42.27,2.4,3.34,29.91,22.54,45.2,212.97
10.58,-78.18,metamorphic,22.29,82.91,141.24,1.67,32.22,28.2,56.95,2.76,5.57,56.13,31.39,87.1,306.63
10.58,-78.18,metamorphic,23.15,101.66,151.85,2.78,39.9,34.26,62.36,6.77,8.71,65.6,33.06,96.65,317.68
10.58,-78.18,metamorphic,19.11,101.69,131.78,1.11,42.17,32.44,39.62,8.65,10.59,151.32,26.62,202.94,226.32
10.58,-78.18,metamorphic,12.04,40.31,69.72,0.89,13.39,15.32,30.61,1.02,1.66,21.05,15.8,40.48,160.44
10.58,-78.18,metamorphic,10.99,32.64,56.73,0.19,10.57,12.41,24.79,0.63,1.2,84.26,12.64,187.05,124.99
10.58,-78.18,metamorphic,19.33,90.9,161.66,1.33,27.93,34.73,64.36,2.04,3.83,58.13,35,94.98,329.87
10.58,-78.18,metamorphic,12.67,41.81,84.6,0.57,12.08,16.92,44.39,0.77,1.43,44.09,21.2,251.49,204.91
10.58,-78.18,metamorphic,10.55,142.87,287.05,0.37,37.4,58.61,115.17,1.58,3.81,107.89,66.33,478.47,618.96
10.58,-78.18,metamorphic,4.78,26.26,35.89,0.41,9.89,8.39,12.95,0.86,1.92,37.31,7.26,71.72,66.91
10.58,-78.18,metamorphic,7.97,49.3,79.87,0.31,13.76,17.87,30.98,0.77,1.86,91.08,18.31,191.51,166.34
10.58,-78.18,metamorphic,12.37,144.99,199.5,1.35,46.72,47.92,57.42,3.69,6.86,58.44,40.2,51.82,336.02
10.58,-78.18,metamorphic,11.04,44.47,90.77,0.74,13.3,18.58,39.11,0.59,1.29,21.5,19.93,60.3,211.77
10.58,-78.18,metamorphic,11.54,47.53,93.5,0.15,12.72,18.59,38.87,0.81,1.59,175.63,22.82,285.06,216.35
10.58,-78.18,metamorphic,46.05,97.8,148.76,0.94,31.7,34.05,51.39,21.99,8.2,67.69,32.15,104.45,277.67
10.58,-78.18,metamorphic,14.92,39.93,67.58,0.78,13.22,14.26,32.39,1.29,2.28,26.91,16.12,79.78,161.97
10.58,-78.18,metamorphic,13.8,58.23,105.21,1.07,17.17,20.75,38.99,1.03,2.24,28.92,23.21,52.49,214.22
10.58,-78.18,metamorphic,11.75,60.65,97.85,0.67,20.6,21.02,41.67,2.15,3.44,99.9,21.46,201.59,212.31
10.58,-78.18,metamorphic,46.78,75.07,142.6,0.56,22.61,29.81,62.89,1.59,3.31,145.31,32.38,179.99,324.39
10.58,-78.18,metamorphic,63.69,87.38,155.76,0.65,26.11,31.31,63.05,1.66,2.84,264.29,35.57,207.05,319.29
10.58,-78.18,metamorphic,128.89,128.38,223.9,2.47,39.14,45.75,94.14,5.26,8.03,65.78,51.62,130.89,504.87
10.58,-78.18,metamorphic,88.84,137.58,264.61,2.32,34.92,55,110.22,1.82,4.18,60.41,58.92,108.14,566.5
10.58,-78.18,metamorphic,10.76,12.74,26.61,0.4,4.31,5.03,17.35,0.69,0.88,56.61,6.98,139.59,75.48
10.58,-78.18,metamorphic,33.26,31.97,50.28,0.43,11.46,11.14,18.17,1.41,2.45,34.69,10.82,39.67,95.81
10.58,-78.18,metamorphic,11.87,38.27,66.03,0.51,13.25,14.2,23.05,0.94,2.2,62.91,13.57,65.41,123.09
10.58,-78.18,metamorphic,14.61,260.56,515.5,2.01,72.41,101.62,235.71,2.57,7.08,54.13,119.41,160.31,1163.68
10.58,-78.18,metamorphic,50.24,70.98,124.82,1.27,20.36,25.8,53.19,1,2.26,35.88,27.56,37.17,255.42
10.58,-78.18,metamorphic,19.78,79.94,116.96,0.75,30.4,26.19,42.1,4.89,6.45,213.05,23.99,479.78,213.46
10.58,-78.18,metamorphic,23.71,26.56,39.04,0.72,10.03,9.04,14.37,1.45,2.11,27.61,8.21,24.71,73.28
10.58,-78.18,metamorphic,78.95,124.25,161.18,3.19,55.51,39.04,45.89,7.78,13.21,167.95,31.9,101.23,256.08
10.58,-78.18,metamorphic,224.69,128.14,241.89,2.53,36.02,48.5,101.82,1.82,4.23,74.36,55.89,98.97,539.52
10.58,-78.18,metamorphic,17.55,57.13,97.51,0.15,16.83,20.54,36.37,1.63,2.62,212.6,21.47,281.44,193.06
10.58,-78.18,metamorphic,262.24,143.18,256.61,3.82,43.91,53.17,105.8,5.16,8.72,69.61,60.12,33.24,560.34
10.58,-78.18,metamorphic,34.08,146.92,224.32,5.23,54.98,49.14,89.51,16.46,15.27,308.88,48.67,523.03,447
10.58,-78.18,metamorphic,8.1,175.02,304.69,1.32,54.52,66.64,102.45,4.07,7.39,97.01,61.32,193.5,543.13
10.58,-78.18,metamorphic,37.66,64.74,115.66,0.67,19.61,24.61,46.83,1.34,2.41,74,25.59,81.14,238.87
10.58,-78.18,metamorphic,17.42,73.35,127.97,0.79,23.19,27.31,53.45,1.61,2.88,78.36,28.36,98.8,273.71
10.58,-78.18,metamorphic,10.99,32.47,56.97,0.5,9.79,11.87,23.9,0.44,1.15,61.12,12.87,286.47,123.68
10.58,-78.18,metamorphic,16.22,57.92,100.52,0.75,18.44,21.34,39.34,1.28,2.8,40.95,21.69,68.43,203.76
10.58,-78.18,metamorphic,217.4,109.76,188.59,2.09,33.57,40.25,88.77,1.71,4.41,89.22,41.38,24.74,438.52
10.58,-78.18,metamorphic,11.1,85.58,126.05,1.98,31.76,30.61,48.02,3.58,6.54,70.06,28.48,117.05,275.75
10.58,-78.18,metamorphic,16.5,93.4,152.17,1.7,28.68,33.05,62.21,3.52,4.87,47.34,32.49,76.75,309.77
10.58,-78.18,metamorphic,225.55,144.36,268.14,3.26,44.74,55.03,116.03,2.46,6.41,89.98,61.84,20.98,594.08
10.58,-78.18,metamorphic,13.61,48.27,84.88,0.42,13.93,17.77,34.45,0.98,2.14,48.22,18.47,66.18,173.53
10.58,-78.18,metamorphic,37.25,59.95,114.26,0.48,17.89,22.98,49.98,1.09,1.98,87.63,25.63,74.19,242.62
10.58,-78.18,metamorphic,99.19,55.51,99.41,0.81,16.04,20.95,44.43,1.05,2.35,38.03,23.04,45.31,220.47
10.58,-78.18,metamorphic,9.12,89.75,159.92,0.26,28.33,34.32,60.59,1.69,3.59,39.62,34.13,65.02,335.92
10.58,-78.18,metamorphic,24.43,50,95.29,0.32,15.33,19.01,38.41,1.5,2.54,24.31,20.42,32.33,195.2
10.58,-78.18,metamorphic,21.95,50.88,95.39,0.39,15.4,20.76,37.79,0.72,1.73,97.68,19.72,109.12,191.95
10.58,-78.18,metamorphic,19.71,57.58,104.03,0.79,17.52,22.22,42.03,2.03,2.11,42.99,21.59,56.7,202.4
10.58,-78.18,metamorphic,10.52,130.21,273.55,0.3,31.98,55.69,117.11,1.28,3.36,84.27,63.74,355.63,611.71
10.58,-78.18,metamorphic,18.3,86.39,145.85,1.25,27.71,32.44,57.88,1.74,3.46,47.99,30.75,57.44,284.3
10.58,-78.18,metamorphic,10.36,33,67.54,0.11,8.71,13.56,28.11,0.46,1.1,89.32,15.29,202.52,144.51
10.58,-78.18,metamorphic,35.7,137.08,201.42,2.07,53.79,46.52,65.58,6.31,11.43,53.51,40.82,30.27,351.27
10.58,-78.18,metamorphic,26.42,50.24,83.18,1.37,16.86,17.67,34.7,3.79,3.68,20.21,17.32,26.95,171.09
10.58,-78.18,metamorphic,19.49,49.82,88.37,0.36,14.28,18.58,38.58,0.86,2.06,78.52,20.15,86.35,186.11
10.58,-78.18,metamorphic,25.1,64.31,101.51,4.68,23.79,22.15,44.53,15.13,8.38,95.1,21.85,521.17,214.26
10.58,-78.18,metamorphic,41.67,63.65,116.14,0.63,19.46,24.7,50.25,0.93,2.42,73.27,25.61,69.43,248.05
10.58,-78.18,metamorphic,20.35,56.88,87.84,2.08,19.67,19.71,38.58,4.85,4.42,47.52,19.09,86.26,182.03
10.58,-78.18,metamorphic,29.32,135.37,236.96,1.67,40.55,51.94,82.3,5.64,5.49,157.72,48.3,273.62,426.81
10.58,-78.18,metamorphic,13.98,72.91,133.21,0.15,19.96,28.83,50.85,0.7,2.27,72.59,28.06,164.02,259.14
10.58,-78.18,metamorphic,14.42,96.85,166.19,1.27,30.14,35.88,66.33,1.69,3.71,42.49,35.93,80.67,334.47
10.58,-78.18,metamorphic,15.41,60.11,108.06,0.45,17.35,22.68,44.23,0.87,1.9,59.93,23.35,65.59,216.63
10.58,-78.18,metamorphic,18.02,54.18,90.64,0.52,17.3,20.21,37.77,1.3,2.45,44.31,19.66,61.29,180.92
10.58,-78.18,metamorphic,11.3,30.26,56.46,0.24,9.26,11.29,24.18,0.55,1.05,81.27,12.41,163.1,119.49
-25.17,-50.08,hydrothermal,1289,246,141,0.2,178,44,29,1025,274,2797,28,957,215
-25.17,-50.08,hydrothermal,829,209,114,0.5,161,41,18,1107,240,2197,18,574,139
-25.17,-50.08,hydrothermal,21,205,393,0.9,34,87,157,4,7,472,83,1046,721
-25.17,-50.08,hydrothermal,959,217,128,0.7,144,40,29,853,221,1911,39,975,198
-25.17,-50.08,hydrothermal,304,944,664,15,599,202,88,377,352,2194,107,1101,686
-25.17,-50.08,hydrothermal,68,191,191,2,88,51,35,19,33,1785,32,714,236
-25.17,-50.08,hydrothermal,172,866,640,8,416,213,106,186,217,1508,110,679,775
-25.17,-50.08,hydrothermal,344,1208,859,16,722,264,116,416,410,2696,133,1209,898
-25.17,-50.08,hydrothermal,292,1214,869,15,822,280,115,335,410,2830,121,1104,800
-25.17,-50.08,hydrothermal,363,1052,728,20,675,241,106,474,425,2379,113,936,760
-25.17,-50.08,hydrothermal,169,751,529,7,405,167,71,113,155,2504,82,1104,526
-25.17,-50.08,hydrothermal,173,1220,831,13,581,268,121,151,198,2629,140,1128,917
28.37,121,magmatic,29.6,135.71,215.79,2,35.64,47.72,77.93,4.87,8.29,119.08,48.25,75.01,481.14
28.37,121,magmatic,29.05,109.99,185.07,1.55,27.01,39.94,70.38,2.73,4.98,95.77,42.66,88.16,424.54
28.37,121,magmatic,21.47,81.16,137.39,1.22,19.73,28.68,52.7,1.71,3.46,58.19,31.48,48.45,300.9
28.37,121,magmatic,30.06,98.81,163.75,1.95,26.15,35.29,61.4,2.29,4.93,76.35,36.37,58.12,335.41
28.37,121,magmatic,32.14,152.5,248.7,2.36,42.75,54.38,88.91,5.82,9.18,142.8,54.22,92.87,505.24
28.37,121,magmatic,34.33,99.05,163.03,1.66,27.17,35.85,63.27,2.55,4.97,104.53,36.88,75.51,338.58
28.37,121,magmatic,31.33,92.47,159.39,1.38,23.49,33.63,63.93,2.36,4.37,112.85,36.34,88.03,335.53
28.37,121,magmatic,29.13,137.17,226.29,2.38,38.14,49.44,83.78,4.81,7.55,121.84,49.76,82.36,467.14
28.37,121,magmatic,24.17,84.96,149.14,1.29,20.79,31.18,59.55,2.07,3.7,63.85,33.81,54.2,326.18
28.37,121,magmatic,26.17,112.45,186.75,1.98,28.9,40.3,67.72,3.44,6.13,89.48,40.75,62.71,378.05
28.37,121,magmatic,35.58,137.86,242.55,3,36.81,52.84,91.75,4.1,7.33,122.19,53.5,83.49,497.98
28.37,121,magmatic,27.65,99.94,164.52,1.63,25.99,35.74,62.67,2.67,5.69,100.65,36.51,75.44,356.75
28.37,121,magmatic,26.83,98.79,165.99,1.39,23.81,35.86,63.55,2.56,4.44,88.17,37.92,69.16,376.95
28.37,121,magmatic,28.82,82.22,137.6,1.2,21.49,30.62,53.75,1.74,3.66,71.22,32.39,60.96,311.44
28.37,121,magmatic,21.44,92.38,143.14,2.49,26.92,31.37,49.13,3.81,6.17,57.74,30.91,50.75,310.82
28.37,121,magmatic,29.04,115.73,174.23,3,32.41,38.64,60.64,4.4,7.26,89.96,38.73,75,383.6
28.37,121,magmatic,47.49,107.59,195.57,1.35,25.03,39.75,80.79,3.06,5,270.06,45.82,233.66,478.68
28.37,121,magmatic,33.44,81.9,146,1.3,20.2,30.4,61.8,1.91,3.46,89.4,34.4,101,361
28.37,121,magmatic,37.99,227.09,316.45,6.55,68.06,75.04,99.42,8.59,13.44,157.1,66.47,80.82,597.31
28.37,121,magmatic,24.63,83.75,140.2,1.33,23.35,30.13,54.86,3.45,5.69,75.6,32.11,65.58,315.44
28.37,121,magmatic,24.11,71.04,116.58,1.25,18.71,25.98,47.15,2.16,4.37,71.42,26.96,64.79,280.98
28.37,121,magmatic,19.8,74.51,108.65,0.73,31.9,24.8,41.17,4.26,2.63,43.72,24.76,45.73,251.59
28.37,121,magmatic,24.03,127.39,181.21,3.49,37.32,40.64,57.53,6.67,8.81,85.8,38.67,65.16,388.26
28.37,121,magmatic,70.97,102.11,178.87,1.33,29.01,38.71,76.2,2.12,4.71,225.92,41.84,284.88,369.07
28.37,121,magmatic,81.49,165.62,269.88,3.37,52.4,61.15,108.11,6.66,9.8,331.33,58.89,279.58,532.33
28.37,121,magmatic,101.02,163.78,295.22,3.09,47.53,63.3,122.51,6.09,10.34,283.59,67.38,312.33,583.91
28.37,121,magmatic,55.07,112.83,190.41,2.22,33.84,41.63,77.55,4.01,7.93,144.76,42.81,164.36,381.65
28.37,121,magmatic,108.66,157.31,273.49,2.15,42.46,60.54,113.75,3.65,7.44,395.81,62.33,366.26,556.27
28.37,121,magmatic,55.36,127.98,211.91,2.22,35.53,45.32,84.88,3.95,6.92,223.51,48.11,235.49,410.82
28.37,121,magmatic,47.45,67.12,126.78,0.76,16.78,26.75,57.53,1.85,3,189.03,30.5,255.36,279.03
28.37,121,magmatic,44.36,175.49,280.03,5.77,61.1,61.9,115.5,8.92,13.35,322.9,62.23,254.93,556.98
28.37,121,magmatic,100.57,146.54,241.92,4.1,47.17,54.75,101.8,5.8,9.45,222.2,55.24,215.38,486.43
28.37,121,magmatic,71.99,98.92,162.47,1.97,29.69,36.41,67.42,2.71,5.54,289.07,35.97,244.57,319.96
28.37,121,magmatic,34.61,61.26,106.93,1.11,17.03,23.38,46.37,1.11,2.66,113.14,25.21,147.29,220.15
28.37,121,magmatic,56.27,76.69,138.1,1.4,26.34,29.97,62.74,1.59,3.2,104.29,32.49,132.16,290.53
28.37,121,magmatic,67.7,102.62,169.78,2.23,31.58,38.75,68.75,4.49,7.34,380.14,37.91,286.74,340.32
28.37,121,magmatic,51.23,83.06,147.47,1.61,24.05,31.28,64.55,2.03,4.94,146.66,34.07,162.14,301
28.37,121,magmatic,90.47,114.81,194.06,1.92,32.77,43.93,80.23,3.95,4.95,257.73,45.56,287.54,395.08
28.37,121,magmatic,92.23,152.02,264.28,3.22,47.68,57.91,108.7,5.92,9.77,389.77,60.16,313.16,530
28.37,121,magmatic,62.85,141.53,221.5,3.42,48.49,52.22,89.91,5.77,10,221.52,50.03,198.59,438.93
28.37,121,magmatic,64.89,113.9,204.08,1.82,32.81,45,89.88,3.39,5.77,168.19,47.18,210.18,422.62
28.37,121,magmatic,52.87,90.85,152.32,1.51,26.53,33.95,64.06,2.31,4.31,251.43,35.61,221.15,306.82
28.37,121,magmatic,37.81,82.4,163.19,1.67,23.44,33.61,75.58,6.4,6.21,117.17,38.85,145.17,353.91
28.37,121,magmatic,36.3,128.51,203.42,2.81,43.97,46.7,82.8,6.14,9.94,178.9,46.7,159.72,401.45
28.37,121,magmatic,52.47,131.42,211.72,2.73,42.61,47.02,82.15,13.18,10.99,247.77,47.46,230.09,402.1
28.37,121,magmatic,46.13,71.02,126.4,0.86,20.76,26.61,54.23,3.28,3.3,201.36,29.66,241.06,265.29
28.37,121,magmatic,32.04,131.68,213.43,3,42.74,47.64,87.15,5.94,10.99,170.51,46.23,151.22,415.35
28.37,121,magmatic,50.7,154.88,250.35,2.73,50.7,56.1,99.5,6.84,11.79,279.35,56.69,250.27,490.67
28.37,121,magmatic,53.8,109.25,195.96,1.99,29.99,41.19,88.14,3.13,6.06,282.32,46.8,282.54,411.76
28.37,121,magmatic,45.9,75.25,131.84,1.35,20.32,28.32,57.81,2.15,3.89,184.69,31.27,186.77,268.85
28.37,121,magmatic,24.05,48.25,85.43,1.18,13.61,17.45,34.64,1.71,2.03,68.17,18.7,78.48,174.23
28.37,121,magmatic,80.96,158.91,278.09,2.78,49.66,61.37,112.41,6.72,11.83,354.4,63.96,308.18,562.07
28.37,121,magmatic,38.77,86.82,147.51,1.29,25.72,32.26,68.32,2.77,5,155.87,34.79,164.74,310.95
28.37,121,magmatic,22.49,52.84,95.88,1.21,16.47,21.13,48.3,0.6,3.07,84.12,23.8,105.29,212.72
28.37,121,magmatic,56.01,73.15,129.51,1.41,20.68,27.38,57.9,7.48,5.16,185.18,29.64,191.16,281.21
28.37,121,magmatic,26.74,70.46,133.11,1.96,20.84,27.79,62.75,2.12,4.58,87.71,31.03,109.77,286.76
28.37,121,magmatic,50.82,74.37,132.59,1.33,24.5,28.97,61.05,15.72,8.07,126.37,31.41,131.21,284.37
28.37,121,magmatic,29.9,54.76,95.03,1.05,16.62,21.31,44.08,1.39,2.48,108.93,22.99,119.48,204.37
28.37,121,magmatic,47.54,72.15,123.84,1.48,21.52,26.81,53.32,1.7,3.44,191.73,28.35,184.12,249.75
28.37,121,magmatic,90.11,168.25,265.93,2.63,46.25,60.03,91.02,5.38,9.78,173.77,59.26,111.71,556.98
28.37,121,magmatic,76.4,175.26,265.68,3.62,51.24,60.19,86.48,6.5,11.44,315.83,56.5,147.05,522.32
28.37,121,magmatic,107.75,291.14,411.62,5.97,88.99,94.42,119.84,13.59,20.95,304.7,85.43,135.46,734.65
28.37,121,magmatic,73.16,141.5,226.79,1.52,38.01,50.68,76.39,3.17,7.04,156.98,48.53,109.06,431.66
28.37,121,magmatic,76.77,240.09,382.96,3.74,63.27,86.06,126.71,6.72,13.03,368.7,80.47,231.84,729.65
28.37,121,magmatic,25.57,100.91,162.11,2.56,28.36,35.77,61.14,4.3,6.45,68.62,36.12,46.14,342.54
28.37,121,magmatic,50.76,93.22,162.45,1.44,23.08,35.25,61.37,2.42,4.32,100.13,35.5,72.04,324.84
28.37,121,magmatic,65.33,130.87,241.91,1.25,28.83,50.36,88.7,3.03,5.66,186.03,53.23,162.8,492.55
28.37,121,magmatic,29.49,118.06,189.46,2.49,30.85,41.84,70.44,4.08,6.31,77.95,42.17,51.93,387.47
28.37,121,magmatic,43.1,111.42,190.04,1.85,28.32,40.76,69.97,2.79,5.44,142.2,42.85,109.39,419.27
28.37,121,magmatic,44.26,109.08,187.73,1.69,26.49,39.51,75.49,2.1,4.82,123.24,43.8,111.48,426.28
28.37,121,magmatic,59.2,190.84,280.07,3.32,58.34,64.34,86.32,6.95,9.8,154,57.21,94.2,546.58
28.37,121,magmatic,60.1,87.29,133.76,1.52,26.39,30.22,49.4,3.74,5.25,66.91,28.8,42.61,280.55
28.37,121,magmatic,30.52,117.32,183.14,2.99,30.31,41.6,64.48,3.87,7.11,93.33,41.17,67.21,409.11
28.37,121,magmatic,23.57,49.35,77.24,2.05,15.3,17.07,28.55,2.21,3.68,28.06,16.64,17.65,168.07
28.37,121,magmatic,23.53,95.7,152.17,2.53,29.18,33.9,54.91,8.39,7.16,53.65,33.18,34.17,313.6
28.37,121,magmatic,17.36,52.57,79.81,2.3,16.65,18.09,31.31,2.29,4.18,22.25,18.19,14.98,176.81
28.37,121,magmatic,39.61,63.6,93.92,2.22,20.32,21.65,33.75,3.31,4.47,66.92,20.94,42.25,212.53
28.37,121,magmatic,25,94.82,130.51,4.73,32.78,31.01,43.11,8.19,9.95,41.04,27.39,21.36,265.27
28.37,121,magmatic,24.91,106.65,149.36,5.4,40.05,35.11,52.94,7.58,10.51,47.09,30.53,24.6,301.8
28.37,121,magmatic,18.54,45.31,69.77,2,14.84,15.51,27.2,2.03,3.41,22.24,14.97,14.7,151
28.37,121,magmatic,22.83,45.56,65.56,1.78,14.32,15.45,27.13,2.97,3.58,27.94,14.82,14.35,148.25
28.37,121,magmatic,27.1,150.3,201.1,6.27,51.42,47.73,64.02,9.66,11.8,63.5,41.43,32.5,396.05
28.37,121,magmatic,22.34,62.79,100.51,1.42,16.8,22.45,38.66,1.8,3.02,51.13,23.63,38.56,221.83
28.37,121,magmatic,69.5,115.35,172.14,1.47,31.29,40.19,57.62,3.33,6.24,146.86,37.8,80.24,337.92
28.37,121,magmatic,57.3,103.04,172.01,1.14,24,36.34,62.62,1.9,4.26,133.2,38.71,104.54,378.06
28.37,121,magmatic,82.51,165.38,261.55,3.47,45.9,58.94,90.72,6.64,10.64,223.7,56.74,102.45,517.71
28.37,121,magmatic,52.88,133.37,230.3,1.83,34.5,48.34,83.5,3.71,6.79,150.91,49.42,104.09,456.85
28.37,121,magmatic,48.12,127.08,229.19,2.14,30.95,48.54,89.65,2.83,6.22,154.56,51.19,121.84,485.57
28.37,121,magmatic,23.5,60.31,104.66,1.85,17.18,22.34,41.04,2.24,3.48,41.37,23.44,31.9,233.41
28.37,121,magmatic,27.93,121.02,193.93,3.92,35.91,43.35,68.78,4.78,8.6,76.22,41.82,44.61,390.36
28.37,121,magmatic,28.03,75.28,107.19,2.8,22.48,24.46,38.57,4.89,5.63,35.8,23.96,18.68,233.42
28.37,121,magmatic,25.66,105.66,151.38,4.16,35.23,36.03,52.61,5.22,8.24,52.2,33.52,28.2,304.68
28.37,121,magmatic,28.07,89.09,128.01,3.53,30.45,29.98,46.13,5.09,6.95,42.55,27.66,21.4,255.81
28.37,121,magmatic,37.03,152.86,213.64,6.08,49.95,50.14,66.44,7.72,11.68,90.8,43.87,47.31,389.77
28.37,121,magmatic,40.16,97.39,149.13,2.62,29.14,34.34,53.55,4.8,6.17,79.86,31.78,39.3,290.97
28.37,121,magmatic,14.29,42.76,66.45,1.68,12.54,15.29,26.46,1.5,2.65,18.54,14.62,10.72,138.41
28.37,121,magmatic,51.61,106.82,174.66,1.92,25.93,40.31,67.11,2.95,4.95,184.97,37.2,139.65,359.07
28.37,121,magmatic,38.75,100.49,177.46,1.99,23.83,39.21,71.55,2.5,4.27,108.36,37.64,96.57,372.14
28.37,121,magmatic,91.47,138.06,200.01,3.11,39.25,48.72,68.75,5.5,8.61,317.02,39.95,127.21,372.64
28.37,121,magmatic,48.03,151.77,248.88,3.43,41.05,56.45,91.41,5.93,9.62,139.16,51.14,91.96,482.82
28.37,121,magmatic,46.32,93.84,167.7,1.54,21.36,36.75,65.19,1.94,3.86,171.82,34.92,137.02,350.29
28.37,121,magmatic,35.01,101.52,191.34,2.17,23.81,40.7,81.94,2.51,5.02,111.35,41.89,100.09,415.95
28.37,121,magmatic,55.48,117.08,190.74,2.65,32.68,43.68,74.37,5.14,7.28,86.82,39.63,58.38,378.44
28.37,121,magmatic,88.89,128.27,225.24,2.58,35.1,50.33,91.18,15.95,10.14,126.17,47.64,84.57,472
28.37,121,magmatic,76.66,127.42,215.29,2.37,34.27,49.15,83.75,3.88,7.2,115.22,44.48,79.71,413.19
28.37,121,magmatic,86.26,122.42,189.84,2.36,39.97,44.9,72.29,5.05,8.5,153.6,38.75,75.15,353.57
28.37,121,magmatic,79.95,144.42,250.64,1.29,34.01,56.46,92.18,2.27,5.68,369.01,52.68,286.37,473.12
28.37,121,magmatic,34.92,82.53,137.91,2.93,24.58,31.19,56.91,3.29,5.34,65.79,28.51,39.65,282.61
28.37,121,magmatic,19.89,69.88,101,4.18,23.39,24.41,37.71,4.65,7.7,28.95,19.76,15.48,191.16
28.37,121,magmatic,23.27,52.18,81.9,2.2,15.85,19.08,33.04,2.19,3.52,31.91,17.13,21.72,164.94
28.37,121,magmatic,24.98,53.43,88.76,2,16.56,20.22,37.37,2.66,3.27,31.83,18.22,22.94,170.49
28.37,121,magmatic,23.86,59.1,108.11,1.24,15.9,23.71,42.77,1.5,2.82,61.01,23.34,51.72,209.19
28.37,121,magmatic,71.18,151.65,254.99,4.12,40.71,57.53,94.11,5.87,9.1,259.75,53.03,103.49,477.16
28.37,121,magmatic,82.91,126.46,194.82,2.84,36.05,45.71,68.33,5.18,8.56,201.33,38.98,95.8,347.21
28.37,121,magmatic,38.96,72.82,126.05,1.21,18.53,27.7,49.4,2.3,3.58,97.37,26.77,76.13,252.18
28.37,121,magmatic,32.7,85.79,156.3,1.6,20.69,33.18,65.85,2.21,4.61,133.97,34.37,103.02,321
28.37,121,magmatic,20.06,54.83,96.41,1.45,15.09,21.21,40,1.81,2.9,41.19,20.63,36,196.36
28.37,121,magmatic,77.74,167,277.43,4.01,44.93,63,100.84,5.34,8.45,324.63,55.96,147.57,503.67
28.37,121,magmatic,45.39,133.16,212.98,3.29,40.28,48.8,79.68,15.54,8.91,121.66,42.79,92.21,399.03
28.37,121,magmatic,36.97,90.95,147.74,2.43,26.98,35.15,59.67,4.3,6.76,174.7,31.17,155.86,288.95
28.37,121,magmatic,19.41,48.01,79.28,1.76,15.59,18.33,33.58,2.62,3.83,27.28,17.09,19.53,161.22
28.37,121,magmatic,31.1,69.02,115.49,2.13,18.98,25.51,47.64,2.76,4.68,48.11,24.81,34.61,232.12
28.37,121,magmatic,22.08,96.12,145.16,3.46,32.44,35.15,49.85,5.6,7.32,51.57,29.31,31.85,264.61
28.37,121,magmatic,23,91.74,140.17,3.18,28.43,32.82,51.89,4.19,6.83,54.79,28.48,32.95,257.26
28.37,121,magmatic,24.68,78,127.46,3.13,25.09,28.43,50.61,4.6,6.1,50.1,26.16,26.97,239.12
28.37,121,magmatic,50.4,111.56,160.69,3.85,41.77,38.89,59.45,8.25,10.09,76.99,31.51,39.41,290.61
28.37,121,magmatic,21.53,90.82,134.68,4.43,32.29,31.73,50.71,6.44,7.87,44.63,26.74,23.81,240.66
28.37,121,magmatic,58.65,174.99,245.42,4.93,59.44,58.11,81.09,9.58,13.32,129.48,52.04,58.11,475.76
28.37,121,magmatic,77.72,178.38,265.9,3.16,53.6,61.58,88.64,6.42,11.54,157.69,56.71,75.66,508.17
28.37,121,magmatic,36.31,145.81,263.95,1.4,29.35,55.77,109.37,2.08,4.85,113.63,62,281.29,572.23
28.37,121,magmatic,23.3,124.7,167.52,5.53,43.08,39.61,54.37,7.91,10.87,49.45,35.24,24.75,325.67
28.37,121,magmatic,33.68,104.33,157.9,3.22,29.61,36.27,53.48,4.8,6.65,72.22,33.83,48.64,318.95
28.37,121,magmatic,17.91,47.6,70.8,1.67,15.42,16.06,26.63,2,3.08,23.41,16.41,13.33,144.78
28.37,121,magmatic,139.73,284.85,409.28,7.48,89.74,97.09,126.9,17.54,20.78,312.84,86.31,124,768.98
28.37,121,magmatic,15.56,57.86,88.48,2.2,19.68,19.83,33.4,2.17,4.11,21.65,19.15,13.04,183.74
28.37,121,magmatic,9.96,31.8,48.2,1.25,10.02,11.05,18.62,0.95,1.94,25.13,10.57,11.99,103.05
28.37,121,magmatic,16.4,94.97,127.64,4.9,31.7,30.49,43.75,6.7,8.32,32.84,27.08,16.38,236.64
28.37,121,magmatic,31.52,171.52,239.51,6.48,56.39,57.8,80.81,8.83,13.23,82.82,50.05,35.94,435.65
28.37,121,magmatic,30.31,134.72,194.73,5.79,47.28,45.7,66.93,8.97,11.53,62.86,40.01,25.55,352.83
28.37,121,magmatic,13.98,53.43,84.83,2.49,16.92,19.35,33.84,2.29,4.3,20.29,19.56,13.08,183.59
28.37,121,magmatic,32.39,90.94,132.47,3.28,29.17,30.87,47.16,4.71,7.05,51.02,29,27.28,267.89
28.37,121,magmatic,24.98,106.13,153.54,4.11,35.48,36.04,51.09,6.05,8.8,51.09,33,30.3,306.46
28.37,121,magmatic,122.5,177.74,290.46,3.94,45.74,67.21,108.66,6.73,10.84,297.6,60.23,135.77,573.53
28.37,121,magmatic,90.99,140.84,219.77,1.93,37.44,52.31,75.53,4.72,7.72,194.62,44.24,132.79,422.78
28.37,121,magmatic,79.21,144.47,218.33,4.28,40.41,53.29,76.61,6.03,8.72,225.32,44.03,88,409.67
28.37,121,magmatic,53.66,96.18,160.57,2.18,25.36,35.94,61.49,3.02,5.79,154.96,33.25,99.4,328.26
28.37,121,magmatic,60.46,103.58,184.5,1.13,21.98,41.24,73.06,1.77,3.93,180.58,39.49,157.11,377.9
28.37,121,magmatic,41.82,74.78,122.88,1.67,20.45,28.47,47.33,2.5,4.48,101.66,25.55,74.07,255.23
28.37,121,magmatic,32.79,55.55,97.47,0.57,12.79,21.81,42.44,1.25,2.25,83.38,21.99,84.07,218.45
28.37,121,magmatic,121.82,178.87,294.11,3.78,48.02,67.56,105.21,5.98,10.53,346.77,58.75,156.75,552.41
28.37,121,magmatic,31.87,68.45,114.45,1.26,18.52,25.93,46.25,1.7,3.36,68.44,24.35,56.76,238.57
28.37,121,magmatic,84.74,141.98,239.65,2.37,33.52,54.46,90.68,4.25,7.48,235.31,49.26,136.3,473.13
28.37,121,magmatic,54.41,146.9,224.75,3.18,42.75,53.56,80.28,6.18,9.6,134.88,46.05,91.16,425.93
28.37,121,magmatic,57.45,114.6,191.25,2.58,29.8,44.2,75.8,3.19,6,155.41,40.48,103.64,387.55
28.37,121,magmatic,86.23,149.63,256.8,2.3,37.19,58.4,99.84,4.51,7.87,148.87,54.06,120.46,513.34
28.37,121,magmatic,103.47,193.04,296.14,2.8,48.62,70.4,95.11,5.88,10.38,430.57,58.83,213.91,535.85
28.37,121,magmatic,72.42,221.09,295.03,7.47,82.67,75.85,93.61,10.14,19.2,173.37,57.15,75.37,490.2
28.37,121,magmatic,16.34,30.32,56.53,0.34,8.24,11.88,26.04,0.25,1.19,93.21,12.57,147.77,123.26
28.37,121,magmatic,48.86,175.05,262.1,3.42,49.8,62.39,91.89,6.47,11.21,201.44,52.46,140.51,477.05
28.37,121,magmatic,39.69,64.83,105.36,1.89,17.56,23.56,42.63,2.57,4.28,64.87,22.08,43.53,214.94
28.37,121,magmatic,35.69,119.26,164.57,5.41,42.67,41.03,56.78,8.03,11.88,66.03,31.74,31.68,303.55
28.37,121,magmatic,30.33,48.27,78.85,1.19,13.52,17.84,32.52,1.66,3.18,35.9,16.29,27.23,165.27
28.37,121,magmatic,25.97,76.28,123.21,2.88,25.43,29.19,52.38,4.81,5.51,45.98,25.54,31.12,241.02
28.37,121,magmatic,48.68,90.75,154.72,1.61,22.1,34.37,60.69,1.71,4.76,77.96,32.44,65.47,318.99
28.37,121,magmatic,84.9,117.47,180.66,2.95,34,43.36,64.81,5.13,8.86,227.4,35.88,101.12,335.35
28.37,121,magmatic,95.44,167.86,251.47,4,49.81,60.4,87.08,7.69,11.8,204.74,50.53,102.82,476.17
28.37,121,magmatic,90.55,152.28,265.66,3.37,39.78,59.8,101.76,4.88,8.53,209.38,54.99,120.47,532.59
28.37,121,magmatic,39.01,83.32,139.67,2.1,21.81,31.68,52.58,2.5,5.2,92.08,29.44,67.36,288.04
28.37,121,magmatic,62.62,99.1,171.28,1.3,23.65,38.15,66.67,2.12,4.41,149.12,37.03,128.28,356.76
28.37,121,magmatic,65.85,105.82,173.55,1.54,25.14,39.74,64.42,2.45,5.02,178.23,35.97,139.11,352.66
28.37,121,magmatic,180.2,271.65,380.68,2.61,76.53,95.14,114.73,7.47,16.27,567.92,72.87,234.55,642.98
28.37,121,magmatic,137.93,376.42,503.54,13.46,127.49,126.44,155.47,19.25,29.9,488.55,93.23,138.64,838.41
28.37,121,magmatic,49.37,91.95,148.15,3.56,28.37,34.2,54.77,4.4,6.05,186.48,28.92,69.85,266.16
28.37,121,magmatic,72.33,184.06,275.9,4.27,55.83,66.04,95.34,6.19,11.01,165.48,54.18,97.79,485.05
28.37,121,magmatic,24.65,54.89,88.58,1.81,15.57,20.16,35.19,2.03,3.57,29.53,18.59,21.72,182.65
28.37,121,magmatic,21.17,78.97,114.08,3.99,26.79,27.77,41.18,5.78,6.96,38.42,22.9,20.53,213.86
28.37,121,magmatic,19.26,54.88,90.44,2.27,16.46,20.64,38.38,2.38,4.06,25.34,19.12,18.8,186.97
28.37,121,magmatic,18.44,60.8,88.15,3.33,20.76,20.89,34.65,3.83,4.32,25.58,17.39,14.97,162.95
28.37,121,magmatic,58.5,128.31,199.55,4.27,40.52,46.45,73.11,5.2,8.7,156.06,39.98,68.36,357.32
28.37,121,magmatic,33.19,60.31,97.97,2.32,19.58,22.84,38.61,2.45,3.66,69.18,19.62,42.19,188.58
25.5,117.67,magmatic,32.2,228.73,329.85,0.25,53.43,77.9,92.33,4.58,9.43,143.63,70.91,221.28,634.49
25.5,117.67,magmatic,21.07,206.12,300,0.19,50.31,70.38,84.05,5.37,10.79,113.98,63.48,179.87,565.5
25.5,117.67,magmatic,20.93,152.62,233.01,0.09,31.13,54.15,71.41,2.48,4.96,100.94,52.82,164.28,483.46
25.5,117.67,magmatic,23.11,253.01,376.4,0.27,63.6,87.3,99.99,5.59,12.72,158.02,76.4,223.36,704.86
25.5,117.67,magmatic,26.38,206.97,313.05,0.23,46.76,71.79,86.78,3.68,8.55,138.89,66.17,214.57,584.56
25.5,117.67,magmatic,23.52,148.84,233.99,0.17,34.3,52.78,71.79,2.47,5.38,113.33,50.9,182.86,452.29
25.5,117.67,magmatic,25.52,311.3,457.79,0.27,74.4,108.15,123.62,7.99,13.51,183.46,97.27,248.41,797.87
25.5,117.67,magmatic,27.58,179.18,276.65,0.18,40.8,62.11,83.9,2.86,6.38,120.66,59.06,187.08,513.79
25.5,117.67,magmatic,31.99,354.77,539.51,0.44,87.31,124.68,144.57,11.99,16.51,243.04,109.5,315.84,918
25.5,117.67,magmatic,26.59,159.89,245.29,0.16,35.3,55.54,73.31,2.56,6.08,146.61,51.88,205.65,454.95
25.5,117.67,magmatic,23.65,342.99,531.59,0.25,80.38,122.52,146.69,6.9,14.92,229.17,108.28,313.74,913.49
25.5,117.67,magmatic,32.95,292.81,440.76,0.32,66.45,103.4,122.87,10.67,13.54,184.1,91.87,270.21,781.8
25.5,117.67,magmatic,27.81,183.27,282.6,0.13,40.48,64,84.28,2.58,7.28,128.35,59.81,193.08,528.94
25.5,117.67,magmatic,24.05,283.83,406.75,0.28,68.45,96.32,108.29,7.15,12.8,151.23,84.59,201.66,728.87
25.5,117.67,magmatic,24.04,209.45,304.13,0.23,57,73.31,82.59,4.81,10.83,130.91,64.12,167.49,569.84
25.5,117.67,magmatic,24.67,114.21,171.72,0.21,28.27,39.14,51.54,1.54,4.82,94.63,37.19,169.99,346.47
25.5,117.67,magmatic,28.85,138.4,202.75,0.13,30,47.18,60.95,2.32,5.93,111.29,44.06,213.5,417.7
25.5,117.67,magmatic,22.93,125.71,188.48,0.1,29.01,42.42,57.89,3.04,6.21,80.96,40.14,160.32,385.25
25.5,117.67,magmatic,23.91,125.74,193.23,0.08,27.56,43.77,58.38,2.53,5.06,102.75,41.24,194.57,387
25.5,117.67,magmatic,26.59,123.67,189.25,0.16,30.53,44.95,55.91,2.48,6,114.61,41.58,233.11,393.61
25.5,117.67,magmatic,21.72,229.08,329.57,0.25,56.23,78.22,93.06,4.82,11.09,141.43,69.24,245.71,631.01
25.5,117.67,magmatic,19.97,133.02,201.35,0.17,32.5,45.77,59.84,2.7,6.26,85.71,43.26,175.62,404.84
25.5,117.67,magmatic,21.17,132.86,208.02,0.07,27.39,45.91,65.89,1.63,4.87,85.33,44.63,193.9,406.39
25.5,117.67,magmatic,27.97,153.62,231.14,0.15,37.13,53.69,65.1,3.48,6.01,142.45,48.92,273.33,473.16
25.5,117.67,magmatic,17.06,190.98,276.37,0.18,49.8,63,75.91,5.09,11.3,112.14,56.14,195.44,529.8
25.5,117.67,magmatic,51.8,236,325.97,0.48,64.4,77.47,94.05,8.81,13.5,184.1,66.53,187.7,613.26
25.5,117.67,magmatic,20.2,197.71,284.97,0.24,46.5,67.06,78.62,5.15,9.62,133.7,61.1,240.88,558.95
25.5,117.67,magmatic,34.36,171.8,260.89,0.13,39.81,58.62,73.07,2.54,6.34,245.78,54.26,361.33,483.92
25.5,117.67,magmatic,18.8,227.46,333.28,0.14,47.6,78.24,89.84,4.24,9.38,135.22,66.9,212.48,600.72
25.5,117.67,magmatic,22.2,185,278.09,0.19,48,71.51,73.58,5.27,10.9,116,59.19,208.82,585
25.5,117.67,magmatic,26.45,132.02,200.2,0.14,32.16,45.89,61.02,2.41,6.04,113.49,43.53,214.63,407.12
25.5,117.67,magmatic,26.2,128.23,202.91,0.48,30.86,44.9,69.58,2.26,5.26,103.67,45.49,121.38,408.72
25.5,117.67,magmatic,17.1,119.12,178.41,1.27,33.74,41.63,56.43,3.74,6.82,65.48,38.21,69.33,339.4
25.5,117.67,magmatic,32.39,256.03,361.82,2.29,69.29,85.77,108.39,12.08,15.74,155.92,76.41,125.6,679.91
25.5,117.67,magmatic,20.42,130.14,205.14,0.74,33.14,45.07,70.42,2.54,5.69,79.21,45,88.58,408.19
25.5,117.67,magmatic,31.63,138.66,215.92,1.14,37.27,49.65,72.12,10.95,9.7,94.02,47.04,93.13,419.8
25.5,117.67,magmatic,16.67,143.78,216.69,1.71,38.39,47.75,68.28,4.02,8.33,60.95,43.96,62.63,418.32
25.5,117.67,magmatic,23.92,114.03,179,1.11,32.68,40.75,60.62,7.54,5.72,65.88,38.33,74.18,355.14
25.5,117.67,magmatic,60.26,132.91,203.79,1.1,36.23,45.47,69.99,26.73,11.65,112.03,44.18,120.05,402.96
25.5,117.67,magmatic,35.52,146.04,238.15,1.12,35.83,53.47,86.78,3.72,6.57,143,53.45,111.43,511.75
25.5,117.67,magmatic,15.21,182.18,267.09,1.34,49.6,61.83,82.96,6.54,10.12,83.4,54.1,85.94,471.08
25.5,117.67,magmatic,10.29,148.65,219.94,1.6,40.65,51.66,71.79,5.27,8.51,48.16,45.28,61.37,403.69
25.5,117.67,magmatic,19.71,100.36,160.24,1.08,23.93,35.81,54.63,1.94,3.57,51.52,34.93,50.52,316.34
25.5,117.67,magmatic,33.02,114.82,174.96,0.76,30.8,38.81,57.74,13.58,7.11,74.23,38.15,81.42,334.77
25.5,117.67,magmatic,22.91,106.15,161.37,1.19,28.43,36.49,56.06,8.85,6.05,41.75,34.87,49.31,318.79
25.5,117.67,magmatic,14.1,87.1,136.54,0.67,20.24,30.01,46.04,1.75,3.8,38.28,30.27,45.64,276.67
25.5,117.67,magmatic,13.08,93.89,142.18,0.73,21.2,32.37,49.35,2.08,4.64,39.98,33.15,50.24,306.76
25.5,117.67,magmatic,30.5,215.85,298.79,3.08,63.27,73.18,90.68,6.07,9.61,121.99,62.77,82.81,566.9
25.5,117.67,magmatic,16.72,86.7,129.6,1.08,24.08,29.2,46.02,2.6,4.14,34.47,28.25,35.9,268.71
25.5,117.67,magmatic,16.82,79.74,121.87,1.15,21.87,27.8,42.27,2.94,4.37,34.84,25.47,35.54,251.26
25.5,117.67,magmatic,17.87,118.38,168.55,2.59,36.48,40.01,52.89,4.88,8.46,48.92,35.72,35.99,337.96
25.5,117.67,magmatic,18,107.02,142.36,2.31,29.57,33.95,43.97,3.9,6.59,39.3,30.06,39.3,284.98
25.5,117.67,magmatic,13.67,72.67,112.04,0.96,19.32,24.35,38.13,2.19,3.83,25.71,23.56,29.28,236.89
25.5,117.67,magmatic,17.33,92.5,144.67,1.47,26.2,32.03,47.93,2.61,4.92,38.52,30.96,37.32,291.46
25.5,117.67,magmatic,40.8,214.58,317.59,2.26,59,74.13,98.97,10.2,14.84,127.88,65.87,93.78,603.99
25.5,117.67,magmatic,17.1,57.55,90.66,0.83,14.59,19.85,32.15,1.82,3.62,27.38,20.14,33.14,192.3
25.5,117.67,magmatic,16.84,125.68,177.02,2.34,38.28,41.15,57.06,6.1,9.57,48.04,37.15,44.81,346.71
25.5,117.67,magmatic,13.01,72.4,105.31,1.05,19.88,23.62,36.88,2.57,4.05,24.78,23.16,26.79,227.66
25.5,117.67,magmatic,16.31,128.24,179.51,2.27,38.29,41.83,55.76,4.74,8.55,44.35,37.22,38.43,336.92
25.5,117.67,magmatic,16.88,122.23,169.72,2.2,36.48,40.22,52.18,5.73,9.15,42.26,34.97,39.63,333.3
25.5,117.67,magmatic,18.21,81.01,123.66,1.22,21.02,27.14,42.28,2.62,5.2,37.5,26.6,40.74,255.32
25.5,117.67,magmatic,15.96,85.61,127.39,1.31,24.69,28.69,42.42,3.05,5.24,34.49,27.79,33.53,265.83
25.5,117.67,magmatic,65.82,177.01,256.52,1.54,54.3,60.36,80.88,8.18,11.43,106.04,53.77,57.11,500.71
25.5,117.67,magmatic,79.46,439.15,580.51,1.64,139.81,142.34,162.59,18.08,28.65,235.91,116.76,145.9,994.76
25.5,117.67,magmatic,61.7,250.64,359.06,0.46,67.11,85.83,100.63,29.01,16.71,158.04,73.09,187.46,621.89
25.5,117.67,magmatic,104.6,323.38,468.77,0.8,86.4,112.13,133.87,15.96,19.3,471.64,96.42,289.27,857.81
25.5,117.67,magmatic,101.72,540.13,741.51,1.22,163.49,179.8,209.68,20.88,32.23,471.63,146.3,278.7,1234.31
25.5,117.67,magmatic,40.9,145.04,216.46,0.32,38.04,49.84,67.73,4.19,7.7,135,48.24,152.01,452.88
25.5,117.67,magmatic,83.57,253.51,342,1.44,75.78,84.11,104.65,12.66,17.18,204.07,74.77,131.61,656.67
25.5,117.67,magmatic,51.7,88.81,129.48,0.78,28.92,30.13,46.01,3.54,6.66,43.5,28.79,27.72,270.6
25.5,117.67,magmatic,33.54,76.6,115.03,0.74,23.33,26.83,40.06,3.32,5.81,24.97,24.81,14.41,228.78
25.5,117.67,magmatic,12.43,69.75,98.66,2.23,20.8,22.28,33.88,2.34,4.71,15.94,21.11,10.54,199.24
25.5,117.67,magmatic,43.57,89.79,129.23,0.9,31.99,29.82,47.29,5.18,7.64,34.09,27.98,17.2,253.08
25.5,117.67,magmatic,57.12,84.07,118.32,0.66,28.3,27.79,43.29,4.17,6.59,35.1,26.11,22.26,239.91
25.5,117.67,magmatic,13.05,45.81,71.9,0.92,12.59,16.32,27.46,1.47,2.27,11.15,16.07,8.84,152.83
25.5,117.67,magmatic,12.76,54.74,84.46,1.01,15.95,18.95,30.67,1.6,3.26,12.83,18.35,10.73,169.56
25.5,117.67,magmatic,23.69,73.95,103.48,1.71,23.23,24.88,35.2,3.68,5.61,24.18,22.66,13.2,223.93
25.5,117.67,magmatic,26.13,80.11,125.16,0.75,22.55,28.04,42.69,2.71,4.87,28.3,27.46,21.88,257.78
25.5,117.67,magmatic,30.17,191.87,272.79,2.12,52.33,65.13,88.75,8.5,10.41,226.88,61.56,121.81,557.19
25.5,117.67,magmatic,29.78,129.44,199.43,1.77,33.81,44.35,74.64,4.83,7.7,260.09,46.39,139.71,450.2
25.5,117.67,magmatic,58.08,270.18,411.95,2.68,69.36,93.43,134.8,8.63,13.12,1064.7,94.56,412.02,858.88
25.5,117.67,magmatic,20.76,85.68,133.58,0.91,26.91,30.52,47.88,3.35,5.86,23.14,28.65,19.49,274.56
25.5,117.67,magmatic,24.63,206.41,285.12,3.56,63.34,68.08,88.82,10.49,14.29,131.11,58.6,62.56,514.17
25.5,117.67,magmatic,26.73,212.06,297.24,3.42,63.33,71.32,92.37,12.37,14.2,170.4,61.38,84.48,579.59
25.5,117.67,magmatic,20.37,116.98,169.13,1.91,35.48,39.21,57.8,6.13,8.31,75.99,37.07,43.37,320.7
25.5,117.67,magmatic,25.62,265.86,371.42,4.36,85.8,87.68,113.83,13.61,18.19,182.06,74.47,84.49,651.08
25.5,117.67,magmatic,26.22,256.47,366.01,3.83,79.64,87.76,116.21,13.87,16.51,221.52,73.71,110.8,650.61
25.5,117.67,magmatic,28.08,214.76,311.55,3.39,66.2,72.97,97.52,12.87,15.51,184.45,63.34,94.46,552.94
25.5,117.67,magmatic,44.87,421.31,623.08,4.12,119.85,144.39,193.2,13.36,20.54,694.12,129.54,307.34,1114.52
25.5,117.67,magmatic,25.7,183.3,262.1,3.12,60.31,63.33,85.23,13.68,15.47,123.46,53.92,65.89,469.51
25.5,117.67,magmatic,21.9,221.49,307.13,3.77,71.04,72.61,95.87,9.66,15.02,167.76,63.01,66.92,544.49
25.5,117.67,magmatic,13.3,48.99,73.88,1.54,14.82,17.02,26.88,1.42,2.72,13.32,15.69,8.91,151.4
50.5,-68.95,magmatic,13,142,189,0.42,40,48,56,2.47,7.53,311,36,518,302
50.5,-68.95,magmatic,6.69,74,113,0.2,18,27,40,1.31,3.41,136,24,378,208
50.5,-68.95,magmatic,7.5,56,74,0.34,19,19,28,7.68,7.74,207,16,497,140
50.5,-68.95,magmatic,4.16,28,41,0.09,7.68,9.86,16,0.6,1.6,126,8.87,370,81
50.5,-68.95,magmatic,6.92,88,125,0.23,22,31,40,1.3,4.12,166,25,442,213
50.5,-68.95,magmatic,7.74,98,146,0.29,25,35,50,1.74,4.85,179,30,464,260
50.5,-68.95,magmatic,33,112,135,0.9,46,36,39,44,28,400,26,903,212
50.5,-68.95,magmatic,22,105,130,0.71,38,34,39,29,19,373,25,821,207
50.5,-68.95,magmatic,3.03,86,107,0.15,22,28,32,1.08,3.68,172,21,609,169
50.5,-68.95,magmatic,4.54,42,64,0.1,10,15,23,0.67,1.76,76,13,271,117
50.5,-68.95,magmatic,13,129,26,0.36,34,45,56,1.9,6.3,278,35,530,297
50.5,-68.95,magmatic,3.73,72,108,0.16,17,26,38,1.01,3.02,91,22,409,196
50.5,-68.95,magmatic,2.79,85,123,0.16,18,30,42,0.91,3.09,87,25,445,217
50.5,-68.95,magmatic,15,180,227,0.86,59,58,68,6.25,14,417,44,675,361
50.5,-68.95,magmatic,3.13,31,45,0.08,7.56,11,17,0.52,1.43,84,9.31,302,85
50.5,-68.95,magmatic,6.83,87,120,0.23,24,30,44,1.53,4.5,233,25,696,219
50.5,-68.95,magmatic,20,214,245,0.84,72,66,68,5.02,15,820,46,1374,369
50.5,-68.95,magmatic,5.39,51,72,0.16,14,18,27,0.96,2.7,190,15,507,138
50.5,-68.95,magmatic,6.5,63,83,0.19,18,21,28,1.14,3.41,255,17,707,145
50.5,-68.95,magmatic,5.67,110,141,0.41,28,37,39,3.57,5.83,172,27,628,217
50.5,-68.95,magmatic,19,112,148,0.9,34,37,46,14,11,225,29,524,244
50.5,-68.95,magmatic,4.09,33,50,0.09,8,12,20,0.66,1.69,131,11,384,100
50.5,-68.95,magmatic,5.51,76,108,0.16,18,26,36,1.01,3.28,134,22,417,188
50.5,-68.95,magmatic,13,124,170,0.41,33,43,52,2.23,6.32,290,33,496,277
50.5,-68.95,magmatic,2.46,75,105,0.13,16,26,34,0.79,2.68,80,21,440,181
50.5,-68.95,magmatic,7.44,88,129,0.23,21,31,43,1.51,4.02,163,26,447,226
50.5,-68.95,magmatic,15,40,50,1.12,24,12,19,26,19,500,10,349,94
50.5,-68.95,magmatic,1.76,32,48,0.07,7,12,17,0.44,1.26,40,9.93,246,86
50.5,-68.95,magmatic,16,167,206,0.87,56,53,60,9.21,15,400,39,602,325
50.5,-68.95,magmatic,7.74,77,112,0.25,20,27,38,1.39,4.05,165,23,349,198
50.5,-68.95,magmatic,7.31,66,91,0.23,19,22,34,1.71,4.02,222,19,564,169
50.5,-68.95,magmatic,6.96,54,65,0.56,16,17,19,8.89,5.93,128,13,428,105
50.5,-68.95,magmatic,5.81,41,58,0.14,11,14,22,0.79,2.25,194,12,504,109
50.5,-68.95,magmatic,6.89,70,93,0.19,20,23,32,1.11,3.96,267,19,756,164
50.5,-68.95,magmatic,2.11,60,81,0.1,15,20,28,0.79,2.52,114,16,466,143
50.5,-68.95,magmatic,4.13,79,106,0.18,20,27,34,1.54,3.96,181,21,604,181
50.5,-68.95,magmatic,7.47,90,118,0.21,25,30,37,1.45,4.75,238,23,729,197
50.5,-68.95,magmatic,5.2,98,144,0.19,23,35,48,1.17,3.73,136,29,493,253
50.5,-68.95,magmatic,14,222,270,0.69,68,71,77,4.68,15,402,51,819,414
50.5,-68.95,magmatic,10,117,224,0.24,22,48,92,2.49,3.71,122,50,562,463
50.5,-68.95,magmatic,10,100,192,0.24,18,41,80,2.63,3.04,105,43,506,402
50.5,-68.95,magmatic,136,103,187,0.49,23,41,74,41,9.26,155,41,556,374
50.5,-68.95,magmatic,30,93,175,0.28,18,38,72,8.12,3.78,100,39,385,360
50.5,-68.95,magmatic,7.68,107,205,0.22,19,44,85,0.68,2.62,122,46,547,422
50.5,-68.95,magmatic,7.97,79,144,0.19,15,32,58,0.7,2.45,115,32,479,292
50.5,-68.95,magmatic,9.15,174,330,0.36,31,71,128,0.95,4.02,170,74,668,672
50.5,-68.95,magmatic,7.97,108,195,0.25,21,43,78,1.81,3.47,112,43,489,390
50.5,-68.95,magmatic,3.66,31,64,0.06,4.82,13,29,0.25,0.65,31,15,176,141
50.5,-68.95,magmatic,12,94,178,0.27,18,38,73,3.6,3.73,98,39,445,366
50.5,-68.95,magmatic,15,145,265,0.35,29,58,105,1.37,4.54,244,58,897,538
50.5,-68.95,magmatic,6.26,110,214,0.22,19,46,89,0.68,2.58,117,48,540,444
50.5,-68.95,magmatic,6.46,112,220,0.22,20,46,91,0.69,2.65,118,49,537,455
50.5,-68.95,magmatic,5.1,44,94,0.05,6.46,19,43,0.31,0.74,54,22,301,207
50.5,-68.95,magmatic,32,118,198,0.57,29,45,74,12,7.95,141,42,462,375
50.5,-68.95,magmatic,13,125,220,0.32,27,49,83,1.37,4.49,214,47,777,423
50.5,-68.95,magmatic,12,96,174,0.27,19,38,68,1.61,3.33,147,38,547,349
50.5,-68.95,magmatic,23,104,194,0.32,21,42,79,6.76,4.61,112,43,483,398
50.5,-68.95,magmatic,7.9,105,205,0.23,19,43,87,1.67,2.91,107,46,514,431
50.5,-68.95,magmatic,7.25,100,194,0.2,18,41,83,1.32,2.52,100,43,486,409
50.5,-68.95,magmatic,9.1,148,258,0.37,30,58,96,1.23,4.69,155,55,568,500
50.5,-68.95,magmatic,6.06,99,191,0.19,17,41,80,0.63,2.43,98,43,484,398
50.5,-68.95,magmatic,8.05,88,160,0.21,17,35,63,1.19,2.63,104,35,382,323
50.5,-68.95,magmatic,13,95,168,0.26,19,37,65,2.57,3.55,150,37,561,335
50.5,-68.95,magmatic,13,105,188,0.29,22,42,73,1.54,3.62,162,41,577,369
50.5,-68.95,magmatic,6.37,88,166,0.19,16,36,68,0.59,2.13,89,37,345,342
50.5,-68.95,magmatic,5.39,83,164,0.16,14,35,71,0.47,1.99,76,38,414,356
50.5,-68.95,magmatic,11,171,278,0.42,36,64,96,1.19,5.2,189,58,550,504
50.5,-68.95,magmatic,7.76,101,195,0.2,18,41,81,0.66,2.48,115,43,464,403
50.5,-68.95,magmatic,7.07,105,206,0.22,18,44,88,0.67,2.47,106,47,498,436
50.5,-68.95,magmatic,7.69,105,209,0.2,18,44,91,0.76,2.39,104,47,476,447
50.5,-68.95,magmatic,6.24,97,188,0.19,17,40,78,0.55,2.34,96,42,489,393
50.5,-68.95,magmatic,6.72,107,205,0.22,19,44,85,0.62,2.42,111,46,545,426
50.5,-68.95,magmatic,11,76,141,0.18,14,31,57,2.67,2.48,96,31,378,287
50.5,-68.95,magmatic,12,81,146,0.28,15,32,60,2.61,2.69,82,33,311,299
50.5,-68.95,magmatic,12,119,225,0.49,21,48,94,2.86,3.63,114,50,528,471
50.5,-68.95,magmatic,12,204,330,0.58,46,77,117,1.97,7.78,235,68,705,604
50.5,-68.95,magmatic,5.3,58,117,0.11,9.58,25,52,0.4,1.25,60,27,280,257
50.5,-68.95,magmatic,5.05,57,111,0.11,9.95,23,47,0.39,1.38,58,25,255,232
50.5,-68.95,magmatic,19,111,199,0.27,22,44,79,5.89,4.29,123,44,491,403
50.5,-68.95,magmatic,19,200,322,0.61,46,75,113,5.84,8.84,230,67,676,585
50.5,-68.95,magmatic,11,107,196,0.26,21,43,75,0.97,3.28,159,42,565,387
50.5,-68.95,magmatic,7.83,129,247,0.26,23,53,101,0.87,3.1,138,55,611,503
50.5,-68.95,magmatic,3.33,34,55,0.08,7.76,13,21,0.52,1.47,38,12,164,107
50.5,-68.95,magmatic,6.07,85,133,0.22,21,31,48,1.47,4.04,90,28,332,244
50.5,-68.95,magmatic,2.4,14,29,0.04,2.31,5.8,16,0.18,0.32,15,6.98,206,71
50.5,-68.95,magmatic,6.32,98,155,0.25,24,36,55,1.8,4.83,105,32,392,281
50.5,-68.95,magmatic,18,135,199,0.75,40,48,67,13,12,236,40,741,349
50.5,-68.95,magmatic,18,135,199,0.75,40,48,67,13,12,236,40,741,349
50.5,-68.95,magmatic,10,110,167,0.46,29,40,58,8.6,7.76,124,34,409,299
50.5,-68.95,magmatic,8.53,112,155,0.42,33,39,50,4.3,7.72,119,31,371,264
50.5,-68.95,magmatic,5.05,73,117,0.18,17,27,43,1.06,3.1,70,24,305,220
50.5,-68.95,hydrothermal,644,140,196,0.82,45,49,63,179,24,167,39,469,331
50.5,-68.95,magmatic,7.6,83,132,0.2,20,31,48,2.26,3.66,79,28,331,246
50.5,-68.95,magmatic,5.16,72,114,0.2,17,27,42,1.38,3.02,68,24,291,215
50.5,-68.95,magmatic,51,144,191,1.51,59,48,63,51,35,145,38,467,332
50.5,-68.95,magmatic,6.85,67,106,0.21,16,25,39,3.26,3.8,65,22,267,198
50.5,-68.95,magmatic,6.83,103,157,0.26,26,38,55,2.32,5.22,106,33,398,282
50.5,-68.95,magmatic,15,118,175,0.67,33,42,59,10,8.69,138,35,434,308
50.5,-68.95,magmatic,2.73,20,37,0.06,3.95,8.13,16,0.31,0.59,23,8.18,148,79
50.5,-68.95,magmatic,6.77,109,169,0.3,27,40,60,1.78,5.09,119,35,432,309
50.5,-68.95,magmatic,11,106,159,0.67,30,38,55,8.42,8.89,115,33,396,287
50.5,-68.95,magmatic,9.62,82,127,0.3,20,30,46,4.33,4.57,80,26,332,235
50.5,-68.95,magmatic,8.04,83,131,0.32,20,31,46,2.89,4.01,84,27,344,241
50.5,-68.95,magmatic,6,58,88,0.17,15,21,32,1.42,3.06,87,18,334,160
50.5,-68.95,magmatic,14,102,159,0.53,27,38,56,7.81,6.49,108,33,398,289
50.5,-68.95,magmatic,8.69,133,202,0.41,35,48,71,3.64,7.4,152,42,502,363
50.5,-68.95,magmatic,5.56,66,100,0.16,16,24,35,0.87,2.82,73,20,235,180
50.5,-68.95,magmatic,7.07,81,127,0.28,20,30,45,3.11,4.57,79,26,322,232
50.5,-68.95,magmatic,9.04,141,183,0.47,43,47,54,3.15,9.31,162,35,400,292
50.5,-68.95,magmatic,5.44,64,102,0.16,15,24,38,1.1,2.84,88,21,315,192
50.5,-68.95,magmatic,5.87,66,102,0.17,16,24,35,0.97,2.85,72,21,241,181
50.5,-68.95,magmatic,6.29,70,108,0.18,17,26,37,1.15,3.27,76,22,248,194
50.5,-68.95,magmatic,4.73,61,99,0.16,14,23,37,0.94,2.57,57,21,247,189
50.5,-68.95,magmatic,15,24,39,0.22,6.19,8.89,16,7.65,2.54,26,8.72,104,80
-25.17,-50.08,hydrothermal,389,333,192,0.1,203,62,35,387,224,3373,32,913,237
-25.17,-50.08,hydrothermal,1289,246,141,0.2,178,44,29,1025,274,2797,28,957,215
-25.17,-50.08,hydrothermal,518,192,105,0.3,137,33,18,681,235,7722,17,967,133
-25.17,-50.08,hydrothermal,606,208,111,0.8,160,38,18,605,208,4110,18,809,135
-25.17,-50.08,hydrothermal,829,209,114,0.5,161,41,18,1107,240,2197,18,574,139
-25.17,-50.08,hydrothermal,959,217,128,0.7,144,40,29,853,221,1911,39,975,198
-25.17,-50.08,hydrothermal,1922,152,94,0.1,114,31,16,1041,231,3227,18,809,118
-25.17,-50.08,hydrothermal,304,944,664,15,599,202,88,377,352,2194,107,1101,686
-25.17,-50.08,hydrothermal,288,1077,749,18,669,242,87,294,346,3860,109,1656,692
-25.17,-50.08,hydrothermal,68,191,191,2,88,51,35,19,33,1785,32,714,236
-25.17,-50.08,hydrothermal,172,866,640,8,416,213,106,186,217,1508,110,679,775
-25.17,-50.08,hydrothermal,256,1450,1017,16,766,324,139,271,333,3772,160,1378,1063
-25.17,-50.08,hydrothermal,344,1208,859,16,722,264,116,416,410,2696,133,1209,898
-25.17,-50.08,hydrothermal,193,757,579,8,404,173,81,145,169,3009,101,918,636
-25.17,-50.08,hydrothermal,292,1214,869,15,822,280,115,335,410,2830,121,1104,800
-25.17,-50.08,hydrothermal,363,1052,728,20,675,241,106,474,425,2379,113,936,760
-25.17,-50.08,hydrothermal,169,751,529,7,405,167,71,113,155,2504,82,1104,526
-25.17,-50.08,hydrothermal,173,1220,831,13,581,268,121,151,198,2629,140,1128,917
-25.17,-50.08,hydrothermal,322,2034,1503,16,965,452,180,285,390,3229,227,1270,1404
-25.17,-50.08,hydrothermal,312,706,510,2,415,151,84,456,304,10946,84,3587,620
-25.17,-50.08,hydrothermal,476,98,69,1,69,20,12,530,115,12606,12,3250,86
-25.17,-50.08,hydrothermal,187,891,738,7,471,217,103,174,188,7422,118,3913,803
-25.17,-50.08,hydrothermal,352,261,165,1,185,50,28,623,250,9675,29,2749,211
-25.17,-50.08,hydrothermal,97,831,1109,3,253,268,206,42,64,9394,193,6233,1421
-25.17,-50.08,hydrothermal,289,320,194,1,212,65,27,508,216,8866,31,2913,233
-25.17,-50.08,hydrothermal,305,387,268,2,291,81,38,495,274,11713,44,3305,309
-25.17,-50.08,hydrothermal,563,216,143,1,149,44,15,683,191,8758,22,2329,137
-25.17,-50.08,hydrothermal,334,380,258,1,265,78,42,510,248,17835,42,4363,321
-25.17,-50.08,hydrothermal,1046,183,117,9,147,35,24,1046,242,6098,20,2046,162
-25.17,-50.08,hydrothermal,1461,341,230,15,252,69,41,1257,339,7620,39,2035,298
-25.17,-50.08,hydrothermal,1267,284,183,9,214,56,29,1274,291,3615,30,1386,217
-25.17,-50.08,hydrothermal,1196,298,209,10,205,64,36,1384,343,3559,35,950,267
-25.17,-50.08,hydrothermal,1366,285,209,10,188,61,36,1338,293,3116,35,962,262
