,Ce,Dy,Er,Eu,Gd,Ho,Lu,Nd,Sm,Th,Tm,U,Yb
4461,7.2,76.58,145.64,0.63,17.58,30.62,69.77,1.03,2.7,87.93,32.49,214.05,320.83
1717,29.9,53.8,92.5,0.51,13.4,19.4,34.1,1.25,2.44,101.0,19.4,64.0,208.0
5994,15.0,131.0,187.0,2.2,41.0,43.0,60.0,6.0,9.2,163.0,35.0,177.0,348.0
7077,33.0,112.0,135.0,0.9,46.0,36.0,39.0,44.0,28.0,400.0,26.0,903.0,212.0
1553,11.6,68.7,119.2,0.28,14.3,23.9,41.7,1.66,3.3,80.0,23.2,80.0,253.0
5858,5.01,85.1,139.0,1.93,15.6,31.5,92.6,0.65,1.94,100.0,34.2,425.0,396.0
3122,12.8,55.9,107.1,0.2,8.4,21.3,59.8,0.43,0.58,276.0,31.3,697.0,307.0
5979,3.3,181.0,413.0,0.3,26.0,81.0,167.0,1.8,3.7,258.0,91.0,198.0,925.0
1242,2.06,28.53,76.16,0.17,3.01,10.22,37.23,0.05,0.39,83.45,13.89,154.01,276.23
6713,39.6,18.6,23.8,0.46,4.65,5.81,9.23,0.39,0.79,27.5,4.89,7.54,45.1
5209,4.79,42.1,92.7,0.56,8.12,17.68,59.2,0.55,3.19,9.75,25.02,33.57,254.0
2250,4.7,61.0,118.0,0.59,13.5,20.1,32.4,1.56,1.1,82.0,22.0,122.9,173.0
6581,16.5,11.6,23.5,0.32,3.08,4.73,14.8,0.21,0.74,136.0,5.98,132.0,64.9
2780,3.08,106.0,228.0,0.23,18.0,42.8,110.0,0.49,2.1,96.0,53.4,2090.0,520.0
1238,8.73,118.14,225.07,0.58,22.94,34.48,65.04,2.45,4.62,293.38,34.1,202.46,553.5
2604,2.24,105.0,106.0,0.5,14.7,30.8,22.1,0.38,1.69,12.7,18.9,523.0,152.0
713,24.92,49.8,104.0,0.48,10.5,20.9,59.7,0.81,1.83,264.0,24.4,349.0,258.0
1064,8.99,131.5,304.82,11.3,22.69,43.51,86.22,8.69,11.63,69.17,47.22,248.51,861.34
2006,7.6,91.8,153.4,0.15,18.9,32.4,49.3,1.29,2.87,76.0,32.2,125.0,339.0
6400,1.06,18.75,9.23,0.2,11.09,3.85,2.18,0.72,2.34,34.88,1.58,322.17,11.77
2139,3.7,47.8,85.3,0.09,10.2,17.1,25.7,0.89,1.72,41.0,16.7,49.0,186.0
5172,5.1,20.41,36.6,0.62,5.4,7.74,20.58,0.67,3.32,12.73,9.19,55.9,105.5
7195,172.0,866.0,640.0,8.0,416.0,213.0,106.0,186.0,217.0,1508.0,110.0,679.0,775.0
1294,9.09,84.05,203.73,0.62,15.34,30.55,100.07,0.82,2.11,85.15,40.18,139.67,708.69
1623,11.8,78.7,155.1,0.23,15.1,29.6,55.3,0.98,2.04,206.0,30.8,345.0,336.0
2159,39.1,148.8,246.2,0.87,37.8,52.5,79.6,4.4,8.38,144.0,50.2,93.0,584.0
4959,19.64,123.1,96.7,4.89,67.7,31.1,41.0,0.68,39.9,216.5,23.55,116.3,205.4
3626,5.37,88.7,163.0,0.46,19.85,36.6,59.6,0.96,3.43,111.0,31.4,273.0,301.0
3848,4.12,42.1,72.7,0.11,7.8,16.8,31.6,0.44,1.4,42.0,16.88,108.0,140.0
4724,3.8,102.1,244.0,0.45,16.1,43.9,125.8,0.71,2.03,139.92,63.3,229.81,733.0
1014,17.65,68.1,166.3,3.72,11.23,23.03,58.32,3.99,5.51,49.15,27.76,110.52,537.2
6337,1.82,12.49,29.89,0.41,2.21,6.57,28.34,0.04,0.27,9.16,8.52,398.88,96.66
3770,3.01,84.3,149.1,0.26,22.6,30.5,54.3,1.33,2.44,60.0,29.0,195.0,290.0
6054,8.5,64.0,104.0,0.2,14.0,22.0,35.0,1.3,2.8,171.0,21.0,248.0,211.0
4994,15.2,56.4,99.9,0.86,9.29,18.6,68.8,0.82,5.16,81.8,30.6,335.0,302.0
6242,14.18,33.0,93.0,0.44,5.9,16.0,88.0,0.33,0.87,271.0,26.0,1233.0,327.0
4,18.54,41.55,87.39,0.27,7.4,16.25,42.14,0.14,0.81,67.0,21.6,137.0,199.8
4326,1.94,198.0,404.0,0.14,18.89,77.5,128.0,0.54,2.17,155.5,82.7,3692.0,886.0
5464,4.21,101.7,181.07,0.86,15.41,39.23,62.81,3.62,3.09,13.56,34.525000000000006,135.87,377.57
2488,2.35,135.0,227.0,0.61,18.5,46.6,78.6,0.27,1.7,37.4,47.1,689.0,488.0
3658,17.4,254.0,529.0,3.87,49.0,93.5,283.0,11.5,11.8,205.0,127.0,1505.0,1420.0
951,19.21,235.49,451.35,0.12,38.93,91.85,166.66,2.44,5.58,791.77,98.88,1291.34,894.4
3215,11.3,186.0,267.0,0.39,39.2,61.9,102.0,1.86,5.2,210.0,56.5,447.0,540.0
3219,11.2,114.0,240.0,0.41,19.6,45.4,95.9,0.94,2.48,208.0,49.2,507.0,488.0
255,0.68,248.0,313.0,0.42,57.9,81.9,88.9,2.0,6.45,87.6,59.1,338.0,487.0
239,94.6,112.0,186.0,3.1,33.3,42.3,70.9,45.1,12.7,276.0,42.4,189.0,386.0
180,14.9,101.0,159.0,2.6,27.3,36.6,65.6,8.13,7.35,177.0,33.1,306.0,320.0
2397,44.7,83.02,156.0,1.87,19.9,33.29,79.63,1.63,3.41,718.0,38.54,651.0,423.0
3867,7.78,83.0,156.0,0.39,16.8,34.1,64.4,0.53,1.94,76.0,34.4,165.0,325.0
5095,8.0,64.6,134.0,0.42,13.06,24.94,53.1,0.91,4.78,54.0,30.45,129.0,262.7
1437,15.7,92.7,170.4,0.2,18.8,35.0,59.2,1.54,3.08,241.0,32.9,277.0,353.0
6082,21.0,56.0,99.0,0.5,15.0,20.0,41.0,1.7,3.1,407.0,21.0,628.0,233.0
7070,13.3,48.99,73.88,1.54,14.82,17.02,26.88,1.42,2.72,13.32,15.69,8.91,151.4
3733,5.05,51.8,84.8,0.36,14.5,17.5,27.4,1.11,1.38,44.0,15.57,76.0,152.2
2374,11.51,25.05,55.72,0.47,4.98,10.66,34.76,0.56,0.88,73.24,14.09,131.0,158.0
5011,27.5,119.5,271.7,1.98,18.2,49.3,192.4,0.79,6.75,259.0,80.3,1193.0,775.0
6275,25.09,93.0,147.0,0.96,27.52,34.0,66.0,2.31,6.28,332.0,30.0,259.0,312.0
5327,24.55,129.43,254.16,0.93,25.94,51.75,115.56,1.87,3.84,389.1,55.96,1079.08,554.74
6076,9.7,161.0,265.0,0.8,38.0,57.0,87.0,3.4,6.7,277.0,52.0,569.0,526.0
1635,11.4,10.5,14.0,0.58,4.5,3.3,5.5,0.95,1.37,231.0,3.0,84.0,34.0
7082,3.73,72.0,108.0,0.16,17.0,26.0,38.0,1.01,3.02,91.0,22.0,409.0,196.0
2106,19.5,64.5,125.6,0.17,13.5,25.0,48.0,0.79,2.51,201.0,26.7,191.0,282.0
1141,4.02,520.57,1098.2,0.77,68.42,160.99,319.48,5.99,9.82,96.98,172.29,421.71,2811.92
182,69.2,63.8,92.4,2.81,18.9,21.3,37.2,21.3,8.26,266.0,19.1,317.0,186.0
4372,18.6,97.0,156.0,0.44,25.4,33.8,52.2,1.89,4.9,118.0,29.4,93.0,260.0
2943,27.0,83.0,135.0,1.0,21.0,31.0,48.0,2.0,5.0,70.0,32.0,58.0,328.0
4912,89.18,237.75,386.33,1.67,57.33,85.43,156.28,13.2,16.68,1800.0,86.69,2719.92,827.4
1883,13.3,35.3,71.7,0.37,7.7,13.4,35.1,0.67,1.4,90.0,16.9,70.0,201.0
299,27.34,150.58,320.08,2.07,25.8,64.87,252.72,1.6,4.22,62.47,87.47,179.88,1115.11
5685,61.8,941.0,1020.0,99.2,427.0,248.0,697.0,127.0,156.0,1048.0,293.0,2468.0,3438.0
1375,30.4,123.0,176.0,1.93,34.8,42.5,63.3,3.74,7.46,139.0,36.3,216.0,311.0
235,10.5,120.0,174.0,1.04,33.1,41.8,52.2,5.91,8.37,209.0,37.8,174.0,351.0
3641,5.8,354.0,514.0,0.78,94.1,127.0,162.0,7.0,17.8,352.0,98.4,536.0,870.0
1963,41.5,160.9,189.7,3.73,64.8,47.7,49.3,19.71,22.04,454.0,34.7,295.0,335.0
1296,15.35,109.08,280.98,0.78,18.99,42.05,138.81,0.98,2.89,131.49,54.92,202.24,968.99
1796,4.1,73.5,146.9,0.24,12.3,29.5,63.3,0.32,1.5,40.0,31.4,414.0,366.0
4017,20.5,69.9,143.0,0.42,17.3,29.9,62.5,0.78,2.15,327.0,34.9,837.0,299.0
6950,84.74,141.98,239.65,2.37,33.52,54.46,90.68,4.25,7.48,235.31,49.26,136.3,473.13
6452,4.14,43.79,37.51,0.58,17.32,10.29,13.53,1.82,2.78,40.69,6.88,297.0,68.1
1905,26.3,49.6,88.7,0.73,14.9,17.8,37.7,1.13,2.86,141.0,18.9,126.0,210.0
4497,27.31,172.7,359.55,2.83,32.72,74.0,155.61,4.29,5.62,341.68,80.58,1410.63,779.14
1461,12.3,69.8,125.1,0.61,16.0,26.5,46.1,1.2,2.08,77.0,25.7,73.0,274.0
3374,18.2,126.0,242.0,0.77,30.5,49.5,114.0,1.97,4.4,239.0,54.4,393.0,524.0
2376,26.04,70.7,148.0,1.35,14.11,29.21,82.76,1.28,2.69,155.0,40.55,307.0,469.0
3911,21.3,72.4,150.2,0.36,11.5,29.6,92.5,6.0,2.79,137.0,38.0,528.0,388.0
2458,2.68,96.9,96.0,0.66,17.7,27.1,19.6,0.25,1.75,23.4,15.9,906.0,130.0
2678,12.8,47.7,78.0,0.54,11.1,17.5,30.5,0.43,1.98,115.0,15.7,356.0,154.0
1866,68.3,48.9,60.7,2.46,22.2,14.3,20.3,7.07,7.92,530.0,12.5,181.0,134.0
2322,25.2,164.0,193.0,15.6,38.0,50.7,70.8,1.56,6.5,74.6,44.4,144.4,361.0
5429,4.61,51.08,79.55,0.41,6.67,18.73,38.22,0.57,1.49,24.0,19.98,257.0,247.18
1810,37.5,101.5,243.1,0.35,16.2,41.9,139.6,1.08,2.88,335.0,59.4,725.0,747.0
4728,52.8,90.3,115.9,3.21,28.2,27.1,39.5,6.91,9.29,214.54,24.08,276.34,229.5
4584,12.59,9.18,7.66,0.6,5.24,2.35,1.96,1.19,1.68,12.44,1.29,15.25,9.53
1292,13.98,107.46,274.76,0.71,19.22,41.5,136.28,1.04,2.86,134.17,54.62,216.65,957.74
5860,10.5,158.0,184.0,6.66,43.4,49.1,86.2,1.47,7.07,397.0,40.4,798.0,412.0
7085,3.13,31.0,45.0,0.08,7.56,11.0,17.0,0.52,1.43,84.0,9.31,302.0,85.0
7129,7.25,100.0,194.0,0.2,18.0,41.0,83.0,1.32,2.52,100.0,43.0,486.0,409.0
6921,22.08,96.12,145.16,3.46,32.44,35.15,49.85,5.6,7.32,51.57,29.31,31.85,264.61
3860,24.3,352.0,717.0,1.54,64.7,146.4,281.0,3.02,10.1,88.0,151.8,151.0,1380.0
3385,19.5,30.9,80.0,0.46,6.3,13.8,68.4,0.45,0.8,262.0,21.8,582.0,251.0
1577,33.5,132.6,223.9,1.69,35.3,46.9,87.1,5.23,7.86,239.0,46.0,134.0,519.0
2945,34.0,143.0,190.0,3.0,40.0,49.0,57.0,6.0,11.0,118.0,44.0,75.0,466.0
1840,8.1,45.7,107.2,0.92,8.5,19.2,61.6,1.24,1.85,105.0,26.4,131.0,334.0
331,11.59,74.7,151.15,1.06,14.14,31.23,121.83,0.63,2.24,21.14,42.11,70.47,539.98
3271,14.4,133.0,255.0,0.55,28.9,54.3,105.0,5.3,5.02,296.0,56.2,533.0,500.0
4312,4.67,18.0,29.0,0.31,4.85,6.2,10.7,0.49,1.12,89.0,5.8,519.0,51.0
1177,4.24,141.27,232.38,0.4,37.15,53.49,83.19,2.31,6.13,146.21,47.08,353.63,422.04
4649,20.61,119.6,191.1,0.35,23.2,43.2,55.7,2.53,5.12,50.41,40.8,161.42,381.0
1140,6.05,200.61,414.73,1.58,27.43,60.45,128.87,1.81,4.01,104.79,65.4,313.46,1066.82
921,16.46,53.55,92.95,0.55,13.85,19.87,41.93,1.13,2.38,140.36,19.97,199.95,193.33
6264,5.45,180.0,297.0,0.9,47.93,66.0,111.0,4.01,8.39,212.0,59.0,326.0,529.0
2162,14.1,159.5,261.0,0.46,37.1,54.8,78.3,4.32,7.73,100.0,51.2,97.0,576.0
2975,6.84,104.0,166.3,0.96,22.1,39.2,68.9,2.05,4.84,75.0,36.4,105.0,338.0
6002,7.9,104.0,191.0,0.2,20.0,39.0,76.0,0.8,2.6,229.0,40.0,779.0,434.0
3411,21.17,233.0,415.0,2.09,57.6,89.7,158.1,4.3,11.1,222.0,88.1,328.0,757.0
6071,6.1,336.0,521.0,0.6,84.0,116.0,155.0,9.5,16.0,382.0,99.0,751.0,986.0
4032,5.62,44.2,71.1,0.82,13.9,17.3,33.9,1.46,2.56,45.0,16.31,74.0,155.2
6936,31.52,171.52,239.51,6.48,56.39,57.8,80.81,8.83,13.23,82.82,50.05,35.94,435.65
5951,60.0,64.0,122.0,0.3,15.0,24.0,52.0,19.0,5.9,226.0,27.0,478.0,302.0
5444,22.8,50.9,74.1,1.66,16.8,17.1,28.4,2.8,4.47,23.0,34.525000000000006,33.5,163.0
2414,1.12,100.0,114.0,0.46,15.3,30.7,24.1,0.15,1.48,9.91,19.9,1237.0,160.0
3267,8.98,126.0,217.0,0.2,24.1,47.0,82.5,1.11,3.41,180.0,46.4,484.0,414.0
3919,7.3,126.0,259.0,0.19,19.6,56.9,130.0,0.61,1.99,249.0,60.2,1194.0,607.0
891,41.44,66.97,136.09,0.53,14.42,27.16,68.75,1.16,2.04,451.35,31.43,799.1,314.8
4024,23.3,65.1,162.0,0.51,14.1,27.2,89.0,0.71,1.54,408.0,39.2,1038.0,403.0
777,26.92,57.9,126.0,0.65,12.0,25.0,72.9,0.98,1.96,341.0,30.2,474.0,313.0
4407,7.4,31.0,46.0,0.23,11.3,10.6,15.4,1.79,2.49,69.0,9.2,80.0,76.0
3103,19.26,94.2,134.5,0.58,25.1,33.9,45.1,1.33,3.48,417.0,29.0,502.0,244.8
2549,1.6,91.1,96.4,0.51,16.2,26.4,19.3,0.32,1.49,14.9,17.1,1114.0,144.0
3163,0.53,8.6,31.8,0.18,0.76,4.84,25.5,1.56,0.27,1.0,10.4,125.0,122.0
6557,27.9,23.8,46.8,0.48,5.73,9.58,27.4,0.87,1.05,163.0,11.6,233.0,131.0
1722,32.7,49.7,74.7,0.92,16.6,16.2,28.4,1.66,3.69,108.0,15.6,89.0,170.0
1028,179.16,103.75,151.26,79.64,52.14,38.86,49.19,135.23,72.43,54.05,32.76,30.67,333.36
3573,28.0,78.0,162.0,0.73,16.6,32.2,83.4,11.3,4.1,154.0,38.5,615.0,379.0
6934,9.96,31.8,48.2,1.25,10.02,11.05,18.62,0.95,1.94,25.13,10.57,11.99,103.05
3692,10.2,159.0,278.0,0.48,29.2,57.7,103.0,1.0,3.5,258.0,56.3,452.0,543.0
6619,87.5,137.0,225.0,3.35,38.0,51.0,93.4,7.67,8.33,337.0,48.5,484.0,475.0
1775,16.7,51.0,66.8,1.14,19.0,15.7,22.1,2.38,4.68,248.0,13.4,232.0,141.0
4833,15.69,66.7,113.4,0.27,14.27,24.46,35.2,1.16,2.77,16.56,25.04,54.09,239.0
4291,39.9,113.0,104.0,7.47,61.7,29.2,20.3,16.5,18.1,411.0,16.2,437.0,113.0
2415,0.78,134.0,199.0,0.55,16.3,44.9,65.9,0.43,1.53,8.94,39.4,1372.0,402.0
3322,25.7,131.0,232.0,0.54,26.4,46.7,98.1,9.8,5.29,231.0,49.2,548.0,508.0
6257,14.97,38.0,89.0,0.47,8.75,17.0,65.0,5.64,1.64,292.0,23.0,1695.0,258.0
1631,13.9,60.9,137.7,0.13,10.4,24.6,65.1,0.71,1.84,436.0,31.3,856.0,362.0
5147,2.62,47.7,101.8,0.42,7.65,19.01,67.0,0.36,2.55,9.77,28.27,52.6,288.0
6347,11.27,70.48,147.56,0.66,13.04,30.36,99.82,0.8,2.14,653.04,39.98,833.72,394.48
1950,6.0,127.5,221.5,0.26,27.8,47.1,73.2,1.47,4.84,139.0,43.2,224.0,451.0
5008,31.9,130.7,265.0,1.8,21.37,51.6,158.0,1.16,7.8,256.0,74.2,1069.0,670.0
1807,32.2,189.0,353.6,0.1,32.7,70.2,119.0,2.37,5.49,456.0,74.7,650.0,780.0
2298,14.8,90.9,158.0,0.59,19.9,33.7,64.8,1.56,3.63,89.7,34.525000000000006,118.0,342.54
4349,33.7,94.0,121.0,3.07,35.1,27.6,38.9,6.7,8.9,223.0,21.9,237.0,194.0
3311,4.21,53.7,134.0,0.18,9.5,25.1,66.5,0.28,1.18,99.0,29.6,384.0,310.0
2773,0.44,64.0,45.2,0.14,17.0,14.9,7.8,0.34,1.86,16.0,6.38,780.0,43.4
4454,6.01,48.07,91.7,0.33,11.01,19.35,41.74,0.77,1.68,64.59,20.43,159.22,200.49
6342,1.91,10.16,21.74,0.24,1.44,4.64,19.87,1.56,0.11,5.56,6.27,354.59,62.55
6393,1.23,32.59,21.02,0.07,13.88,7.8,2.8,0.59,3.22,87.84,2.61,734.19,18.82
20,29.78,133.27,231.45,1.29,26.63,47.52,95.74,1.66,3.81,190.0,52.31,246.0,487.51
6691,89.3,75.6,105.0,1.58,26.7,25.7,37.2,4.58,7.24,112.0,21.1,48.1,193.0
3251,10.9,101.9,179.0,0.94,26.8,40.1,74.2,2.5,4.47,146.0,37.5,192.0,338.0
956,8.63,51.3,115.0,0.71,9.0,22.3,65.4,0.37,0.97,77.5,27.6,299.0,301.0
23,34.54,63.75,128.2,0.43,11.35,25.6,60.05,0.29,1.06,219.0,29.86,365.0,298.97
179,1.99,111.0,216.0,0.22,20.7,44.5,82.5,1.29,3.72,71.2,46.6,282.0,437.0
3304,23.3,85.5,163.0,0.31,16.5,34.9,81.0,0.94,2.47,104.0,36.9,280.0,369.0
2076,8.5,40.2,78.3,0.3,10.8,15.8,31.2,0.69,1.64,58.0,16.5,56.0,185.0
2906,52.0,260.0,376.0,5.0,68.0,91.0,119.0,9.0,15.0,286.0,86.0,140.0,856.0
3195,191.0,196.0,207.0,22.3,109.1,52.8,70.6,47.7,44.9,888.0,43.5,336.0,388.0
5816,11.7,217.0,345.0,0.48,48.8,82.5,121.0,8.32,9.97,394.5,71.0,635.63,530.0
4285,12.22,214.0,349.0,0.13,54.4,76.6,89.5,4.67,10.9,226.0,61.3,360.0,507.0
4786,0.61,76.4,86.0,0.18,9.6,23.76,16.43,0.16,1.03,17.26,15.85,638.58,128.6
1914,6.3,87.2,134.9,0.26,25.4,30.2,39.8,2.72,5.78,99.0,25.7,148.0,257.0
4941,2.15,324.66,714.87,0.24,35.14,136.67,368.4,1.42,3.82,209.04,182.38,4369.77,1890.0
5,28.52,154.58,274.86,1.26,33.17,55.84,103.36,1.79,3.78,176.0,59.72,254.0,545.58
2844,48.0,746.0,851.0,10.0,241.0,221.0,170.0,29.2,56.9,663.0,154.0,414.0,1361.0
8,258.59,288.92,559.33,2.22,79.42,129.96,170.59,3.45,9.5,3823.0,119.03,2025.0,973.49
3686,8.4,80.0,144.4,0.38,14.8,29.4,61.2,0.61,2.3,208.0,30.7,397.0,304.0
1349,30.32,151.84,352.08,1.36,29.35,55.02,150.91,1.85,4.78,674.49,66.85,492.0,1135.27
2128,29.1,151.5,198.0,8.93,54.0,45.1,56.5,11.63,14.59,749.0,41.3,256.0,413.0
1724,18.9,57.7,97.9,0.15,12.3,21.1,32.1,0.83,1.94,97.0,19.6,95.0,205.0
7019,15.21,182.18,267.09,1.34,49.6,61.83,82.96,6.54,10.12,83.4,54.1,85.94,471.08
4156,12.79,49.9,108.0,0.3,10.4,21.4,67.2,0.75,1.82,221.0,25.6,434.0,296.0
2583,0.63,246.0,460.0,0.51,22.4,92.6,192.0,0.4,2.27,17.4,113.0,8317.0,1215.0
5419,259.6,653.4,536.7,46.16,270.7,161.6,234.7,311.77,168.85,234.0,120.0,4254.0,1368.0
1293,27.3,361.09,798.3,3.14,71.22,126.92,319.45,5.43,11.08,567.12,143.64,481.57,2366.58
2227,36.5,66.6,149.9,0.36,10.6,26.9,69.7,0.53,1.64,270.0,34.2,225.0,428.0
5397,192.9,853.8,711.2,98.36,322.0,203.5,332.0,303.5,216.13,440.0,146.0,3123.0,1376.0
2759,5.69,128.0,292.0,0.45,19.4,51.5,138.3,0.77,2.49,134.0,64.1,1106.0,645.0
3318,217.0,1280.0,1760.0,8.6,323.0,431.0,405.0,13.0,43.0,542.0,315.0,445.0,2380.0
3332,9.28,135.0,288.0,0.61,33.2,59.5,115.3,1.77,5.01,327.0,58.1,754.0,599.0
1730,10.1,82.8,146.2,0.33,18.8,31.3,51.1,1.21,3.11,71.0,29.9,106.0,311.0
5243,5.4,34.5,85.0,0.32,5.18,14.62,63.4,0.34,1.97,48.3,24.2,162.2,251.0
3509,9.97,145.0,225.0,0.7,39.1,52.0,81.1,5.22,8.61,521.0,45.8,727.0,397.0
7034,17.1,57.55,90.66,0.83,14.59,19.85,32.15,1.82,3.62,27.38,20.14,33.14,192.3
4680,11.52,41.7,74.2,0.08,9.47,15.55,27.21,0.75,1.58,90.36,16.82,251.47,171.0
2082,7.2,43.6,88.1,0.69,9.4,16.4,47.7,0.76,1.84,32.0,20.4,82.0,246.0
4438,0.39,86.0,190.0,0.03,8.64,32.9,91.0,0.11,0.62,36.1,43.7,1838.0,556.0
2892,101.0,918.0,1456.0,1.6,207.0,324.0,323.0,43.4,49.4,2874.0,296.0,2462.0,2620.0
5923,17.0,147.0,258.0,1.1,32.0,55.0,100.0,4.6,5.6,127.0,54.0,174.0,553.0
3392,5.45,47.4,88.7,0.35,9.32,19.5,40.2,0.36,1.3,20.0,20.3,43.0,192.0
1045,44.45,100.64,217.19,23.0,18.98,29.54,55.54,26.46,11.07,89.58,29.66,125.81,600.89
2532,1.27,79.7,74.2,0.45,13.6,22.3,13.2,0.35,1.06,12.1,12.6,880.0,101.0
1786,1.7,30.4,18.5,0.05,20.8,6.2,2.8,1.89,4.81,158.0,2.6,287.0,22.0
890,55.44,144.41,270.45,1.38,36.79,56.87,137.38,3.38,6.71,949.02,60.63,1345.24,609.9
6984,23.52,148.84,233.99,0.17,34.3,52.78,71.79,2.47,5.38,113.33,50.9,182.86,452.29
3826,6.53,171.0,336.0,0.8,24.7,71.4,125.1,0.42,3.71,11.0,65.7,32.0,588.0
2330,36.0,164.0,199.0,7.2,47.0,50.9,76.7,1.56,8.2,82.5,40.3,127.3,409.0
6570,46.3,127.0,240.0,0.82,29.3,50.7,105.0,12.2,7.45,631.0,55.3,708.0,522.0
6902,88.89,128.27,225.24,2.58,35.1,50.33,91.18,15.95,10.14,126.17,47.64,84.57,472.0
244,54.7,218.0,398.0,1.7,50.2,85.9,165.0,14.4,9.82,455.0,87.5,230.0,829.0
5085,11.93,81.5,131.4,1.26,22.0,30.3,52.1,2.63,11.9,57.6,31.0,98.9,259.0
6318,1.78,4.66,11.47,0.29,0.67,1.99,9.55,0.15,0.07,9.28,2.69,50.17,33.9
2848,52.0,558.0,663.0,5.9,167.0,171.0,140.0,13.4,30.5,986.0,121.0,568.0,1124.0
332,16.66,101.22,195.7,1.73,20.1,41.58,150.87,1.08,3.49,36.91,52.69,93.11,672.09
6277,28.82,83.0,144.0,1.01,21.44,31.0,64.0,2.55,5.02,540.0,31.0,373.0,296.0
4333,1.31,154.0,404.0,0.08,14.33,66.2,239.0,0.26,0.71,278.8,98.7,4871.0,1331.0
5657,6.93,306.6,466.0,1.52,73.32,108.4,141.9,7.12,13.54,21.9,100.3,137.7,939.5
1636,18.0,39.5,79.8,0.15,8.6,15.9,35.3,0.36,1.32,75.0,18.1,86.0,212.0
2445,2.52,102.0,98.6,0.68,19.5,28.1,20.0,0.27,1.77,23.9,17.0,871.0,133.0
5730,34.0,58.4,83.6,2.37,22.5,19.7,36.9,8.3,9.1,101.0,20.2,731.0,201.0
984,16.8,72.2,167.0,1.32,13.4,31.9,92.3,1.67,1.96,109.0,39.5,484.0,434.0
6426,4.93,30.03,59.92,0.4,6.61,12.16,26.0,0.59,0.61,268.87,13.32,1052.59,134.19
1399,7.0,39.0,62.1,0.11,9.5,13.1,22.1,0.87,2.28,83.0,12.0,86.0,135.0
5048,18.58,79.8,144.4,2.05,19.67,29.75,61.9,1.03,7.82,242.4,33.9,695.0,296.8
3230,14.95,221.0,354.0,0.93,42.5,74.1,157.7,2.12,5.01,320.0,74.2,826.0,791.0
920,16.15,52.67,97.26,0.5,13.1,20.66,44.3,1.09,2.48,133.6,21.42,204.25,205.62
2788,4.14,81.4,144.0,0.34,17.8,30.5,53.8,0.7,2.95,99.0,29.9,910.0,275.0
3840,2.39,82.4,141.9,0.07,18.2,31.6,43.1,0.79,1.97,35.0,27.5,70.0,221.0
3636,15.4,281.0,485.0,2.03,65.5,106.0,190.0,4.97,10.77,210.0,92.2,433.0,1000.0
1839,15.3,165.2,279.2,1.57,43.3,58.6,101.3,5.49,9.77,150.0,59.9,126.0,660.0
4706,2.52,25.54,47.1,0.18,4.04,10.06,12.52,0.18,0.57,27.81,9.88,119.13,90.4
7185,389.0,333.0,192.0,0.1,203.0,62.0,35.0,387.0,224.0,3373.0,32.0,913.0,237.0
160,11.7,45.6,98.7,0.75,8.86,19.3,59.6,0.95,1.41,80.3,23.5,177.0,257.0
4540,6.08,74.33,131.0,0.7,17.87,29.58,49.27,1.56,3.42,68.75,27.05,93.03,244.88
4460,9.18,74.62,142.13,0.61,17.24,30.7,64.43,1.08,3.13,149.78,31.64,353.96,301.25
1921,12.5,52.9,89.4,0.04,13.7,19.1,30.4,1.17,2.0,156.0,18.3,160.0,181.0
174,15.2,82.6,174.0,0.57,16.0,35.0,85.4,0.98,3.06,121.0,39.9,256.0,403.0
6912,82.91,126.46,194.82,2.84,36.05,45.71,68.33,5.18,8.56,201.33,38.98,95.8,347.21
2427,0.84,26.2,14.9,0.8,13.5,5.26,1.94,0.11,1.21,23.9,2.09,1214.0,16.6
4737,17.17,46.1,86.1,0.31,9.66,17.9,35.5,0.74,1.78,28.5,20.6,62.7,213.3
4566,10.48,6.45,5.01,0.76,5.05,1.7,1.1,1.23,1.38,86.66,0.78,35.57,6.44
894,47.45,58.22,110.12,0.63,13.76,22.94,55.19,9.51,2.88,211.18,25.13,371.44,246.75
6568,9.72,28.6,53.2,0.11,7.31,11.7,23.8,0.98,1.58,128.0,12.1,385.0,116.0
6631,84.3,111.0,263.0,0.69,20.5,49.3,148.0,1.9,2.97,381.0,65.4,391.0,702.0
1017,1.83,51.33,56.05,7.45,9.95,13.7,5.37,3.39,5.07,18.36,6.6,355.2,68.86
1331,53.85,250.6,544.87,2.52,53.17,86.0,232.87,7.36,9.02,1455.45,102.59,869.21,1750.12
4590,21.3,147.02,286.06,1.43,32.74,60.74,115.48,2.61,5.37,654.05,59.38,782.86,550.25
195,96.2,59.7,117.0,1.27,15.0,23.7,84.8,18.7,5.14,303.0,31.0,477.0,357.0
6561,25.2,166.0,191.0,1.63,76.6,51.1,54.4,18.6,22.9,449.0,38.2,621.0,324.0
5498,76.51,20.14,68.4,7.18,5.39,41.28,94.81,17.56,5.3,883.26,47.27,2358.81,72.02
5782,19.3,349.0,547.0,0.45,70.1,135.0,180.0,13.4,19.9,430.13,109.0,677.29,965.0
6258,35.62,137.0,194.0,2.39,44.2,47.0,71.0,8.34,9.8,567.0,39.0,769.0,349.0
1364,38.4,216.0,356.0,2.28,51.3,80.0,156.0,8.22,12.4,1253.0,80.5,4508.0,740.0
2308,158.0,70.0,107.0,1.6,11.6,19.1,45.6,98.0,15.6,63.9,21.8,128.3,235.0
3936,14.2,47.5,82.5,0.45,15.1,18.5,31.4,0.92,2.21,80.0,19.3,141.0,177.0
1107,32.84,175.08,371.35,0.89,28.91,53.92,122.6,12.49,6.56,211.95,58.56,238.53,1020.6
5524,16.8,398.0,705.0,0.04,60.7,147.0,244.0,3.9,7.8,1112.0,145.0,7230.0,1547.0
5986,42.0,67.0,140.0,1.1,15.0,27.0,76.0,1.2,3.1,794.0,33.0,614.0,374.0
4388,0.6,119.0,204.0,0.59,21.3,43.9,68.8,0.78,2.52,64.0,39.9,356.0,341.0
3278,10.2,124.0,172.0,2.44,34.9,41.8,59.3,4.7,6.3,207.0,33.6,627.0,306.0
1663,11.4,64.0,100.8,0.36,16.0,21.9,35.9,1.52,3.55,120.0,20.6,129.0,222.0
2207,7.2,148.8,282.5,0.56,26.6,56.3,99.8,1.15,4.01,76.0,59.1,145.0,694.0
5316,3.88,9.67,22.06,0.27,2.42,4.62,19.32,0.08,0.35,35.29,7.16,666.69,78.49
1956,2.9,27.2,54.4,0.3,5.3,10.9,22.6,0.28,0.73,151.0,11.7,236.0,121.0
6137,54.8,1146.0,1845.0,0.04,228.9,406.0,709.0,34.92,56.22,3411.0,404.0,16341.0,3756.0
1336,73.87,244.35,499.53,3.45,60.96,82.6,198.71,33.39,15.45,466.91,91.39,388.51,1525.9
3477,25.0,69.8,136.1,0.25,14.41,26.9,60.3,1.17,2.49,158.0,28.7,307.0,275.0
2033,47.9,80.4,131.9,1.37,21.4,27.9,50.5,2.93,5.48,288.0,28.9,168.0,315.0
7182,6.29,70.0,108.0,0.18,17.0,26.0,37.0,1.15,3.27,76.0,22.0,248.0,194.0
6895,51.61,106.82,174.66,1.92,25.93,40.31,67.11,2.95,4.95,184.97,37.2,139.65,359.07
3333,11.8,156.0,302.0,0.49,35.5,64.6,132.2,1.49,5.27,350.0,62.9,761.0,626.0
2509,1.9,172.0,243.0,0.55,19.6,55.9,55.0,0.56,1.53,13.9,43.9,715.0,396.0
1162,10.7,83.28,144.27,0.77,19.2,31.62,58.09,1.4,3.17,92.25,30.39,178.92,283.15
6386,1.13,33.94,17.02,0.31,18.17,6.59,2.64,1.55,3.48,52.53,2.33,805.25,18.03
3725,10.6,87.2,176.8,0.26,12.7,35.3,84.2,0.31,2.17,241.0,39.4,626.0,415.3
2201,82.5,286.3,431.0,1.53,79.3,94.0,127.1,9.48,17.22,252.0,82.0,141.0,897.0
5948,21.0,80.0,139.0,0.8,20.0,29.0,50.0,10.0,4.6,121.0,29.0,219.0,295.0
5041,28.9,174.8,227.0,7.39,62.4,56.3,71.3,4.46,28.3,90.5,46.6,283.0,367.0
3604,4.34,87.7,181.0,0.19,15.25,34.0,80.3,0.65,1.95,42.0,36.2,157.0,391.0
5466,28.88,156.65,213.21,6.66,69.58,50.07,74.44,28.05,26.02,31.66,34.525000000000006,329.77,464.46
6454,1.59,27.87,12.89,0.29,20.71,5.47,1.73,1.7,4.21,74.83,1.85,683.39,11.42
5176,3.67,6.95,13.37,0.16,1.47,2.73,9.44,0.11,0.59,9.62,3.84,62.6,69.4
6161,130.5,1017.0,1867.0,0.09,190.7,388.0,914.0,74.91,54.96,5073.0,471.0,18591.0,4791.0
5178,7.35,41.8,76.0,0.95,8.89,16.62,40.0,1.01,4.65,19.6,18.53,70.4,181.6
5207,9.5,88.6,163.0,0.56,18.3,34.5,69.2,1.87,7.77,70.0,38.8,205.0,337.0
4654,18.69,111.3,158.7,0.6,27.1,38.1,42.6,5.57,7.92,54.6,33.28,216.69,297.0
5638,23.1,144.0,244.0,0.06,27.3,51.0,89.0,3.1,4.2,710.0,51.0,1994.0,543.0
5230,11.2,73.3,132.2,1.11,16.0,29.6,69.7,3.9,7.96,23.7,33.8,49.9,327.0
3973,6.65,31.4,76.6,0.24,7.0,13.9,40.1,0.31,0.78,130.0,18.8,379.0,175.0
4266,6.84,111.0,187.0,1.32,29.8,39.7,60.9,3.58,5.75,61.0,35.2,115.0,297.0
4263,6.2,92.0,163.0,0.67,22.7,34.8,57.6,2.03,4.3,74.0,31.4,145.0,265.0
1737,31.1,46.3,68.4,0.68,15.5,15.1,25.5,1.52,3.08,128.0,14.2,116.0,153.0
5865,0.62,9.86,27.7,0.27,1.97,4.62,48.9,0.35,0.36,9.92,8.65,79.8,125.0
1395,10.0,54.9,91.5,0.87,13.5,19.4,34.5,1.53,3.08,63.0,18.3,62.0,198.0
5074,16.7,99.7,137.4,2.79,28.9,34.3,53.6,3.17,12.08,93.9,30.5,154.1,269.7
6329,6.24,72.7,124.9,0.36,14.81,28.67,47.67,1.2,2.86,613.33,27.95,1992.34,235.22
6869,59.2,190.84,280.07,3.32,58.34,64.34,86.32,6.95,9.8,154.0,57.21,94.2,546.58
5548,37.1,1051.0,2109.0,0.15,142.4,398.0,861.0,10.7,18.6,2043.0,472.0,15639.0,5244.0
3580,1.92,136.4,351.0,0.15,17.9,67.3,180.1,0.57,2.36,59.0,85.3,770.0,837.0
2905,87.0,201.0,320.0,3.0,51.0,73.0,107.0,16.0,13.0,382.0,84.0,356.0,1013.0
3366,13.33,59.1,124.8,0.21,11.61,25.32,57.5,0.76,1.73,89.0,27.8,314.0,272.0
100,1.26,50.8,113.0,0.4,10.2,21.6,63.3,1.24,2.15,70.6,26.8,284.0,293.0
4636,13.95,88.2,137.7,0.25,20.06,30.76,42.7,2.92,5.05,39.72,29.5,110.14,281.5
4735,5.23,116.8,162.5,0.38,32.5,39.4,48.8,3.55,7.36,19.81,34.57,49.27,328.0
2189,2.4,53.0,93.7,0.17,10.8,19.1,28.4,0.56,1.78,70.0,18.0,126.0,203.0
1890,15.8,50.0,104.4,0.27,9.5,20.7,44.4,0.52,1.63,82.0,22.4,95.0,247.0
11,58.74,213.13,419.5,2.03,47.32,84.24,158.33,2.49,5.48,676.0,94.75,714.0,827.91
2700,1.21,77.2,47.2,0.35,23.9,16.7,7.8,0.63,2.37,10.0,6.28,515.0,46.8
7206,187.0,891.0,738.0,7.0,471.0,217.0,103.0,174.0,188.0,7422.0,118.0,3913.0,803.0
1361,38.3,117.0,241.0,1.32,24.1,46.8,148.0,3.09,4.89,678.0,59.9,2928.0,637.0
2412,1.36,121.0,142.0,0.54,18.2,37.0,29.3,0.07,1.67,13.4,24.2,1610.0,202.0
4146,15.2,104.2,189.0,0.47,25.3,44.3,77.7,4.37,4.07,120.0,37.4,228.0,376.0
3236,15.5,264.0,524.0,0.11,47.9,110.0,212.0,1.89,5.9,644.0,113.0,1710.0,1000.0
2842,50.0,744.0,869.0,10.1,233.0,225.0,178.0,30.6,53.1,699.0,159.0,420.0,1394.0
2870,128.0,935.0,1476.0,1.7,229.0,322.0,343.0,53.9,55.9,2757.0,276.0,2119.0,2665.0
4757,14.73,168.8,252.1,0.93,43.1,57.5,71.4,4.63,9.25,56.1,52.1,148.52,482.0
2847,41.0,658.0,816.0,5.9,189.0,206.0,181.0,16.4,37.8,775.0,149.0,467.0,1325.0
3549,13.25,133.0,249.0,0.56,26.9,53.8,97.4,1.15,3.63,108.0,53.3,173.0,484.0
6351,4.36,38.27,90.31,3.32,8.15,18.01,64.64,0.87,1.37,97.65,25.28,140.29,248.98
3480,28.5,213.0,285.0,2.74,68.6,71.7,88.1,10.5,16.2,287.0,55.4,322.0,474.0
3068,7.83,137.0,211.0,0.6,27.8,48.4,74.0,1.29,3.57,115.0,49.3,217.0,396.0
4726,4.7,45.1,78.6,0.14,9.88,16.61,26.36,0.57,1.47,38.67,17.41,232.79,173.9
843,209.55,409.01,651.71,14.09,134.34,145.6,279.99,24.97,33.01,5281.48,139.69,2916.55,1321.52
5472,19.13,89.67,134.01,3.26,29.2,31.05,52.02,7.1,7.76,66.3,34.525000000000006,145.69,293.69
3272,8.91,117.2,241.0,0.41,23.5,49.3,108.5,1.54,3.44,232.0,51.7,550.0,489.0
3690,8.2,95.1,184.0,0.24,15.2,36.0,81.5,0.58,2.13,173.0,40.3,416.0,398.0
3778,17.0,107.0,214.0,1.28,24.4,42.0,98.8,0.84,1.95,120.0,43.7,214.0,451.0
2177,5.6,64.8,119.5,0.19,13.0,23.8,41.9,0.73,1.91,44.0,25.4,113.0,294.0
2902,67.0,179.0,288.0,1.0,34.0,65.0,102.0,17.0,10.0,393.0,76.0,336.0,891.0
3375,2.27,226.0,354.0,0.04,43.1,79.5,135.0,1.75,5.92,199.0,74.1,431.0,626.0
6350,5.29,4.68,21.64,0.07,0.69,3.24,30.32,0.0,0.09,37.24,7.46,189.93,94.87
2096,7.5,69.0,117.5,0.26,15.5,25.0,38.6,1.24,2.35,80.0,22.6,107.0,235.0
5790,7.28,177.0,275.0,0.43,44.2,67.4,95.2,10.4,11.1,175.47,57.2,302.15,428.0
5736,151.0,672.0,971.0,1.3,155.0,234.0,287.0,22.0,37.0,7853.0,213.0,6520.0,1889.0
6985,25.52,311.3,457.79,0.27,74.4,108.15,123.62,7.99,13.51,183.46,97.27,248.41,797.87
5331,7.95,84.3,171.71,0.52,16.16,35.01,84.3,0.14,2.0,198.81,39.1,1046.23,397.63
945,38.77,282.01,364.64,9.28,101.94,88.75,109.82,21.51,29.65,379.69,68.03,344.27,574.42
4224,18.27,106.0,166.0,0.22,23.8,36.8,48.3,1.44,4.14,275.0,32.1,500.0,268.0
150,8.41,131.0,88.1,6.71,54.2,29.9,19.3,3.72,11.5,89.7,13.9,114.0,112.0
6657,29.4,46.2,98.3,0.83,11.5,19.5,60.7,0.97,2.52,177.0,24.4,345.0,266.0
7031,13.67,72.67,112.04,0.96,19.32,24.35,38.13,2.19,3.83,25.71,23.56,29.28,236.89
3290,31.1,109.8,233.0,1.77,23.8,45.8,121.7,1.78,3.89,100.0,51.3,168.0,577.0
899,16.22,61.56,113.36,0.56,14.34,23.67,52.37,1.05,2.38,139.08,25.04,233.98,242.77
4639,17.92,125.2,197.4,0.28,28.6,44.8,56.7,3.3,6.31,49.83,41.76,113.94,384.0
2406,2.23,83.5,86.3,0.65,15.3,24.0,16.7,0.26,1.67,17.6,13.8,975.0,116.0
4277,26.6,58.0,98.0,1.73,20.7,21.3,38.8,2.38,4.42,167.0,19.6,143.0,182.0
6904,86.26,122.42,189.84,2.36,39.97,44.9,72.29,5.05,8.5,153.6,38.75,75.15,353.57
6121,3.06,36.0,28.0,0.32,13.2,9.0,8.0,0.77,2.32,103.0,5.0,782.0,41.0
3891,14.2,231.0,474.0,0.84,32.8,92.9,249.0,0.91,3.67,187.0,111.6,207.0,1090.0
2850,51.0,628.0,757.0,7.8,199.0,198.0,169.0,27.2,43.5,608.0,136.0,412.0,1158.0
4459,6.24,71.41,134.52,0.55,15.64,28.05,65.63,1.25,2.24,79.05,29.66,205.5,307.06
5337,11.8,47.4,93.8,0.38,10.5,18.8,49.3,1.4,1.28,273.0,22.5,1300.0,231.0
5991,4.6,164.0,301.0,0.1,31.0,65.0,108.0,1.6,4.9,338.0,64.0,414.0,630.0
923,28.77,97.13,170.7,1.1,26.36,37.69,73.78,2.04,5.05,331.78,37.33,416.75,350.24
2784,4.07,68.7,114.5,0.46,19.1,24.4,40.6,0.74,3.08,91.0,23.2,749.0,205.0
1766,39.1,97.2,185.2,0.69,20.0,37.5,79.6,1.1,3.11,209.0,41.0,195.0,468.0
4368,13.91,109.0,188.0,0.68,25.1,39.1,69.9,1.35,3.51,94.0,37.4,146.0,334.0
2661,7.28,17.8,36.8,0.79,5.35,6.71,19.9,0.89,1.39,90.0,8.15,133.9,83.4
1676,38.8,90.4,185.4,0.45,17.1,36.4,77.6,0.94,3.21,172.0,42.4,189.0,459.0
5101,10.99,59.4,109.8,0.5,12.07,23.5,54.9,0.66,4.38,136.8,28.52,374.1,248.8
5204,7.1,65.3,122.6,0.42,13.45,25.8,52.2,0.88,5.26,52.0,29.3,167.0,256.0
5734,136.0,88.2,105.0,8.06,50.4,25.6,52.4,42.1,29.9,489.0,26.2,761.0,270.0
7117,7.97,108.0,195.0,0.25,21.0,43.0,78.0,1.81,3.47,112.0,43.0,489.0,390.0
149,15.3,29.9,53.8,0.25,6.82,11.3,24.6,0.87,1.2,81.7,11.6,113.0,117.0
5328,14.66,83.6,164.61,0.58,16.35,33.97,80.56,0.59,2.61,304.98,38.08,1161.25,383.24
7022,33.02,114.82,174.96,0.76,30.8,38.81,57.74,13.58,7.11,74.23,38.15,81.42,334.77
4577,0.54,116.24,265.07,0.03,16.14,52.54,107.23,0.36,1.51,37.68,58.54,242.07,534.48
5426,22.03,103.8,164.86,1.74,22.91,36.99,64.17,17.82,9.35,105.0,41.87,636.0,487.44
5752,33.8,89.9,164.0,0.92,18.7,38.2,85.2,5.06,3.68,189.0,45.4,852.0,371.0
5855,13.2,82.8,105.0,3.63,27.0,26.0,56.0,2.24,6.2,822.0,22.2,1074.0,213.0
3897,7.4,57.3,116.0,0.3,10.1,25.0,46.1,0.69,1.87,96.0,26.7,263.0,244.0
767,33.37,120.8,239.0,1.11,24.2,49.8,116.0,1.29,3.43,482.0,53.8,633.0,527.0
2600,1.92,102.0,120.0,0.51,13.3,32.1,26.9,0.2,1.31,9.69,21.4,476.0,180.0
5002,23.6,91.4,211.6,2.12,24.3,41.9,130.9,2.06,8.17,206.0,58.9,628.0,530.0
6711,0.88,4.76,5.57,0.11,1.2,1.49,1.58,0.0,0.16,4.72,0.99,68.0,9.34
6509,0.99,306.0,686.0,0.07,38.1,138.0,288.0,1.35,3.48,142.0,162.0,1151.0,1570.0
1340,37.53,191.35,444.37,1.85,38.42,67.59,189.66,2.22,6.27,713.19,81.98,509.22,1391.11
4582,10.33,65.97,114.65,0.61,15.21,25.23,49.14,1.66,2.98,38.81,25.34,557.5,241.89
6470,0.95,22.06,9.28,0.09,13.23,3.84,1.17,1.21,4.15,60.38,1.19,697.12,8.69
5288,9.3,16.8,32.0,0.22,3.28,6.5,19.7,0.17,1.14,41.3,8.7,111.0,104.0
4150,24.3,145.9,252.7,0.77,41.0,61.1,93.7,3.72,6.84,223.0,51.5,270.0,459.0
4885,48.6,104.4,180.0,1.68,30.5,38.2,71.6,4.87,7.7,174.81,40.6,230.95,404.0
6840,52.87,90.85,152.32,1.51,26.53,33.95,64.06,2.31,4.31,251.43,35.61,221.15,306.82
5248,8.63,47.6,82.9,0.57,10.75,17.89,38.2,0.68,4.23,16.08,19.75,47.4,185.8
871,43.87,78.17,159.09,0.61,17.6,32.41,76.95,1.27,2.94,444.16,35.46,766.98,355.22
5791,4.15,42.0,78.6,0.05,8.03,17.2,33.7,0.77,1.31,41.28,17.3,117.87,144.0
3703,7.8,119.0,224.0,0.44,21.1,44.8,101.7,0.85,3.5,240.0,50.9,532.0,498.0
3129,33.8,83.7,157.0,0.87,16.4,33.9,75.0,0.72,1.91,408.0,37.8,803.0,371.0
5627,21.2,79.0,133.0,0.25,16.9,28.0,50.0,1.2,2.9,211.0,27.0,365.0,295.0
6057,2.1,77.0,123.0,0.1,15.0,26.0,41.0,1.1,2.1,98.0,24.0,314.0,256.0
5967,35.0,87.0,126.0,0.8,25.0,27.0,42.0,3.4,6.9,481.0,25.0,496.0,253.0
2577,1.65,150.0,156.0,0.79,25.3,42.6,31.9,0.51,2.32,17.9,27.6,1294.0,237.0
2274,17.3,197.0,279.0,3.1,78.0,57.1,75.1,38.0,30.0,117.0,46.4,179.1,396.0
290,34.5,263.0,466.0,0.81,54.1,103.0,174.0,6.92,9.17,1420.0,102.0,1129.0,930.0
4524,16.92,53.81,92.29,1.4,14.52,19.9,40.34,1.88,2.55,137.76,19.85,216.37,194.7
4346,28.8,112.0,123.0,6.22,53.3,30.8,40.6,14.3,16.7,221.0,22.8,354.0,213.0
4350,40.4,72.0,117.0,1.18,22.4,24.2,44.5,2.97,5.02,90.0,23.7,116.0,210.0
7018,35.52,146.04,238.15,1.12,35.83,53.47,86.78,3.72,6.57,143.0,53.45,111.43,511.75
3285,3.69,63.1,122.0,0.25,12.9,25.8,48.0,0.49,1.98,46.0,23.8,132.0,237.0
2779,0.54,85.6,245.0,0.59,8.36,40.7,123.4,0.12,1.05,55.0,58.1,1800.0,574.0
1402,17.2,107.5,203.3,0.67,24.4,41.8,77.5,2.02,4.27,122.0,40.3,89.0,445.0
2045,38.3,40.5,61.0,0.82,12.6,13.3,21.8,1.89,3.21,253.0,12.6,188.0,140.0
1318,54.05,220.37,518.09,1.71,43.89,80.58,213.72,2.95,7.75,1664.51,97.74,931.3,1672.61
2243,10.3,108.6,196.8,0.83,22.1,38.6,71.3,1.04,3.59,191.0,41.3,364.0,499.0
4862,21.05,261.7,395.9,0.72,62.9,92.7,107.4,8.32,14.99,68.43,81.8,150.67,748.0
7121,6.26,110.0,214.0,0.22,19.0,46.0,89.0,0.68,2.58,117.0,48.0,540.0,444.0
3540,4.66,27.4,45.4,0.13,6.08,9.96,19.3,0.49,1.03,35.0,9.55,144.0,90.3
1758,8.4,37.1,59.3,0.4,10.9,12.9,23.1,1.98,2.65,165.0,12.7,164.0,138.0
1899,24.0,52.9,104.2,0.17,9.5,19.9,43.9,0.9,1.96,123.0,23.2,113.0,263.0
4082,86.0,36.2,78.3,0.68,10.07,15.8,60.7,29.2,4.93,426.0,20.0,1151.0,238.0
6930,33.68,104.33,157.9,3.22,29.61,36.27,53.48,4.8,6.65,72.22,33.83,48.64,318.95
1885,15.0,54.9,107.9,0.25,10.3,22.2,42.6,0.73,1.98,98.0,23.3,78.0,253.0
4603,10.64,14.22,10.66,0.74,8.86,3.57,2.12,2.25,3.26,255.57,1.66,267.25,11.78
1806,13.9,128.8,208.9,1.15,34.9,44.2,73.7,6.37,9.49,556.0,43.1,565.0,460.0
7198,193.0,757.0,579.0,8.0,404.0,173.0,81.0,145.0,169.0,3009.0,101.0,918.0,636.0
3495,3.1,179.0,312.0,0.15,40.2,68.1,104.7,2.17,6.26,222.0,58.0,430.0,614.0
7002,27.97,153.62,231.14,0.15,37.13,53.69,65.1,3.48,6.01,142.45,48.92,273.33,473.16
5773,13.9,56.2,104.0,3.27,12.0,23.1,44.6,8.93,3.34,230.06,22.8,540.52,185.0
3404,39.7,55.0,106.9,0.88,17.3,22.9,48.7,1.86,3.37,99.0,22.2,123.0,214.0
6460,2.6,31.18,43.04,0.25,15.33,8.78,30.27,1.58,4.39,76.77,10.41,616.25,134.49
6397,0.86,27.02,13.42,0.05,12.01,5.04,1.64,0.22,1.67,68.43,1.86,1244.64,14.64
311,7.45,44.04,95.09,0.84,8.54,18.77,90.97,0.9,1.69,9.98,27.82,45.25,382.19
3107,21.5,17.2,46.2,0.32,4.11,7.7,43.7,0.44,0.38,196.0,14.8,529.0,178.7
6788,829.0,209.0,114.0,0.5,161.0,41.0,18.0,1107.0,240.0,2197.0,18.0,574.0,139.0
2115,18.3,65.9,123.9,0.41,13.9,25.2,46.6,0.74,2.16,199.0,25.1,222.0,271.0
2102,9.6,79.7,153.1,0.36,16.3,31.9,56.6,1.0,2.24,87.0,31.9,116.0,330.0
4081,11.28,58.8,123.3,0.55,11.0,26.2,74.0,0.7,1.6,395.0,30.6,1079.0,331.0
2230,11.2,64.0,133.1,0.31,12.4,24.9,57.3,0.68,1.9,124.0,30.5,233.0,380.0
2729,39.4,343.0,484.0,1.18,116.7,111.0,206.0,42.9,45.4,4660.0,110.1,12400.0,1012.0
1041,25.38,90.05,192.37,9.73,16.73,27.12,47.01,7.55,8.41,59.52,26.59,81.78,498.19
6216,31.54,263.0,436.0,0.09,56.14,100.0,156.0,6.94,9.31,1568.0,90.0,3450.0,792.0
3177,4.59,176.0,298.0,1.17,40.9,61.1,101.4,2.36,6.68,103.0,58.9,246.0,514.0
1886,17.4,50.4,93.9,0.61,12.6,19.0,40.7,1.22,2.45,146.0,20.8,85.0,235.0
2869,194.0,797.0,982.0,6.5,245.0,255.0,223.0,24.7,48.0,4318.0,178.0,1903.0,1522.0
6770,21.95,50.88,95.39,0.39,15.4,20.76,37.79,0.72,1.73,97.68,19.72,109.12,191.95
4273,14.79,96.0,161.0,0.42,26.2,35.1,52.7,1.65,3.66,173.0,30.6,203.0,260.0
5448,15.9,66.8,114.0,0.15,14.4,25.4,38.8,1.12,2.61,165.0,34.525000000000006,184.0,247.0
3302,16.9,37.8,94.0,0.48,6.3,16.5,72.0,0.46,1.08,105.0,23.2,277.0,319.0
1139,5.96,39.68,100.05,0.33,4.95,13.12,48.54,0.34,0.76,50.1,18.42,199.43,360.93
6105,1.4,15.0,19.0,0.1,7.0,5.0,9.0,1.4,3.5,119.0,4.0,373.0,52.0
6206,23.5,217.0,369.0,0.18,51.83,84.0,135.0,3.4,7.22,1086.0,75.0,2234.0,664.0
6056,22.0,73.0,137.0,0.3,15.0,27.0,53.0,1.0,2.6,298.0,28.0,497.0,302.0
868,28.73,71.88,140.58,0.6,15.7,28.6,67.93,1.08,2.79,340.53,30.91,573.36,314.3
2398,0.34,24.6,14.2,0.19,5.25,5.11,2.12,0.27,0.48,11.7,2.24,1854.0,17.5
6587,43.7,26.0,40.3,0.55,7.39,9.3,18.7,1.37,2.39,125.0,8.75,154.0,89.3
6095,9.6,48.0,65.0,0.9,16.0,14.0,22.0,3.3,5.1,245.0,13.0,373.0,131.0
5610,21.1,66.0,113.0,0.38,13.7,24.0,45.0,0.8,2.3,152.0,24.0,221.0,264.0
82,7.7,56.9,88.0,0.57,15.1,20.6,31.6,2.12,3.67,23.0,17.6,28.0,164.0
4114,37.8,257.2,449.0,0.27,53.1,103.5,146.7,9.3,9.1,404.0,85.3,1032.0,785.0
1838,11.1,95.7,167.6,0.33,20.1,34.5,59.0,1.56,3.51,111.0,36.1,121.0,394.0
2973,3.85,23.7,47.8,0.31,5.3,9.33,25.4,0.37,0.59,23.0,10.8,100.0,122.1
5853,6.08,192.0,313.0,3.36,36.9,71.9,194.0,1.0,3.18,72.5,74.6,346.0,812.0
4971,4.42,67.4,139.5,0.48,10.82,27.6,82.4,0.76,3.64,18.8,36.7,85.0,362.0
2923,51.0,170.0,320.0,1.0,33.0,67.0,142.0,2.0,7.0,515.0,79.0,333.0,890.0
3866,6.63,74.1,132.0,0.23,14.2,28.9,50.0,0.47,1.97,71.0,27.7,163.0,265.0
22,39.45,93.31,202.97,1.07,20.57,41.73,86.36,0.73,2.05,205.0,47.5,318.0,455.54
3967,9.08,62.1,127.2,0.28,11.9,24.7,61.0,0.59,1.39,122.0,25.4,329.0,255.0
1224,14.11,65.06,130.62,0.14,11.78,20.12,38.74,4.57,2.81,121.67,20.03,180.13,326.18
4553,7.39,39.61,73.49,0.33,8.02,15.94,29.78,0.55,0.95,50.47,15.73,71.0,145.17
2048,17.9,188.0,339.7,1.34,40.9,71.6,117.5,2.68,7.1,252.0,71.3,196.0,771.0
3246,37.0,79.0,143.0,0.55,19.5,32.3,59.3,22.5,6.9,88.0,30.7,175.0,269.0
1178,5.44,143.66,260.09,0.78,31.59,57.01,115.79,2.31,5.49,187.44,58.01,891.37,566.39
3943,6.16,146.0,241.0,1.34,42.1,54.5,75.5,3.44,7.72,54.0,50.5,175.0,421.0
1051,48.54,124.85,233.56,70.7,26.99,30.35,58.44,47.59,20.83,109.46,29.56,266.43,676.43
4317,2.92,213.0,457.0,0.04,22.67,84.3,147.0,0.36,1.84,173.9,92.1,3434.0,1014.0
2320,25.2,103.0,121.0,0.59,23.0,26.8,44.0,1.56,3.63,108.7,20.3,236.0,266.0
1698,12.0,48.9,88.4,0.12,11.1,18.0,30.0,1.17,2.37,242.0,18.1,319.0,188.0
5701,142.0,1063.0,1442.0,2.3,263.0,369.0,385.0,76.0,79.0,5279.0,305.0,5957.0,2498.0
2595,2.22,81.1,74.7,0.47,12.1,22.8,14.0,0.21,1.33,11.8,13.2,462.0,107.0
2008,4.1,135.7,235.0,0.29,29.2,49.8,78.4,1.8,4.38,87.0,47.9,127.0,509.0
5348,3.89,8.18,19.83,0.15,1.78,3.5,15.06,1.56,0.45,35.6,5.44,444.67,72.82
7138,7.76,101.0,195.0,0.2,18.0,41.0,81.0,0.66,2.48,115.0,43.0,464.0,403.0
2087,33.4,99.8,187.8,0.7,22.0,37.7,74.6,2.02,3.88,136.0,39.8,90.0,434.0
2941,34.0,143.0,190.0,3.0,40.0,49.0,57.0,6.0,11.0,118.0,44.0,75.0,466.0
1756,30.1,65.6,121.8,0.55,14.2,25.1,48.0,1.29,2.64,214.0,26.5,160.0,286.0
2367,9.96,359.61,429.58,5.92,103.71,114.64,101.05,12.97,25.11,117.82,95.52,123.15,877.78
1498,7.3,189.6,267.8,1.48,53.8,63.7,76.6,7.47,12.04,59.0,51.8,138.0,500.0
4259,1.18,198.0,332.0,0.06,36.4,72.8,107.0,1.89,5.45,77.0,66.0,356.0,548.0
4152,25.63,89.1,175.1,1.35,18.6,34.3,93.5,1.12,2.53,118.0,42.0,343.0,425.0
943,18.09,196.14,292.81,1.16,58.02,65.91,111.43,10.5,13.06,194.58,61.24,658.05,564.76
7044,104.6,323.38,468.77,0.8,86.4,112.13,133.87,15.96,19.3,471.64,96.42,289.27,857.81
3454,3.52,65.4,120.6,0.37,14.05,26.0,56.8,0.52,1.96,54.0,27.9,170.0,267.0
5819,6.15,107.0,172.0,0.19,23.6,41.5,63.1,2.85,4.42,128.1,36.4,230.99,281.0
6700,28.2,52.6,102.0,0.82,12.9,21.7,47.5,1.75,2.29,114.0,23.0,114.0,231.0
5201,7.23,75.7,139.3,0.45,15.19,29.5,57.2,1.01,5.89,49.1,33.2,144.7,279.0
1324,80.04,349.72,829.79,2.59,68.11,126.39,335.04,3.36,9.94,1480.72,155.17,997.54,2587.87
117,6.84,23.7,57.9,0.14,19.9,10.6,36.8,0.6,0.59,121.0,14.0,434.0,162.0
3647,24.9,261.0,438.0,0.76,51.0,99.8,154.0,2.67,7.42,535.0,94.5,812.0,822.0
1425,28.2,84.5,171.0,0.31,16.4,33.6,68.9,2.11,2.11,210.0,36.9,223.0,410.0
4834,3.53,46.2,76.3,0.19,10.79,16.99,26.4,0.87,1.92,35.5,16.72,62.21,168.8
6958,39.69,64.83,105.36,1.89,17.56,23.56,42.63,2.57,4.28,64.87,22.08,43.53,214.94
2861,80.0,859.0,972.0,11.2,278.0,260.0,208.0,38.9,62.7,1012.0,172.0,579.0,1456.0
3147,285.0,139.3,249.0,2.25,31.9,52.9,113.0,69.0,8.0,512.0,65.7,1336.0,559.0
3965,19.6,85.1,103.0,1.11,18.0,22.6,42.3,1.37,3.1,177.0,25.5,310.0,237.0
3379,11.65,187.0,288.0,0.72,43.3,64.7,91.0,1.73,7.59,176.0,54.0,463.0,461.0
1637,10.8,55.3,93.5,0.36,12.4,20.5,34.9,1.1,2.29,76.0,19.8,86.0,215.0
2264,2.4,190.36,212.31,0.44,60.15,58.08,55.46,8.02,14.83,119.34,43.38,192.39,387.51
6151,12.23,249.0,463.0,0.02,39.66,96.0,246.0,5.09,8.37,959.0,115.0,7640.0,1214.0
4475,7.78,160.25,287.91,0.61,32.43,61.65,141.81,0.88,3.44,311.41,65.52,2188.34,657.41
4720,12.6,30.6,56.5,0.61,7.54,11.53,23.8,0.55,1.25,117.75,13.33,214.68,146.0
3613,5.96,121.1,216.0,0.35,21.9,45.8,89.1,0.76,2.76,81.0,41.6,209.0,431.0
6651,0.92,18.9,34.3,0.27,4.16,7.03,14.9,1.56,0.4,13.2,7.49,339.0,73.4
3819,35.5,150.0,230.0,7.6,46.2,50.4,84.3,15.5,11.7,270.0,44.6,738.0,448.0
2737,3.04,33.6,58.7,0.11,8.98,12.04,21.9,0.38,1.38,106.0,12.48,654.0,105.7
4609,8.64,17.25,20.33,0.92,6.65,5.49,5.88,0.77,1.64,102.37,3.34,30.3,29.92
3945,5.67,50.2,78.6,0.25,11.7,17.4,31.4,0.61,1.93,64.0,12.9,195.0,143.0
3079,19.6,30.2,53.5,0.24,7.9,11.65,24.1,5.1,1.46,97.0,13.6,293.0,123.6
6931,17.91,47.6,70.8,1.67,15.42,16.06,26.63,2.0,3.08,23.41,16.41,13.33,144.78
2098,29.0,96.9,183.6,0.67,21.3,37.8,68.4,1.23,3.4,134.0,37.6,109.0,405.0
206,69.2,99.2,228.0,2.77,21.4,42.4,222.0,13.6,8.54,433.0,66.9,1338.0,872.0
5456,75.2,63.8,50.8,12.6,81.8,14.6,23.5,72.7,58.0,95.0,34.525000000000006,703.0,125.0
5300,31.5,135.1,221.0,3.15,37.2,52.9,105.6,1.62,14.47,325.0,53.8,392.0,390.0
6084,11.0,91.0,159.0,3.0,23.0,32.0,67.0,3.5,6.8,263.0,35.0,816.0,388.0
3054,16.55,53.1,77.8,0.43,10.8,17.8,32.1,0.43,0.97,75.0,18.46,153.0,167.1
3352,39.1,145.0,284.0,1.04,33.9,55.6,116.5,1.9,5.29,154.0,56.3,184.0,549.0
2451,2.23,77.1,75.7,0.6,15.2,22.1,14.6,0.21,1.55,19.9,13.1,839.0,105.0
4170,53.3,182.0,288.0,3.25,51.6,62.5,101.7,6.64,10.2,372.0,58.0,270.0,502.0
5325,12.23,73.39,137.35,0.57,15.94,28.4,59.31,0.95,2.04,179.62,29.56,583.12,288.19
4891,32.2,48.9,117.4,0.46,8.79,20.6,70.0,0.77,1.34,166.35,32.59,275.13,403.0
5375,2.77,12.59,37.0,0.14,2.16,6.28,30.27,0.01,3.63,44.2,9.93,729.49,113.51
1384,23.2,123.0,188.0,0.64,26.5,42.6,58.7,0.99,3.77,540.0,36.0,1064.0,424.0
839,40.37,88.74,166.84,1.73,22.74,35.19,82.52,2.1,5.27,539.23,37.92,652.49,376.84
1554,9.6,52.0,86.0,0.34,12.4,18.2,30.5,1.37,2.66,95.0,16.9,80.0,184.0
6270,15.9,74.0,158.0,0.93,15.27,31.0,98.0,1.32,2.45,309.0,39.0,440.0,406.0
2761,4.61,98.7,231.0,0.17,15.1,40.4,115.5,0.4,1.94,118.0,53.3,1291.0,544.0
2516,1.61,128.0,188.0,0.5,14.3,43.3,43.9,0.2,1.62,11.9,34.7,709.0,321.0
4778,0.68,58.0,40.07,0.52,22.31,13.33,5.94,0.47,2.85,5.71,6.43,412.64,47.3
5271,8.79,106.4,158.2,1.03,21.77,44.4,61.4,1.93,9.66,33.6,36.3,71.7,290.7
1788,34.5,47.5,86.2,0.29,10.5,18.2,33.6,1.36,1.97,214.0,17.8,291.0,191.0
3754,0.72,9.8,24.0,0.29,2.01,3.99,15.9,0.27,0.45,11.0,5.52,131.0,66.5
6980,21.07,206.12,300.0,0.19,50.31,70.38,84.05,5.37,10.79,113.98,63.48,179.87,565.5
5091,12.85,110.9,177.6,1.63,28.81,40.9,68.2,4.38,17.44,72.8,40.6,118.5,331.0
7172,9.62,82.0,127.0,0.3,20.0,30.0,46.0,4.33,4.57,80.0,26.0,332.0,235.0
3043,13.1,92.3,195.0,0.25,13.5,39.7,115.2,0.46,1.79,330.0,47.5,802.0,515.0
4190,7.33,136.0,234.0,0.14,33.7,48.7,73.4,2.52,5.99,161.0,45.4,457.0,392.0
6379,0.94,36.75,24.34,0.3,16.13,8.65,4.46,0.74,2.85,49.89,3.87,452.24,29.14
1574,15.2,61.4,104.8,0.56,15.2,21.4,34.7,1.66,3.07,143.0,19.6,125.0,219.0
2597,2.31,95.2,108.0,0.49,12.4,29.4,21.6,0.16,1.38,11.2,18.6,403.0,153.0
2972,3.81,36.1,86.4,0.4,7.01,16.3,53.1,0.95,1.08,31.0,21.5,87.0,222.0
6422,3.53,13.57,16.27,0.11,6.6,4.26,6.59,0.41,1.72,93.29,3.32,586.33,31.58
1632,15.6,40.2,79.1,0.23,8.4,16.0,33.2,0.75,1.43,59.0,18.2,61.0,196.0
5401,35.4,216.3,309.3,12.26,49.8,67.1,191.1,37.57,28.05,187.0,80.7,4098.0,1060.0
1005,69.7,88.1,147.0,0.77,22.2,33.0,51.9,2.29,4.16,96.8,30.6,99.5,278.0
5487,18.45,16.4,27.32,0.47,5.33,5.74,12.95,0.79,1.28,57.93,34.525000000000006,164.18,70.78
168,48.6,69.5,118.0,1.92,17.6,26.1,56.6,1.86,3.2,110.0,26.7,220.0,277.0
1109,6.72,213.14,450.33,0.07,29.82,65.59,132.32,1.99,3.99,246.71,70.19,607.64,1127.39
3276,9.35,87.8,183.0,0.25,16.5,38.1,86.4,0.73,2.16,255.0,39.9,614.0,385.0
4911,21.21,262.66,405.24,0.49,59.12,93.23,160.9,6.81,12.22,772.1,88.61,2570.0,833.87
6882,69.5,115.35,172.14,1.47,31.29,40.19,57.62,3.33,6.24,146.86,37.8,80.24,337.92
4567,14.88,7.79,5.12,0.99,5.97,1.77,0.91,1.81,2.14,91.1,0.77,30.88,4.88
5166,5.3,34.1,45.9,1.69,12.67,11.6,20.08,2.13,8.36,15.87,10.47,38.4,107.4
4451,7.85,60.2,115.7,0.43,13.29,24.41,51.81,1.36,2.6,100.54,25.1,262.04,245.04
1923,14.4,53.5,96.7,0.22,9.6,19.9,38.2,0.79,2.04,138.0,21.1,161.0,235.0
6970,137.93,376.42,503.54,13.46,127.49,126.44,155.47,19.25,29.9,488.55,93.23,138.64,838.41
4527,39.77,71.59,150.32,1.04,15.34,30.28,79.68,0.85,2.19,370.58,35.05,470.24,355.89
1316,46.91,263.97,597.79,2.57,55.36,92.96,247.34,2.97,8.26,961.82,110.1,637.01,1839.5
7151,11.0,107.0,196.0,0.26,21.0,43.0,75.0,0.97,3.28,159.0,42.0,565.0,387.0
6461,1.46,16.66,8.21,0.13,14.06,3.3,1.01,1.58,3.41,52.65,1.04,607.13,7.59
1252,13.75,11.5,15.1,0.37,4.08,2.76,4.62,0.77,1.01,121.52,2.12,123.46,34.97
4523,61.89,130.19,192.36,6.1,46.68,43.57,101.7,21.08,17.03,518.45,44.28,636.2,447.0
4873,24.9,22.7,37.2,1.03,7.71,7.75,17.38,1.67,2.02,31.39,8.85,112.94,95.1
3436,4.48,82.8,152.0,0.87,19.5,33.1,63.6,1.21,3.55,36.0,31.7,76.0,274.0
2342,47.56,243.44,287.15,9.34,93.93,77.68,72.47,19.52,27.41,112.01,55.31,67.74,509.74
4704,10.34,42.6,78.3,0.15,8.58,16.5,27.67,0.82,1.51,62.77,17.93,101.76,189.7
4380,8.01,65.0,111.0,0.32,14.4,23.3,42.2,0.9,2.48,35.0,22.3,34.0,200.0
5919,19.0,13.0,18.0,1.0,3.0,3.0,44.0,15.0,5.9,2327.0,11.0,2615.0,250.0
3244,2.89,139.7,249.0,0.1,30.3,56.0,93.6,1.59,4.2,71.0,51.1,154.0,447.0
6600,17.0,44.9,80.4,0.47,11.6,17.2,38.4,0.98,2.26,93.5,18.3,261.0,188.0
2804,26.9,47.9,92.8,0.78,11.0,18.4,41.7,0.9,2.26,354.0,19.9,751.0,207.0
5311,4.06,7.03,16.71,0.21,1.33,2.98,13.52,0.08,0.5,38.28,4.16,682.81,49.2
2558,2.1,131.0,129.0,0.74,24.1,36.8,25.5,0.34,2.05,23.9,22.2,1204.0,183.0
4401,51.5,53.0,91.0,0.47,15.0,19.1,34.4,1.38,2.51,221.0,18.2,274.0,165.0
6864,50.76,93.22,162.45,1.44,23.08,35.25,61.37,2.42,4.32,100.13,35.5,72.04,324.84
3783,42.9,145.0,243.8,1.96,36.6,51.9,102.0,2.95,5.46,148.0,51.2,230.0,523.0
2630,0.88,202.0,314.0,0.67,21.8,73.4,98.6,0.19,2.23,8.78,66.9,634.0,643.0
5150,4.11,55.1,117.0,0.44,8.83,22.77,71.3,0.55,3.62,19.29,31.2,79.6,311.9
1973,0.1,23.0,101.5,0.11,1.8,14.5,75.1,0.04,3.63,3.0,27.6,464.0,367.0
4344,1.14,122.0,284.0,0.05,8.76,49.7,131.0,0.14,0.89,59.6,66.6,1657.0,803.0
6554,63.3,68.9,111.0,1.63,22.0,25.8,39.7,5.84,6.51,464.0,24.0,147.0,224.0
5013,10.11,191.8,322.0,1.25,36.4,71.1,130.6,2.63,15.17,86.7,76.4,195.0,612.0
1881,9.2,47.6,71.2,0.33,14.7,16.2,22.6,1.35,3.3,66.0,13.4,32.0,135.0
6684,8.7,26.3,52.0,0.46,4.53,11.5,17.5,0.7,1.05,6.52,10.5,285.0,94.4
5351,3.22,7.35,18.43,0.16,0.93,3.21,15.13,0.04,0.1,28.69,5.09,453.54,72.19
4811,11.18,101.5,150.3,1.81,31.2,34.0,57.8,2.55,4.87,25.41,33.1,109.03,333.0
6205,19.86,277.0,452.0,0.2,66.89,104.0,161.0,3.68,10.28,1017.0,93.0,2312.0,800.0
1072,175.29,59.43,131.15,42.63,16.48,20.62,49.01,98.63,17.87,80.15,23.86,60.61,416.0
3638,10.7,160.5,263.0,0.57,33.8,58.1,86.5,2.86,6.0,273.0,54.3,466.0,450.0
5671,4.4,179.0,344.0,0.54,17.34,76.59,97.28,0.12,1.26,27.01,81.82,206.8,710.9
271,47.3,113.0,164.0,2.89,36.6,38.7,66.2,4.53,8.52,860.0,38.4,513.0,380.0
914,28.94,61.6,125.01,0.44,13.13,25.92,63.41,0.7,1.91,269.92,29.01,506.02,288.01
3213,6.52,84.0,134.0,0.61,17.4,30.3,61.1,1.2,3.12,153.0,30.6,430.0,281.0
3518,10.9,101.7,134.6,3.04,37.3,33.8,38.7,6.98,9.5,18.0,24.3,18.0,211.0
4733,21.4,96.3,147.2,0.63,22.5,33.83,45.6,1.82,3.9,23.37,30.9,33.84,298.4
6325,5.59,32.77,63.35,0.39,7.66,14.29,28.52,0.94,1.65,447.48,14.62,1990.43,135.81
2551,1.9,134.0,129.0,0.89,25.3,37.2,24.6,0.54,2.42,21.1,22.2,1265.0,184.0
2041,19.1,59.3,121.0,0.17,10.1,23.3,51.3,0.57,1.42,124.0,27.7,181.0,316.0
4077,13.2,46.0,111.6,0.38,10.7,21.9,83.2,2.68,1.56,391.0,28.8,944.0,319.0
1119,5.75,253.96,442.36,0.22,45.65,70.96,112.13,3.63,7.64,216.43,65.13,369.38,1004.74
119,18.0,393.0,544.0,0.95,112.0,135.0,159.0,10.5,20.0,453.0,101.0,513.0,865.0
5787,90.7,171.0,291.0,10.0,39.1,69.2,115.0,62.6,16.3,374.91,61.0,687.18,581.0
819,25.34,44.6,96.2,0.42,9.08,18.8,51.2,0.81,1.45,247.0,22.1,415.0,228.0
3307,7.23,63.2,140.0,0.23,12.5,28.5,64.8,0.52,1.85,107.0,30.4,307.0,310.0
3561,26.8,34.1,55.7,0.35,9.7,12.19,26.8,1.28,2.25,313.0,13.6,214.0,126.0
4377,4.15,88.0,153.0,0.49,22.0,33.2,52.9,1.32,4.49,27.0,30.2,46.0,258.0
5930,22.0,62.0,120.0,1.9,14.0,23.0,70.0,6.5,4.5,320.0,28.0,515.0,339.0
1231,5.26,228.89,420.59,2.31,37.65,65.72,114.92,4.76,7.11,176.12,63.89,602.13,1011.61
863,22.42,38.8,85.51,0.42,8.45,16.64,48.31,0.65,1.39,200.95,20.89,526.29,212.51
4091,5.06,57.0,108.1,0.31,11.38,21.57,50.4,0.54,1.34,40.0,24.7,102.0,230.9
7113,30.0,93.0,175.0,0.28,18.0,38.0,72.0,8.12,3.78,100.0,39.0,385.0,360.0
1163,2.66,103.33,85.62,0.83,55.8,25.9,19.85,5.9,13.49,136.7,14.3,457.9,110.92
5121,5.7,41.2,84.1,0.65,8.48,16.32,52.6,0.63,3.6,25.6,22.9,91.4,225.0
5355,26.1,39.5,85.5,0.19,7.45,18.0,47.5,0.34,1.15,139.0,22.6,327.0,200.0
5333,10.72,62.81,125.69,0.47,14.81,26.14,59.3,0.49,2.46,140.21,27.79,488.32,280.24
5892,61.5,175.0,281.0,2.35,54.5,63.9,112.0,28.0,19.6,298.0,61.3,1171.0,602.0
1859,83.1,111.6,182.1,1.85,33.0,38.9,64.3,5.74,8.58,475.0,38.5,164.0,414.0
6387,2.09,69.67,109.06,0.61,21.66,23.82,47.92,1.06,3.65,57.61,23.02,479.97,249.38
6135,254.6,924.0,1603.0,0.03,202.2,346.0,673.0,150.0,71.92,3929.0,365.0,19614.0,3456.0
4709,5.94,75.3,151.3,0.2,14.7,29.5,54.0,0.6,1.86,43.11,31.1,144.64,285.0
4617,28.6,97.8,121.5,3.7,36.9,31.2,35.17,10.82,12.26,16.77,24.61,17.3,228.1
3030,21.2,161.0,276.0,0.87,29.3,63.1,119.0,2.18,6.39,324.0,57.7,371.0,567.0
4228,37.1,20.0,29.0,0.55,6.35,6.4,12.2,0.88,1.66,142.0,6.2,181.0,59.0
7089,6.5,63.0,83.0,0.19,18.0,21.0,28.0,1.14,3.41,255.0,17.0,707.0,145.0
918,27.01,59.6,112.56,0.59,14.9,24.09,52.62,0.95,2.7,273.37,25.17,409.56,242.81
3673,7.5,50.8,99.0,0.49,9.2,19.6,55.8,0.82,2.01,141.0,23.3,292.0,257.0
2121,12.5,60.4,117.9,0.2,14.1,23.6,43.4,0.92,2.46,176.0,23.8,237.0,251.0
6782,13.98,72.91,133.21,0.15,19.96,28.83,50.85,0.7,2.27,72.59,28.06,164.02,259.14
1628,58.4,93.1,205.4,0.91,17.3,38.2,96.1,1.11,2.55,737.0,45.0,405.0,548.0
365,17.14,120.13,233.29,2.35,26.64,47.92,195.53,1.93,5.23,50.89,65.73,122.68,862.03
4131,6.29,41.3,75.5,0.52,9.34,15.55,38.7,0.61,1.55,41.0,16.76,96.0,173.3
2881,100.0,844.0,1367.0,1.2,194.0,291.0,321.0,40.2,48.3,2800.0,261.0,2266.0,2489.0
1116,0.72,249.54,262.22,0.15,64.87,52.92,49.2,2.69,9.36,61.58,33.24,323.32,470.83
4510,62.97,115.89,169.45,4.33,40.03,40.28,72.91,12.54,12.68,326.59,37.2,363.71,342.58
2049,11.6,87.9,144.7,0.59,22.2,29.6,54.3,2.11,4.52,147.0,31.6,197.0,345.0
156,17.2,89.9,142.0,1.3,24.0,33.2,59.5,5.16,5.77,102.0,29.5,149.0,289.0
3492,4.31,11.6,44.8,0.16,1.52,6.17,74.2,0.06,0.17,73.0,13.5,403.0,215.0
3074,17.0,36.8,63.5,0.52,9.9,13.35,31.7,0.7,0.99,151.0,16.2,258.0,153.0
6099,8.7,67.0,121.0,0.1,13.0,25.0,42.0,0.9,1.9,55.0,24.0,129.0,264.0
4325,2.46,196.0,411.0,0.06,19.28,76.7,136.0,0.32,0.74,155.5,85.0,3163.0,941.0
1472,7.6,58.9,99.8,0.6,13.9,21.7,35.4,0.99,2.22,38.0,21.0,101.0,218.0
6435,4.24,40.02,61.16,0.38,8.38,14.26,26.81,1.48,0.6,123.54,13.65,466.72,134.91
5957,20.0,144.0,261.0,0.4,29.0,55.0,91.0,1.4,4.2,592.0,54.0,1050.0,545.0
5666,2.74,142.3,265.7,0.5,14.57,59.35,86.54,0.49,0.8,30.53,65.68,345.0,645.1
6686,43.0,51.6,113.0,1.16,12.5,22.1,64.4,1.24,2.35,207.0,26.7,282.0,287.0
98,11.4,102.0,196.0,2.19,22.6,40.9,98.3,3.31,4.36,212.0,43.2,262.0,451.0
2978,2.11,22.2,44.3,0.28,3.44,10.2,34.3,0.26,0.88,27.0,12.0,108.0,133.5
2619,2.3,102.0,102.0,0.54,14.0,30.3,21.0,0.36,1.28,12.8,17.4,485.0,139.0
5573,6.1,112.0,182.0,0.42,24.7,39.0,62.0,1.7,5.1,138.0,37.0,256.0,385.0
2319,61.0,127.0,201.0,2.1,51.0,40.0,62.4,139.0,17.8,68.6,38.2,96.0,346.0
4539,7.63,64.62,107.3,0.6,16.02,24.56,39.38,1.36,3.08,58.27,22.47,70.27,194.29
6359,1.91,29.91,16.16,1.0,13.69,6.03,2.7,1.18,3.3,72.8,2.34,1451.33,16.54
4237,52.4,35.0,53.0,0.62,12.5,11.4,20.0,2.89,3.27,110.0,11.0,56.0,97.0
3452,9.7,74.6,146.3,0.31,18.1,31.8,60.2,1.02,2.01,63.0,31.6,166.0,283.0
3602,10.92,102.8,168.0,0.75,22.4,39.0,60.9,1.52,3.9,84.0,39.3,152.0,325.6
1158,8.15,40.45,73.32,0.22,9.05,15.97,30.32,0.67,1.6,57.1,15.83,105.25,149.44
2904,43.0,151.0,234.0,2.0,33.0,55.0,81.0,4.0,7.0,231.0,59.0,185.0,641.0
7012,32.39,256.03,361.82,2.29,69.29,85.77,108.39,12.08,15.74,155.92,76.41,125.6,679.91
6754,262.24,143.18,256.61,3.82,43.91,53.17,105.8,5.16,8.72,69.61,60.12,33.24,560.34
3927,12.3,133.0,190.0,2.2,51.0,45.8,56.4,6.34,10.8,43.0,35.2,46.0,292.0
250,20.5,212.0,355.0,2.1,51.0,80.4,136.0,6.21,9.89,321.0,76.3,274.0,690.0
2276,10.7,69.0,80.0,0.59,21.7,24.2,35.1,1.56,3.63,37.1,17.1,69.1,162.0
5681,911.0,2262.0,2176.0,278.0,841.0,581.0,672.0,848.0,538.0,5596.0,498.0,9370.0,4568.0
7050,12.43,69.75,98.66,2.23,20.8,22.28,33.88,2.34,4.71,15.94,21.11,10.54,199.24
3455,36.4,49.5,85.7,1.12,13.6,18.0,43.4,1.44,3.2,113.0,20.83,172.0,201.0
6816,33.44,81.9,146.0,1.3,20.2,30.4,61.8,1.91,3.46,89.4,34.4,101.0,361.0
4463,0.59,17.04,35.22,0.28,3.59,7.26,20.49,0.14,0.43,42.69,8.43,98.8,87.81
4168,12.16,87.0,124.0,0.15,26.2,29.2,36.9,3.01,5.36,78.0,23.3,185.0,194.0
4232,8.64,55.0,131.0,0.06,9.97,23.0,68.0,0.44,1.36,257.0,32.0,616.0,322.0
5504,27.12,12.63,59.28,0.21,1.58,33.21,66.58,2.12,0.52,1204.38,42.89,1443.35,58.39
2655,34.6,239.0,434.0,2.69,46.4,90.3,172.8,1.13,5.52,1082.0,91.8,2530.0,820.0
5278,9.59,102.0,179.4,0.79,19.13,45.6,69.3,1.28,7.55,33.8,41.5,87.1,334.6
58,43.06,84.8,167.94,0.57,14.1,33.81,78.71,0.46,1.23,340.0,41.16,489.0,390.94
4456,8.4,67.24,125.82,0.47,15.43,27.79,58.47,0.97,3.05,127.27,28.48,318.29,273.59
6805,31.33,92.47,159.39,1.38,23.49,33.63,63.93,2.36,4.37,112.85,36.34,88.03,335.53
3980,20.8,36.1,99.9,0.55,7.5,17.3,61.8,0.56,0.93,165.0,26.3,410.0,287.0
7126,12.0,96.0,174.0,0.27,19.0,38.0,68.0,1.61,3.33,147.0,38.0,547.0,349.0
999,66.9,88.8,144.0,0.79,22.7,32.8,50.3,1.91,4.16,113.0,30.0,106.0,273.0
45,18.93,66.83,125.57,0.49,11.84,25.27,65.62,0.48,1.19,106.0,32.22,194.0,309.69
1927,28.9,85.3,164.9,0.56,16.3,32.5,65.9,0.84,2.47,165.0,35.5,167.0,394.0
2212,14.5,127.2,234.9,1.55,28.7,46.2,88.5,2.94,6.13,217.0,49.5,192.0,595.0
1381,32.4,66.3,138.0,1.14,15.2,26.9,84.3,0.74,2.32,326.0,32.4,766.0,479.0
5926,26.0,223.0,359.0,1.4,50.0,83.0,121.0,6.1,9.0,570.0,72.0,792.0,703.0
2683,15.9,82.1,148.1,0.88,21.7,30.5,63.8,0.92,4.02,157.0,31.0,848.0,302.0
6996,22.93,125.71,188.48,0.1,29.01,42.42,57.89,3.04,6.21,80.96,40.14,160.32,385.25
1693,28.6,72.5,149.4,0.2,13.4,28.7,60.3,0.62,1.64,204.0,32.4,274.0,367.0
6294,14.05,84.0,161.0,1.16,20.51,35.0,74.0,3.27,2.93,265.0,37.0,494.0,357.0
1710,0.6,22.3,13.8,0.14,12.7,4.4,2.2,0.68,2.26,27.0,2.0,747.0,16.0
2054,6.9,98.9,150.3,1.04,24.3,33.1,47.3,2.5,5.18,135.0,30.4,204.0,325.0
2016,25.3,79.9,142.2,0.76,16.8,29.4,50.7,1.08,2.9,174.0,30.0,141.0,332.0
4981,11.85,110.6,237.0,1.75,20.5,46.4,138.8,1.27,7.63,35.5,61.6,100.8,561.0
5944,7.5,109.0,191.0,0.4,22.0,39.0,64.0,2.6,3.4,288.0,39.0,423.0,394.0
720,36.49,57.7,116.0,0.78,12.7,23.5,64.2,8.4,3.14,290.0,27.3,443.0,281.0
104,54.8,79.6,121.0,0.85,23.5,28.4,40.2,30.4,9.46,162.0,24.9,297.0,220.0
1792,9.9,114.8,210.8,0.15,24.1,43.0,76.1,1.47,4.28,173.0,44.1,316.0,470.0
1800,10.0,42.1,82.8,0.04,7.6,15.9,37.1,0.85,1.75,129.0,19.2,448.0,223.0
1824,34.5,112.4,208.3,1.04,24.7,41.4,79.8,1.46,4.06,128.0,45.3,82.0,502.0
1298,26.48,365.73,896.19,2.74,62.65,139.47,383.6,5.42,10.36,718.04,166.16,609.32,2777.49
6672,13.3,8.88,15.5,0.15,2.46,3.49,6.93,0.01,0.5,22.1,3.42,16.7,33.2
3094,21.6,48.5,81.6,0.42,9.4,18.0,36.9,0.67,1.32,171.0,20.9,401.0,178.0
7007,18.8,227.46,333.28,0.14,47.6,78.24,89.84,4.24,9.38,135.22,66.9,212.48,600.72
5870,13.4,13.1,33.1,0.34,3.42,6.12,27.5,0.33,0.46,92.1,8.7,149.0,110.0
2025,15.5,130.4,247.7,0.38,23.5,49.2,91.1,1.2,3.33,158.0,53.6,155.0,591.0
3127,18.3,325.0,514.0,0.54,56.0,116.0,153.0,1.79,4.79,367.0,114.2,777.0,853.0
5202,8.89,76.3,141.7,0.52,16.59,30.9,57.6,2.36,7.06,48.2,33.0,146.6,277.7
3525,50.9,81.9,134.0,1.26,23.1,30.1,47.5,1.96,4.91,82.0,28.5,71.0,228.0
4842,13.18,121.6,180.7,0.46,31.7,42.1,48.2,3.3,6.68,40.79,37.1,91.4,335.0
5974,3.8,228.0,429.0,0.4,42.0,90.0,176.0,2.6,5.7,130.0,96.0,180.0,995.0
970,32.0,83.5,155.0,2.05,19.3,33.2,71.7,9.12,4.71,259.0,34.3,612.0,353.0
3827,1.45,7.2,21.2,0.11,1.18,4.29,15.9,0.15,0.09,76.0,5.62,37.0,58.0
1610,28.5,89.9,184.1,0.4,16.3,36.5,72.8,0.91,2.5,234.0,38.3,236.0,444.0
3118,10.2,90.4,191.0,0.28,15.1,37.4,94.7,0.32,1.6,249.0,49.4,648.0,473.0
59,51.2,91.85,178.59,0.49,15.22,35.42,77.78,0.49,1.65,354.0,42.93,511.0,386.34
2819,4.81,88.0,124.7,0.64,30.3,29.7,44.1,1.97,5.8,150.0,24.8,746.0,215.0
6739,11.75,60.65,97.85,0.67,20.6,21.02,41.67,2.15,3.44,99.9,21.46,201.59,212.31
5229,4.58,38.6,86.5,0.59,7.24,17.0,63.0,0.62,3.16,10.22,25.0,38.7,261.0
2727,100.0,940.0,770.0,13.9,470.0,218.0,137.0,139.0,199.0,1480.0,129.0,7600.0,900.0
5905,22.1,27.9,45.2,0.26,8.04,10.1,19.0,1.16,2.13,50.0,10.0,56.0,101.0
4097,8.4,50.0,103.0,0.36,11.3,19.9,53.2,0.57,1.55,223.0,26.1,510.0,253.0
6520,21.4,84.6,99.5,1.02,37.2,25.9,28.1,4.43,9.72,275.0,18.7,246.0,164.0
5058,3.89,20.9,32.4,0.71,6.19,7.51,16.9,0.84,3.23,8.7,7.94,29.1,88.9
3456,14.3,59.2,139.0,0.57,12.9,26.6,76.9,1.0,1.89,118.0,33.8,181.0,349.0
6381,0.87,27.01,17.03,0.3,16.14,6.27,2.66,0.9,3.26,33.04,2.26,549.48,17.68
6804,34.33,99.05,163.03,1.66,27.17,35.85,63.27,2.55,4.97,104.53,36.88,75.51,338.58
2735,3.09,50.6,81.2,0.12,12.3,18.4,31.6,0.59,1.67,103.0,17.4,555.0,159.0
25,56.44,136.2,274.85,1.33,30.39,54.69,109.71,1.63,3.69,361.0,63.39,424.0,591.74
5679,35.0,147.0,147.0,31.5,89.0,38.2,116.0,152.0,75.4,123.0,38.3,1257.0,486.0
4092,33.0,137.0,152.2,8.09,46.7,43.2,51.2,3.03,9.9,195.0,30.6,128.0,263.0
4327,2.87,186.0,399.0,0.14,18.82,75.3,129.0,0.21,1.77,164.7,79.3,2671.0,878.0
2883,132.0,1169.0,1711.0,1.4,296.0,397.0,374.0,68.0,76.0,3261.0,322.0,2061.0,2806.0
4375,21.4,134.0,224.0,1.58,34.7,48.2,86.0,3.3,7.8,132.0,45.0,156.0,409.0
4534,4.39,16.23,30.59,0.24,3.55,6.32,13.08,0.26,0.55,18.67,6.57,30.85,61.17
1548,73.1,93.8,237.9,0.25,14.5,40.5,121.0,1.19,2.57,707.0,60.2,506.0,714.0
1688,12.2,66.4,119.7,0.19,15.8,24.9,44.0,0.69,2.42,158.0,24.6,247.0,260.0
6033,0.7,140.0,153.0,0.1,36.0,40.0,41.0,1.1,5.4,100.0,28.0,538.0,259.0
5018,8.59,26.69,52.8,0.29,5.57,10.09,22.93,0.48,2.56,36.5,12.47,83.8,123.1
6406,1.3,29.09,19.68,0.08,11.57,6.57,2.54,0.77,3.02,76.36,2.66,736.68,16.83
2593,5.64,184.0,319.0,0.78,18.9,72.2,77.4,0.2,1.36,32.9,63.0,1052.0,554.0
1849,73.1,176.9,278.2,3.57,49.1,61.6,85.2,6.75,10.58,339.0,55.1,151.0,570.0
3511,1.93,20.6,16.3,0.15,15.8,4.91,3.6,5.79,9.6,132.0,2.27,806.0,25.2
1734,27.6,67.2,112.9,0.53,15.8,25.0,37.9,1.74,3.03,185.0,22.8,111.0,233.0
6245,29.64,261.0,416.0,0.29,61.51,97.0,145.0,5.14,9.87,1174.0,84.0,2108.0,751.0
1957,36.6,40.6,54.0,1.65,14.3,12.7,14.7,2.59,3.25,447.0,9.7,237.0,94.0
6310,0.7,0.38,1.37,0.04,0.07,0.33,3.02,1.56,0.02,1.37,0.4,28.36,6.15
4234,16.9,35.0,64.0,0.45,8.0,13.0,28.9,0.95,1.4,354.0,14.0,323.0,140.0
5849,8.02,129.0,219.0,2.2,24.4,48.6,149.0,0.9,2.53,102.0,50.5,666.0,517.0
2165,10.0,143.6,245.6,0.17,32.5,51.4,72.8,2.39,5.61,69.0,48.0,99.0,554.0
1560,12.6,51.0,105.6,0.28,10.7,19.8,45.3,0.54,1.26,76.0,23.2,94.0,266.0
7215,1267.0,284.0,183.0,9.0,214.0,56.0,29.0,1274.0,291.0,3615.0,30.0,1386.0,217.0
3128,31.3,29.9,66.3,0.44,4.7,12.01,49.3,0.61,0.81,344.0,18.51,787.0,206.1
6989,23.65,342.99,531.59,0.25,80.38,122.52,146.69,6.9,14.92,229.17,108.28,313.74,913.49
2880,61.0,593.0,1032.0,0.8,114.0,218.0,259.0,20.5,25.7,1636.0,220.0,1827.0,2067.0
4950,11.44,43.9,76.9,0.4,8.38,18.72,35.0,0.48,3.07,24.38,19.55,86.6,171.0
2751,16.5,123.5,194.0,2.46,37.6,43.2,72.2,5.68,8.47,277.0,39.7,435.0,372.0
4278,1.08,14.0,30.0,0.33,3.56,5.7,16.9,0.72,0.88,31.0,6.7,156.0,69.0
3191,46.0,209.0,335.0,2.55,56.6,71.1,121.2,5.71,10.3,439.0,70.8,314.0,658.0
2090,7.1,102.8,177.9,0.28,23.5,38.3,59.8,1.73,3.78,137.0,35.8,98.0,358.0
2417,0.73,152.0,328.0,0.5,16.7,59.7,176.0,0.95,1.98,9.8,80.0,2848.0,951.0
3357,7.17,50.6,36.9,0.21,23.76,11.8,5.5,3.28,8.13,155.0,5.3,229.0,36.3
2882,163.0,1508.0,2126.0,1.6,409.0,494.0,454.0,96.9,102.7,3488.0,382.0,2008.0,3477.0
4856,25.1,82.0,115.0,2.02,25.6,27.3,36.0,4.4,6.9,88.24,24.8,124.74,246.0
3597,7.99,55.8,105.2,0.09,10.8,23.1,42.0,0.55,1.37,59.0,21.4,127.0,201.0
2569,2.07,140.0,138.0,0.82,24.1,39.1,27.5,0.5,2.15,21.6,24.5,1275.0,201.0
3539,17.76,67.9,110.1,0.59,16.5,24.6,46.1,1.98,3.33,110.0,24.4,141.0,224.8
3964,6.53,41.2,84.0,0.16,7.2,17.2,40.7,0.33,1.04,87.0,17.1,305.0,173.0
5343,4.56,11.51,27.1,0.24,2.57,4.88,22.1,1.56,0.41,51.77,7.15,706.66,94.04
4392,8.9,100.0,168.0,0.82,25.9,35.9,59.1,1.73,3.54,133.0,32.7,234.0,293.0
7036,13.01,72.4,105.31,1.05,19.88,23.62,36.88,2.57,4.05,24.78,23.16,26.79,227.66
5274,8.57,93.1,177.8,0.92,20.5,42.4,63.9,1.92,8.87,32.4,39.4,79.9,320.0
5282,9.46,122.5,240.7,1.3,28.71,49.2,84.1,2.47,12.02,42.8,52.2,98.1,422.0
5158,9.97,88.6,185.0,0.56,14.54,36.1,104.9,2.1,5.14,49.9,50.1,158.7,460.0
6992,24.05,283.83,406.75,0.28,68.45,96.32,108.29,7.15,12.8,151.23,84.59,201.66,728.87
48,25.88,155.44,200.13,1.08,21.93,39.83,84.84,1.25,2.97,172.0,48.02,249.0,431.33
1370,35.6,241.0,430.0,1.31,48.3,91.7,214.0,4.19,8.45,1320.0,99.3,8145.0,990.0
4314,26.7,296.0,515.0,2.96,79.6,108.0,155.4,6.68,13.1,740.0,92.1,643.0,799.0
6383,1.49,19.85,15.18,0.48,15.15,4.75,4.59,1.18,3.19,50.93,2.69,364.77,23.69
7059,58.08,270.18,411.95,2.68,69.36,93.43,134.8,8.63,13.12,1064.7,94.56,412.02,858.88
3786,7.99,30.8,66.8,0.18,7.1,12.4,28.1,0.63,1.08,65.0,14.3,237.0,148.7
6316,2.53,15.14,42.47,0.66,2.3,8.21,45.3,0.24,0.43,7.51,11.75,48.81,145.59
4298,41.4,109.0,127.0,3.21,49.4,32.8,36.6,11.5,14.2,890.0,22.5,495.0,187.0
3243,6.87,70.2,135.9,0.23,12.03,27.93,62.7,0.51,1.48,54.0,29.6,124.0,281.0
5294,22.42,63.5,128.4,0.73,11.9,25.3,71.9,0.48,3.74,86.9,33.6,222.2,319.0
3823,2.41,45.1,81.6,0.55,8.4,15.5,34.8,0.36,1.41,6.0,16.8,10.0,176.0
1572,16.4,58.2,122.4,0.53,14.9,23.0,52.8,0.99,3.13,151.0,25.4,114.0,303.0
1505,27.9,69.2,134.0,0.38,14.4,26.5,58.4,0.85,2.6,170.0,30.3,164.0,342.0
4189,31.9,113.0,244.0,0.42,21.6,46.8,105.9,0.81,3.23,382.0,53.6,658.0,509.0
2785,3.56,65.5,105.3,0.25,14.4,23.0,41.0,0.54,2.43,72.0,22.5,764.0,208.0
5175,6.25,30.3,53.1,0.83,7.68,11.7,27.02,0.92,4.3,17.61,12.92,58.1,134.6
3020,45.5,115.2,164.7,1.74,36.2,39.9,59.4,12.3,9.8,379.0,32.8,290.0,311.0
6324,2.02,6.87,12.6,0.26,1.73,2.49,5.79,0.26,0.45,51.07,3.02,768.9,21.74
7026,30.5,215.85,298.79,3.08,63.27,73.18,90.68,6.07,9.61,121.99,62.77,82.81,566.9
5824,5.21,77.1,133.0,0.18,16.8,30.6,51.3,2.79,3.43,106.14,28.2,216.44,223.0
2983,8.38,61.0,108.5,0.37,12.6,23.2,43.4,0.91,1.75,72.0,23.0,124.0,208.0
1149,47.83,97.3,155.07,1.25,27.6,35.38,59.85,1.77,4.82,274.16,32.47,300.29,295.12
2166,11.2,68.7,118.2,0.17,14.5,24.7,38.3,1.03,2.67,76.0,24.3,99.0,278.0
5817,18.2,63.7,106.0,2.74,16.8,24.8,42.1,15.3,6.17,155.6,22.8,284.37,180.0
6623,1.17,55.0,99.5,1.16,13.3,22.0,34.7,1.39,2.25,41.1,21.3,571.0,201.0
6664,19.8,129.0,179.0,1.2,45.9,43.5,56.6,7.36,10.8,310.0,34.9,246.0,308.0
1671,17.0,122.0,189.7,1.17,33.3,43.9,60.3,3.51,6.56,168.0,37.9,145.0,376.0
1946,30.3,84.7,167.8,0.42,15.3,33.3,66.9,0.89,2.64,182.0,35.5,207.0,384.0
1219,1.02,39.34,77.67,0.19,7.9,11.47,27.88,0.58,1.07,15.95,12.5,37.71,220.26
2709,0.5,98.2,74.4,0.31,22.0,23.3,14.0,0.46,2.6,13.0,11.8,1310.0,81.0
5740,3.45,153.0,188.0,0.13,57.5,53.5,60.1,6.55,14.8,208.0,42.3,210.0,290.0
1398,22.8,118.6,209.7,1.22,25.7,42.4,73.9,2.36,5.7,74.0,41.3,84.0,424.0
5715,120.0,717.0,1042.0,0.5,155.0,252.0,291.0,61.0,43.0,4684.0,224.0,5662.0,1924.0
1685,11.3,58.8,105.7,0.34,12.5,21.7,45.3,0.45,2.03,169.0,22.7,241.0,251.0
7023,22.91,106.15,161.37,1.19,28.43,36.49,56.06,8.85,6.05,41.75,34.87,49.31,318.79
7146,12.0,204.0,330.0,0.58,46.0,77.0,117.0,1.97,7.78,235.0,68.0,705.0,604.0
1447,51.6,114.9,229.4,0.87,27.4,44.8,96.7,1.65,4.33,392.0,48.8,355.0,556.0
889,23.54,59.61,113.82,0.6,12.33,22.77,54.68,0.77,2.19,216.72,25.46,373.52,249.93
6919,19.41,48.01,79.28,1.76,15.59,18.33,33.58,2.62,3.83,27.28,17.09,19.53,161.22
2732,28.8,896.0,808.0,1.24,239.0,239.0,148.0,35.9,40.5,12000.0,136.0,20100.0,1011.0
895,49.68,68.64,138.99,0.63,14.93,27.92,71.42,2.28,2.53,583.13,32.24,942.61,323.65
5155,7.38,111.3,234.1,0.94,16.87,46.1,133.9,0.97,6.18,34.9,60.8,126.9,589.0
1150,31.28,123.58,210.74,1.53,31.21,46.76,82.73,3.4,6.3,166.24,44.51,136.09,410.6
4850,8.98,42.0,80.8,0.62,8.49,16.35,34.9,0.53,1.33,32.66,19.52,106.07,214.5
7015,16.67,143.78,216.69,1.71,38.39,47.75,68.28,4.02,8.33,60.95,43.96,62.63,418.32
4410,4.01,113.0,189.0,0.59,18.0,40.4,58.9,0.33,1.95,114.0,36.3,659.0,313.0
3120,33.7,43.8,107.4,0.24,5.6,20.3,69.0,1.09,1.23,170.0,32.1,664.0,308.0
44,12.91,17.12,53.14,0.16,3.02,9.77,30.03,0.08,0.46,44.0,14.36,120.0,139.43
5496,69.49,151.81,233.17,53.27,78.7,52.69,97.81,51.33,48.67,272.45,34.525000000000006,629.99,554.86
2149,19.3,58.5,97.8,1.39,16.0,19.5,36.5,1.72,3.77,51.0,19.9,66.0,241.0
3072,7.09,216.7,352.0,1.51,49.8,81.8,130.1,1.42,3.26,121.0,87.2,242.0,712.0
2730,141.0,1410.0,1130.0,8.6,497.0,345.0,183.0,151.0,169.0,10800.0,181.0,13100.0,1310.0
3119,7.72,48.0,90.3,0.46,10.1,19.1,49.9,0.46,1.53,224.0,24.4,660.0,240.0
3794,47.5,81.8,151.8,0.84,21.1,30.8,65.7,1.61,2.5,333.0,31.7,272.0,323.0
6771,19.71,57.58,104.03,0.79,17.52,22.22,42.03,2.03,2.11,42.99,21.59,56.7,202.4
5143,9.83,62.5,127.4,0.51,10.78,25.18,74.1,0.52,3.19,184.0,33.9,347.0,311.3
4389,3.16,40.0,81.0,0.47,11.0,14.1,36.0,1.56,1.8,123.0,17.1,391.0,164.0
2580,0.55,157.0,271.0,0.34,16.1,56.9,98.4,0.24,0.97,10.3,62.0,3608.0,627.0
1774,42.4,102.9,183.1,2.1,27.4,36.6,77.5,3.71,6.05,261.0,39.9,228.0,450.0
1519,40.2,107.1,127.9,7.31,51.0,31.7,42.6,11.01,15.14,384.0,24.4,227.0,259.0
6829,44.36,175.49,280.03,5.77,61.1,61.9,115.5,8.92,13.35,322.9,62.23,254.93,556.98
5578,26.4,150.0,251.0,0.35,32.8,52.0,91.0,3.4,5.1,519.0,50.0,1111.0,552.0
996,78.3,46.2,121.0,0.44,9.56,21.4,84.3,2.5,1.86,421.0,32.1,298.0,372.0
7216,1196.0,298.0,209.0,10.0,205.0,64.0,36.0,1384.0,343.0,3559.0,35.0,950.0,267.0
4482,7.31,166.93,305.95,0.74,33.95,64.41,151.65,1.47,3.76,301.02,67.99,2297.23,688.03
355,46.98,275.99,469.59,5.4,62.55,103.78,318.67,5.98,11.37,144.5,119.82,263.2,1478.38
732,22.09,53.3,114.0,0.59,10.9,22.6,64.7,0.77,1.77,264.0,27.2,391.0,285.0
5276,8.33,121.3,227.0,1.4,28.92,46.6,78.1,2.85,12.75,39.8,49.9,86.1,394.0
4130,53.5,140.8,258.0,0.97,27.9,52.8,106.9,0.95,4.08,84.0,53.2,89.0,510.0
5795,15.3,84.4,145.0,1.16,18.8,33.8,56.7,11.0,4.85,66.47,31.1,167.74,250.0
2753,22.9,101.2,205.0,1.27,21.2,38.5,95.4,2.23,4.17,221.0,46.9,630.0,430.0
2405,1.57,109.0,118.0,0.62,17.9,32.3,25.6,0.37,1.77,13.2,20.6,1251.0,169.0
3899,4.26,75.8,124.9,0.19,14.7,29.3,57.5,0.46,2.66,94.0,27.0,329.0,290.0
4287,11.32,87.0,95.0,1.87,39.4,25.9,23.4,7.7,9.6,115.0,16.8,222.0,127.0
6306,1.88,2.81,4.95,0.64,1.37,1.37,3.08,0.09,0.1,43.74,1.13,47.99,9.35
3139,10.55,102.9,192.5,0.45,11.5,39.9,84.9,0.56,1.59,1.0,48.9,1044.0,428.0
1830,20.5,80.5,151.4,0.39,15.9,30.4,57.9,1.14,2.45,119.0,32.6,101.0,372.0
6990,32.95,292.81,440.76,0.32,66.45,103.4,122.87,10.67,13.54,184.1,91.87,270.21,781.8
6097,33.0,97.0,162.0,2.2,26.0,34.0,59.0,3.0,5.4,193.0,32.0,172.0,350.0
6178,13.61,293.0,569.0,0.08,49.44,122.0,231.0,0.72,5.84,1400.0,126.0,4742.0,1150.0
1528,45.9,41.7,47.4,1.57,17.7,11.5,14.1,3.59,5.38,273.0,9.0,251.0,89.0
3609,21.3,136.1,229.0,0.8,33.0,53.0,84.2,2.48,7.02,68.0,47.1,190.0,432.0
5268,8.22,56.4,107.2,0.41,10.33,26.18,42.2,0.6,3.58,23.08,25.61,63.2,213.1
3040,12.44,162.0,309.0,1.04,35.0,65.4,151.8,3.66,6.27,511.0,71.4,709.0,701.0
1901,12.1,67.6,116.6,0.33,14.5,25.0,44.9,0.95,2.56,107.0,24.8,116.0,266.0
4677,26.3,58.4,100.4,1.0,13.8,21.01,38.3,1.94,3.04,170.7,23.07,131.98,225.2
6552,79.9,157.0,287.0,2.66,35.5,61.8,116.0,2.49,6.07,114.0,65.1,116.0,622.0
1987,5.1,179.1,243.6,1.6,50.2,58.0,64.6,6.22,11.7,48.0,44.8,78.0,451.0
1868,9.6,51.0,96.2,0.12,9.8,19.3,35.8,0.5,1.64,114.0,20.7,185.0,233.0
7101,7.31,66.0,91.0,0.23,19.0,22.0,34.0,1.71,4.02,222.0,19.0,564.0,169.0
3204,5.71,97.0,165.0,0.34,19.5,35.7,69.1,1.11,2.77,151.0,31.9,402.0,361.0
6493,0.9,17.25,8.61,0.09,12.73,3.1,1.35,1.03,2.87,48.41,1.14,587.38,7.42
6891,28.07,89.09,128.01,3.53,30.45,29.98,46.13,5.09,6.95,42.55,27.66,21.4,255.81
4517,44.18,117.16,199.73,2.8,28.02,43.89,83.29,7.15,6.66,390.11,43.52,648.9,412.05
4779,7.03,153.5,226.8,1.26,38.2,53.1,64.6,2.79,7.48,110.34,47.8,446.7,447.0
2279,8.7,105.0,191.0,0.59,25.0,37.1,62.0,12.0,1.8,81.9,36.7,270.5,344.0
5972,11.0,88.0,147.0,0.1,17.0,31.0,48.0,1.4,2.8,176.0,28.0,441.0,299.0
2877,136.0,1131.0,1580.0,1.8,303.0,361.0,335.0,67.2,76.5,3583.0,288.0,2274.0,2615.0
6550,134.0,216.0,393.0,2.45,46.2,86.3,146.0,3.73,7.51,166.0,85.4,148.0,799.0
97,19.9,75.5,138.0,0.73,15.9,29.8,65.6,3.82,3.14,194.0,29.9,260.0,312.0
5937,95.0,169.0,256.0,0.4,53.0,58.0,81.0,61.0,20.0,813.0,49.0,985.0,490.0
1934,27.2,87.7,181.2,0.28,14.0,36.3,80.0,0.89,2.19,150.0,41.5,190.0,464.0
4937,10.96,109.21,195.03,0.26,19.77,42.27,83.64,1.57,2.47,180.39,47.41,828.43,455.58
1989,8.1,97.6,159.0,0.81,24.7,34.9,51.8,2.46,5.18,93.0,32.0,85.0,339.0
2237,0.6,168.5,284.0,0.08,26.8,58.6,87.7,0.83,3.43,58.0,56.2,307.0,635.0
1436,7.1,37.1,62.0,0.82,8.5,12.6,27.4,0.86,1.89,182.0,13.3,277.0,147.0
6403,4.83,73.12,123.06,0.78,20.09,28.58,53.07,1.26,2.84,66.56,27.14,325.21,273.52
4745,9.83,126.3,233.9,1.2,27.9,49.7,83.3,1.93,4.76,45.69,51.7,107.29,525.0
325,22.37,126.36,302.38,1.87,20.06,58.19,248.37,1.49,3.41,46.98,86.87,165.58,1112.47
6878,18.54,45.31,69.77,2.0,14.84,15.51,27.2,2.03,3.41,22.24,14.97,14.7,151.0
2358,14.8,90.9,158.0,0.59,19.9,33.7,64.8,1.56,3.63,332.59,34.525000000000006,606.24,342.54
6287,26.5,43.0,85.0,0.92,10.98,17.0,49.0,1.17,2.14,139.0,19.0,122.0,205.0
6198,29.7,499.0,864.0,0.18,105.8,194.0,327.0,3.81,13.9,2972.0,182.0,7509.0,1647.0
723,26.19,142.0,283.0,1.4,28.7,58.0,141.0,2.47,4.34,336.0,65.9,601.0,651.0
2315,15.8,60.7,138.0,0.59,22.0,21.4,52.3,3.0,1.2,59.5,25.1,199.9,250.0
125,46.1,97.5,136.0,5.15,34.9,30.5,76.9,13.5,11.1,304.0,30.8,710.0,332.0
1358,7.69,64.1,111.0,0.11,14.2,24.6,11481.0,2.38,3.63,162.0,23.2,415.0,41.5
2765,3.22,108.8,266.0,0.18,15.3,46.8,141.9,0.42,1.99,126.0,63.3,1532.0,633.0
2143,7.8,52.9,100.6,0.46,10.8,19.3,40.1,0.7,1.92,46.0,22.0,56.0,264.0
6214,17.38,295.0,483.0,0.15,66.25,110.0,166.0,5.39,11.55,923.0,100.0,2121.0,858.0
2968,26.2,73.1,110.1,2.67,22.9,26.6,47.1,3.37,5.32,85.0,24.2,76.0,219.0
3544,1.1,125.0,233.0,0.06,22.5,49.9,98.0,1.15,3.26,56.0,51.8,164.0,464.0
1526,13.2,215.2,360.0,1.37,54.3,77.0,119.4,6.79,11.34,280.0,73.1,247.0,758.0
3938,11.07,63.8,139.5,0.47,12.2,27.1,67.1,0.61,1.66,101.0,30.1,161.0,301.0
6498,1.21,12.57,5.02,0.19,15.92,1.98,0.6,1.25,3.42,39.11,0.76,575.64,4.03
4871,38.9,189.9,262.0,1.62,60.0,62.1,74.1,12.39,17.0,99.12,54.6,190.36,517.0
1083,554.12,197.48,318.59,282.92,108.65,123.45,190.02,143.47,127.76,555.61,134.69,388.36,650.2
2705,0.27,57.5,54.2,0.14,11.0,15.43,10.9,0.21,0.85,12.0,7.93,854.0,57.6
6289,25.17,88.0,202.0,0.69,19.52,39.0,131.0,2.09,3.41,348.0,50.0,510.0,542.0
2432,1.14,32.5,23.6,0.7,13.6,7.68,3.71,0.86,1.86,24.4,3.26,2484.0,26.8
335,9.67,72.49,152.28,1.17,12.51,30.84,129.49,0.82,2.33,19.27,43.97,68.75,562.5
5389,3.52,17.82,49.45,0.22,1.71,8.57,31.37,0.04,3.63,62.33,12.73,699.91,139.03
3291,4.38,61.3,103.6,0.29,12.26,24.0,44.1,0.42,1.78,60.0,22.0,181.0,217.0
6731,4.78,26.26,35.89,0.41,9.89,8.39,12.95,0.86,1.92,37.31,7.26,71.72,66.91
4909,16.72,199.19,293.42,2.45,61.18,69.58,110.09,11.71,14.92,1000.0,59.77,375.16,545.33
798,21.85,44.9,96.8,0.55,9.25,18.8,59.4,1.13,1.61,231.0,23.4,328.0,249.0
2640,1.2,20.5,38.3,0.42,4.51,7.43,15.5,0.22,0.61,48.0,7.64,144.0,73.5
1589,9.6,59.6,126.7,0.05,11.0,23.0,49.6,0.62,1.85,93.0,26.0,161.0,302.0
4760,11.87,85.9,107.6,0.46,28.2,26.65,29.68,3.08,7.24,136.35,22.04,174.9,204.0
3232,9.13,115.5,265.0,0.17,20.0,50.4,119.0,0.33,1.6,278.0,61.6,994.0,576.0
5959,12.0,196.0,291.0,0.2,53.0,66.0,85.0,6.4,11.0,290.0,57.0,420.0,522.0
5167,5.05,26.2,46.6,0.76,6.82,10.28,26.4,0.77,3.78,11.22,11.83,44.0,125.5
6112,32.63,102.0,189.0,1.53,26.11,40.0,91.0,13.17,5.94,200.0,42.0,281.0,416.0
316,19.33,119.5,238.23,1.78,22.02,49.24,187.57,1.24,3.08,43.58,65.13,110.46,818.8
1621,2.1,130.8,205.7,0.27,35.0,44.3,67.4,3.51,6.07,149.0,39.8,295.0,435.0
6687,31.1,49.6,95.6,1.01,13.3,19.9,48.8,1.24,2.14,214.0,21.5,272.0,226.0
5921,25.0,89.0,161.0,1.0,22.0,34.0,69.0,4.2,4.0,320.0,35.0,515.0,366.0
3876,2.34,67.3,113.3,0.16,12.4,26.5,46.9,0.59,1.92,74.0,24.11,211.0,235.0
4361,22.43,43.0,119.0,0.59,6.2,20.3,63.9,1.56,0.62,214.0,28.6,556.0,292.0
3894,5.83,134.5,219.0,0.82,34.2,50.5,80.0,2.55,6.9,114.0,51.8,224.0,392.0
6226,21.94,93.0,179.0,0.54,21.83,37.0,76.0,1.76,3.77,339.0,38.0,1022.0,355.0
6409,10.02,121.18,209.72,0.23,25.84,46.99,78.1,0.86,3.68,436.48,44.1,896.63,408.89
4058,13.1,124.0,226.0,0.98,31.4,46.2,95.0,2.42,4.86,333.0,47.4,510.0,453.0
3238,14.55,21.33,23.6,0.35,7.64,6.33,6.2,1.16,1.9,90.0,4.1,60.0,31.3
3944,19.8,94.7,153.0,0.57,27.6,35.0,44.1,1.39,3.34,148.0,31.0,179.0,269.0
1900,26.4,61.1,124.3,0.2,13.2,24.3,51.6,0.92,1.99,141.0,27.2,115.0,302.0
4771,0.94,304.0,650.0,0.05,38.8,128.9,222.5,1.02,4.28,57.04,150.1,275.34,1459.0
2927,40.0,164.0,209.0,4.0,47.0,56.0,66.0,6.0,13.0,138.0,52.0,82.0,520.0
5077,7.8,32.58,61.8,0.33,6.26,12.74,33.0,0.49,2.77,22.9,16.28,64.9,163.7
1495,15.3,86.4,159.8,0.45,17.2,32.3,63.2,1.14,2.46,99.0,33.8,132.0,375.0
5313,5.13,9.58,21.1,0.23,2.18,4.47,17.19,0.11,0.33,47.35,6.31,588.81,68.61
308,26.67,164.64,325.74,2.21,27.86,68.13,245.59,1.76,3.99,86.85,88.13,186.98,1124.47
5482,65.18,82.29,142.07,11.67,25.61,30.98,55.28,95.48,18.52,129.88,34.525000000000006,300.59,328.65
4999,24.9,93.0,167.0,1.57,17.2,31.9,103.7,1.5,9.3,169.0,48.7,566.0,457.0
4252,26.5,89.0,131.0,0.42,26.7,31.0,44.4,2.34,5.11,444.0,25.3,546.0,212.0
5771,127.0,361.0,587.0,16.5,91.4,140.0,201.0,103.0,34.7,1413.2,127.0,2716.86,1008.0
4683,33.0,87.5,162.7,0.67,17.7,33.5,61.4,6.4,4.16,160.55,37.1,336.45,374.0
4165,9.05,89.2,179.0,0.19,16.0,37.4,80.4,1.0,3.23,248.0,39.7,682.0,385.0
6375,1.15,27.77,13.27,0.78,18.18,5.75,2.01,0.83,4.1,30.95,2.02,487.13,15.17
990,20.6,107.0,231.0,1.68,18.6,46.0,116.0,0.47,2.63,179.0,54.2,664.0,566.0
6429,3.93,40.84,79.43,0.08,7.82,16.32,34.54,0.35,0.98,212.06,18.01,1020.44,178.67
5141,9.76,62.3,126.7,0.61,10.73,26.5,75.9,0.53,3.39,150.4,33.6,288.0,318.0
2586,0.73,280.0,517.0,0.51,26.3,107.0,215.0,0.79,2.08,20.7,129.0,9691.0,1339.0
1697,0.5,22.5,74.6,0.05,0.9,12.0,34.1,1.56,0.04,4.0,18.1,314.0,210.0
5876,16.3,38.9,87.4,0.88,9.43,16.7,57.1,1.02,1.84,80.0,21.4,142.0,246.0
349,71.1,404.28,621.15,8.5,105.27,145.57,372.17,4.53,18.65,317.77,152.16,352.98,1743.96
7165,51.0,144.0,191.0,1.51,59.0,48.0,63.0,51.0,35.0,145.0,38.0,467.0,332.0
1726,15.9,203.3,269.2,0.41,68.5,65.0,65.2,14.68,18.54,268.0,47.6,98.0,447.0
1699,6.1,96.5,184.8,0.11,18.8,38.9,64.4,0.84,2.53,155.0,37.7,330.0,410.0
815,28.77,74.3,155.0,0.61,14.4,31.0,84.5,0.76,1.91,353.0,36.5,539.0,373.0
2068,26.6,46.2,93.0,0.64,11.1,17.8,44.0,1.02,2.15,335.0,20.9,360.0,256.0
5975,24.0,112.0,210.0,1.3,21.0,42.0,99.0,1.9,3.4,163.0,49.0,177.0,527.0
3921,11.9,89.0,184.0,0.09,12.2,36.9,101.9,0.65,1.9,381.0,41.5,1238.0,457.0
6128,5.26,84.0,152.0,0.74,20.61,34.0,63.0,1.71,3.36,86.0,32.0,268.0,304.0
5525,346.6,1192.0,1745.0,0.19,322.4,387.0,569.0,200.5,118.8,10851.0,349.0,23756.0,3661.0
926,47.66,73.88,147.72,0.62,15.74,30.5,72.84,0.79,2.76,563.14,34.22,920.02,336.65
7170,6.77,109.0,169.0,0.3,27.0,40.0,60.0,1.78,5.09,119.0,35.0,432.0,309.0
695,34.25,78.4,171.0,0.66,15.6,33.4,96.4,1.27,2.68,367.0,40.6,700.0,419.0
6656,23.8,53.6,94.7,0.36,14.1,20.6,40.3,1.22,2.9,247.0,20.9,290.0,204.0
139,19.5,59.2,115.0,0.62,13.1,24.3,53.1,4.66,3.11,49.5,25.5,66.4,259.0
5798,20.5,433.0,624.0,0.79,108.0,157.0,191.0,16.9,23.5,950.65,126.0,1385.57,921.0
773,43.12,107.0,219.0,0.98,21.5,44.6,110.0,5.19,3.83,526.0,50.2,776.0,502.0
1597,43.2,182.3,346.7,2.4,41.0,69.3,127.0,2.82,7.5,303.0,68.5,202.0,756.0
3905,7.28,114.5,215.0,0.77,23.1,43.5,108.5,1.86,4.48,149.0,49.5,402.0,518.0
5342,3.35,7.14,17.07,0.2,1.26,2.87,14.9,0.09,0.34,32.65,4.75,557.66,65.05
2291,14.6,16.2,29.8,5.5,8.9,7.8,21.8,1.56,3.63,79.6,7.5,203.0,104.0
800,23.8,40.3,88.0,0.51,8.42,17.1,52.9,0.71,1.51,291.0,21.1,570.0,223.0
1661,26.7,82.6,147.4,0.53,15.5,29.7,56.4,0.96,2.35,128.0,32.9,124.0,353.0
5214,5.84,75.7,146.8,1.2,15.7,31.2,80.6,1.36,6.66,23.1,37.5,52.9,347.0
1053,49.51,235.16,466.78,203.48,66.74,112.31,192.26,65.18,60.57,126.77,126.74,488.74,1199.58
801,31.17,64.2,142.0,0.57,12.9,28.0,80.4,0.95,1.87,377.0,33.9,492.0,356.0
6831,71.99,98.92,162.47,1.97,29.69,36.41,67.42,2.71,5.54,289.07,35.97,244.57,319.96
5144,14.44,117.9,278.0,0.72,16.93,51.9,162.9,0.79,5.52,123.1,73.7,356.0,679.0
5179,16.7,99.7,137.5,2.79,29.0,34.3,53.6,3.17,14.11,94.0,30.5,154.1,269.7
6282,33.38,94.0,170.0,0.93,23.45,36.0,81.0,2.34,4.91,510.0,38.0,450.0,364.0
2202,82.5,286.3,431.0,1.53,79.3,94.0,127.1,9.48,17.22,252.0,82.0,141.0,897.0
3512,48.8,131.0,285.0,0.82,25.9,57.0,153.0,1.92,4.5,740.0,66.0,849.0,638.0
1389,35.7,139.0,240.0,1.96,34.2,50.1,108.0,3.64,7.04,657.0,52.1,1751.0,701.0
5443,28.1,59.7,93.6,0.79,18.0,21.3,37.8,2.28,4.1,76.1,34.525000000000006,126.0,212.0
6106,24.0,43.0,123.0,0.8,7.0,20.0,104.0,0.3,1.0,160.0,33.0,439.0,461.0
2644,21.1,102.0,177.0,2.43,25.5,38.0,65.1,1.6,3.75,126.0,36.9,145.3,310.0
3421,32.7,259.0,434.0,0.44,58.2,101.6,167.0,2.97,10.52,275.0,92.5,565.0,808.0
2311,8.5,114.0,183.0,1.7,48.0,40.5,49.8,10.1,5.8,36.2,31.3,102.6,259.0
4846,8.65,66.9,107.0,0.16,16.4,23.64,31.6,1.35,2.92,58.58,22.95,98.15,219.2
86,11.7,84.8,108.0,3.1,23.7,27.7,35.7,2.27,4.9,43.9,21.0,48.8,193.0
4196,12.99,63.0,116.0,0.31,13.53,23.8,40.1,1.02,2.25,124.0,23.7,224.0,207.0
6041,1.5,72.0,43.0,0.2,29.0,15.0,5.0,1.3,5.0,165.0,6.0,816.0,43.0
2371,102.67,538.16,600.21,12.42,160.02,161.8,124.09,32.9,44.53,872.69,122.34,509.65,1110.07
227,7.08,105.0,214.0,0.77,20.0,45.6,86.5,1.28,4.55,101.0,48.0,136.0,435.0
6940,24.98,106.13,153.54,4.11,35.48,36.04,51.09,6.05,8.8,51.09,33.0,30.3,306.46
6182,27.4,605.0,1056.0,0.12,126.1,236.0,381.0,4.45,17.53,2639.0,219.0,7228.0,1930.0
778,28.85,54.6,117.0,0.47,11.4,23.2,60.3,0.66,1.85,236.0,26.9,400.0,268.0
5382,3.57,25.94,76.86,0.11,2.64,13.48,48.33,0.29,0.15,52.1,19.8,828.58,209.45
6104,3.3,253.0,500.0,0.3,36.0,99.0,184.0,1.1,3.8,158.0,107.0,539.0,1130.0
5232,8.7,53.2,112.2,0.57,9.59,22.88,66.7,1.78,3.94,20.2,29.6,53.0,298.6
6005,12.0,80.0,192.0,0.3,10.0,34.0,99.0,0.4,1.5,155.0,46.0,264.0,550.0
6390,2.64,37.13,37.55,1.18,16.99,9.47,21.6,1.32,5.16,65.87,9.41,397.13,104.65
3886,5.14,93.2,197.0,0.39,14.7,36.4,88.8,0.45,1.68,99.0,42.4,294.0,417.0
3166,3.1,75.1,219.0,0.71,9.5,37.2,208.0,0.42,1.52,49.0,56.9,181.0,803.0
3954,21.8,164.0,273.0,2.79,31.9,61.0,124.0,2.13,6.1,148.0,52.6,249.0,585.0
1567,11.7,80.7,149.7,0.51,17.3,29.3,58.4,0.73,2.74,114.0,30.0,100.0,349.0
1259,20.03,75.39,155.92,0.18,12.85,23.2,48.23,0.94,2.24,352.46,24.55,263.96,405.76
3095,29.1,86.2,155.0,0.9,16.0,31.5,65.8,1.18,1.42,253.0,41.0,416.0,348.0
4057,8.66,56.3,118.0,0.42,12.6,25.7,69.9,1.0,2.02,246.0,27.9,498.0,322.0
1277,20.05,175.61,390.08,1.87,39.6,61.59,167.41,3.73,7.41,361.97,71.48,279.02,1202.84
6484,1.3,15.71,9.12,0.04,13.0,3.47,1.54,0.67,3.52,91.1,1.24,516.51,8.46
4299,20.07,94.0,123.0,0.59,34.9,30.0,37.4,4.45,7.91,371.0,22.6,498.0,179.0
728,54.93,50.3,109.0,0.8,10.9,21.2,60.0,16.03,3.73,222.0,25.8,436.0,262.0
4670,9.22,50.5,88.5,0.3,11.5,18.88,30.39,0.89,2.37,45.65,19.52,99.15,192.2
1893,17.6,86.3,158.3,1.05,20.3,32.1,62.9,1.7,4.58,130.0,32.8,98.0,358.0
3761,15.9,117.4,222.0,0.91,25.9,45.7,88.8,1.31,2.74,92.0,45.9,150.0,464.0
6149,49.9,610.0,908.0,0.05,133.6,206.0,405.0,32.94,44.35,1978.0,211.0,9366.0,2092.0
4443,19.3,122.9,232.53,0.89,28.39,49.76,93.62,3.0,5.25,346.84,49.13,539.16,459.78
147,5.44,92.3,133.0,0.27,27.6,32.4,42.8,4.11,5.57,105.0,26.2,108.0,232.0
2306,28.9,69.0,145.0,1.13,13.8,26.8,64.9,1.56,2.7,73.2,27.5,148.7,301.0
1844,2.8,115.1,187.2,0.42,26.3,40.7,63.4,1.99,4.63,105.0,39.0,139.0,418.0
2210,31.4,96.6,182.6,0.91,20.1,35.6,65.7,3.56,3.77,222.0,38.3,164.0,457.0
3221,3.06,91.7,105.0,0.49,37.5,26.9,28.3,3.9,8.73,124.0,17.6,520.0,161.0
4836,20.39,235.3,318.9,1.18,66.3,77.4,77.3,8.09,14.99,24.02,64.1,72.02,565.0
1931,34.6,105.8,190.7,0.74,25.9,38.9,69.8,1.88,4.13,315.0,40.0,183.0,428.0
5162,4.02,22.3,30.9,0.91,7.56,7.28,14.22,0.83,4.22,9.19,7.13,25.21,81.3
3552,18.3,156.0,278.0,1.38,37.5,61.2,114.4,3.36,6.64,102.0,55.3,190.0,553.0
6091,93.0,207.0,289.0,5.0,64.0,65.0,88.0,11.0,14.0,485.0,55.0,314.0,555.0
835,23.9,58.9,125.0,0.68,11.91,25.1,66.1,0.62,1.7,351.0,30.4,506.0,315.0
3741,5.55,37.6,69.7,0.89,9.9,13.9,35.4,0.44,0.86,39.0,14.88,95.0,167.8
214,13.8,42.0,65.7,0.65,10.3,13.5,26.9,1.6,2.75,31.5,11.7,56.7,126.0
6579,18.0,95.4,172.0,0.2,22.5,38.4,59.5,1.55,3.56,83.3,36.3,133.0,328.0
2020,8.0,109.6,188.9,0.66,23.1,40.4,62.1,1.67,4.07,122.0,38.8,145.0,419.0
4290,77.6,124.0,151.0,4.29,55.2,37.1,42.7,16.1,17.6,291.0,26.4,137.0,221.0
2272,9.1,256.0,457.0,1.09,75.0,79.6,125.0,11.7,18.8,139.9,77.9,332.0,647.0
5502,8.55,7.14,39.83,0.33,1.0,19.81,95.09,0.78,0.47,1991.49,33.68,1664.42,59.05
6295,9.54,208.0,488.0,0.3,27.2,96.0,224.0,0.45,2.5,588.0,110.0,2042.0,1077.0
177,157.0,94.5,141.0,0.79,39.5,33.2,48.6,102.0,24.6,100.0,28.3,271.0,259.0
4037,19.7,49.3,93.0,0.27,9.4,21.7,45.8,0.29,1.75,124.0,20.5,173.0,217.3
5225,27.8,146.0,373.0,0.61,19.1,66.0,245.0,0.87,5.19,249.0,103.0,730.0,850.0
4518,45.53,137.57,253.82,2.25,28.96,55.06,108.1,1.84,5.34,405.8,55.87,643.44,524.89
4630,27.8,36.1,68.8,0.2,8.16,13.83,29.6,0.82,1.64,64.24,16.73,84.45,176.5
4164,11.37,89.3,171.3,0.34,17.9,34.5,72.0,0.7,3.33,352.0,34.8,635.0,341.0
1856,10.0,111.5,210.6,0.33,22.1,42.8,69.4,1.1,3.01,107.0,44.0,158.0,465.0
3376,46.2,178.0,351.0,2.09,38.6,67.4,172.2,3.62,6.42,341.0,79.5,432.0,742.0
2766,21.2,121.3,249.0,8.0,29.5,45.2,114.4,18.9,12.4,820.0,56.3,1610.0,555.0
4797,12.26,68.0,91.4,1.87,19.0,20.9,35.0,1.34,2.8,16.62,19.9,51.17,193.9
5867,0.29,5.14,17.7,0.09,0.64,2.87,32.6,0.3,0.11,9.69,5.84,90.5,73.7
133,16.9,133.0,183.0,1.98,44.6,42.6,59.7,19.4,12.2,20.1,35.8,23.3,306.0
3710,7.44,87.2,179.2,0.26,12.0,35.1,95.2,0.49,2.3,157.0,44.8,555.0,461.0
6116,5.96,96.0,147.0,0.16,25.35,35.0,48.0,2.56,4.0,142.0,29.0,182.0,247.0
1094,14.7,99.02,216.54,0.59,16.58,30.91,76.39,3.71,3.36,85.36,34.37,101.4,593.72
1723,35.1,38.6,39.2,1.87,19.6,10.4,12.1,5.43,7.53,146.0,7.2,91.0,77.0
2675,22.2,90.6,131.4,4.71,33.6,31.1,48.9,7.95,8.72,395.0,25.7,288.0,237.0
4158,59.7,244.0,403.0,0.3,54.0,103.5,145.1,2.5,6.53,239.0,82.2,484.0,764.0
4611,23.64,13.52,9.62,1.15,10.22,3.06,2.02,3.09,3.53,27.79,1.56,31.59,10.99
1260,13.8,97.15,197.83,0.4,17.68,29.82,59.17,1.52,2.98,139.23,31.2,108.18,510.01
1356,21.0,109.0,151.0,0.65,28.9,36.8,55.5,1.91,5.41,163.0,31.4,288.0,270.0
4496,36.22,167.95,343.51,2.4,28.69,71.19,145.3,5.0,5.94,380.68,76.2,1269.26,722.98
4513,36.03,126.86,192.85,3.78,40.25,44.63,72.84,4.33,8.08,349.84,39.81,386.89,367.97
4161,22.7,259.0,676.0,0.75,35.9,122.1,459.0,0.66,4.02,276.0,159.8,540.0,1784.0
5004,22.6,79.6,157.5,1.02,12.8,29.9,101.4,0.62,4.98,182.0,44.6,711.0,429.0
2598,1.88,86.7,92.5,0.5,12.3,26.5,19.3,0.21,1.04,9.95,16.1,442.0,137.0
1969,20.5,55.4,87.8,0.25,15.4,18.7,35.8,1.43,2.81,248.0,18.9,363.0,209.0
1385,43.2,152.0,264.0,2.44,34.9,56.2,108.0,2.33,4.97,384.0,55.3,1072.0,710.0
5015,17.7,296.0,503.0,2.18,67.9,115.3,169.3,6.14,28.3,155.0,113.6,309.0,877.0
3367,28.4,61.0,115.0,0.79,13.2,22.9,60.5,0.82,2.37,168.0,25.9,330.0,263.0
80,9.7,29.6,53.0,0.34,8.9,11.1,23.3,1.31,1.84,9.0,11.3,12.6,114.0
2621,0.99,148.0,201.0,0.54,16.2,49.9,46.9,0.28,1.12,7.46,38.0,510.0,331.0
4913,16.83,213.49,445.95,0.32,32.21,88.93,221.23,2.57,4.85,514.2,107.56,3490.0,1080.0
6391,0.96,10.2,6.67,0.12,5.95,2.3,1.0,1.35,1.58,49.66,0.92,144.86,6.78
3387,1.46,469.0,938.0,0.18,78.5,193.0,357.0,2.34,8.48,118.0,201.2,634.0,1828.0
3516,2.24,105.0,221.0,1.8,18.5,44.0,146.0,1.26,3.9,103.0,55.7,1598.0,631.0
5589,16.2,93.0,154.0,0.3,20.5,32.0,55.0,1.7,3.8,306.0,31.0,597.0,340.0
2324,71.1,159.0,211.0,2.8,57.0,39.1,64.5,14.0,28.0,76.0,38.4,110.0,299.0
2556,2.32,100.0,89.5,0.7,19.5,26.7,16.2,0.25,1.67,22.6,15.4,1127.0,126.0
2721,0.44,117.8,86.9,0.4,26.9,29.4,16.4,0.45,2.69,25.0,12.7,1630.0,94.0
3948,14.2,53.2,81.2,0.64,10.9,17.2,39.2,0.91,2.6,107.0,20.9,215.0,220.0
3570,13.2,48.2,107.2,0.37,10.1,21.9,63.8,0.54,1.93,207.0,25.9,560.0,275.0
4896,3.78,35.8,26.5,0.17,14.0,8.48,4.65,0.92,2.2,65.39,4.18,605.09,32.1
93,13.0,30.1,40.0,1.08,9.1,9.92,18.3,1.18,3.04,37.1,8.6,91.4,83.3
755,29.18,87.9,178.0,0.92,16.6,36.6,90.8,0.9,2.41,488.0,41.0,749.0,405.0
230,19.7,112.0,221.0,0.4,20.3,46.5,84.2,1.19,5.46,145.0,55.1,159.0,524.0
1452,51.2,50.7,136.1,0.35,9.1,21.0,92.4,1.07,1.19,574.0,35.0,531.0,470.0
1864,21.2,170.7,265.4,0.6,42.5,60.1,78.4,8.91,9.36,205.0,52.8,174.0,543.0
5159,11.23,110.9,213.8,0.54,18.43,43.3,113.4,0.9,5.19,65.5,57.2,204.2,509.0
3558,23.8,57.3,97.4,0.41,14.45,21.0,43.2,4.0,2.93,111.0,20.85,206.0,198.0
1038,17.34,134.83,277.61,104.23,39.87,55.66,93.3,22.59,30.63,68.0,59.26,298.19,690.59
4453,6.64,82.28,151.33,0.55,20.58,32.88,68.36,1.3,3.55,100.97,33.18,221.87,326.74
5177,7.68,48.9,71.6,1.94,16.12,17.17,33.2,2.95,10.57,26.2,16.79,67.8,161.7
1599,8.2,142.8,254.3,0.37,30.8,52.4,82.0,1.42,4.74,177.0,49.1,205.0,534.0
4428,4.47,141.0,223.0,0.36,30.5,49.0,70.3,1.78,4.77,108.0,42.6,179.0,370.0
1944,19.9,93.6,173.5,0.32,18.7,35.9,64.1,1.29,2.88,193.0,36.6,205.0,384.0
3716,13.1,189.3,338.0,1.05,38.1,71.1,124.2,1.92,7.0,335.0,68.2,584.0,651.0
1860,32.9,227.0,389.4,2.05,53.3,82.8,135.6,6.1,10.94,232.0,81.2,166.0,868.0
5719,188.0,880.0,1047.0,5.0,299.0,269.0,300.0,164.0,141.0,3843.0,229.0,5536.0,2011.0
2478,1.21,30.8,9.45,0.29,5.7,4.6,0.96,0.09,0.51,7.25,1.16,873.0,8.81
5210,4.3,31.6,67.1,0.37,5.54,13.18,42.8,0.4,2.3,11.7,17.69,36.5,197.0
7180,5.44,64.0,102.0,0.16,15.0,24.0,38.0,1.1,2.84,88.0,21.0,315.0,192.0
173,79.3,215.0,341.0,2.95,62.3,80.2,104.0,48.0,21.3,227.0,65.3,254.0,563.0
2731,154.0,450.0,619.0,2.93,137.0,140.0,208.0,61.9,49.2,20000.0,125.1,14600.0,1127.0
4845,9.01,79.3,123.3,0.87,21.2,27.8,40.1,2.08,4.34,37.89,26.42,96.74,264.8
3585,57.3,639.0,1030.0,0.32,142.0,240.0,292.0,7.2,20.8,677.0,193.0,1160.0,1440.0
3372,2.65,100.0,176.0,0.06,19.9,36.0,70.9,0.73,2.88,121.0,35.6,388.0,331.0
750,20.0,57.0,119.0,0.64,11.2,22.3,59.9,0.57,1.57,212.0,26.2,354.0,307.0
6133,81.88,882.0,1633.0,0.06,161.6,315.0,925.0,65.64,64.08,4569.0,434.0,20867.0,4586.0
6659,37.0,99.6,174.0,1.57,27.2,37.5,73.5,2.44,5.31,222.0,38.0,178.0,371.0
2926,95.0,208.0,482.0,2.0,43.0,95.0,324.0,12.0,9.0,1802.0,133.0,1163.0,1840.0
3312,6.87,68.9,134.0,0.32,13.43,26.3,57.3,0.47,1.83,155.0,28.7,387.0,277.0
1545,12.4,131.3,197.9,0.39,24.7,44.7,57.8,0.73,3.46,210.0,38.5,403.0,380.0
1916,8.8,257.1,504.8,0.8,41.6,100.4,197.1,2.34,6.22,95.0,108.2,152.0,1143.0
1513,47.3,35.1,88.9,0.21,6.4,15.4,58.9,0.59,1.1,174.0,23.6,187.0,301.0
1471,8.3,24.8,60.4,0.54,5.1,10.2,46.6,0.73,1.2,90.0,16.0,100.0,220.0
6874,17.36,52.57,79.81,2.3,16.65,18.09,31.31,2.29,4.18,22.25,18.19,14.98,176.81
1189,26.88,67.22,135.31,1.21,17.09,27.42,77.62,1.95,2.95,430.04,32.26,631.36,335.22
4431,25.9,43.0,77.0,0.62,9.6,15.4,34.9,0.5,2.47,193.0,16.0,795.0,168.0
3231,9.95,118.0,238.0,0.34,19.5,46.9,113.0,0.96,2.35,285.0,47.1,913.0,531.0
982,10.3,65.5,159.0,0.93,10.8,30.0,90.8,0.34,1.04,69.3,38.8,409.0,419.0
1981,15.1,24.2,36.0,0.25,7.1,8.4,12.5,1.01,1.82,103.0,7.6,53.0,82.0
5174,6.03,32.5,57.4,0.87,7.62,12.39,33.0,0.82,3.9,14.19,14.68,57.7,151.0
4831,16.6,149.0,225.0,4.22,34.6,48.9,90.6,5.24,7.7,98.87,52.2,714.29,546.0
141,12.4,8.72,7.9,0.61,5.06,2.38,1.86,1.21,1.96,43.7,1.51,70.4,11.9
1245,12.5,176.33,417.52,0.32,24.76,59.03,128.9,1.3,2.97,231.82,67.1,488.95,1096.25
5652,6.97,75.06,163.2,0.37,10.62,32.85,85.22,0.51,1.05,61.41,43.68,510.9,469.9
1535,8.2,98.9,185.4,0.16,18.9,39.1,54.5,0.85,2.35,94.0,37.7,300.0,379.0
6564,22.4,42.3,53.3,0.88,16.1,13.7,16.7,14.4,6.09,120.0,10.9,220.0,96.1
4480,10.15,160.42,304.41,0.66,32.78,63.88,152.97,1.31,3.61,295.74,68.83,2411.04,695.97
5686,719.0,2456.0,2368.0,348.0,1089.0,649.0,715.0,1303.0,708.0,6758.0,533.0,8634.0,4949.0
5352,4.84,8.9,21.19,0.25,1.82,3.63,16.27,0.16,0.2,49.63,5.71,581.6,76.14
5545,32.0,517.0,908.0,0.76,101.5,166.0,542.0,24.9,30.3,3921.0,237.0,12504.0,3027.0
6336,1.66,37.49,66.54,0.64,9.72,14.8,22.32,1.78,1.57,92.78,13.59,758.0,116.13
6066,19.0,125.0,298.0,2.3,23.0,54.0,166.0,1.0,3.0,149.0,70.0,425.0,860.0
6881,22.34,62.79,100.51,1.42,16.8,22.45,38.66,1.8,3.02,51.13,23.63,38.56,221.83
4458,8.07,112.64,195.4,0.82,28.67,43.59,78.49,2.55,5.61,149.33,41.68,256.41,379.05
6417,5.6,42.39,84.54,0.13,8.54,17.22,40.26,1.51,1.39,158.87,20.1,781.75,205.36
1738,16.5,78.5,125.8,1.03,22.5,26.9,46.7,2.49,5.35,59.0,25.7,117.0,275.0
4581,25.06,21.12,11.32,3.09,23.72,4.31,1.74,7.04,11.56,95.51,1.47,58.91,10.69
1171,48.59,153.08,269.89,0.91,39.09,59.69,111.04,25.74,11.0,74.26,57.38,258.9,538.96
5424,271.8,772.0,564.3,217.76,340.2,174.9,242.5,356.63,224.85,391.0,123.3,6503.0,1314.0
2031,29.1,103.5,200.7,1.5,24.5,39.5,83.2,2.23,4.65,211.0,44.4,165.0,510.0
4012,16.2,78.0,148.0,0.37,15.3,33.8,93.9,1.0,3.07,302.0,33.6,759.0,434.0
4530,7.65,79.67,124.87,0.87,20.59,29.57,43.72,1.71,3.3,65.58,25.38,70.88,223.45
6432,4.31,62.75,105.27,0.41,10.38,21.92,45.81,0.0,2.06,298.63,21.06,719.62,229.68
5677,237.0,314.0,275.0,46.1,140.0,74.6,78.0,180.0,110.0,1739.0,63.7,1225.0,581.0
5364,21.0,48.5,99.8,0.26,10.0,21.7,49.5,0.53,1.67,190.0,25.8,269.0,224.0
6486,1.8,26.63,27.18,0.52,16.35,6.85,10.01,0.73,4.3,28.78,5.66,239.63,53.6
5843,6.4,147.0,234.0,0.29,33.9,55.5,85.3,5.29,6.67,168.61,49.2,312.01,377.0
2411,2.05,119.0,122.0,0.76,19.9,34.4,24.6,0.3,1.85,18.4,20.5,1418.0,165.0
2391,33.32,89.98,184.0,1.69,19.4,37.14,97.32,1.24,3.15,311.0,46.92,487.0,519.0
1658,11.6,46.5,85.0,0.26,10.3,17.5,33.3,0.82,1.55,95.0,18.3,121.0,200.0
6180,40.4,440.0,742.0,0.2,96.62,166.0,258.0,2.91,12.32,3185.0,150.0,6332.0,1326.0
3446,17.93,40.87,73.3,0.39,9.3,16.06,31.8,0.75,1.58,38.0,15.2,101.0,181.0
6194,91.47,836.0,1361.0,0.3,196.0,309.0,447.0,29.89,35.23,5071.0,273.0,9129.0,2315.0
5061,5.3,34.1,45.8,1.68,12.67,11.6,20.08,2.12,8.62,15.87,10.47,38.4,107.4
4647,15.91,245.6,345.3,0.26,56.8,84.0,87.9,9.34,15.83,98.86,68.6,147.6,599.0
5881,13.2,27.1,70.7,0.73,5.89,12.6,55.0,0.69,1.24,49.9,18.3,112.0,221.0
692,65.72,163.0,351.0,1.63,32.8,69.7,189.5,8.21,6.89,737.0,82.9,1386.0,839.0
5307,8.18,17.17,37.91,0.14,3.5,7.73,23.38,0.25,0.39,70.51,10.83,231.1,101.34
7191,1922.0,152.0,94.0,0.1,114.0,31.0,16.0,1041.0,231.0,3227.0,18.0,809.0,118.0
3814,26.66,30.2,80.1,0.64,6.6,14.0,61.7,0.42,0.57,302.0,20.3,602.0,250.0
5485,312.49,219.16,265.08,30.93,123.21,65.58,96.84,241.03,94.71,248.54,34.525000000000006,403.07,564.32
4599,7.02,13.36,11.92,0.94,6.85,3.56,2.89,1.57,1.69,138.39,1.94,68.31,15.64
4117,11.27,82.2,200.0,0.59,16.0,35.5,123.6,1.29,2.82,502.0,49.6,1204.0,531.0
1603,18.4,120.3,249.8,0.95,24.6,47.0,96.6,2.04,4.4,188.0,51.2,213.0,582.0
1042,548.99,83.27,103.26,312.85,49.93,19.91,25.44,165.07,79.27,360.63,14.88,105.04,246.67
6373,1.95,53.99,21.94,0.0,15.35,7.38,3.04,1.3,5.14,41.64,4.06,2960.56,26.04
5153,6.67,70.1,147.3,0.44,11.03,30.17,90.3,0.65,4.41,28.51,39.8,116.4,396.0
3896,1.99,98.1,169.0,0.15,22.4,40.9,67.9,1.68,4.48,89.0,33.9,245.0,299.0
5022,11.46,36.0,72.8,0.32,6.9,13.71,31.3,0.54,3.1,60.9,17.83,139.8,163.8
69,32.02,77.21,196.27,0.48,14.51,36.01,96.66,0.57,1.29,207.0,48.48,414.0,469.23
5384,3.09,18.42,54.68,0.18,2.57,9.22,38.97,0.08,0.08,44.13,13.81,660.95,159.0
1302,17.15,134.01,335.46,0.86,25.38,50.22,160.05,1.12,3.98,190.18,67.05,263.0,1164.63
5519,10.5,491.0,536.0,0.08,73.8,131.0,134.0,4.9,11.2,237.0,103.0,584.0,1004.0
6063,8.6,152.0,255.0,1.1,36.0,54.0,89.0,4.9,7.6,153.0,52.0,541.0,547.0
4061,4.06,153.1,315.0,0.2,22.0,66.5,156.1,0.48,1.96,92.0,73.1,581.0,743.0
1727,14.5,45.4,73.1,0.45,13.0,15.8,26.5,1.41,2.49,82.0,15.2,99.0,159.0
898,32.51,84.49,170.78,0.64,18.41,34.71,84.71,1.19,3.36,403.14,38.76,753.38,388.15
3906,5.69,87.0,146.0,0.43,16.2,33.7,57.5,0.69,2.52,156.0,30.8,412.0,279.0
5309,2.89,5.81,15.81,0.17,1.32,2.79,14.9,1.56,0.22,21.98,4.4,487.79,56.72
3447,9.67,46.0,81.0,0.3,15.14,18.59,33.8,1.32,2.63,47.0,16.93,101.0,173.7
3606,10.85,81.0,132.2,0.23,15.7,30.3,52.5,1.13,3.24,58.0,28.1,175.0,270.0
2961,92.0,131.0,309.0,1.0,27.0,58.0,217.0,19.0,9.0,964.0,101.0,1309.0,1511.0
4036,4.45,54.5,118.3,0.19,9.0,26.2,65.8,0.34,1.01,45.0,28.5,164.0,279.0
3371,12.0,46.4,80.1,0.14,10.3,16.7,36.0,0.77,1.62,102.0,17.2,368.0,177.0
4178,44.0,69.0,130.0,0.72,19.9,25.3,54.1,2.76,4.58,209.0,27.4,249.0,248.0
1451,25.9,176.9,337.2,0.37,33.8,67.9,105.4,1.72,4.19,269.0,66.6,495.0,678.0
4486,8.19,199.41,352.49,1.69,40.16,74.88,171.28,2.86,5.41,394.3,79.57,2597.97,785.23
3295,6.52,153.7,246.2,0.78,37.7,56.21,81.8,2.59,7.7,104.0,48.3,196.0,458.0
763,23.59,104.0,202.0,2.09,26.1,41.4,107.0,3.66,5.41,349.0,46.7,298.0,470.0
7043,61.7,250.64,359.06,0.46,67.11,85.83,100.63,29.01,16.71,158.04,73.09,187.46,621.89
2240,5.7,91.4,143.4,0.09,19.4,30.7,42.7,1.25,3.72,151.0,28.9,363.0,320.0
1325,23.39,156.53,365.79,1.36,29.88,55.91,164.28,1.73,4.7,379.17,69.84,390.55,1219.25
3547,10.59,60.7,124.7,0.25,11.2,26.2,68.4,0.55,1.55,65.0,28.09,170.0,309.0
4970,4.21,80.6,151.6,1.0,16.6,31.3,84.7,1.39,6.83,23.59,39.9,80.5,375.0
5884,12.5,13.9,41.3,0.32,3.0,7.0,40.3,0.27,0.53,52.0,11.3,115.0,149.0
3688,9.0,79.8,153.5,0.27,13.2,31.4,70.9,0.58,1.93,161.0,35.2,412.0,356.0
963,15.7,79.2,162.0,1.33,14.2,33.0,79.7,0.48,1.91,104.0,37.4,454.0,389.0
4579,19.39,66.09,128.27,0.43,14.58,26.97,55.5,1.81,2.78,143.22,28.24,278.17,266.9
6602,22.7,76.9,89.9,2.95,27.5,23.5,24.2,1.97,5.9,80.8,16.4,127.0,138.0
6946,41.82,74.78,122.88,1.67,20.45,28.47,47.33,2.5,4.48,101.66,25.55,74.07,255.23
6479,0.76,8.93,4.26,0.13,7.65,1.77,0.58,0.2,2.37,29.82,0.78,471.04,4.6
5428,21.36,143.17,210.67,1.73,96.54,49.54,66.49,10.13,12.42,328.0,48.19,580.0,517.13
1596,9.1,52.2,97.5,0.1,10.2,19.3,36.2,0.61,2.02,118.0,19.8,202.0,223.0
35,18.63,38.0,95.98,0.41,7.67,18.63,55.1,0.58,0.93,96.0,25.58,253.0,258.25
4543,8.26,74.32,133.11,0.56,15.99,29.86,53.05,1.08,3.13,60.43,28.87,86.09,260.52
3709,7.8,81.9,166.4,0.42,13.9,32.8,73.6,0.52,2.05,245.0,36.3,554.0,366.0
4171,11.77,80.0,144.0,0.57,17.6,30.3,50.9,1.42,2.72,56.0,30.1,54.0,267.0
7133,13.0,95.0,168.0,0.26,19.0,37.0,65.0,2.57,3.55,150.0,37.0,561.0,335.0
5547,31.2,170.0,363.0,0.48,25.4,64.0,203.0,2.8,4.8,997.0,90.0,3701.0,1120.0
1403,25.3,65.6,131.8,1.03,15.5,26.6,56.7,1.41,2.87,134.0,27.9,91.0,308.0
7008,22.2,185.0,278.09,0.19,48.0,71.51,73.58,5.27,10.9,116.0,59.19,208.82,585.0
1536,17.1,66.1,122.1,0.19,12.6,24.6,48.2,0.71,1.95,227.0,26.7,305.0,299.0
876,40.77,86.64,167.4,0.87,19.55,34.7,80.17,1.92,3.27,494.85,36.83,727.58,364.68
4557,11.21,5.81,5.19,0.66,3.66,1.54,1.49,1.46,1.45,50.61,0.93,23.44,7.77
5136,7.81,55.3,116.9,0.52,9.28,23.3,70.9,0.67,3.09,86.6,31.7,209.9,308.8
3909,7.36,59.9,130.0,0.21,9.7,26.3,66.5,0.45,1.37,135.0,32.0,503.0,286.0
2742,0.59,48.3,131.0,0.06,5.73,22.4,89.1,0.24,0.69,32.0,37.2,1600.0,394.0
5247,6.97,29.4,53.1,0.33,6.41,11.5,25.9,0.38,2.52,12.51,13.26,42.8,139.1
2787,3.67,73.3,128.6,0.33,17.6,26.8,47.8,1.0,2.91,89.0,26.6,894.0,246.0
285,11.6,173.0,306.0,0.37,37.8,66.8,115.0,2.0,5.9,459.0,67.0,795.0,612.0
3184,6.45,67.3,105.0,0.4,11.9,23.5,51.1,0.6,2.08,84.0,26.2,270.0,260.0
6510,5.08,6.83,6.41,0.38,3.57,1.93,1.19,0.3,0.66,26.0,1.1,256.0,8.25
3684,10.0,66.2,125.0,0.4,12.2,25.3,55.6,1.83,2.21,165.0,26.6,358.0,274.0
7120,15.0,145.0,265.0,0.35,29.0,58.0,105.0,1.37,4.54,244.0,58.0,897.0,538.0
5252,9.29,40.4,74.6,0.43,8.4,15.5,36.9,0.52,3.41,17.28,18.65,52.2,182.9
3310,8.48,62.7,124.0,0.23,11.1,25.6,56.9,0.51,1.83,173.0,26.8,383.0,276.0
4948,10.86,55.0,96.5,0.62,11.76,24.41,42.8,0.93,4.82,25.16,23.5,80.0,199.5
4793,11.8,245.0,300.0,7.3,56.4,71.1,112.5,9.5,13.7,20.16,67.6,43.53,706.0
4467,0.49,11.45,25.71,0.12,2.01,4.96,16.54,0.25,0.32,15.44,6.15,61.27,69.28
2422,0.64,41.2,34.4,0.41,11.9,10.5,5.95,0.59,0.77,17.0,5.12,1403.0,44.2
1821,28.4,97.6,167.6,1.07,22.1,35.6,62.9,2.6,4.27,106.0,36.1,71.0,401.0
3420,8.8,37.0,100.0,0.29,7.9,20.3,49.5,0.38,1.35,44.0,20.7,526.0,239.0
261,42.5,124.0,260.0,3.17,26.1,52.2,128.0,3.24,5.28,605.0,62.9,391.0,651.0
6175,114.4,174.0,287.0,4.23,58.84,65.0,135.0,22.51,16.94,2496.0,65.0,3286.0,635.0
2469,0.5,37.7,16.7,0.19,3.91,7.44,1.01,0.07,0.17,5.42,1.73,788.0,10.3
3978,21.9,53.9,93.6,0.33,9.7,19.6,52.5,0.56,2.15,151.0,26.4,396.0,244.0
4151,8.4,69.8,129.1,0.21,15.1,27.1,62.7,0.55,1.56,149.0,28.4,342.0,283.0
6348,4.79,67.81,155.11,0.46,11.33,30.61,107.69,0.48,1.07,238.07,39.38,322.49,388.06
4489,4.82,63.69,106.96,0.21,13.38,23.2,51.28,0.58,1.34,163.95,24.12,1567.75,240.05
6039,14.0,106.0,195.0,0.3,24.0,41.0,76.0,1.3,3.8,453.0,42.0,583.0,429.0
6995,28.85,138.4,202.75,0.13,30.0,47.18,60.95,2.32,5.93,111.29,44.06,213.5,417.7
6313,2.52,17.1,44.74,0.66,3.09,8.53,46.73,0.37,0.39,10.31,12.51,51.34,150.52
5246,9.6,25.0,46.4,0.31,5.72,9.9,23.5,1.33,2.36,9.43,11.0,31.0,114.0
3051,23.6,91.3,182.1,1.05,16.3,37.0,83.6,0.71,2.79,76.0,47.2,109.0,418.0
6183,38.05,499.0,885.0,0.18,105.4,198.0,325.0,3.53,14.23,4642.0,180.0,8574.0,1593.0
7100,7.74,77.0,112.0,0.25,20.0,27.0,38.0,1.39,4.05,165.0,23.0,349.0,198.0
4225,5.07,27.0,23.0,0.32,16.6,6.7,3.9,3.32,7.32,68.0,3.7,303.0,26.0
209,88.7,173.0,287.0,7.0,53.0,60.3,114.0,44.3,26.0,606.0,62.3,1771.0,593.0
1865,12.6,89.3,153.8,0.08,19.1,32.4,51.0,1.2,3.14,124.0,31.8,178.0,331.0
2747,2.43,51.2,150.0,0.09,5.88,24.0,126.0,0.1,0.59,46.0,44.1,2820.0,550.0
5086,11.56,90.7,157.0,1.14,23.1,34.2,59.0,2.58,11.4,69.0,35.6,102.0,299.0
4520,43.78,120.35,214.94,2.42,28.39,47.42,89.6,1.6,4.6,382.51,46.06,539.64,433.98
5067,5.1,20.41,36.6,0.62,5.38,7.74,20.58,0.67,2.88,12.74,9.19,55.9,105.5
7141,6.24,97.0,188.0,0.19,17.0,40.0,78.0,0.55,2.34,96.0,42.0,489.0,393.0
3052,18.6,77.3,89.8,1.44,24.9,23.1,32.2,4.8,6.5,139.0,21.4,144.0,175.0
2795,11.84,19.4,48.4,0.39,3.0,8.27,39.8,0.18,0.59,199.0,12.16,417.0,150.0
1193,49.94,97.81,227.7,1.1,19.0,43.48,130.36,9.66,4.22,184.5,55.77,277.76,586.32
2017,3.0,83.3,147.8,0.21,16.9,31.0,51.9,1.11,2.63,68.0,31.5,142.0,346.0
5483,36.15,128.12,231.69,4.26,37.78,48.85,98.25,26.29,15.83,110.88,34.525000000000006,350.84,553.94
2318,103.0,560.0,790.0,40.0,247.0,168.0,159.0,370.0,141.0,229.0,117.0,720.0,1010.0
5765,14.0,195.0,338.0,0.31,41.8,78.0,123.0,6.57,8.03,859.11,69.9,1248.49,534.0
4233,14.56,68.0,128.0,0.2,15.8,26.6,43.7,0.96,2.16,87.0,26.3,194.0,227.0
3605,20.5,201.0,290.0,1.65,55.4,64.6,90.4,8.7,13.1,121.0,52.2,158.0,507.0
129,50.6,96.7,186.0,1.19,23.6,38.2,82.7,20.0,7.15,232.0,41.3,943.0,433.0
6051,0.9,433.0,794.0,0.1,64.0,163.0,252.0,2.0,6.9,118.0,159.0,793.0,1627.0
6993,24.04,209.45,304.13,0.23,57.0,73.31,82.59,4.81,10.83,130.91,64.12,167.49,569.84
4744,14.55,161.5,238.6,0.9,42.5,55.4,71.5,7.81,11.37,42.95,50.3,101.85,484.0
1076,106.43,109.01,197.09,76.94,29.96,29.89,50.28,28.73,21.94,287.01,27.92,237.3,529.01
6213,20.07,209.0,354.0,0.11,46.56,81.0,130.0,6.36,7.96,728.0,73.0,1820.0,641.0
2428,1.54,35.9,27.5,0.53,13.9,8.73,5.07,0.32,2.18,37.8,4.24,2181.0,34.3
3282,115.0,104.0,150.0,4.6,33.6,34.1,61.0,19.3,12.7,112.0,31.5,668.0,289.0
2525,0.27,24.2,9.46,0.16,4.4,4.2,1.23,0.04,0.36,8.11,1.49,1641.0,12.3
5596,11.7,242.0,406.0,0.05,43.5,86.0,136.0,2.1,7.2,841.0,82.0,2855.0,827.0
865,102.32,220.12,364.7,6.2,68.25,79.74,168.66,10.46,15.56,2617.19,79.72,1654.85,769.74
2027,20.9,77.0,146.2,0.29,14.7,29.6,56.8,0.96,2.24,148.0,32.7,159.0,366.0
6674,43.5,102.0,170.0,0.44,24.5,37.9,63.3,3.49,5.57,326.0,35.7,305.0,337.0
6795,292.0,1214.0,869.0,15.0,822.0,280.0,115.0,335.0,410.0,2830.0,121.0,1104.0,800.0
4195,19.0,160.0,266.0,1.09,47.6,58.2,81.4,6.07,9.8,176.0,51.6,416.0,434.0
1022,87.5,155.07,306.31,141.48,43.55,66.31,115.79,60.18,45.32,210.12,72.1,358.88,809.12
1917,16.9,140.8,241.2,0.77,33.5,52.0,80.7,2.39,5.95,192.0,47.0,155.0,477.0
2379,34.92,102.0,189.0,2.62,25.64,38.89,94.99,2.93,6.09,291.0,47.82,343.0,531.0
941,5.04,149.29,204.93,1.46,47.35,48.99,66.31,6.29,10.03,75.61,38.95,684.26,338.09
243,25.0,214.0,368.0,3.11,56.5,83.4,142.0,6.18,9.94,307.0,82.1,230.0,764.0
2014,6.6,170.7,257.3,1.11,43.5,57.7,76.6,5.82,9.51,125.0,52.1,138.0,533.0
3167,3.72,140.0,244.0,0.6,32.0,58.3,90.0,1.53,3.82,81.0,51.5,185.0,441.0
3097,25.9,58.2,92.8,1.05,13.6,20.9,51.0,1.77,2.57,302.0,25.0,434.0,236.3
7061,24.63,206.41,285.12,3.56,63.34,68.08,88.82,10.49,14.29,131.11,58.6,62.56,514.17
3645,12.71,173.7,338.0,0.63,32.9,63.9,127.5,2.17,5.39,247.0,65.2,659.0,638.0
4399,8.83,23.0,13.0,2.4,19.0,4.6,2.4,1.04,3.84,32.0,2.0,552.0,13.0
6190,41.55,577.0,1006.0,0.13,114.7,225.0,364.0,3.76,13.35,3883.0,209.0,9224.0,1861.0
1595,34.3,82.5,165.8,0.73,16.3,32.3,75.0,1.28,2.44,240.0,37.6,199.0,445.0
2573,1.15,117.0,131.0,0.42,17.9,35.1,27.5,0.4,1.5,12.2,23.3,1021.0,195.0
928,33.74,69.41,145.41,0.45,15.52,29.22,75.13,0.53,2.71,357.2,33.76,653.23,340.4
4997,14.32,71.5,163.4,0.52,15.87,32.4,90.5,0.84,3.94,114.4,44.5,488.0,387.0
2029,13.3,41.8,84.1,0.09,7.5,16.3,31.5,0.43,1.43,119.0,18.3,164.0,204.0
5133,7.75,62.0,135.9,0.54,10.29,25.96,86.6,0.5,3.37,60.9,36.9,176.0,367.0
4973,7.38,111.3,233.8,0.94,16.86,46.1,133.9,0.98,5.32,34.9,60.8,126.9,589.0
828,30.03,69.0,157.0,0.56,13.2,30.2,95.4,1.15,2.0,330.0,38.4,820.0,407.0
3587,11.05,35.0,77.7,0.29,8.89,14.63,33.5,0.62,2.08,530.0,16.2,1326.0,161.0
4521,36.96,101.05,182.67,1.97,23.14,39.77,74.38,1.69,3.72,507.15,37.92,787.39,361.98
4483,8.0,118.12,206.15,0.72,24.73,44.67,96.49,0.54,3.33,343.16,46.08,2335.88,456.1
6376,1.12,21.39,13.14,0.08,12.22,4.84,2.41,1.1,3.4,61.5,1.88,458.91,15.76
4394,2.88,50.0,95.0,0.59,9.4,19.0,39.0,0.52,1.53,58.0,19.7,419.0,180.0
6606,34.5,93.5,168.0,2.41,23.9,35.9,70.1,15.2,8.09,225.0,37.0,299.0,357.0
7025,13.08,93.89,142.18,0.73,21.2,32.37,49.35,2.08,4.64,39.98,33.15,50.24,306.76
1474,15.5,64.2,91.0,1.05,20.3,21.0,27.5,3.21,5.14,107.0,17.9,101.0,180.0
6737,14.92,39.93,67.58,0.78,13.22,14.26,32.39,1.29,2.28,26.91,16.12,79.78,161.97
5106,12.7,69.1,121.5,0.68,13.64,26.4,71.6,0.7,4.9,292.0,33.4,707.0,302.0
6276,48.94,184.0,296.0,2.48,54.03,68.0,121.0,7.07,11.38,715.0,63.0,479.0,583.0
4796,10.47,179.0,206.0,2.48,70.3,52.9,51.5,12.6,18.3,20.74,39.3,46.3,340.0
5799,19.1,426.0,630.0,0.87,109.0,157.0,204.0,19.8,24.9,135.56,130.0,242.3,966.0
3858,5.26,84.0,173.0,0.26,16.7,36.5,68.9,0.31,2.15,47.0,32.8,150.0,304.0
1805,47.4,376.2,602.3,0.25,86.9,135.1,173.6,6.31,14.21,592.0,115.6,534.0,1138.0
5651,7.63,88.11,197.7,0.24,11.68,38.6,104.4,0.24,2.25,61.31,52.37,647.6,564.3
63,19.53,80.11,150.9,2.17,23.68,31.83,67.48,2.89,3.83,157.0,34.52,198.0,324.52
975,6.79,44.7,105.0,0.62,7.62,19.9,62.5,0.15,1.02,43.7,26.0,265.0,287.0
309,8.7,54.75,114.2,0.95,9.87,23.43,95.03,0.56,2.07,15.46,32.32,53.72,416.25
2555,1.56,99.7,103.0,0.55,16.5,28.6,21.3,0.27,1.68,16.0,18.5,1093.0,157.0
2249,3.5,83.0,155.0,0.59,22.4,26.4,52.7,1.9,3.1,70.9,26.1,253.8,264.0
2337,63.4,150.0,252.0,2.6,56.0,48.4,86.9,26.0,22.5,134.7,45.7,255.0,425.0
2287,15.0,123.0,218.0,0.59,43.0,47.2,68.6,11.8,16.8,25.9,35.9,78.6,373.0
3584,5.61,97.0,241.0,0.21,19.5,47.4,121.0,0.83,2.9,325.0,56.1,1085.0,515.0
1061,1054.44,234.2,375.11,373.27,131.19,161.17,284.43,180.55,144.07,866.82,191.7,509.2,751.56
940,34.86,176.3,267.15,0.34,44.12,60.63,83.89,4.8,8.55,666.01,52.56,1452.52,454.24
772,23.38,56.8,134.0,0.46,10.41,25.4,83.2,0.64,1.55,263.0,32.9,627.0,356.0
5882,7.45,13.3,32.5,0.33,2.98,5.85,27.7,0.27,0.69,23.5,8.76,60.5,109.0
5820,7.76,176.0,267.0,0.4,45.4,65.8,95.0,8.98,9.6,211.89,56.0,334.45,430.0
4239,16.06,32.0,63.0,0.2,6.89,12.3,26.8,1.46,1.56,97.0,14.5,383.0,134.0
251,20.2,243.0,324.0,0.74,68.6,81.1,83.5,10.3,16.0,369.0,72.1,310.0,687.0
2540,1.98,92.9,90.2,0.51,16.4,25.9,17.5,0.21,1.72,18.0,15.8,1067.0,125.0
4176,24.8,103.0,199.0,0.18,20.4,40.0,76.8,0.63,3.15,275.0,42.5,609.0,379.0
1435,13.9,48.6,91.9,0.13,10.1,19.1,33.8,0.82,1.79,221.0,18.5,275.0,204.0
1510,6.0,60.6,100.7,0.1,15.2,21.7,32.0,1.15,2.77,85.0,19.4,185.0,210.0
790,47.67,271.0,462.0,4.77,69.9,102.0,197.0,5.97,12.9,733.0,98.3,545.0,924.0
1716,35.9,83.9,139.2,1.36,23.5,29.6,47.8,2.92,5.09,99.0,27.8,60.0,294.0
4664,23.16,75.5,158.0,0.29,11.62,31.0,64.8,0.55,1.54,230.57,38.58,561.57,403.7
7087,20.0,214.0,245.0,0.84,72.0,66.0,68.0,5.02,15.0,820.0,46.0,1374.0,369.0
2343,32.6,88.0,172.0,1.9,29.0,35.8,93.0,12.5,4.0,127.4,38.6,313.0,413.0
6729,12.67,41.81,84.6,0.57,12.08,16.92,44.39,0.77,1.43,44.09,21.2,251.49,204.91
2209,31.4,96.6,182.6,0.91,20.1,35.6,65.7,3.56,3.77,222.0,38.3,164.0,457.0
7127,23.0,104.0,194.0,0.32,21.0,42.0,79.0,6.76,4.61,112.0,43.0,483.0,398.0
2813,106.0,289.0,571.0,5.7,62.0,111.7,220.0,3.5,10.8,1710.0,123.3,2600.0,1120.0
3654,9.2,283.0,403.0,0.25,62.2,95.9,115.4,4.39,11.6,792.0,78.9,1045.0,665.0
4060,7.25,100.2,197.0,0.4,20.2,40.3,87.7,0.95,2.52,220.0,42.6,542.0,404.0
1256,17.21,84.83,155.39,0.18,17.79,24.56,44.3,1.79,3.25,241.09,23.34,206.29,376.61
2637,1.22,13.8,25.6,0.18,2.61,5.13,10.3,0.16,0.36,36.0,5.43,114.7,50.1
4650,5.56,114.4,223.1,0.12,17.31,45.2,79.8,0.73,2.57,44.87,51.2,169.42,518.0
5909,35.0,202.0,286.0,1.6,84.0,58.0,147.0,13.0,11.0,966.0,100.0,897.0,874.0
5394,4.61,24.81,66.69,0.13,3.55,11.61,43.91,1.56,0.65,62.87,17.24,655.46,190.16
2524,0.22,18.3,8.45,0.09,4.25,3.18,1.22,0.08,0.33,7.13,1.23,1849.0,11.5
6633,27.2,181.0,193.0,7.61,73.6,52.8,50.8,17.6,23.1,113.0,35.1,129.0,298.0
3651,14.8,256.0,410.0,0.83,58.2,104.0,133.0,3.81,8.6,584.0,89.0,956.0,695.0
1744,12.4,74.0,122.4,0.31,18.1,25.9,41.1,1.99,3.41,100.0,24.6,135.0,254.0
3396,7.64,37.6,67.5,0.29,10.7,15.4,26.3,0.88,2.16,45.0,14.5,68.0,122.5
5269,7.07,50.8,112.9,0.41,9.81,22.05,43.8,0.64,3.38,19.23,25.87,63.9,226.2
3064,23.0,141.6,200.5,1.94,37.3,49.2,66.3,3.69,5.87,253.0,45.1,199.0,370.0
5145,30.5,147.5,299.0,1.31,28.2,58.9,151.2,2.05,11.09,565.0,74.5,760.0,669.0
5603,19.1,351.0,601.0,0.02,61.9,128.0,195.0,6.0,10.0,1491.0,119.0,5900.0,1239.0
5851,18.6,232.0,301.0,5.63,57.2,75.4,151.0,1.47,5.75,231.0,68.4,1200.0,738.0
5003,32.2,82.6,131.2,1.03,11.51,24.8,78.7,0.78,7.7,229.0,36.5,672.0,359.0
2533,1.75,73.4,62.7,0.61,13.5,19.7,12.4,0.35,1.43,14.9,11.2,615.0,97.1
4127,6.97,38.3,59.9,0.42,10.9,13.73,21.7,0.98,2.44,26.0,12.27,60.0,107.4
2232,5.0,91.8,183.6,0.12,16.3,34.5,64.5,0.9,2.58,116.0,37.9,237.0,450.0
75,26.93,60.18,156.13,0.33,11.02,29.07,76.52,0.35,1.0,134.0,38.8,335.0,364.94
1469,32.1,47.8,108.3,0.22,9.4,21.2,53.7,0.55,1.57,95.0,25.8,95.0,306.0
1026,99.67,26.35,57.94,9.31,6.43,9.15,20.86,13.72,5.22,68.02,10.62,115.07,180.06
5763,42.1,353.0,637.0,0.94,53.6,149.0,215.0,4.54,9.27,6855.39,108.0,3817.43,1205.0
7020,10.29,148.65,219.94,1.6,40.65,51.66,71.79,5.27,8.51,48.16,45.28,61.37,403.69
3775,17.6,127.6,264.6,1.42,35.8,50.8,120.7,2.77,5.7,114.0,54.5,209.0,578.0
4247,0.62,139.0,348.0,0.08,14.2,63.2,184.5,0.21,1.21,137.0,86.1,3470.0,874.0
4564,16.6,10.87,7.79,1.37,8.74,2.65,1.61,2.79,3.57,143.88,1.36,38.5,9.57
6320,2.07,10.23,29.23,0.47,1.85,4.85,29.41,0.13,0.37,6.45,8.05,41.17,97.02
1423,25.1,81.9,156.2,0.73,20.8,32.1,60.7,2.05,3.47,346.0,32.2,212.0,351.0
5802,32.0,134.0,206.0,2.26,36.9,50.0,72.9,28.2,12.7,196.35,43.0,354.27,323.0
1772,15.5,70.0,124.1,0.2,15.2,26.0,44.5,0.95,2.37,185.0,25.5,226.0,275.0
4387,17.6,29.0,47.0,0.99,8.2,10.0,17.2,0.86,1.76,56.0,9.3,44.0,80.0
4115,20.8,102.6,213.0,0.38,20.5,42.2,90.7,1.09,3.04,468.0,48.4,1033.0,424.0
6378,1.14,27.59,18.56,0.21,14.27,5.4,2.81,1.1,2.75,54.62,2.81,934.72,19.95
1449,8.5,191.5,508.4,0.6,13.5,81.5,258.3,0.15,1.21,30.0,122.4,402.0,1443.0
4003,10.2,60.7,133.0,0.21,9.9,25.0,73.7,0.41,1.49,180.0,32.5,610.0,348.0
7093,5.51,76.0,108.0,0.16,18.0,26.0,36.0,1.01,3.28,134.0,22.0,417.0,188.0
1857,51.4,105.5,174.5,1.37,26.0,37.2,61.2,2.43,5.22,195.0,37.3,161.0,397.0
5709,151.0,633.0,914.0,0.42,138.0,223.0,262.0,74.0,42.0,5374.0,199.0,6027.0,1726.0
4104,18.6,158.3,244.0,0.67,44.5,56.9,65.3,4.0,8.09,470.0,43.2,735.0,358.0
867,33.14,68.39,128.7,1.85,18.41,26.84,69.32,2.54,4.34,487.13,30.13,568.09,306.54
1831,24.1,105.5,199.6,1.68,22.9,40.2,78.1,2.52,4.16,203.0,44.2,105.0,489.0
1274,40.31,354.3,759.85,3.01,71.63,123.77,296.97,12.7,11.86,637.95,133.84,457.7,2202.53
4923,4.26,140.76,309.17,0.06,18.61,61.5,157.36,0.75,2.68,142.66,76.68,1570.0,794.76
1489,20.6,64.6,124.0,0.33,11.1,24.2,50.6,0.75,1.61,116.0,26.9,125.0,294.0
1826,43.8,133.9,207.5,1.76,36.2,45.1,68.7,4.59,8.63,149.0,42.2,88.0,457.0
6332,2.98,18.65,34.97,0.35,4.04,7.74,18.01,0.5,0.79,92.78,8.69,1379.67,80.03
3798,36.3,205.3,399.0,1.44,42.7,78.2,182.9,2.23,5.32,235.0,90.7,323.0,971.0
2879,124.0,967.0,1664.0,2.0,176.0,341.0,374.0,36.1,38.7,3540.0,344.0,3376.0,3267.0
3176,5.76,121.2,234.0,0.41,23.7,45.2,89.8,1.38,2.35,96.0,48.0,238.0,474.0
6308,0.15,0.91,2.82,0.09,0.04,0.59,5.57,0.0,0.02,0.03,1.15,6.73,12.09
201,55.7,214.0,341.0,0.76,55.0,79.1,110.0,28.3,15.2,401.0,66.3,820.0,610.0
3,170.38,303.39,519.85,2.95,70.0,111.31,217.11,2.78,7.38,3497.0,119.34,2127.0,1104.03
5264,5.96,61.0,130.8,0.48,11.87,25.21,49.6,0.71,4.0,18.31,29.5,49.9,253.8
3614,7.3,79.0,142.0,0.3,14.3,28.9,56.9,0.79,2.55,81.0,30.9,209.0,301.0
2616,1.87,128.0,142.0,0.61,16.7,39.8,30.0,0.24,2.02,11.3,25.8,519.0,215.0
2168,7.1,278.7,376.5,1.31,91.4,87.3,106.3,13.48,20.95,121.0,70.0,101.0,754.0
6603,7.17,52.3,89.8,0.64,15.5,19.8,38.6,2.86,2.85,103.0,20.1,131.0,190.0
4090,10.67,56.9,100.8,0.33,14.5,20.8,36.0,1.32,2.53,42.0,21.48,100.0,193.0
27,32.38,178.5,330.94,1.23,30.15,61.36,164.18,1.03,2.74,314.0,81.9,488.0,769.8
5641,24.4,89.0,151.0,0.24,19.4,31.0,55.0,1.1,2.8,261.0,31.0,549.0,330.0
5733,12.6,146.0,257.0,1.7,34.9,56.4,102.0,16.9,13.9,1196.0,67.0,1568.0,602.0
6111,14.15,84.0,170.0,0.66,19.75,35.0,87.0,1.38,3.25,263.0,39.0,532.0,394.0
1534,16.9,71.2,135.7,0.1,15.4,27.7,48.8,1.1,2.77,111.0,28.4,297.0,308.0
2402,1.92,84.3,87.8,0.47,14.7,24.8,18.0,0.36,1.49,16.3,14.6,946.0,120.0
6820,19.8,74.51,108.65,0.73,31.9,24.8,41.17,4.26,2.63,43.72,24.76,45.73,251.59
4929,2.27,228.86,503.89,0.15,26.55,98.51,288.5,0.75,3.69,189.47,131.25,4540.0,1410.0
6413,5.22,35.16,68.06,0.0,8.81,16.42,32.58,0.41,0.95,342.59,15.51,957.28,166.53
5400,53.2,343.4,395.2,9.98,86.1,98.5,223.2,65.39,43.29,554.0,100.9,5543.0,1189.0
4693,16.58,43.8,78.4,0.47,9.27,16.25,30.3,0.81,1.89,37.35,18.31,68.09,199.6
4468,0.56,17.08,39.0,0.29,2.9,7.8,24.22,0.13,0.49,17.98,9.16,74.22,100.11
5098,8.74,27.4,65.1,0.18,4.58,11.74,37.8,0.44,1.69,81.6,17.9,322.0,181.1
6434,2.57,41.61,75.13,0.07,8.17,15.05,33.83,0.0,0.86,77.63,16.67,520.29,167.91
6251,57.48,85.0,76.0,6.76,47.33,22.0,28.0,7.49,15.02,172.0,15.0,246.0,126.0
4844,16.28,279.3,414.7,1.05,70.9,96.3,117.8,9.84,15.82,49.0,87.4,95.51,814.0
3172,5.59,77.5,137.4,0.37,15.1,27.5,52.3,0.51,2.01,86.0,26.0,221.0,265.0
2175,8.2,71.6,121.6,0.14,15.2,24.8,35.8,1.21,3.07,117.0,24.2,111.0,267.0
2127,17.2,91.7,158.0,0.1,23.5,34.3,61.0,2.47,4.47,152.0,32.4,256.0,345.0
1446,26.9,167.7,253.1,6.28,58.2,55.4,93.1,8.23,14.6,622.0,48.6,343.0,527.0
1047,822.64,150.98,195.87,944.65,97.29,51.62,82.15,261.7,161.96,1002.73,47.41,494.43,503.16
4707,15.9,38.7,81.2,0.55,9.03,15.52,41.4,5.0,1.98,62.04,20.47,130.07,234.1
6475,0.94,18.19,8.36,0.15,13.75,3.22,1.1,1.01,3.45,54.2,1.08,686.07,7.54
258,3.52,130.0,200.0,0.4,29.7,43.5,61.1,3.57,5.0,166.0,50.1,349.0,539.0
983,13.7,69.1,156.0,1.06,12.5,29.9,88.3,0.59,1.65,82.1,37.7,412.0,414.0
4618,4.71,67.3,99.6,0.35,17.9,22.75,32.5,2.34,4.28,6.54,21.47,32.4,208.1
6794,344.0,1208.0,859.0,16.0,722.0,264.0,116.0,416.0,410.0,2696.0,133.0,1209.0,898.0
1073,221.08,94.27,204.25,72.63,24.69,33.12,67.13,22.99,19.29,134.23,37.37,115.29,604.85
5702,56.0,224.0,334.0,0.6,49.0,76.0,146.0,22.0,18.0,1034.0,85.0,2159.0,877.0
4877,0.85,193.0,288.0,0.08,39.3,66.3,79.5,1.27,4.51,45.06,60.6,174.35,559.0
5886,9.6,14.2,38.8,0.45,3.78,6.89,36.7,0.42,0.74,35.7,10.5,102.0,135.0
2748,9.56,57.6,106.1,1.11,17.1,22.6,45.5,2.64,4.14,112.0,21.4,199.0,208.0
322,62.02,299.61,596.43,4.27,55.28,125.28,389.85,9.58,11.46,228.19,158.45,505.79,1864.0
1995,17.7,158.0,196.5,2.15,55.4,48.8,46.8,12.76,15.35,168.0,35.5,100.0,337.0
3773,19.0,99.8,152.3,0.25,33.6,34.11,47.2,2.09,4.46,54.0,28.1,208.0,279.0
6634,26.0,69.7,115.0,0.74,21.7,25.2,41.7,3.26,5.34,438.0,24.0,792.0,226.0
7207,352.0,261.0,165.0,1.0,185.0,50.0,28.0,623.0,250.0,9675.0,29.0,2749.0,211.0
6000,72.0,131.0,195.0,1.2,34.0,46.0,66.0,3.4,6.8,282.0,39.0,474.0,387.0
1760,13.1,97.1,163.6,0.9,23.0,34.9,55.6,1.11,3.71,133.0,32.0,173.0,329.0
3817,26.8,138.0,238.9,0.36,31.1,50.6,88.6,1.87,3.22,241.0,50.1,653.0,488.0
4978,14.9,157.0,300.0,3.33,34.6,61.6,163.8,2.59,14.5,39.0,77.3,85.4,678.0
5890,84.6,101.0,161.0,2.91,32.2,37.1,71.6,10.1,8.96,1480.0,35.5,919.0,357.0
4676,8.7,73.9,116.0,0.21,18.3,26.0,35.1,4.5,3.89,50.22,24.15,130.54,230.0
6323,8.48,72.07,125.64,0.52,16.53,28.37,55.98,1.91,3.35,667.43,28.53,2462.13,248.26
2541,1.52,64.5,65.0,0.4,11.2,18.6,12.5,0.09,1.11,12.1,11.2,718.0,94.0
6145,58.74,1455.0,2453.0,0.07,249.7,539.0,938.0,30.89,51.6,5254.0,576.0,17645.0,5312.0
2535,2.44,90.6,83.9,0.68,17.3,24.4,16.2,0.35,1.78,19.9,14.3,658.0,117.0
6040,14.0,72.0,117.0,0.1,17.0,26.0,38.0,1.1,2.6,247.0,24.0,273.0,228.0
3596,5.14,64.2,112.0,0.3,13.2,21.9,47.7,1.08,2.1,50.0,23.4,123.0,232.0
1060,180.76,99.2,201.69,90.86,24.64,30.01,69.61,15.87,17.68,285.04,33.54,242.72,643.2
4746,17.35,189.0,263.2,1.22,51.1,62.7,73.9,7.63,12.24,58.71,55.5,111.84,515.0
919,23.21,72.12,126.18,0.92,19.02,27.67,52.17,2.74,3.66,293.27,26.61,328.97,249.06
2295,19.7,75.0,106.0,3.6,3.5,20.5,53.0,1.56,3.63,260.0,24.4,597.0,277.0
3255,22.2,309.0,507.0,0.67,69.6,119.7,152.0,5.3,11.11,203.0,95.6,299.0,782.0
7210,305.0,387.0,268.0,2.0,291.0,81.0,38.0,495.0,274.0,11713.0,44.0,3305.0,309.0
901,62.41,110.39,220.33,0.73,23.84,44.55,108.6,1.58,4.16,813.32,50.58,1468.22,496.22
2826,2.57,56.5,115.0,0.29,10.2,21.9,51.4,0.38,1.17,73.0,24.7,1151.0,257.0
4385,33.7,191.0,411.0,0.04,31.7,79.7,142.8,1.85,4.08,433.0,86.2,712.0,768.0
2713,0.38,67.1,48.2,0.24,17.4,15.8,9.6,0.24,1.7,8.0,7.42,561.0,50.9
6621,11.5,254.0,350.0,4.01,80.9,86.3,108.0,9.52,17.3,218.0,67.6,214.0,598.0
3364,18.2,174.0,333.0,1.3,35.8,68.0,151.0,3.1,7.7,174.0,71.6,302.0,643.0
6589,47.2,97.8,171.0,1.79,24.8,37.8,68.9,2.74,5.63,76.5,36.8,52.7,348.0
1559,15.3,80.5,140.3,0.86,20.8,29.2,50.8,2.46,4.24,158.0,27.4,93.0,314.0
3871,8.5,123.0,214.0,0.73,30.2,45.5,81.0,1.08,5.3,109.0,49.5,178.0,379.0
1067,134.88,21.05,45.82,16.25,5.37,6.25,16.04,48.29,6.54,117.48,7.16,102.73,148.35
3298,6.22,165.0,248.0,0.82,38.7,55.7,84.8,2.5,6.94,112.0,49.1,221.0,455.0
5864,2.15,119.0,265.0,1.86,19.3,52.4,225.0,0.49,1.76,24.8,69.2,194.0,791.0
3004,17.1,53.5,100.9,0.22,14.4,21.5,38.3,6.3,3.6,79.0,20.2,178.0,201.0
2323,60.73,226.6,367.2,2.77,53.15,82.12,134.9,5.95,11.64,129.67,89.1,259.58,901.97
2188,2.4,53.0,93.7,0.17,10.8,19.1,28.4,0.56,1.78,70.0,18.0,126.0,203.0
34,61.42,74.07,201.53,0.74,17.47,42.96,92.37,1.16,2.06,257.0,50.04,454.0,450.09
2181,4.3,72.9,129.9,0.2,14.9,26.0,41.5,0.74,2.14,51.0,25.6,114.0,291.0
5413,20.4,368.3,539.8,4.13,50.3,116.5,345.0,17.14,13.91,214.0,147.3,7290.0,1876.0
6647,19.2,97.9,219.0,2.75,22.8,42.9,119.0,4.94,4.99,565.0,51.3,326.0,534.0
4893,4.06,151.0,257.0,0.7,37.2,55.3,81.1,2.87,6.04,144.42,54.8,335.48,545.0
3016,13.96,131.0,208.0,0.66,36.6,50.0,64.2,2.3,5.83,202.0,38.8,242.0,325.0
3504,3.84,98.7,184.0,0.02,17.4,40.5,73.2,0.66,1.98,199.0,42.2,620.0,381.0
2164,10.0,143.6,245.6,0.17,32.5,51.4,72.8,2.39,5.61,69.0,48.0,99.0,554.0
52,28.95,64.58,150.69,0.4,10.47,29.99,75.43,0.22,0.93,157.0,37.86,345.0,373.99
2741,13.0,45.3,97.7,0.87,10.2,16.6,51.9,0.44,2.25,52.0,23.7,950.0,239.0
2987,5.46,67.8,130.0,0.57,12.3,28.2,85.5,1.14,2.47,52.0,29.4,134.0,343.0
3199,3.61,157.0,271.0,0.18,42.4,57.6,79.7,2.42,4.9,167.0,58.8,376.0,464.0
1218,35.55,271.59,512.36,3.42,52.18,78.38,160.91,10.71,11.56,706.79,80.75,725.9,1348.1
1485,7.9,128.6,228.5,1.39,33.0,47.4,83.5,4.35,7.27,105.0,46.7,120.0,499.0
3734,3.78,47.8,83.0,0.17,13.3,18.29,30.6,1.27,2.15,29.0,16.57,80.0,163.6
4207,7.45,50.0,88.0,0.64,17.0,18.7,36.7,2.84,4.3,39.0,17.5,255.0,174.0
2482,2.64,41.3,20.3,0.58,10.3,7.24,3.39,0.35,0.67,14.4,2.94,855.0,22.5
7159,10.0,110.0,167.0,0.46,29.0,40.0,58.0,8.6,7.76,124.0,34.0,409.0,299.0
690,27.45,58.7,125.0,0.62,12.7,24.7,69.5,1.74,2.44,256.0,29.8,551.0,303.0
1206,22.32,73.5,155.55,0.29,13.76,22.7,51.84,1.89,2.47,408.82,25.41,549.14,430.57
7098,1.76,32.0,48.0,0.07,7.0,12.0,17.0,0.44,1.26,40.0,9.93,246.0,86.0
5696,480.0,315.0,413.0,41.8,131.0,93.8,247.0,220.0,97.2,1687.0,114.0,2507.0,1282.0
1335,35.6,244.08,527.7,2.61,53.56,83.83,220.21,3.48,8.83,638.31,96.69,449.34,1630.4
6521,75.7,113.0,201.0,4.73,33.3,44.0,86.7,38.9,13.4,609.0,45.7,1013.0,440.0
1847,39.2,84.1,163.2,0.31,15.4,31.9,65.5,3.03,2.87,177.0,36.4,148.0,406.0
7084,15.0,180.0,227.0,0.86,59.0,58.0,68.0,6.25,14.0,417.0,44.0,675.0,361.0
2993,10.85,124.6,143.8,1.63,31.4,39.0,52.0,5.07,8.79,144.0,28.6,150.0,260.0
3368,23.0,77.4,154.1,0.39,16.4,30.9,71.8,0.98,2.42,166.0,34.6,336.0,319.0
229,12.4,197.0,322.0,0.67,46.1,74.6,96.2,4.78,8.13,146.0,64.5,147.0,550.0
3305,3.49,15.5,13.0,0.86,8.67,3.86,3.7,0.45,1.54,14.0,2.61,285.0,17.8
3599,15.4,82.4,150.9,0.38,13.9,29.7,69.6,0.69,2.56,95.0,30.6,142.0,337.0
5571,39.1,434.0,671.0,0.25,87.2,144.0,234.0,9.9,14.2,2444.0,140.0,4898.0,1523.0
259,33.3,161.0,245.0,2.45,46.1,57.5,98.5,6.69,11.2,575.0,55.2,374.0,542.0
5157,8.41,124.7,269.6,0.95,17.64,54.0,157.1,0.9,5.67,39.7,73.4,150.3,686.0
1244,2.89,66.65,129.02,0.1,11.1,20.2,37.73,0.63,1.75,49.42,20.05,114.58,327.04
3593,4.32,59.8,82.4,0.82,15.6,19.4,29.1,0.92,2.98,32.0,15.6,82.0,154.0
7148,5.05,57.0,111.0,0.11,9.95,23.0,47.0,0.39,1.38,58.0,25.0,255.0,232.0
3666,3.4,54.3,105.6,0.26,8.2,21.38,47.0,0.85,1.18,77.0,22.9,237.0,229.0
5770,20.6,318.0,507.0,0.66,75.5,121.0,191.0,20.0,18.3,1548.75,109.0,1469.36,867.0
2408,1.49,95.3,98.0,0.7,17.7,26.5,19.8,0.16,1.53,15.7,15.7,1057.0,137.0
2336,54.4,79.0,138.0,1.07,16.7,24.6,60.5,6.0,5.7,61.2,29.7,129.5,277.0
1515,25.7,90.7,163.0,0.32,21.4,33.9,58.0,1.74,3.56,128.0,34.4,192.0,359.0
7137,11.0,171.0,278.0,0.42,36.0,64.0,96.0,1.19,5.2,189.0,58.0,550.0,504.0
1123,26.78,44.58,69.51,1.2,12.0,11.33,21.34,3.12,3.53,73.2,10.1,36.77,170.76
6994,24.67,114.21,171.72,0.21,28.27,39.14,51.54,1.54,4.82,94.63,37.19,169.99,346.47
5027,16.93,71.0,122.2,0.68,16.63,27.04,61.9,1.04,6.45,106.0,31.0,205.6,264.9
4824,29.1,203.0,401.0,0.23,37.6,81.2,150.0,2.91,5.71,82.48,94.4,347.67,947.0
4813,2.31,107.1,190.0,0.08,22.3,40.3,64.7,1.26,2.65,26.03,42.4,130.67,411.0
5231,5.84,75.7,146.6,1.2,15.8,31.2,80.6,1.37,6.85,23.1,37.5,52.9,347.0
6368,1.37,22.83,13.74,0.04,10.96,5.35,1.97,0.77,2.18,60.7,2.03,574.09,13.7
78,63.56,131.01,317.91,0.9,24.26,59.87,138.74,0.87,2.19,390.0,76.27,610.0,708.69
3820,34.6,70.0,137.0,0.9,14.9,26.7,67.5,1.14,2.5,676.0,29.1,973.0,342.0
2176,5.6,64.8,119.5,0.19,13.0,23.8,41.9,0.73,1.91,44.0,25.4,113.0,294.0
1522,14.2,71.9,127.0,0.33,14.7,26.7,45.6,0.99,2.5,177.0,26.7,234.0,284.0
738,21.63,42.5,92.3,0.46,8.68,18.1,56.1,0.76,1.5,220.0,22.6,343.0,237.0
2150,19.3,58.5,97.8,1.39,16.0,19.5,36.5,1.72,3.77,51.0,19.9,66.0,241.0
1085,9.35,23.25,44.57,0.52,5.12,6.38,19.41,0.63,0.99,81.38,7.52,103.07,141.45
4264,10.77,103.0,222.0,0.3,19.2,42.3,85.8,0.7,2.54,58.0,45.1,267.0,411.0
5517,19.2,435.0,725.0,0.1,93.8,148.0,270.0,23.4,26.9,3734.0,158.0,7903.0,1778.0
6591,8.16,33.1,71.0,0.1,5.69,13.9,31.8,0.57,0.83,24.6,16.7,74.5,165.0
1761,0.5,5.1,3.6,0.18,2.1,1.0,0.7,0.06,0.24,4.0,0.6,176.0,4.0
5762,35.3,406.0,751.0,3.56,69.2,170.0,298.0,20.9,20.8,1758.44,163.0,3180.35,1578.0
6153,21.47,607.0,1096.0,0.05,104.0,246.0,392.0,3.59,13.13,2670.0,233.0,11991.0,2040.0
1032,323.29,192.19,281.78,68.19,91.73,78.69,85.02,241.06,121.75,380.37,66.65,225.31,571.07
6107,1.0,111.0,93.0,0.4,26.0,27.0,17.0,0.8,3.4,108.0,15.0,874.0,123.0
2648,14.8,31.0,23.0,0.59,19.9,17.0,6.0,1.56,3.63,40.0,3.7,600.0,90.0
6024,7.1,56.0,99.0,0.1,12.0,21.0,36.0,1.1,2.3,95.0,21.0,128.0,206.0
6503,0.87,34.4,26.43,0.35,22.18,8.18,7.33,1.54,4.74,65.12,4.82,425.37,40.89
2684,14.8,67.4,113.1,0.92,18.2,24.5,44.8,0.96,2.77,143.0,23.8,975.0,218.0
3210,1.21,118.3,89.5,0.25,44.8,25.4,15.6,3.99,10.1,105.0,14.6,427.0,113.0
1176,7.66,84.68,140.87,0.32,19.12,31.69,50.57,1.74,3.24,130.85,29.11,259.12,263.46
5149,4.56,44.8,94.4,0.35,7.36,18.9,57.1,1.08,3.84,16.6,25.4,68.0,266.0
4556,9.97,6.66,5.18,0.65,4.81,1.64,1.16,1.09,1.71,62.97,0.75,30.5,6.27
2951,74.0,116.0,189.0,2.0,30.0,43.0,64.0,18.0,10.0,165.0,47.0,135.0,483.0
1012,540.81,65.79,112.15,224.34,33.95,30.18,56.8,97.55,47.91,256.43,34.53,426.39,305.38
2849,99.0,1013.0,1135.0,13.1,334.0,307.0,240.0,48.8,74.2,1202.0,200.0,643.0,1674.0
2507,1.91,185.0,256.0,0.75,20.8,58.9,62.8,0.27,1.83,14.4,48.7,888.0,438.0
2372,6.18,209.17,276.89,3.13,56.84,66.28,72.63,8.59,14.42,58.55,60.6,69.59,508.28
2547,2.32,125.0,115.0,0.82,23.8,33.7,20.4,0.25,2.29,22.1,19.9,1257.0,161.0
3087,28.0,134.0,225.0,1.89,31.6,50.1,86.9,3.36,5.09,270.0,51.6,369.0,457.0
10,44.89,119.81,260.18,0.93,26.84,51.85,106.8,1.18,2.88,308.0,59.99,458.0,543.83
1546,24.0,84.2,146.7,0.23,17.5,31.3,52.0,1.08,3.3,272.0,30.4,410.0,321.0
6614,164.0,74.6,135.0,1.77,25.2,28.9,63.8,57.2,12.0,237.0,31.6,254.0,322.0
1611,10.0,121.3,181.5,0.44,35.5,39.7,50.6,1.71,5.86,213.0,33.0,237.0,333.0
38,19.55,52.05,124.93,0.29,9.94,24.44,61.24,0.23,0.73,103.0,31.69,256.0,297.73
3972,21.6,76.9,128.0,0.92,16.1,27.6,51.9,1.06,3.4,204.0,25.9,362.0,259.0
2438,2.49,35.9,36.6,0.43,8.92,9.89,9.07,0.26,1.03,25.3,7.38,1511.0,67.7
1025,399.63,105.25,176.69,122.64,49.65,44.57,65.77,92.55,59.94,211.85,43.87,131.83,419.34
3380,10.53,51.8,120.7,0.24,9.08,21.7,71.5,0.49,1.3,172.0,29.6,475.0,301.0
71,50.92,256.81,541.23,3.68,62.88,112.39,221.65,3.65,7.61,505.0,125.69,691.0,1139.3
2346,32.71,229.65,337.5,4.27,65.76,80.73,104.97,8.79,16.81,175.66,76.94,170.84,743.7
3428,2.63,63.2,130.0,0.49,10.25,27.6,64.8,0.39,1.48,7.0,30.7,19.0,292.0
4743,11.81,95.2,149.8,0.34,24.5,34.3,47.5,2.65,5.21,86.55,31.94,101.15,306.0
3253,5.31,120.4,203.0,0.65,29.4,46.5,74.8,1.91,4.79,103.0,39.0,234.0,366.0
1010,311.82,151.56,253.32,461.43,65.32,60.14,102.45,125.75,85.91,322.24,62.68,429.9,721.95
6635,5.06,58.1,108.0,0.63,14.6,23.1,50.6,2.58,2.52,104.0,24.8,802.0,254.0
6866,29.49,118.06,189.46,2.49,30.85,41.84,70.44,4.08,6.31,77.95,42.17,51.93,387.47
4470,0.97,16.78,40.19,0.16,2.81,7.56,27.54,0.29,0.27,123.08,10.22,386.36,112.22
5875,8.67,17.3,40.2,0.52,4.46,7.35,29.8,0.48,1.13,37.0,10.4,77.8,121.0
6364,3.68,44.11,63.12,0.36,12.6,15.8,29.11,1.58,2.76,65.08,14.33,508.26,169.69
4990,13.02,133.4,292.0,1.3,22.3,56.6,172.0,1.1,7.52,76.2,78.5,290.0,702.0
4084,13.77,87.8,219.4,0.64,16.9,38.2,160.3,1.81,2.81,715.0,54.8,1413.0,613.0
5981,21.0,92.0,198.0,0.4,17.0,38.0,105.0,0.9,2.2,882.0,47.0,474.0,527.0
5807,4.55,79.3,135.0,0.12,16.6,31.4,53.7,1.96,3.0,100.52,29.2,193.03,231.0
1283,18.92,154.96,349.14,1.58,34.24,54.78,152.09,4.43,6.76,242.73,64.36,225.46,1088.39
6715,25.1,52.1,78.2,0.48,16.5,18.6,28.4,1.93,3.51,79.2,16.2,239.0,146.0
7086,6.83,87.0,120.0,0.23,24.0,30.0,44.0,1.53,4.5,233.0,25.0,696.0,219.0
6009,8.0,72.0,123.0,0.2,14.0,26.0,44.0,1.3,2.3,262.0,26.0,662.0,265.0
2172,10.4,170.1,248.7,0.81,44.1,55.0,66.7,5.9,10.72,81.0,46.4,105.0,495.0
357,43.95,219.07,402.56,3.39,42.28,85.53,288.94,2.43,5.85,133.33,107.58,261.26,1344.92
6821,24.03,127.39,181.21,3.49,37.32,40.64,57.53,6.67,8.81,85.8,38.67,65.16,388.26
4347,13.02,165.0,253.0,0.92,48.4,56.8,74.9,6.38,9.5,203.0,46.2,242.0,387.0
6544,135.0,96.9,294.0,0.83,14.6,48.6,209.0,2.38,2.93,510.0,83.6,414.0,957.0
1350,50.92,354.48,739.68,4.58,81.12,119.36,294.3,23.08,16.23,645.22,133.06,529.33,2221.55
1954,17.5,74.1,134.6,0.36,16.0,27.4,50.2,1.22,2.76,216.0,28.7,231.0,303.0
5304,37.74,183.66,260.04,3.86,56.98,69.46,85.84,7.35,11.72,265.61,59.26,175.2,474.08
859,16.46,19.39,48.53,0.11,3.94,8.67,31.26,0.17,0.65,120.06,12.04,362.14,131.27
4522,27.18,88.24,146.16,2.34,27.07,32.58,62.36,2.31,5.14,232.6,31.46,308.39,299.95
5637,11.5,160.0,301.0,0.03,29.6,60.0,114.0,3.1,5.5,698.0,63.0,2684.0,691.0
1196,13.11,23.08,54.39,0.31,4.8,7.51,26.31,0.41,0.87,72.08,9.7,108.58,186.65
6780,20.35,56.88,87.84,2.08,19.67,19.71,38.58,4.85,4.42,47.52,19.09,86.26,182.03
3822,5.27,24.5,49.5,0.14,7.2,9.04,36.0,0.48,1.38,70.0,12.47,1242.0,159.0
2907,30.0,153.0,189.0,3.0,41.0,49.0,59.0,5.0,10.0,114.0,47.0,70.0,521.0
1348,26.62,191.46,429.61,1.89,39.52,67.46,186.83,3.62,7.35,355.69,81.01,367.0,1388.37
1643,11.6,58.5,99.0,0.4,13.2,20.8,36.9,1.05,2.32,81.0,20.7,90.0,228.0
1473,10.6,22.4,37.8,0.25,5.9,8.0,14.4,0.68,1.26,76.0,8.1,101.0,90.0
7088,5.39,51.0,72.0,0.16,14.0,18.0,27.0,0.96,2.7,190.0,15.0,507.0,138.0
5682,533.0,106.0,195.0,11.9,50.3,36.5,165.0,143.0,41.1,914.0,62.5,2197.0,778.0
5435,10.1,37.0,50.2,0.97,14.1,12.1,17.8,2.91,4.21,55.3,34.525000000000006,65.5,100.0
2426,0.76,29.2,23.5,0.32,10.5,6.85,4.83,0.19,1.0,14.4,3.88,841.0,33.8
2094,12.0,54.6,102.5,0.22,12.6,20.5,38.4,0.91,2.25,97.0,21.3,102.0,231.0
4136,3.3,71.1,146.1,0.31,15.0,30.1,63.8,0.44,2.06,45.0,30.7,140.0,291.0
3225,9.81,111.2,233.0,0.3,21.0,45.3,101.0,0.66,2.25,249.0,46.5,700.0,466.0
837,88.61,191.15,312.16,6.52,58.98,69.29,144.62,11.46,15.77,1923.01,68.37,1383.65,673.4
1312,26.47,250.05,572.11,2.2,51.2,88.73,245.38,3.9,8.7,520.02,106.99,493.83,1841.92
3678,7.9,82.2,145.7,0.38,13.5,31.5,60.2,0.55,2.59,147.0,30.8,322.0,303.0
1578,14.0,72.6,150.8,0.2,14.6,28.8,57.0,0.49,1.4,109.0,30.4,138.0,358.0
4320,3.1,241.0,521.0,0.06,22.47,94.8,174.0,0.42,2.57,211.2,105.9,3885.0,1184.0
1964,2.1,112.5,191.6,0.09,23.4,40.6,61.9,1.1,2.59,89.0,37.4,305.0,385.0
3852,6.43,79.7,142.0,0.39,13.8,31.9,52.0,0.68,2.4,65.0,27.8,125.0,231.8
1182,7.16,196.09,283.16,0.34,58.13,68.61,87.48,6.14,11.7,188.54,54.79,255.35,465.28
5605,32.6,67.0,161.0,1.29,13.8,29.0,111.0,17.8,8.4,297.0,43.0,1871.0,566.0
6616,55.1,30.4,53.2,0.67,9.4,11.6,22.7,1.2,2.38,73.6,11.7,61.7,112.0
1728,11.3,60.0,107.5,0.4,13.5,22.8,39.7,1.38,2.36,44.0,22.8,101.0,244.0
5781,97.6,580.0,678.0,13.0,156.0,196.0,150.0,75.0,53.8,561.34,119.0,531.01,950.0
4444,0.62,13.21,29.84,0.16,1.79,5.79,18.42,0.04,0.11,28.01,7.35,91.23,78.48
1720,37.2,28.0,23.9,1.95,16.2,7.0,5.3,2.59,5.75,123.0,4.2,85.0,35.0
3133,22.1,53.4,111.0,0.29,8.6,21.5,68.3,0.51,1.05,134.0,30.9,898.0,322.0
5831,8.68,324.0,539.0,0.54,68.5,130.0,179.0,10.5,12.5,533.66,108.0,791.42,782.0
1869,16.9,49.2,84.8,0.32,9.7,17.7,31.9,0.87,1.77,135.0,18.8,187.0,206.0
238,49.2,189.0,314.0,1.79,48.7,71.3,114.0,34.9,13.3,180.0,66.6,181.0,594.0
5916,52.0,86.0,152.0,1.3,23.0,30.0,59.0,4.5,4.4,642.0,35.0,562.0,355.0
4204,40.1,133.0,229.0,1.22,41.1,48.1,81.6,3.29,6.95,353.0,45.5,319.0,388.0
5296,23.6,55.0,102.5,0.79,11.89,21.2,54.4,0.66,4.49,127.6,27.9,253.7,247.1
6269,28.96,135.0,229.0,2.43,33.68,51.0,99.0,3.62,6.13,218.0,49.0,166.0,469.0
1279,51.68,168.13,416.35,1.44,32.45,63.06,184.67,12.79,6.51,507.7,77.83,369.03,1330.66
5016,26.5,177.0,319.0,1.01,37.9,69.6,129.3,6.9,14.6,212.0,73.9,354.0,598.0
5978,43.0,81.0,129.0,1.4,24.0,29.0,50.0,2.2,5.6,121.0,27.0,162.0,272.0
3250,4.51,84.5,150.0,0.34,16.9,32.8,58.8,0.92,2.44,74.0,30.6,186.0,265.0
7000,19.97,133.02,201.35,0.17,32.5,45.77,59.84,2.7,6.26,85.71,43.26,175.62,404.84
2885,113.0,945.0,1511.0,1.8,225.0,328.0,338.0,47.8,52.5,3202.0,283.0,2521.0,2649.0
2932,53.0,153.0,255.0,2.0,34.0,57.0,92.0,11.0,9.0,211.0,63.0,171.0,649.0
112,10.1,189.0,271.0,1.19,53.6,66.4,79.8,10.7,11.9,195.0,51.1,359.0,438.0
6644,26.0,28.0,53.8,0.29,7.17,11.1,28.0,0.84,1.58,55.0,12.9,55.1,132.0
1618,18.7,78.3,152.2,0.37,15.6,29.6,55.9,1.25,3.13,203.0,31.3,284.0,343.0
5186,7.81,55.3,116.6,0.52,9.32,23.3,70.9,0.68,3.12,86.6,31.7,209.9,308.8
3622,6.18,119.0,210.0,0.27,21.5,47.7,84.8,0.82,2.63,92.0,45.5,224.0,429.0
4383,4.02,124.0,200.0,0.89,30.2,41.0,74.4,1.47,5.0,117.0,37.8,514.0,363.0
1208,17.22,86.94,127.21,0.46,13.72,22.61,32.54,0.57,1.6,88.52,18.3,315.31,299.09
4112,9.34,49.8,128.7,0.26,7.9,22.6,99.8,0.47,0.88,273.0,36.5,891.0,427.0
2634,0.91,194.0,378.0,0.48,18.6,77.0,168.0,0.24,1.52,9.23,90.6,1100.0,951.0
321,11.52,59.56,123.41,0.94,11.0,25.3,101.46,1.99,1.78,18.05,34.42,55.31,429.82
1521,7.1,81.5,160.3,0.54,14.1,32.9,61.0,0.47,1.33,75.0,34.1,231.0,356.0
5510,123.9,454.0,795.0,1.13,98.8,160.0,291.0,34.6,21.1,7849.0,165.0,12250.0,1794.0
6303,3.61,12.36,28.22,0.48,1.97,5.65,26.49,0.12,0.56,31.83,7.5,118.33,80.7
7164,5.16,72.0,114.0,0.2,17.0,27.0,42.0,1.38,3.02,68.0,24.0,291.0,215.0
5260,15.94,167.1,242.3,2.28,42.5,58.4,83.0,3.72,19.29,60.8,52.9,102.0,421.0
1240,18.96,198.84,330.64,0.29,29.84,55.87,78.45,2.99,4.01,341.76,46.64,843.14,705.14
2137,30.7,111.4,111.5,6.35,50.8,29.0,24.3,10.29,15.9,91.0,19.3,41.0,190.0
7152,7.83,129.0,247.0,0.26,23.0,53.0,101.0,0.87,3.1,138.0,55.0,611.0,503.0
2484,3.49,26.7,10.3,0.61,9.47,4.19,1.45,0.5,1.36,26.5,1.49,791.0,10.9
3117,13.0,99.0,182.0,0.23,13.0,36.4,72.7,0.72,1.11,198.0,48.0,632.0,396.0
2599,2.07,100.0,102.0,0.59,13.0,29.7,21.7,0.24,1.44,10.8,18.9,470.0,159.0
4203,11.53,38.0,83.0,0.03,6.81,15.5,39.2,0.34,0.84,97.0,19.2,229.0,182.0
6440,3.96,39.79,71.25,0.1,6.99,15.43,31.68,0.9,1.03,367.99,15.82,1093.95,164.05
4133,0.76,19.4,48.1,0.13,3.43,7.81,28.6,0.22,0.28,115.0,11.6,101.0,132.2
6507,119.6,212.0,324.0,4.31,67.8,75.7,110.5,10.62,16.5,711.0,67.6,545.0,613.0
66,20.09,47.4,121.52,0.26,9.39,22.88,61.85,0.35,0.72,120.0,31.17,266.0,291.87
6059,0.6,144.0,237.0,0.1,28.0,50.0,87.0,0.7,3.5,67.0,49.0,776.0,520.0
3031,73.0,111.2,203.9,0.91,30.5,44.3,82.9,40.0,14.3,220.0,41.2,379.0,420.0
2004,15.0,58.9,93.9,0.22,15.8,20.9,30.0,1.64,3.26,187.0,19.1,122.0,197.0
3444,23.7,56.8,89.0,0.72,21.3,21.4,29.8,2.69,4.19,153.0,17.08,94.0,153.6
4766,121.0,114.8,173.9,0.86,36.1,39.3,54.4,73.0,17.9,72.79,37.47,222.39,360.6
1124,1.04,194.95,176.5,3.3,57.73,39.59,29.41,2.19,9.09,83.5,21.82,832.78,299.85
3353,24.0,99.1,155.0,1.18,30.2,35.7,59.2,3.15,5.48,155.0,31.7,187.0,286.0
29,60.37,94.61,277.13,0.69,20.96,53.03,130.41,0.58,1.99,318.0,67.61,546.0,660.97
4812,26.73,128.0,225.0,0.41,27.7,47.9,77.5,1.91,5.04,43.18,51.0,112.67,494.0
4589,12.06,38.04,23.41,0.73,24.1,8.12,4.7,1.91,4.26,79.61,3.31,755.09,23.47
1924,11.1,110.1,213.9,0.2,20.5,43.2,80.8,1.15,2.75,143.0,44.1,161.0,465.0
2833,7.9,246.0,387.0,0.2,58.1,85.5,138.2,2.59,9.27,848.0,79.7,7490.0,750.0
5567,17.2,536.0,951.0,0.19,90.4,188.0,386.0,6.2,17.1,966.0,212.0,6672.0,2423.0
5695,252.0,687.0,896.0,73.9,256.0,202.0,466.0,265.0,171.0,2905.0,243.0,6621.0,2545.0
2312,39.4,165.0,265.0,2.7,53.0,51.4,87.2,16.0,10.2,129.8,50.7,212.1,454.0
6035,17.0,95.0,162.0,1.6,23.0,35.0,61.0,5.2,5.5,665.0,35.0,767.0,355.0
3017,4.27,13.4,31.2,0.19,2.83,5.46,28.7,0.2,0.65,78.0,8.57,248.0,108.3
4919,24.45,287.52,559.82,0.69,41.12,109.19,328.4,17.16,11.71,226.08,152.75,6590.0,1650.38
2044,10.9,83.1,137.3,0.34,18.3,29.7,46.2,1.25,3.13,72.0,28.0,188.0,305.0
5739,137.0,131.0,245.0,1.95,30.6,57.4,122.0,2.4,5.58,431.0,65.8,543.0,522.0
6871,30.52,117.32,183.14,2.99,30.31,41.6,64.48,3.87,7.11,93.33,41.17,67.21,409.11
4500,49.26,118.71,203.22,2.68,29.99,46.07,85.68,2.88,5.64,391.9,44.46,424.02,418.1
7205,476.0,98.0,69.0,1.0,69.0,20.0,12.0,530.0,115.0,12606.0,12.0,3250.0,86.0
2590,1.55,36.8,16.8,0.32,6.0,7.1,2.17,0.06,0.34,9.15,2.27,1123.0,17.8
1530,3.1,17.8,11.6,0.14,12.5,3.7,1.9,1.15,3.67,117.0,1.6,269.0,15.0
5051,12.18,69.7,150.8,1.18,13.79,27.77,74.5,0.7,4.8,149.0,36.7,911.0,344.0
2564,1.78,84.8,86.6,0.55,14.6,23.9,16.9,0.35,1.47,15.7,15.1,934.0,123.0
4006,19.0,53.5,111.7,0.61,13.4,21.5,48.7,0.7,1.93,268.0,28.5,616.0,289.0
6069,0.8,158.0,231.0,0.01,26.0,52.0,79.0,0.7,3.4,121.0,46.0,1374.0,492.0
1202,34.21,159.23,285.94,0.66,34.48,45.7,76.37,12.66,8.21,438.5,42.93,417.88,666.35
5650,5.87,85.56,186.7,0.31,12.21,36.58,96.61,0.23,1.13,51.83,48.88,453.4,520.8
2817,4.13,77.3,115.8,0.47,21.6,26.4,42.9,1.29,3.8,118.0,24.1,630.0,206.0
3631,9.91,115.6,227.0,0.82,19.9,48.2,103.0,1.28,3.79,130.0,51.3,302.0,494.0
2982,13.64,166.0,322.0,0.6,23.3,70.8,152.0,0.9,3.24,67.0,68.3,123.0,708.0
3829,4.68,22.7,67.8,0.33,4.1,11.4,49.1,0.24,0.58,14.0,17.5,41.0,191.0
5250,9.98,66.5,106.4,0.83,16.6,24.5,40.8,1.08,7.14,24.1,23.9,49.0,213.0
4576,26.7,25.53,20.65,2.14,20.2,6.11,4.62,8.77,8.97,38.31,3.32,48.55,24.08
2467,0.46,21.9,9.0,0.09,2.59,3.77,0.84,0.02,0.13,3.33,1.11,563.0,8.05
2292,14.5,142.0,255.0,0.33,40.0,47.5,83.0,7.3,6.3,92.4,41.6,190.0,409.0
4594,5.77,58.07,114.2,0.48,12.92,23.69,47.64,1.01,2.32,131.63,24.89,636.9,230.08
6562,0.78,3.43,6.82,0.09,0.87,1.3,4.49,0.21,0.22,215.0,1.9,1838.0,21.2
3412,2.46,137.0,229.0,0.14,34.8,53.8,77.8,2.72,6.34,142.0,43.8,330.0,393.0
4533,17.01,29.63,62.38,0.66,7.1,12.57,37.34,2.39,1.73,113.77,15.3,156.59,162.89
3816,1.45,14.3,26.5,0.43,3.5,5.57,12.3,0.28,0.64,9.0,5.55,635.0,65.5
2603,2.44,108.0,99.3,0.67,16.1,30.1,19.4,0.31,1.61,13.3,17.6,519.0,150.0
6761,217.4,109.76,188.59,2.09,33.57,40.25,88.77,1.71,4.41,89.22,41.38,24.74,438.52
4098,12.61,107.8,193.0,0.34,22.5,43.0,84.5,1.11,3.57,234.0,45.4,513.0,373.0
3523,3.84,28.8,64.5,0.35,6.06,12.7,31.6,0.27,1.01,18.0,15.1,58.0,146.0
2303,14.8,90.9,158.0,0.59,19.9,33.7,64.8,1.56,3.63,97.0,34.525000000000006,3580.0,342.54
4495,1.94,7.12,24.0,0.1,0.98,4.0,25.39,0.27,0.02,16.3,7.02,815.25,89.71
5430,9.16,116.62,162.31,2.1,32.32,36.08,84.86,14.62,10.91,319.0,45.04,575.0,603.79
2994,5.69,51.6,119.6,0.38,10.2,23.1,59.5,0.59,1.07,57.0,26.1,152.0,272.0
1638,10.4,83.4,160.1,0.4,15.6,33.1,64.3,0.82,2.62,79.0,35.5,86.0,384.0
4752,21.2,117.2,178.0,0.33,28.5,40.8,52.5,3.37,6.17,60.27,37.6,131.78,358.0
19,18.55,57.87,92.52,0.41,10.33,19.88,48.09,0.39,0.96,152.0,23.12,204.0,217.47
3076,20.4,68.0,109.0,1.24,14.4,23.8,50.1,1.72,1.98,190.0,27.0,270.0,247.0
2814,25.9,243.0,504.0,0.64,29.3,100.4,190.0,0.57,3.35,491.0,116.1,3720.0,1000.0
4631,5.11,51.4,79.3,0.16,12.01,17.54,28.1,1.25,2.7,22.25,17.44,100.8,171.3
900,36.64,75.78,154.03,0.59,15.3,31.06,79.58,1.03,2.3,347.42,35.71,689.03,358.38
4772,9.9,408.0,606.0,1.96,102.3,141.3,163.7,10.5,20.2,180.73,124.8,280.45,1143.0
298,6.74,59.16,119.4,1.21,11.71,24.66,98.83,1.17,2.52,15.89,33.89,51.6,441.65
6284,147.5,71.0,119.0,1.98,23.76,27.0,54.0,56.05,12.37,287.0,26.0,255.0,254.0
5915,68.0,183.0,253.0,2.4,61.0,57.0,86.0,13.0,21.0,565.0,52.0,1467.0,486.0
4954,12.59,64.5,109.5,0.64,12.64,29.13,49.3,0.79,5.34,32.3,27.6,91.4,226.9
164,30.0,119.0,197.0,1.11,35.9,44.1,75.5,17.2,11.1,129.0,40.6,204.0,386.0
4137,6.14,51.3,94.5,0.27,10.4,20.0,41.2,0.5,1.48,67.0,20.8,140.0,193.0
2957,85.0,133.0,216.0,2.0,32.0,50.0,71.0,29.0,11.0,192.0,54.0,201.0,599.0
2647,44.7,205.0,344.0,5.91,60.3,76.3,118.6,4.31,10.3,393.0,68.7,314.0,563.0
939,17.03,182.21,272.06,0.68,50.58,62.91,88.85,5.98,10.18,244.15,53.42,677.7,464.97
1527,0.8,11.2,55.0,0.05,1.1,6.8,88.5,0.09,0.04,1.0,18.7,249.0,320.0
305,21.61,126.42,263.22,1.71,21.66,53.57,205.77,1.27,3.62,41.37,71.45,116.65,900.92
2124,27.0,121.6,236.1,0.2,25.6,48.8,92.1,1.66,3.92,212.0,49.7,241.0,515.0
2099,3.9,175.7,306.0,0.54,40.5,65.1,105.2,2.29,6.17,72.0,60.3,111.0,623.0
1666,11.3,76.5,118.3,0.7,19.1,26.6,35.1,0.99,3.29,93.0,23.5,141.0,235.0
845,98.4,235.89,399.63,7.8,74.48,87.67,189.56,11.98,17.97,2702.2,87.24,2240.43,846.68
2361,86.0,503.0,564.0,43.8,308.0,139.0,148.0,238.0,147.0,139.9,106.0,496.0,734.0
5350,4.08,9.39,22.98,0.22,1.66,3.81,20.91,0.03,0.29,42.82,6.85,675.04,98.04
6309,4.06,23.91,70.43,0.96,4.18,12.15,58.39,0.58,0.7,22.96,17.88,96.25,212.9
6053,10.0,300.0,486.0,1.3,66.0,108.0,144.0,4.8,10.0,402.0,92.0,487.0,911.0
3293,27.8,47.3,103.8,0.27,7.4,20.0,58.2,0.32,0.99,43.0,24.4,183.0,260.0
2930,84.0,189.0,407.0,0.59,31.0,81.0,164.0,5.0,6.0,1067.0,98.0,840.0,1007.0
5380,3.51,17.37,48.18,0.16,2.66,8.08,34.57,0.41,3.63,48.05,12.37,714.52,140.8
289,9.48,99.2,180.0,0.48,18.6,38.8,81.7,0.86,2.85,433.0,42.8,1122.0,414.0
5152,4.42,67.4,139.7,0.48,10.83,27.6,82.4,0.75,4.29,18.8,36.7,85.0,362.0
5895,6.41,104.0,186.0,0.45,21.5,41.6,77.0,1.88,3.26,171.0,42.1,303.0,417.0
3065,19.1,102.0,156.2,0.91,29.8,37.0,50.6,2.5,4.47,155.0,32.9,201.0,281.0
4286,1.73,4.0,4.0,0.19,2.09,1.1,0.9,0.25,0.37,55.0,0.6,177.0,5.0
1122,1.49,126.83,55.34,0.11,56.87,17.94,2.65,4.33,12.89,65.71,4.55,185.06,41.01
3234,13.0,112.0,259.0,0.15,18.8,49.9,143.0,0.59,2.29,338.0,74.3,1195.0,683.0
5561,19.9,230.0,428.0,0.11,41.4,81.0,214.0,8.2,10.6,685.0,102.0,4217.0,1249.0
2105,20.0,56.7,112.1,0.49,13.2,22.4,53.3,0.76,2.37,196.0,25.7,125.0,283.0
7171,11.0,106.0,159.0,0.67,30.0,38.0,55.0,8.42,8.89,115.0,33.0,396.0,287.0
4858,26.05,134.1,214.6,0.48,29.0,49.0,56.3,2.56,5.75,41.84,45.58,145.83,414.0
2542,2.37,110.0,101.0,0.7,19.7,29.8,21.5,0.47,2.14,21.7,18.0,846.0,152.0
3805,4.46,79.7,155.0,0.15,18.7,30.0,56.3,0.78,1.59,119.0,29.2,384.0,299.0
5646,15.9,220.0,397.0,0.12,40.5,79.0,137.0,1.6,5.6,830.0,80.0,3031.0,861.0
2146,33.2,62.8,105.3,0.65,15.8,21.9,32.0,1.19,2.83,95.0,20.0,56.0,229.0
6483,1.32,10.17,4.53,0.15,7.19,1.62,0.77,1.17,2.6,95.58,0.8,339.71,3.89
1613,4.2,115.5,233.2,0.24,21.5,46.1,87.4,0.9,2.91,115.0,47.6,247.0,545.0
1706,9.0,48.5,88.7,0.21,11.7,17.9,39.8,0.85,2.01,152.0,18.6,583.0,215.0
2898,50.0,135.0,209.0,2.0,28.0,49.0,74.0,5.0,6.0,150.0,55.0,157.0,671.0
1650,13.8,72.7,119.7,0.35,16.6,26.1,42.1,1.51,2.69,96.0,25.0,107.0,267.0
5405,52.3,360.0,350.6,16.21,100.6,93.9,201.2,73.49,50.85,219.0,89.7,6338.0,1057.0
1691,22.1,99.1,201.4,1.05,21.8,39.1,106.0,1.46,4.07,289.0,47.6,268.0,566.0
4107,6.18,80.8,163.0,0.21,16.3,33.8,62.3,0.55,2.08,218.0,34.5,799.0,330.0
2520,1.8,219.0,399.0,0.86,26.8,79.4,139.0,0.53,2.5,36.0,84.0,603.0,881.0
2781,0.37,74.0,242.0,0.07,4.98,38.5,143.9,1.56,0.62,26.0,63.5,2191.0,660.0
5704,136.0,1074.0,1432.0,1.5,259.0,363.0,377.0,70.0,73.0,5345.0,299.0,6088.0,2519.0
5290,10.51,42.5,85.9,0.78,9.34,17.93,50.6,0.51,3.58,54.3,21.74,134.0,219.1
7174,6.0,58.0,88.0,0.17,15.0,21.0,32.0,1.42,3.06,87.0,18.0,334.0,160.0
5385,3.05,15.96,46.45,0.23,1.54,7.77,33.65,0.17,3.63,43.66,12.1,537.11,138.07
3881,9.15,40.4,75.2,0.17,7.49,15.3,27.2,0.72,1.96,55.0,16.8,227.0,148.6
6146,46.94,825.0,1323.0,0.0,171.5,298.0,540.0,29.83,44.48,2724.0,301.0,14776.0,2831.0
1092,6.89,188.0,464.97,0.43,22.47,63.49,171.63,0.9,2.77,91.78,78.9,216.21,1375.05
1126,50.85,120.77,137.73,3.22,41.93,26.67,29.18,27.69,15.44,112.37,18.21,76.53,266.79
4275,16.76,103.0,187.0,0.13,21.9,39.6,62.0,1.34,3.48,161.0,36.3,373.0,312.0
4926,1.93,160.34,384.23,0.03,17.8,73.3,221.79,0.28,2.67,139.55,102.91,3570.0,1070.0
6724,23.15,101.66,151.85,2.78,39.9,34.26,62.36,6.77,8.71,65.6,33.06,96.65,317.68
2703,0.47,71.1,55.9,0.28,15.9,17.7,9.61,0.28,1.83,8.0,7.75,728.0,57.3
1103,3.59,146.92,275.71,0.66,24.37,42.49,80.48,2.22,3.76,110.64,42.33,495.55,682.97
5703,199.0,837.0,869.0,5.0,274.0,233.0,222.0,163.0,135.0,5246.0,179.0,4783.0,1514.0
6778,25.1,64.31,101.51,4.68,23.79,22.15,44.53,15.13,8.38,95.1,21.85,521.17,214.26
2093,24.1,75.4,136.2,0.54,17.5,27.2,53.1,1.37,2.45,130.0,28.5,101.0,300.0
3378,28.4,80.4,150.6,0.35,17.1,30.8,72.4,1.05,2.3,223.0,33.86,451.0,341.0
838,20.31,27.86,62.13,0.45,5.42,12.19,35.61,0.72,1.15,153.99,15.09,324.14,157.09
1278,26.31,335.32,734.3,3.25,74.29,118.31,285.86,5.47,11.9,622.18,133.05,425.3,2188.19
3158,4.87,79.1,153.7,0.32,15.3,29.2,78.7,0.96,1.13,169.0,43.0,2017.0,414.0
5138,9.12,129.4,252.0,2.04,28.5,50.0,138.6,3.22,12.86,116.8,65.1,237.6,574.0
3661,3.8,87.9,169.0,0.45,11.9,33.7,67.3,0.3,1.6,11.0,36.2,27.0,352.0
5257,10.95,58.8,106.7,0.7,13.17,22.6,51.5,0.87,5.58,25.9,26.0,75.4,244.0
5096,8.69,136.0,206.0,1.39,34.1,48.4,76.8,2.85,16.0,74.2,47.6,154.1,354.0
79,167.97,421.89,980.3,3.84,92.42,187.15,420.53,4.85,10.29,3217.0,231.38,2922.0,2173.82
1729,6.8,83.5,146.0,0.46,19.1,30.7,52.6,1.41,3.05,90.0,30.2,105.0,330.0
3795,73.5,284.0,470.0,4.44,78.6,97.9,163.9,7.1,11.9,307.0,91.9,284.0,890.0
7144,12.0,81.0,146.0,0.28,15.0,32.0,60.0,2.61,2.69,82.0,33.0,311.0,299.0
3576,34.8,454.0,511.0,20.5,127.0,135.0,150.0,32.0,42.0,301.0,95.0,643.0,810.0
3314,8.52,66.6,133.2,0.25,13.4,27.17,58.8,0.62,1.84,167.0,30.2,395.0,281.0
7028,16.82,79.74,121.87,1.15,21.87,27.8,42.27,2.94,4.37,34.84,25.47,35.54,251.26
4688,9.89,69.6,126.2,0.57,14.6,26.6,47.2,0.96,2.45,27.88,29.8,47.39,301.2
1068,122.0,105.85,216.48,107.0,31.08,42.43,71.77,27.26,25.7,167.47,43.72,153.78,558.24
4967,3.82,64.9,129.0,0.6,12.1,25.9,73.1,0.76,4.31,15.1,33.4,65.1,332.0
3542,10.3,57.0,106.0,1.02,12.1,22.0,58.0,0.79,1.62,84.0,24.1,155.0,244.0
6062,4.2,101.0,168.0,0.2,22.0,36.0,54.0,1.2,3.7,122.0,32.0,336.0,330.0
6466,2.0,38.14,39.1,0.54,18.55,9.92,16.12,0.84,3.93,42.66,8.35,395.63,86.93
6887,23.5,60.31,104.66,1.85,17.18,22.34,41.04,2.24,3.48,41.37,23.44,31.9,233.41
1652,12.9,56.3,98.2,0.25,12.9,20.2,36.1,1.16,2.09,95.0,21.2,110.0,227.0
5111,16.43,45.4,109.5,0.47,8.17,18.97,59.9,0.74,3.07,397.0,28.4,922.0,273.4
5205,8.61,69.2,131.3,0.34,13.37,26.9,53.6,0.76,4.94,52.8,30.8,167.0,264.7
2889,137.0,1123.0,1683.0,2.0,287.0,383.0,358.0,64.4,71.8,3948.0,309.0,2381.0,2825.0
1566,13.1,79.5,140.3,0.48,18.0,28.2,53.2,1.41,2.83,112.0,29.3,100.0,331.0
2970,30.9,81.9,149.0,2.12,19.1,32.3,66.7,9.6,5.6,84.0,30.6,84.0,317.0
3423,32.3,56.2,115.0,0.4,12.3,25.0,70.2,0.84,1.95,356.0,28.8,759.0,316.0
6050,14.0,132.0,220.0,0.5,30.0,47.0,71.0,1.9,5.4,308.0,42.0,270.0,442.0
2110,3.0,155.4,298.3,0.28,28.3,60.7,104.3,1.06,3.63,96.0,60.2,201.0,631.0
2370,8.09,263.6,318.33,4.36,76.62,84.76,76.73,11.09,18.04,75.27,70.81,86.63,640.75
2734,2.97,45.7,81.6,0.17,10.6,16.96,32.2,0.58,1.3,92.0,18.3,540.0,162.0
151,39.9,64.3,102.0,1.16,19.9,23.5,39.1,19.6,7.37,86.2,21.1,122.0,193.0
3316,4.07,157.0,396.0,0.31,25.3,71.0,243.0,0.77,2.92,120.0,94.0,429.0,1080.0
1477,13.5,205.4,286.4,0.56,63.4,67.5,79.2,8.54,14.49,132.0,54.3,106.0,533.0
343,21.39,108.22,207.24,1.65,20.33,43.79,150.19,4.79,3.85,59.61,56.7,177.52,714.43
3201,3.51,152.0,261.0,0.16,27.7,51.4,94.4,1.24,3.39,147.0,51.7,384.0,541.0
4697,17.62,64.5,102.7,0.59,14.8,22.84,34.8,1.32,2.67,35.8,22.85,86.62,229.7
693,33.31,83.2,179.0,1.01,17.5,34.8,96.4,2.48,3.06,420.0,41.4,464.0,424.0
2694,2.77,34.9,80.8,0.13,4.81,15.3,45.9,0.15,0.79,71.0,21.1,711.0,209.0
6648,93.7,68.3,120.0,1.96,21.6,26.5,53.4,31.1,7.69,113.0,27.1,99.6,265.0
3044,45.4,92.0,155.0,1.34,17.6,34.8,87.3,1.55,3.4,583.0,39.1,872.0,401.0
5850,7.05,82.2,124.0,2.66,20.7,29.2,78.4,0.94,3.05,330.0,30.5,917.0,350.0
5512,17.2,195.0,398.0,0.22,28.8,73.0,174.0,3.1,3.7,666.0,90.0,5768.0,1031.0
1007,83.8,39.9,94.8,0.43,8.56,18.0,53.9,9.92,2.67,119.0,23.4,122.0,250.0
3571,6.8,120.1,205.0,0.19,29.0,46.1,79.9,2.11,4.56,153.0,45.2,561.0,369.0
3217,5.19,68.0,158.0,0.19,10.0,32.5,70.0,0.41,1.46,107.0,37.7,478.0,316.0
3259,15.0,130.0,217.0,1.0,33.0,47.2,74.9,6.1,8.0,188.0,42.7,319.0,363.0
4087,7.47,86.7,151.6,2.38,25.5,30.8,63.6,3.04,5.73,54.0,31.5,82.0,323.0
3611,5.9,116.0,216.0,0.34,24.1,46.0,84.0,1.26,3.6,93.0,44.0,206.0,412.0
3849,4.05,82.0,263.0,0.61,12.2,44.0,190.0,0.64,0.99,47.0,74.4,113.0,829.0
7040,15.96,85.61,127.39,1.31,24.69,28.69,42.42,3.05,5.24,34.49,27.79,33.53,265.83
5185,9.46,90.4,200.3,0.81,14.05,39.7,123.3,0.66,4.49,70.2,53.6,204.4,511.0
5834,13.0,107.0,192.0,0.09,17.6,44.2,76.0,1.81,3.89,137.9,40.8,327.31,394.0
4944,4.81,420.61,765.11,0.69,47.31,157.94,335.57,5.26,8.13,195.64,185.62,7960.0,1880.0
6978,33.19,60.31,97.97,2.32,19.58,22.84,38.61,2.45,3.66,69.18,19.62,42.19,188.58
4710,8.13,140.8,205.4,0.26,38.9,47.3,56.6,4.23,8.76,73.36,42.6,145.92,404.0
1204,20.74,198.23,322.62,1.55,46.12,53.88,80.05,7.26,9.95,290.7,46.82,168.94,721.7
4600,32.74,38.03,27.59,3.26,31.8,9.01,5.42,12.32,13.77,105.75,4.36,75.35,31.07
7074,4.16,28.0,41.0,0.09,7.68,9.86,16.0,0.6,1.6,126.0,8.87,370.0,81.0
1861,59.5,137.5,267.1,0.77,25.9,53.2,102.7,1.69,4.61,168.0,57.9,167.0,648.0
3010,2.72,24.8,57.6,0.07,4.82,11.4,28.6,0.11,0.87,38.0,13.46,206.0,134.3
6549,4.46,75.6,148.0,0.7,13.0,31.5,67.4,0.37,1.52,29.8,34.2,222.0,339.0
5009,41.6,120.5,207.0,2.11,23.63,42.6,113.9,1.47,11.03,483.0,56.3,1157.0,515.0
302,17.0,112.05,222.15,2.03,21.75,46.32,174.22,1.16,3.66,43.58,62.04,107.98,769.27
7010,26.2,128.23,202.91,0.48,30.86,44.9,69.58,2.26,5.26,103.67,45.49,121.38,408.72
5818,4.03,31.1,60.3,0.03,5.26,12.9,26.6,0.48,0.87,50.21,13.3,157.45,112.0
6927,77.72,178.38,265.9,3.16,53.6,61.58,88.64,6.42,11.54,157.69,56.71,75.66,508.17
4339,0.95,111.0,280.0,0.07,10.15,46.6,168.0,0.05,0.67,76.8,71.2,2488.0,951.0
2418,1.34,113.0,151.0,0.64,15.6,36.5,41.0,0.2,1.58,12.2,28.2,1645.0,261.0
6126,24.51,114.0,197.0,0.92,29.36,44.0,78.0,3.17,5.82,363.0,41.0,747.0,377.0
3723,10.4,162.0,285.0,0.48,28.6,59.7,116.8,1.03,4.5,307.0,60.2,618.0,597.0
2925,87.0,201.0,320.0,3.0,51.0,73.0,107.0,16.0,13.0,382.0,84.0,356.0,1013.0
5427,1.97,89.48,121.7,0.37,9.76,30.9,28.96,0.87,1.91,28.0,27.01,417.0,259.36
6096,2.9,183.0,270.0,0.2,31.0,62.0,74.0,1.3,4.5,126.0,50.0,578.0,492.0
7,21.56,80.27,165.26,0.43,12.42,30.24,82.74,0.35,1.2,149.0,39.44,342.0,411.67
3173,5.66,186.0,291.0,0.76,41.4,63.0,89.1,2.75,8.7,110.0,56.8,221.0,494.0
1271,5.56,233.06,375.87,1.7,54.56,63.24,92.35,7.73,11.56,119.17,53.26,123.51,818.71
3012,16.04,22.0,48.7,0.51,4.64,9.87,29.6,0.57,1.02,109.0,11.51,221.0,125.3
1815,33.7,115.7,201.5,0.97,28.7,41.9,71.6,2.25,5.33,89.0,41.8,59.0,450.0
2091,27.4,98.5,187.4,0.95,18.7,37.2,75.5,1.93,3.68,99.0,40.5,99.0,443.0
1227,0.84,141.97,202.99,0.05,22.65,36.36,40.46,0.97,2.93,97.18,27.25,388.05,390.19
4477,13.3,157.1,261.69,1.16,35.75,58.6,125.23,1.68,4.15,415.07,58.83,2878.94,580.43
3134,34.1,85.0,166.0,0.63,13.9,31.8,79.0,0.58,1.32,454.0,40.7,916.0,372.0
4992,19.7,150.0,322.0,1.08,23.0,65.7,167.9,1.07,6.98,169.0,86.6,619.0,742.0
2112,21.9,61.2,119.6,0.13,11.7,24.2,51.5,0.64,2.49,220.0,27.3,210.0,297.0
5546,47.4,392.0,667.0,0.73,78.9,127.0,373.0,19.5,23.6,1193.0,168.0,3235.0,2209.0
4020,53.4,169.0,294.0,0.97,29.1,60.8,137.7,1.46,4.77,415.0,72.9,892.0,736.0
1148,19.06,67.6,96.57,1.06,22.53,23.28,33.77,3.52,5.46,180.57,19.46,214.17,175.03
1443,68.3,93.4,166.7,1.35,23.8,34.7,65.6,7.11,5.97,314.0,34.9,320.0,385.0
1332,23.98,178.13,435.34,1.48,34.32,65.85,184.77,1.84,5.26,302.55,79.91,312.25,1360.08
4674,28.51,111.7,179.3,1.29,27.5,40.1,58.2,2.11,5.11,85.79,39.0,124.96,377.0
3749,9.31,197.0,372.0,2.0,51.6,75.9,142.9,2.36,5.1,81.0,73.8,121.0,758.0
5379,6.71,32.44,87.75,0.4,4.53,15.47,54.4,0.48,1.02,82.21,22.21,910.52,245.04
3753,15.47,56.3,105.7,0.41,13.7,22.0,40.3,1.04,2.17,86.0,21.8,127.0,220.3
6129,18.39,80.0,190.0,0.85,15.45,36.0,110.0,0.71,2.46,173.0,46.0,412.0,484.0
6382,1.01,34.54,30.75,0.11,13.87,9.51,5.48,0.65,3.48,28.83,4.59,1125.4,35.04
3196,6.33,95.0,143.6,0.27,16.0,33.0,61.6,0.92,2.59,133.0,30.4,355.0,324.0
3529,4.19,25.6,70.7,0.38,4.36,13.21,69.1,0.44,0.87,25.0,20.1,98.0,249.0
1311,49.37,227.69,530.9,1.39,40.14,81.87,222.2,2.29,5.66,543.36,99.49,477.61,1643.22
6677,31.9,45.7,64.5,1.16,16.3,15.4,24.8,3.04,4.35,23.1,13.6,22.2,126.0
6543,26.2,153.0,254.0,0.16,35.9,58.1,83.4,3.74,7.17,192.0,54.0,187.0,479.0
153,61.1,57.8,119.0,1.09,16.4,24.2,58.5,27.3,7.13,91.6,26.2,138.0,275.0
5960,60.0,122.0,258.0,0.8,23.0,50.0,122.0,2.2,4.1,926.0,59.0,923.0,652.0
4747,21.43,221.3,317.0,0.59,58.9,74.9,90.2,7.25,13.18,44.66,65.3,112.8,609.0
5529,49.5,754.0,1232.0,0.06,137.8,267.0,371.0,23.2,24.3,3543.0,242.0,12911.0,2432.0
6924,50.4,111.56,160.69,3.85,41.77,38.89,59.45,8.25,10.09,76.99,31.51,39.41,290.61
2771,9.45,149.0,216.0,1.2,44.4,48.8,72.9,2.84,8.37,315.0,43.2,758.0,361.0
5370,35.6,180.0,289.0,1.59,51.1,70.6,109.0,5.92,9.92,580.0,66.6,434.0,525.0
2145,33.2,62.8,105.3,0.65,15.8,21.9,32.0,1.19,2.83,95.0,20.0,56.0,229.0
1185,14.09,56.57,118.36,0.67,11.13,23.89,66.59,0.78,1.98,222.22,28.27,413.08,295.99
2672,10.44,23.54,54.6,0.72,5.78,10.4,31.9,0.81,1.51,162.0,12.73,267.0,133.0
3235,16.4,109.0,261.0,0.27,17.5,45.8,130.0,1.06,2.2,420.0,56.7,1281.0,571.0
6937,30.31,134.72,194.73,5.79,47.28,45.7,66.93,8.97,11.53,62.86,40.01,25.55,352.83
5199,5.91,69.7,124.4,0.48,14.64,27.3,52.3,1.41,6.27,31.3,29.2,97.8,249.7
877,51.86,81.04,162.35,0.55,18.02,32.6,78.66,1.37,3.12,584.31,36.4,932.85,362.89
7132,8.05,88.0,160.0,0.21,17.0,35.0,63.0,1.19,2.63,104.0,35.0,382.0,323.0
3024,7.01,70.7,146.1,0.67,12.7,29.9,78.6,1.15,2.44,140.0,33.2,313.0,333.0
2671,18.4,80.4,122.0,3.69,30.2,28.1,43.2,6.46,7.28,334.0,23.7,242.0,203.0
5044,9.9,50.1,95.7,1.0,11.45,18.6,49.8,0.73,4.37,110.0,24.2,373.0,242.3
5484,45.85,216.8,410.28,5.29,57.26,86.34,180.9,13.17,11.62,219.54,34.525000000000006,243.18,859.71
2492,2.57,91.6,84.6,0.58,12.4,24.4,15.2,0.24,1.24,14.0,13.4,569.0,117.0
1594,13.5,67.7,117.4,0.5,13.6,23.5,40.5,2.46,2.61,126.0,22.9,198.0,255.0
2899,112.0,190.0,324.0,2.0,44.0,71.0,117.0,45.0,16.0,393.0,83.0,297.0,922.0
318,27.85,95.24,172.2,5.98,26.9,36.25,127.4,15.4,10.3,41.39,45.54,119.27,564.46
1102,2.33,222.79,431.28,0.28,35.15,66.29,121.29,2.41,5.05,48.72,64.75,142.39,1042.89
2300,11.4,221.0,171.0,53.0,104.0,53.0,45.8,1.56,56.0,69.3,31.8,340.0,257.0
6974,21.17,78.97,114.08,3.99,26.79,27.77,41.18,5.78,6.96,38.42,22.9,20.53,213.86
4933,13.43,134.24,218.86,0.58,32.1,50.48,79.27,3.27,6.69,215.06,46.47,348.26,411.32
4499,245.64,522.82,697.64,20.52,197.56,172.37,245.67,36.9,54.78,2023.99,140.78,1437.09,1259.36
2490,2.52,139.0,127.0,0.83,20.2,37.4,24.3,0.45,1.95,17.8,21.0,709.0,172.0
14,63.95,255.71,576.11,1.4,48.41,109.92,239.0,1.34,4.04,1172.0,134.35,1427.0,1205.73
784,30.26,129.0,259.0,1.02,25.0,53.9,121.1,1.06,3.25,435.0,58.1,623.0,552.0
5156,7.32,96.4,230.0,0.77,13.99,42.0,155.3,0.68,4.23,29.3,66.1,135.9,622.0
4040,6.62,82.8,183.8,0.43,14.3,37.1,100.1,1.21,1.7,71.0,43.0,210.0,427.0
3467,10.71,43.6,92.4,0.67,9.7,19.0,61.7,0.61,1.35,98.0,21.7,229.0,253.0
744,69.9,47.9,95.1,0.83,13.7,18.1,44.6,25.23,6.16,216.0,20.6,341.0,235.0
4180,14.59,169.0,246.0,2.47,51.3,54.9,73.9,5.45,11.0,63.0,47.1,88.0,394.0
2918,43.0,151.0,234.0,2.0,33.0,55.0,81.0,4.0,7.0,231.0,59.0,185.0,641.0
4872,7.28,75.6,52.6,0.03,33.9,17.63,7.87,2.95,7.28,146.72,8.41,212.41,63.8
4007,17.8,70.8,124.5,0.29,15.8,26.6,60.1,0.62,2.48,256.0,27.8,624.0,294.0
6442,4.52,48.45,78.16,0.09,12.38,17.16,30.08,0.93,2.96,215.82,15.9,477.84,155.5
6536,37.9,30.6,47.8,0.73,8.51,10.6,19.6,1.43,2.16,83.3,10.6,123.0,108.0
3228,13.3,86.9,181.0,0.21,14.2,35.6,101.0,0.95,2.2,246.0,50.5,793.0,484.0
1586,50.8,122.6,238.2,0.65,26.6,47.3,89.8,1.35,3.76,222.0,48.2,152.0,553.0
5023,12.34,59.7,112.9,0.56,12.09,22.7,50.5,0.82,5.13,69.1,28.1,142.9,235.6
1110,1.2,283.94,672.93,0.03,28.36,94.46,198.4,1.04,3.02,89.16,107.95,492.56,1726.21
4220,10.4,88.0,121.0,0.3,22.5,27.5,35.3,1.73,4.0,185.0,22.3,525.0,195.0
6818,24.63,83.75,140.2,1.33,23.35,30.13,54.86,3.45,5.69,75.6,32.11,65.58,315.44
4414,10.91,158.0,223.0,0.59,46.0,50.9,64.1,4.34,10.5,136.0,40.5,204.0,338.0
977,10.7,74.0,179.0,0.91,11.9,33.8,99.4,0.31,1.72,55.6,43.2,349.0,467.0
1246,4.65,126.13,228.68,0.39,24.39,36.54,62.35,1.64,3.97,87.24,34.72,187.82,545.97
6528,25.6,39.8,57.1,1.36,13.4,13.5,21.6,1.67,3.35,24.8,11.7,24.8,111.0
4311,13.11,63.0,120.0,0.0,15.0,24.0,43.7,1.02,2.85,497.0,24.4,1227.0,220.0
4070,9.93,49.1,109.8,0.4,9.6,20.32,72.9,0.64,1.3,325.0,27.2,677.0,273.0
4748,8.63,155.7,230.3,1.29,40.3,51.9,68.1,3.92,8.67,48.07,47.9,114.3,462.0
5859,4.8,69.4,125.0,1.62,13.5,26.6,90.3,0.51,1.86,151.0,32.0,644.0,377.0
3600,7.97,44.2,97.6,0.97,9.68,18.8,71.7,0.56,1.18,49.0,24.8,145.0,282.0
2769,2.96,65.5,114.5,0.35,15.8,23.7,43.9,0.58,2.3,104.0,23.6,498.0,211.0
2000,4.1,187.5,318.4,1.32,39.8,69.0,96.0,3.09,7.04,108.0,62.4,113.0,652.0
278,17.2,77.0,154.0,0.6,15.1,30.2,82.8,1.72,3.02,421.0,38.2,638.0,383.0
4770,9.13,153.3,234.3,0.4,36.4,54.3,65.4,2.69,6.4,81.52,48.9,253.35,446.0
6312,5.63,37.64,100.51,1.47,6.86,18.28,89.46,0.56,0.99,28.82,27.08,104.43,290.39
5618,17.0,84.0,152.0,0.54,18.5,31.0,58.0,1.0,3.0,140.0,30.0,267.0,339.0
6272,34.7,78.0,144.0,1.62,18.92,30.0,72.0,2.15,3.83,170.0,33.0,153.0,323.0
4980,9.63,111.7,233.2,2.11,22.17,45.1,136.9,1.47,9.08,34.2,62.3,87.2,568.0
4340,1.49,126.0,274.0,0.07,11.99,51.0,108.0,0.07,0.73,62.1,58.5,1640.0,689.0
4951,12.47,46.7,84.0,0.45,8.84,21.51,36.9,0.59,3.52,25.26,20.46,87.9,178.4
998,57.0,66.1,121.0,0.57,14.9,26.3,48.0,1.39,2.79,95.9,26.3,103.0,251.0
6948,121.82,178.87,294.11,3.78,48.02,67.56,105.21,5.98,10.53,346.77,58.75,156.75,552.41
4019,25.0,141.0,300.0,0.73,28.4,58.0,134.7,0.83,3.64,291.0,75.1,875.0,699.0
6377,4.94,37.83,55.58,0.49,13.73,13.08,23.33,0.36,2.29,43.82,11.87,274.67,121.42
3160,6.13,55.9,115.7,0.72,15.9,23.5,66.0,0.97,2.67,58.0,31.2,113.0,304.0
4083,16.5,87.0,220.8,0.41,16.9,39.9,144.2,1.22,2.05,641.0,52.8,1307.0,633.0
6727,10.99,32.64,56.73,0.19,10.57,12.41,24.79,0.63,1.2,84.26,12.64,187.05,124.99
276,7.85,96.8,218.0,0.21,13.4,43.6,95.6,0.87,2.11,292.0,53.0,587.0,526.0
4149,23.6,87.6,154.6,0.52,17.6,31.3,61.4,0.99,3.57,172.0,32.7,270.0,314.0
5785,199.0,262.0,408.0,16.5,67.7,102.0,138.0,119.0,37.2,368.74,81.7,363.08,752.0
5968,8.4,89.0,132.0,0.6,22.0,29.0,41.0,1.7,4.1,95.0,24.0,213.0,247.0
1117,9.27,274.34,560.45,0.11,34.69,82.91,165.82,7.49,5.89,52.67,89.99,483.69,1464.9
2021,13.7,62.4,109.7,0.35,14.1,23.1,38.1,1.09,2.42,128.0,22.4,146.0,257.0
3247,4.67,101.0,180.0,0.41,23.6,41.1,69.0,1.51,3.3,76.0,35.8,179.0,318.0
3499,13.22,120.0,193.4,0.49,37.9,45.4,67.9,3.6,7.9,282.0,38.3,471.0,361.0
5852,8.43,146.0,209.0,3.63,33.8,50.1,120.0,0.81,3.69,238.0,49.8,815.0,467.0
1211,1.45,147.47,262.04,0.11,26.78,41.96,69.31,2.13,4.52,87.63,38.57,207.21,615.95
7004,51.8,236.0,325.97,0.48,64.4,77.47,94.05,8.81,13.5,184.1,66.53,187.7,613.26
6637,69.8,153.0,261.0,4.17,43.5,59.6,106.0,11.2,9.14,174.0,55.6,154.0,530.0
1942,35.3,43.2,84.4,1.7,15.6,16.0,41.4,4.41,4.88,339.0,18.8,202.0,219.0
6575,12.9,36.2,45.6,0.41,12.3,11.5,14.6,3.06,3.85,66.1,9.22,91.2,78.3
3169,0.63,171.0,361.0,0.11,21.8,70.9,143.0,0.59,2.71,27.0,75.3,204.0,683.0
2283,32.89,151.6,234.79,1.51,38.81,54.93,70.93,3.69,9.01,249.83,57.68,319.04,573.68
3220,13.6,139.0,292.0,0.72,30.5,61.6,129.6,1.27,4.11,239.0,67.6,509.0,592.0
3485,10.6,37.8,86.6,0.55,7.3,16.03,60.6,0.51,1.48,131.0,22.6,337.0,230.0
3557,13.66,69.3,145.0,0.58,15.0,28.6,71.2,0.74,1.99,122.0,32.9,205.0,334.0
3325,2.8,183.0,364.0,0.3,34.9,79.8,131.0,1.48,4.87,157.0,76.4,560.0,713.0
6328,6.04,37.68,67.56,0.28,8.21,15.48,32.32,0.74,1.62,443.44,15.43,2322.8,150.39
5262,21.7,285.0,445.0,3.44,68.3,106.5,160.0,6.43,30.1,151.0,101.1,217.0,769.0
6314,0.86,1.49,3.27,0.33,0.38,0.93,4.12,0.08,0.09,1.23,1.01,9.38,12.54
2290,8.18,129.83,160.42,1.51,37.91,41.73,44.04,4.59,10.13,50.9,34.79,54.87,334.85
1143,20.13,116.94,255.34,0.69,18.18,36.53,88.54,1.31,2.75,328.36,41.59,465.8,712.23
5423,83.3,524.7,567.6,18.09,156.9,143.3,378.0,89.73,67.06,242.0,148.8,4411.0,1844.0
5189,9.12,129.4,251.0,2.05,28.7,50.0,138.6,3.25,11.79,116.7,65.1,237.6,574.0
3949,5.02,64.3,131.7,0.42,11.8,28.1,60.4,0.45,1.77,65.0,28.6,227.0,291.0
5072,7.68,48.9,71.6,1.94,16.11,17.17,33.2,2.95,9.68,26.2,16.79,67.8,161.7
4675,8.4,127.0,219.0,0.55,25.6,47.8,67.4,1.9,4.31,46.38,45.6,125.23,422.0
5392,4.3,22.08,52.73,0.22,2.85,10.04,29.57,1.56,0.63,40.13,12.91,404.3,138.03
905,19.97,68.98,123.62,0.71,17.74,26.34,55.64,1.31,3.3,199.2,27.26,272.62,256.25
4367,7.54,60.0,109.0,0.35,13.1,22.2,41.4,0.9,1.85,42.0,22.1,52.0,200.0
1852,19.6,73.6,145.0,0.37,13.7,28.5,56.5,0.77,2.21,151.0,31.5,156.0,358.0
2559,1.5,136.0,137.0,0.81,23.6,38.7,27.9,0.36,1.97,17.5,24.8,1215.0,206.0
110,16.8,57.8,107.0,0.34,11.9,22.5,44.7,3.84,2.61,159.0,22.8,346.0,222.0
4068,5.79,66.3,120.3,0.31,13.6,26.1,54.9,0.67,1.55,202.0,25.5,664.0,261.0
333,8.67,63.34,132.59,1.14,11.89,26.28,118.31,0.78,2.27,17.61,39.01,68.92,512.59
5887,44.0,93.8,181.0,1.73,23.7,39.3,85.3,1.44,3.6,354.0,42.7,536.0,432.0
3390,1.93,41.4,105.0,0.1,5.06,18.66,67.2,0.03,0.43,51.0,26.2,1625.0,295.0
6160,72.54,806.0,1423.0,0.02,157.6,306.0,570.0,48.46,40.25,4254.0,325.0,17869.0,3055.0
3664,9.5,226.0,364.0,1.41,44.7,80.3,131.7,2.84,9.1,130.0,73.0,215.0,684.0
2720,1.01,24.9,30.6,0.1,5.03,7.44,11.1,0.21,0.52,26.0,5.41,1600.0,52.4
768,32.45,151.0,238.0,1.8,41.7,53.4,104.0,3.22,7.1,506.0,50.7,605.0,484.0
1015,62.35,53.83,91.28,82.94,15.62,15.63,25.59,30.5,17.57,108.55,15.03,218.49,250.08
3551,7.77,75.0,162.0,0.54,18.0,32.3,73.0,0.77,3.07,99.0,36.0,189.0,348.0
6531,22.3,95.2,152.0,0.09,28.7,35.3,50.9,3.11,5.27,103.0,31.1,142.0,282.0
5356,21.3,87.8,145.0,0.83,23.8,35.5,62.5,2.21,5.33,238.0,34.8,240.0,276.0
2946,40.0,164.0,209.0,4.0,47.0,56.0,66.0,6.0,13.0,138.0,52.0,82.0,520.0
2843,45.0,776.0,878.0,10.3,247.0,234.0,181.0,26.4,54.5,724.0,160.0,411.0,1387.0
2331,39.6,114.0,131.0,13.3,40.0,36.3,45.1,1.56,11.0,73.2,29.0,73.8,288.0
2523,0.15,20.6,13.4,0.1,3.01,4.58,1.96,0.02,0.28,5.68,2.17,1380.0,18.5
6415,3.9,41.83,82.92,0.07,7.5,17.76,37.25,1.06,1.13,148.99,17.97,1282.14,188.47
739,26.19,143.0,254.0,2.81,37.3,54.8,121.0,3.72,7.65,351.0,56.0,279.0,543.0
6819,24.11,71.04,116.58,1.25,18.71,25.98,47.15,2.16,4.37,71.42,26.96,64.79,280.98
6791,304.0,944.0,664.0,15.0,599.0,202.0,88.0,377.0,352.0,2194.0,107.0,1101.0,686.0
4419,15.07,22.0,51.0,0.24,4.89,9.4,31.7,1.56,0.87,159.0,12.4,383.0,128.0
3970,12.7,153.0,257.0,1.78,35.8,51.9,106.0,2.9,6.49,248.0,50.5,351.0,537.0
7054,12.76,54.74,84.46,1.01,15.95,18.95,30.67,1.6,3.26,12.83,18.35,10.73,169.56
3154,18.8,32.8,77.2,0.35,4.33,13.8,68.1,0.57,0.44,424.0,25.6,1637.0,276.0
1681,27.1,101.5,137.5,1.9,38.9,32.5,44.0,9.55,11.67,292.0,27.2,211.0,278.0
28,45.15,69.13,160.29,0.55,13.32,31.22,72.08,0.51,1.45,324.0,38.63,503.0,368.7
2818,3.86,46.0,70.7,0.23,13.7,15.68,26.8,0.74,2.51,101.0,14.51,678.0,130.7
4141,10.58,76.2,133.1,0.44,16.7,29.6,52.4,0.64,2.17,82.0,27.7,164.0,251.0
344,41.68,241.62,418.34,4.97,53.89,91.67,296.05,4.52,10.78,125.16,109.97,238.34,1379.34
3093,26.2,67.0,112.8,0.35,13.9,25.4,47.6,1.03,2.06,221.0,30.0,393.0,249.0
3393,4.51,61.5,119.0,0.4,13.9,25.8,48.7,0.59,1.56,24.0,26.0,50.0,232.0
2251,8.2,164.0,305.0,0.23,68.0,59.5,85.4,37.0,6.7,268.6,49.0,271.2,444.0
4106,17.3,66.4,136.0,0.29,15.6,27.2,69.8,2.57,1.91,291.0,31.1,794.0,299.0
249,0.99,262.0,421.0,0.39,45.0,97.1,132.0,0.84,5.12,70.5,91.5,260.0,824.0
6613,72.3,122.0,205.0,2.05,35.9,45.2,81.7,18.4,9.85,291.0,44.9,226.0,429.0
3923,18.7,168.0,362.0,0.36,25.7,69.5,180.0,0.95,4.0,581.0,86.4,1452.0,801.0
788,58.0,121.0,253.0,0.88,24.3,51.5,128.0,1.28,3.16,667.0,59.9,829.0,599.0
2185,45.4,101.4,189.6,0.53,21.7,36.9,67.5,1.43,3.62,178.0,39.2,122.0,463.0
3995,27.5,97.2,238.0,1.15,23.9,45.4,140.0,1.32,3.63,504.0,60.6,549.0,680.0
6156,99.31,1160.0,2093.0,0.08,213.6,440.0,905.0,53.17,52.24,6114.0,488.0,24199.0,4730.0
6147,17.09,482.0,947.0,0.02,73.02,196.0,425.0,3.59,11.38,1813.0,223.0,10568.0,2137.0
4532,3.62,78.44,137.14,0.29,17.51,30.76,51.08,0.95,2.46,40.1,27.99,78.71,251.62
5662,3.17,116.8,195.4,0.71,15.67,46.08,61.87,0.69,1.33,31.09,47.71,153.7,445.4
4323,2.89,227.0,494.0,0.09,21.36,91.1,163.0,0.45,2.07,204.1,100.0,3771.0,1133.0
4783,18.3,52.8,105.3,0.2,11.17,21.03,48.6,0.87,1.96,129.52,26.6,488.59,287.4
979,18.7,86.3,185.0,1.45,16.6,37.1,97.2,0.62,2.41,90.2,44.0,382.0,463.0
4121,5.28,167.0,298.0,1.22,36.2,63.8,120.8,1.0,4.65,18.0,62.9,24.0,582.0
6333,0.63,4.68,10.02,0.12,0.65,1.9,5.73,0.02,0.1,19.67,2.41,262.3,23.26
2699,7.58,96.2,203.0,0.3,18.1,39.1,80.2,0.92,2.47,214.0,44.0,1347.0,398.0
2639,1.0,10.8,22.1,0.18,2.15,4.47,10.44,0.09,0.32,32.0,4.82,129.6,46.5
5122,5.2,35.3,72.9,0.55,6.72,14.2,47.0,0.48,2.75,27.3,19.2,94.4,195.0
6534,60.8,71.5,139.0,1.46,19.3,28.9,71.9,21.3,6.87,184.0,32.5,305.0,347.0
4069,12.2,107.6,169.0,1.15,30.1,39.5,65.4,2.58,4.98,290.0,33.2,674.0,320.0
5927,44.0,43.0,79.0,1.0,13.0,16.0,41.0,9.6,4.4,2.0,19.0,5.0,208.0
3361,4.43,125.5,259.0,0.22,22.8,49.3,118.7,0.92,2.92,51.0,58.2,250.0,546.0
3146,42.3,282.0,445.0,1.75,58.0,104.0,171.0,3.6,7.5,1018.0,105.0,1285.0,828.0
2178,20.7,62.9,110.3,1.2,15.5,21.8,42.4,1.58,2.99,117.0,23.4,113.0,291.0
6541,57.6,56.0,84.0,1.97,21.8,19.2,39.9,2.25,3.9,518.0,19.2,505.0,192.0
7047,83.57,253.51,342.0,1.44,75.78,84.11,104.65,12.66,17.18,204.07,74.77,131.61,656.67
2820,4.28,56.4,84.4,0.24,17.1,18.6,33.1,0.96,3.05,110.0,17.0,747.0,156.0
4329,2.51,204.0,425.0,0.12,20.56,79.4,140.0,0.27,2.33,162.9,87.1,3255.0,955.0
2557,1.65,109.0,115.0,0.52,17.1,31.6,23.8,0.25,1.93,14.0,20.8,990.0,178.0
5928,9.9,104.0,189.0,1.1,25.0,40.0,76.0,2.8,3.8,43.0,39.0,27.0,410.0
2546,2.46,131.0,123.0,0.86,23.8,36.3,22.7,0.38,2.32,24.7,21.2,1206.0,173.0
5980,4.0,190.0,281.0,0.4,44.0,67.0,90.0,3.4,7.3,288.0,56.0,506.0,527.0
2118,5.0,127.3,218.9,0.17,24.5,46.9,62.6,0.99,3.61,84.0,41.9,232.0,406.0
858,25.62,57.5,105.81,1.44,16.41,22.51,55.35,2.08,3.37,376.75,24.27,436.43,245.68
4490,3.29,25.29,44.55,0.04,5.74,9.64,21.1,0.14,1.01,43.38,9.87,194.36,97.4
1985,20.8,40.5,76.4,0.45,9.2,15.1,34.0,0.68,1.98,89.0,17.1,67.0,201.0
5647,6.68,157.2,387.0,0.52,19.4,71.49,208.7,0.51,1.6,69.31,104.7,1347.0,1107.0
5490,7.55,40.34,76.62,1.42,10.75,15.44,39.72,2.65,3.05,33.7,34.525000000000006,247.21,215.61
6717,2.2,4.97,5.18,0.17,1.52,1.47,1.55,0.07,0.46,16.8,1.0,43.7,7.84
2037,7.1,73.6,135.5,0.36,14.5,27.2,49.0,0.76,1.83,109.0,28.9,172.0,313.0
6853,56.01,73.15,129.51,1.41,20.68,27.38,57.9,7.48,5.16,185.18,29.64,191.16,281.21
6290,13.64,71.0,149.0,0.92,14.59,30.0,84.0,1.73,2.22,197.0,36.0,406.0,368.0
1070,52.74,37.8,98.87,14.48,7.19,11.54,44.49,4.43,4.02,133.1,15.64,243.16,399.77
4820,14.68,153.0,245.0,1.49,32.3,54.5,81.7,1.91,4.58,64.19,50.8,213.24,459.0
7194,68.0,191.0,191.0,2.0,88.0,51.0,35.0,19.0,33.0,1785.0,32.0,714.0,236.0
827,36.79,86.1,184.0,0.66,16.6,36.3,101.0,0.9,2.34,386.0,42.8,720.0,437.0
2529,1.35,28.8,16.7,0.44,10.2,6.08,2.67,0.23,1.29,19.5,2.58,1764.0,20.8
3530,11.01,81.9,125.0,1.3,30.0,29.8,46.7,2.98,6.75,47.0,25.9,102.0,229.0
5431,1.27,45.88,66.71,0.42,7.72,15.79,24.13,1.4,1.89,19.0,15.98,481.0,182.86
4094,4.72,38.2,90.7,0.24,5.94,15.8,54.3,0.26,1.18,58.0,22.9,173.0,232.0
5362,8.63,21.6,46.3,0.25,4.13,10.4,29.8,0.05,0.83,77.3,12.8,182.0,117.0
3984,10.73,85.0,142.0,0.25,14.9,29.7,67.7,0.58,1.86,166.0,35.9,466.0,331.0
4211,17.41,87.0,119.0,0.96,30.4,28.0,33.7,4.75,6.93,135.0,21.9,249.0,183.0
1383,69.9,173.0,251.0,3.19,56.0,57.1,89.4,8.53,12.6,617.0,49.4,838.0,606.0
3099,11.6,78.8,140.1,0.26,6.85,30.0,63.4,0.38,1.17,134.0,35.2,438.0,333.0
7095,2.46,75.0,105.0,0.13,16.0,26.0,34.0,0.79,2.68,80.0,21.0,440.0,181.0
5059,3.82,18.37,30.5,0.55,5.04,6.85,16.19,0.53,2.47,7.47,7.49,29.2,86.9
7067,44.87,421.31,623.08,4.12,119.85,144.39,193.2,13.36,20.54,694.12,129.54,307.34,1114.52
3674,5.1,77.5,153.2,0.31,14.9,31.9,71.8,0.43,2.09,114.0,35.8,298.0,345.0
2837,28.0,475.0,582.0,5.2,142.0,147.0,126.0,15.4,30.0,427.0,108.0,327.0,1002.0
4964,26.2,152.3,169.6,3.64,49.3,50.7,74.5,2.85,27.9,139.8,40.3,159.4,336.0
4552,11.16,7.6,5.01,1.12,5.67,1.6,1.53,1.24,2.14,66.53,0.81,34.68,7.25
2626,1.35,143.0,171.0,0.53,17.0,45.5,34.0,0.31,1.6,9.85,30.9,505.0,240.0
6499,3.84,50.43,95.95,0.52,12.6,20.37,51.75,0.97,2.36,51.26,23.26,303.98,245.93
3522,0.72,7.03,28.8,0.06,1.11,3.91,42.3,0.08,0.09,2.0,9.81,57.0,139.0
915,47.12,91.03,185.68,0.81,18.93,37.47,95.27,1.28,3.25,493.82,43.89,847.89,435.49
1997,11.7,55.3,96.7,0.27,10.8,20.0,35.8,0.88,2.16,100.0,20.8,105.0,230.0
2327,30.3,183.0,329.0,1.31,49.0,60.0,88.9,5.4,20.0,142.2,49.6,263.0,506.0
857,162.65,164.44,269.5,5.44,50.69,59.68,120.97,10.75,11.95,5251.39,58.76,3078.55,562.66
1412,7.8,95.3,189.6,0.34,17.8,37.2,75.2,1.18,2.4,77.0,38.9,121.0,429.0
3149,13.14,231.3,414.0,1.82,35.3,86.0,156.5,1.42,2.5,1342.0,102.5,1384.0,831.0
909,44.27,78.0,169.28,0.55,15.67,33.32,89.57,1.27,2.54,406.22,39.81,770.42,404.61
5437,18.4,22.7,33.1,0.68,7.01,7.61,13.5,1.24,1.83,16.2,34.525000000000006,21.0,75.6
3553,13.3,84.0,160.0,0.98,18.0,34.1,82.8,1.88,3.95,123.0,38.7,194.0,366.0
3445,5.68,45.6,110.1,0.77,8.54,21.9,71.2,0.51,1.28,26.0,25.4,100.0,286.0
6669,101.0,117.0,226.0,1.82,27.6,46.0,102.0,2.52,5.25,360.0,51.2,380.0,502.0
3494,7.69,23.4,42.7,0.18,5.57,8.59,22.5,0.36,0.89,77.0,10.28,422.0,109.5
7096,7.44,88.0,129.0,0.23,21.0,31.0,43.0,1.51,4.02,163.0,26.0,447.0,226.0
5777,270.0,241.0,393.0,2.64,74.1,92.3,145.0,216.0,44.3,292.47,83.0,497.48,626.0
1951,7.5,100.0,218.3,0.65,17.5,41.3,87.9,1.08,2.8,143.0,45.7,224.0,505.0
5838,8.14,195.0,289.0,0.35,47.1,71.4,95.5,8.99,11.0,183.18,60.2,290.2,438.0
1660,10.0,41.1,70.1,0.15,11.0,14.5,25.0,0.9,1.91,110.0,14.7,123.0,155.0
1035,156.19,79.93,116.08,62.6,31.51,23.77,26.58,78.52,39.7,96.18,19.21,80.4,254.59
953,7.58,74.87,117.8,0.35,19.08,26.13,40.89,1.67,3.76,49.97,23.44,172.29,209.75
5593,13.6,55.0,104.0,0.22,11.7,20.0,43.0,0.7,2.0,231.0,22.0,528.0,254.0
3270,5.76,79.0,156.0,0.36,14.5,29.9,69.7,0.68,1.93,229.0,34.6,528.0,335.0
1281,180.18,246.22,525.07,3.62,59.69,85.15,212.12,76.5,21.46,502.1,95.1,360.63,1571.49
189,46.7,142.0,198.0,1.8,48.2,48.9,64.1,34.9,15.9,164.0,38.9,360.0,340.0
6703,20.4,123.0,182.0,1.71,39.1,44.0,60.5,9.66,10.6,332.0,35.8,303.0,319.0
5114,4.59,32.3,63.9,0.52,6.49,12.82,41.2,0.44,2.69,16.8,17.5,63.8,179.0
6738,13.8,58.23,105.21,1.07,17.17,20.75,38.99,1.03,2.24,28.92,23.21,52.49,214.22
2658,7.4,18.7,37.5,0.73,5.14,7.33,19.0,0.99,1.55,49.0,7.97,73.7,81.1
3959,10.61,39.6,71.0,0.39,7.2,15.6,48.8,0.47,1.17,82.0,19.2,276.0,229.0
6465,1.19,14.92,7.3,0.18,11.73,2.92,1.01,0.95,3.68,79.09,1.0,474.4,6.87
6431,7.31,86.12,152.66,0.29,19.42,33.22,56.32,0.76,2.64,364.28,31.82,1120.03,307.24
6527,4.79,81.7,60.6,0.47,37.1,20.8,9.68,3.26,8.14,139.0,9.63,155.0,70.5
2117,41.9,128.8,251.8,0.61,30.7,50.6,92.1,2.23,5.56,399.0,52.4,231.0,544.0
6893,40.16,97.39,149.13,2.62,29.14,34.34,53.55,4.8,6.17,79.86,31.78,39.3,290.97
4047,10.4,122.0,180.0,1.25,31.2,43.0,65.4,2.61,5.5,203.0,33.5,379.0,314.0
3628,2.54,70.6,130.0,0.07,14.5,26.6,52.2,0.56,1.77,74.0,26.61,290.0,266.0
2839,36.0,586.0,717.0,6.1,173.0,181.0,157.0,18.0,36.9,527.0,131.0,350.0,1152.0
1504,15.0,122.2,188.5,0.96,30.4,42.6,61.5,3.12,6.44,179.0,38.9,151.0,400.0
6942,90.99,140.84,219.77,1.93,37.44,52.31,75.53,4.72,7.72,194.62,44.24,132.79,422.78
3300,22.7,100.0,185.0,0.56,23.8,40.2,78.8,1.28,3.25,116.0,38.3,234.0,382.0
6221,15.91,253.0,424.0,0.21,54.34,94.0,147.0,3.71,8.79,913.0,85.0,2229.0,748.0
1351,22.2,64.6,76.8,2.57,25.2,19.8,25.6,4.9,7.1,65.1,15.0,59.2,125.0
6608,92.8,178.0,253.0,6.02,60.0,59.8,87.2,12.7,14.9,460.0,52.3,448.0,482.0
6899,46.32,93.84,167.7,1.54,21.36,36.75,65.19,1.94,3.86,171.82,34.92,137.02,350.29
7049,33.54,76.6,115.03,0.74,23.33,26.83,40.06,3.32,5.81,24.97,24.81,14.41,228.78
3682,7.7,100.0,181.0,0.37,17.9,38.3,76.4,1.09,2.5,156.0,39.8,337.0,391.0
6394,3.85,125.64,241.42,0.98,25.47,52.37,109.91,1.53,4.64,33.28,53.9,564.57,562.65
65,18.28,46.34,119.13,0.31,8.77,21.07,59.15,0.23,0.68,103.0,29.39,242.0,284.14
4268,9.43,69.0,155.0,0.39,14.8,28.5,73.3,0.39,2.09,112.0,34.2,324.0,316.0
7029,17.87,118.38,168.55,2.59,36.48,40.01,52.89,4.88,8.46,48.92,35.72,35.99,337.96
3019,2.6,14.3,36.8,0.08,3.07,6.32,29.5,0.24,0.93,43.0,8.94,280.0,116.1
6642,2.22,12.8,15.7,0.15,4.09,4.02,4.59,0.57,0.96,62.5,2.89,101.0,26.1
3164,7.14,81.5,139.8,0.3,14.3,29.65,64.5,0.64,2.09,41.0,31.8,126.0,324.0
2477,1.36,32.9,12.7,0.35,5.86,5.72,1.36,1.56,0.35,9.38,1.53,719.0,11.2
1809,8.3,98.8,140.4,0.86,34.3,32.5,46.7,8.52,10.86,490.0,29.1,715.0,300.0
4780,5.04,104.1,160.0,0.35,24.9,35.9,48.3,3.67,6.07,92.05,33.77,458.0,332.4
4838,16.95,84.3,133.7,0.34,19.9,30.23,40.8,1.92,3.87,23.1,28.97,77.94,269.5
1571,11.6,47.1,85.1,0.16,9.8,16.4,33.7,0.77,2.02,94.0,17.6,112.0,205.0
4920,32.19,374.5,639.25,0.6,67.0,138.18,360.07,9.35,14.25,1370.0,168.17,7750.0,1790.0
5082,12.66,101.3,153.1,1.56,28.5,35.2,54.2,3.46,15.74,58.7,34.6,88.9,282.3
5501,21.62,7.86,48.47,0.37,1.19,22.64,84.2,3.51,1.02,340.45,39.17,978.82,60.07
1257,9.07,44.99,74.02,0.49,10.69,11.93,21.19,1.6,2.21,68.5,10.98,82.02,180.44
6734,11.04,44.47,90.77,0.74,13.3,18.58,39.11,0.59,1.29,21.5,19.93,60.3,211.77
5958,23.0,80.0,146.0,0.2,18.0,31.0,56.0,1.2,1.9,337.0,31.0,392.0,325.0
3336,47.8,69.0,117.0,0.94,18.5,25.8,50.1,1.44,3.16,37.0,26.1,65.0,239.0
1593,19.5,135.6,255.1,0.8,26.9,51.8,88.6,1.0,4.31,174.0,49.5,169.0,562.0
5224,17.28,139.1,293.0,1.61,23.66,60.1,165.8,1.23,7.23,173.1,75.2,362.0,684.0
2449,2.74,97.8,97.0,0.79,19.4,27.7,19.4,0.33,1.92,24.3,17.2,889.0,134.0
4185,1.73,214.0,433.0,0.0,32.2,85.5,161.7,1.04,3.81,103.0,92.6,743.0,813.0
5318,5.01,8.25,19.05,0.46,2.31,3.52,14.91,1.56,0.78,51.05,4.57,674.16,56.74
2979,4.86,67.4,112.0,0.48,13.5,27.0,54.3,0.65,2.57,47.0,23.5,109.0,254.0
7078,22.0,105.0,130.0,0.71,38.0,34.0,39.0,29.0,19.0,373.0,25.0,821.0,207.0
319,8.88,71.35,125.02,1.75,18.34,27.04,90.51,1.84,4.03,21.12,32.94,54.45,399.24
6243,18.28,233.0,376.0,0.28,58.88,88.0,135.0,6.27,10.85,661.0,76.0,1131.0,679.0
3925,4.22,18.5,36.4,0.29,4.5,7.15,18.2,0.38,0.94,8.0,7.32,36.0,84.9
5306,7.92,89.1,172.72,0.35,15.75,38.13,78.93,0.34,2.28,129.89,44.94,1280.37,410.91
4222,44.5,38.0,78.0,0.5,10.4,15.9,45.8,1.01,2.2,380.0,19.3,470.0,202.0
6718,49.5,160.0,271.0,1.87,39.9,62.2,92.7,5.83,8.25,37.8,55.1,41.2,495.0
1113,7.17,94.59,212.98,0.35,13.2,29.81,81.87,0.66,1.87,168.83,37.19,789.74,667.1
1581,17.4,58.0,100.7,0.34,14.8,21.0,35.3,1.44,2.67,127.0,19.4,147.0,220.0
5760,23.3,31.6,57.6,0.82,7.46,13.6,32.3,2.57,2.21,41.4,16.2,332.0,132.0
5714,66.0,557.0,822.0,0.29,111.0,197.0,235.0,26.0,26.0,3988.0,179.0,4914.0,1541.0
1484,29.2,57.4,106.7,0.35,11.3,22.1,39.5,0.83,2.06,148.0,22.1,118.0,241.0
4914,11.36,253.4,520.68,0.5,37.11,100.43,279.91,6.55,6.99,450.34,132.5,4809.81,1370.0
1288,22.87,182.13,420.95,1.72,37.66,65.22,186.25,3.12,6.5,385.3,78.25,309.78,1334.59
5550,19.4,372.0,777.0,0.17,50.0,146.0,318.0,3.8,7.5,1088.0,173.0,9370.0,1937.0
726,17.78,34.3,78.0,0.38,6.51,14.7,50.6,0.39,0.96,182.0,19.3,399.0,208.0
4570,5.78,32.85,65.4,0.3,5.78,13.63,27.19,0.36,1.08,31.5,14.2,43.22,130.84
2329,24.8,196.0,335.0,2.3,71.0,55.7,106.7,44.0,13.4,134.8,55.3,250.0,507.0
5591,10.1,126.0,205.0,0.41,25.3,44.0,71.0,1.5,5.1,207.0,41.0,368.0,438.0
137,9.36,60.1,98.5,0.74,17.7,22.2,32.5,2.48,4.38,32.9,19.3,55.3,171.0
1153,7.91,176.51,345.92,0.43,31.91,73.52,142.3,2.67,4.73,69.69,75.66,292.09,707.72
3395,4.84,104.0,227.0,0.95,20.2,44.1,131.5,1.52,3.18,30.0,55.7,66.0,545.0
3535,10.2,40.0,81.0,0.83,10.0,16.2,50.0,0.72,1.61,45.0,19.5,126.0,201.0
6747,14.61,260.56,515.5,2.01,72.41,101.62,235.71,2.57,7.08,54.13,119.41,160.31,1163.68
3471,19.6,92.5,173.2,0.09,19.9,37.8,73.0,1.28,3.53,81.0,38.2,247.0,355.0
2258,4.7,78.0,100.0,0.59,20.5,22.7,37.7,1.56,3.63,53.0,20.2,154.8,208.0
1834,39.8,173.8,315.0,2.63,38.6,65.5,112.4,2.71,6.09,120.0,66.8,114.0,713.0
2268,7.1,308.0,697.0,0.5,55.0,121.0,311.0,4.8,8.0,40.7,161.0,293.0,1570.0
5227,4.3,31.6,67.0,0.37,5.55,13.18,42.8,0.4,1.99,11.71,17.69,36.5,197.0
4386,35.6,423.0,646.0,1.23,113.7,149.9,154.2,15.3,25.5,471.0,115.3,411.0,935.0
2498,1.94,163.0,265.0,0.58,22.3,54.9,92.9,0.46,1.69,45.3,56.7,632.0,592.0
2856,48.0,581.0,686.0,7.4,181.0,181.0,153.0,24.9,40.5,569.0,123.0,390.0,1043.0
1829,13.9,60.3,119.0,0.17,12.7,23.4,45.9,0.8,2.07,113.0,26.8,93.0,303.0
1967,24.5,61.2,118.0,0.28,12.1,23.7,47.1,0.94,2.05,244.0,25.1,341.0,275.0
1725,32.5,39.9,52.5,0.73,14.5,12.4,15.3,1.49,3.49,236.0,9.8,96.0,99.0
2215,11.4,105.0,178.8,1.4,29.0,36.5,64.0,3.22,6.64,80.0,36.8,211.0,428.0
6322,0.19,0.24,1.44,0.03,19.9,0.17,1.76,0.05,0.02,0.03,0.27,3.22,5.51
2903,45.0,193.0,261.0,4.0,48.0,66.0,85.0,11.0,13.0,194.0,65.0,125.0,725.0
2901,95.0,208.0,482.0,2.0,43.0,95.0,324.0,12.0,9.0,1802.0,133.0,1163.0,1840.0
6595,11.3,78.1,123.0,0.38,22.8,28.8,42.7,1.89,4.15,110.0,24.9,135.0,228.0
5273,8.05,80.5,169.0,0.71,16.5,38.2,62.5,1.33,6.52,26.2,37.2,72.2,309.0
5726,6.3,9.0,15.0,0.24,2.5,3.2,8.0,0.6,0.8,26.0,3.8,192.0,41.0
3757,26.3,149.2,271.0,1.71,40.0,56.0,107.9,2.74,4.35,184.0,56.6,142.0,554.0
3634,7.91,77.9,171.7,0.31,13.53,35.1,88.7,0.61,1.79,142.0,37.9,432.0,403.0
315,17.35,105.01,214.09,1.6,18.7,43.32,172.09,1.32,2.98,36.45,58.95,113.01,737.81
1802,0.7,175.5,284.2,0.04,30.5,62.3,90.5,0.79,3.45,90.0,55.9,512.0,573.0
1668,3.3,212.7,347.6,2.31,48.0,76.9,106.3,4.24,7.39,113.0,69.1,142.0,686.0
2464,1.44,136.0,223.0,0.49,15.8,49.4,64.9,0.26,1.69,16.7,44.4,761.0,408.0
3441,12.9,511.0,648.0,11.0,160.0,165.0,194.0,24.4,38.0,109.0,125.5,88.0,1005.0
1343,72.16,494.68,1008.24,6.28,115.72,165.03,379.81,23.12,21.62,1059.8,179.58,698.4,2904.11
4591,7.66,31.12,21.44,0.59,18.78,7.08,4.49,1.53,3.6,46.47,3.27,524.11,23.35
802,30.15,56.8,120.0,0.65,12.3,23.7,70.6,1.43,2.33,389.0,28.9,490.0,302.0
4703,6.55,46.4,85.3,0.59,10.68,17.46,31.73,1.14,2.3,59.03,19.16,98.55,200.0
2796,24.0,50.1,98.8,0.98,12.6,19.9,45.7,1.26,2.54,256.0,21.8,462.0,213.0
1071,345.95,56.11,101.94,127.64,26.78,30.34,64.84,144.82,38.49,294.78,37.49,267.57,282.18
2638,1.23,19.3,35.4,0.27,4.46,7.48,14.28,0.14,0.37,40.0,7.46,118.6,67.6
184,19.1,61.4,102.0,0.25,16.5,23.3,40.6,5.67,4.56,87.5,21.6,320.0,202.0
2553,1.78,118.0,114.0,0.82,20.1,32.9,22.2,0.46,1.93,18.4,19.8,1197.0,165.0
3090,27.6,119.0,179.3,2.26,26.4,41.2,76.7,2.57,5.35,307.0,44.2,372.0,391.0
4366,13.55,51.0,90.0,0.44,13.6,18.0,35.2,0.92,2.26,31.0,18.6,37.0,162.0
4143,6.2,74.0,175.0,0.44,12.5,32.6,119.0,0.34,1.26,85.0,43.9,172.0,470.0
5286,15.24,118.8,241.7,2.24,25.83,49.5,129.3,1.28,10.11,46.8,61.8,101.1,437.0
1547,6.0,215.0,366.6,0.29,47.8,79.8,110.9,3.7,7.72,370.0,73.0,477.0,706.0
3719,13.1,216.0,364.0,0.94,42.1,81.8,129.8,2.48,7.4,389.0,74.6,586.0,695.0
2104,39.0,95.5,184.1,0.4,17.1,35.0,77.8,1.49,3.02,158.0,38.3,123.0,419.0
3737,8.77,51.3,83.6,0.72,14.9,17.1,30.4,1.17,2.23,37.0,16.3,83.0,162.2
6230,5.53,152.0,262.0,0.21,33.52,59.0,98.0,2.85,5.36,412.0,55.0,646.0,478.0
1031,201.58,230.3,349.49,67.91,113.24,122.34,154.17,90.12,108.94,234.68,117.4,219.15,707.27
3711,9.8,81.5,153.7,0.23,11.4,31.7,72.7,0.76,2.71,222.0,35.2,557.0,367.0
5055,2.68,9.49,14.84,0.31,2.81,3.41,7.69,0.28,1.33,4.52,3.55,18.63,54.4
1438,15.0,100.1,171.0,0.17,24.3,37.2,55.4,1.35,3.88,252.0,34.0,277.0,326.0
4750,5.85,61.9,109.0,0.16,12.93,24.0,37.4,0.71,2.22,36.62,24.92,126.41,250.0
5912,28.0,187.0,323.0,0.7,68.0,80.0,158.0,9.2,14.0,1102.0,96.0,1111.0,904.0
1157,2.72,72.28,125.87,0.45,20.63,28.52,47.78,2.23,3.97,37.81,26.06,44.12,237.41
1359,33.2,124.0,188.0,1.53,32.1,42.4,84.2,7.44,9.38,470.0,42.6,1185.0,402.0
4062,11.81,57.2,131.5,0.32,10.5,23.8,73.8,0.75,1.49,251.0,29.9,586.0,309.0
5780,330.0,306.0,461.0,14.5,72.3,114.0,152.0,174.0,37.1,229.95,93.2,341.56,842.0
3720,10.4,203.0,331.0,1.16,42.4,76.3,127.1,1.67,6.9,324.0,71.0,591.0,638.0
5757,13.7,22.9,30.3,0.64,6.85,8.33,14.7,0.6,1.27,18.5,7.61,368.0,59.7
6132,73.56,1113.0,1780.0,0.05,232.5,381.0,738.0,57.16,67.69,27303.0,406.0,20453.0,3860.0
2811,27.6,294.0,544.0,1.08,44.3,114.1,181.0,0.69,4.37,505.0,115.7,1750.0,974.0
870,25.44,63.09,118.67,0.59,15.62,24.82,54.83,1.13,2.85,266.67,26.02,386.47,254.2
264,79.1,186.0,381.0,1.56,39.0,77.4,199.0,14.9,7.52,525.0,90.4,417.0,904.0
5110,21.0,58.0,124.3,0.37,10.28,24.1,67.0,0.92,3.9,338.0,32.2,921.0,295.0
3987,9.33,49.4,89.5,0.32,7.8,18.94,60.4,0.48,1.42,186.0,21.2,482.0,254.0
1972,23.0,81.9,172.8,0.19,16.1,32.8,76.2,1.45,2.98,318.0,36.8,439.0,411.0
6449,1.11,10.77,4.73,0.14,8.56,2.14,0.62,0.97,2.43,50.3,0.58,541.72,3.42
1803,6.4,56.1,89.1,0.37,16.0,19.2,31.9,2.87,4.03,402.0,18.6,516.0,194.0
90,16.4,53.6,101.0,0.25,12.2,20.8,39.6,1.88,2.16,90.2,21.6,87.0,207.0
2205,14.5,99.6,159.0,0.5,25.7,33.1,49.6,2.78,5.31,152.0,32.0,144.0,359.0
5575,23.2,179.0,335.0,0.46,38.6,66.0,132.0,4.0,7.7,1263.0,72.0,2243.0,799.0
3284,31.4,419.0,750.0,0.79,92.0,165.0,258.0,4.78,13.96,384.0,144.0,676.0,1237.0
6233,18.79,139.0,182.0,3.44,49.83,45.0,65.0,7.55,11.42,266.0,36.0,278.0,310.0
4166,11.98,186.9,357.0,0.78,41.7,75.6,138.9,1.84,7.2,424.0,74.4,719.0,688.0
4235,5.34,82.0,163.0,0.11,14.2,30.9,60.4,0.33,2.06,79.0,33.5,219.0,306.0
5249,9.06,47.9,82.8,0.54,10.69,17.6,34.97,0.64,4.27,17.24,19.07,47.9,178.5
4282,10.06,23.0,51.0,0.26,4.7,9.5,25.0,0.25,0.59,135.0,11.7,274.0,111.0
2002,8.6,49.4,92.4,0.19,10.8,19.3,33.8,0.79,1.9,91.0,19.7,116.0,215.0
3223,3.73,27.6,21.7,0.29,13.5,5.41,3.8,1.01,3.18,120.0,3.02,666.0,20.5
1804,26.3,95.8,198.2,0.7,17.5,38.4,81.2,0.6,2.58,372.0,42.4,532.0,477.0
2365,7.2,167.0,299.0,3.8,81.0,63.8,74.0,42.0,20.3,39.7,49.4,66.5,434.0
5463,33.45,43.03,63.28,2.59,17.61,14.33,27.24,10.44,6.63,116.92,34.525000000000006,199.88,151.75
4702,13.1,59.2,86.7,0.76,15.5,19.5,27.7,2.6,3.68,53.18,19.5,98.13,198.0
6743,88.84,137.58,264.61,2.32,34.92,55.0,110.22,1.82,4.18,60.41,58.92,108.14,566.5
888,52.81,70.06,141.62,0.65,15.67,28.59,77.58,1.84,2.77,798.85,33.15,1178.12,340.52
1846,26.3,67.8,127.0,0.41,13.6,26.1,54.3,0.94,2.14,153.0,29.3,147.0,334.0
51,34.51,145.95,250.25,3.34,38.57,54.85,111.52,3.33,6.59,289.0,58.5,323.0,541.52
6800,29.05,109.99,185.07,1.55,27.01,39.94,70.38,2.73,4.98,95.77,42.66,88.16,424.54
2786,5.17,79.2,136.4,0.36,17.8,28.3,51.2,0.82,3.08,101.0,27.9,881.0,263.0
2888,79.0,692.0,1138.0,0.8,155.0,243.0,270.0,30.9,38.0,2553.0,223.0,2620.0,2091.0
3759,9.5,53.2,107.0,0.29,14.4,20.0,37.1,0.63,1.08,50.0,20.1,145.0,209.0
6701,22.2,35.7,55.9,0.68,12.0,12.8,23.0,1.25,2.27,68.9,12.2,62.1,114.0
272,6.71,62.9,93.5,0.85,17.4,21.3,38.3,4.77,3.46,166.0,20.0,532.0,204.0
4508,37.68,118.0,188.25,3.34,36.23,42.48,77.22,5.2,8.75,327.11,40.07,342.22,372.04
7201,169.0,751.0,529.0,7.0,405.0,167.0,71.0,113.0,155.0,2504.0,82.0,1104.0,526.0
2952,73.0,128.0,211.0,1.0,30.0,48.0,68.0,21.0,9.0,191.0,50.0,160.0,516.0
2203,19.8,100.1,180.9,0.4,20.4,36.0,60.7,1.3,3.24,75.0,36.4,144.0,422.0
7118,3.66,31.0,64.0,0.06,4.82,13.0,29.0,0.25,0.65,31.0,15.0,176.0,141.0
5735,292.0,233.0,430.0,4.38,53.7,101.0,216.0,2.97,9.05,1284.0,116.0,973.0,916.0
1354,11.7,51.4,60.6,0.74,16.7,15.6,18.8,1.72,3.99,87.9,11.0,140.0,93.0
6017,11.0,160.0,220.0,0.4,48.0,53.0,62.0,6.0,11.0,444.0,42.0,332.0,386.0
4507,68.75,155.49,244.68,4.6,47.13,55.88,97.59,6.89,10.93,561.27,51.95,615.44,480.39
6419,5.75,59.3,115.11,0.13,13.25,23.33,47.25,1.12,2.91,562.85,24.79,1469.4,238.87
3207,18.9,87.0,167.0,0.56,16.1,36.0,84.3,0.6,1.88,169.0,36.8,413.0,397.0
3792,81.8,140.6,277.0,2.5,37.1,56.4,109.1,2.99,5.1,311.0,56.9,263.0,563.0
6273,48.36,260.0,390.0,4.83,81.73,95.0,146.0,14.98,17.46,707.0,80.0,416.0,724.0
1397,15.2,50.5,106.7,0.28,10.2,19.2,42.6,0.71,1.67,77.0,21.6,83.0,242.0
6330,12.08,54.05,111.49,0.29,10.22,22.76,52.6,0.48,1.76,280.62,29.86,3435.53,260.3
5219,7.77,67.6,161.4,0.7,10.9,27.9,104.6,0.65,3.84,22.98,43.2,68.1,406.0
4008,40.1,100.6,162.0,0.8,20.0,34.2,92.0,1.21,3.26,322.0,41.7,627.0,442.0
4035,3.37,18.8,46.3,0.34,4.1,8.35,33.8,0.31,0.77,54.0,11.4,129.0,129.9
4633,33.5,58.2,95.2,0.94,15.29,20.67,38.5,3.08,4.29,43.03,22.14,107.59,228.8
6260,12.13,81.0,173.0,0.68,20.16,35.0,80.0,11.76,5.62,185.0,39.0,899.0,373.0
2803,23.8,28.9,57.2,0.37,6.96,11.0,33.6,1.1,1.33,272.0,13.5,627.0,146.0
5128,9.18,71.1,149.1,1.02,12.73,30.1,84.3,0.98,5.24,49.9,38.2,143.3,343.0
87,6.4,31.8,54.6,0.74,8.26,11.8,19.8,1.14,1.89,91.7,10.8,71.2,103.0
3386,16.6,57.4,129.7,0.1,9.61,24.9,78.2,0.27,0.96,40.0,31.3,595.0,316.0
4511,23.53,75.92,132.98,1.82,18.38,29.3,57.2,3.06,4.17,191.69,29.11,330.92,281.62
6826,108.66,157.31,273.49,2.15,42.46,60.54,113.75,3.65,7.44,395.81,62.33,366.26,556.27
4777,13.47,59.5,111.0,0.17,11.96,22.65,45.4,0.91,2.25,55.0,27.3,409.07,285.3
6961,25.97,76.28,123.21,2.88,25.43,29.19,52.38,4.81,5.51,45.98,25.54,31.12,241.02
3974,12.24,40.8,77.0,0.21,7.26,17.5,34.9,0.47,1.23,146.0,15.7,379.0,164.0
5126,6.81,50.1,104.9,0.76,9.74,20.7,64.8,0.73,4.2,35.0,27.9,113.9,268.0
826,32.49,72.5,154.0,0.81,15.4,30.5,86.2,0.95,2.33,403.0,36.0,470.0,372.0
1711,39.2,406.0,671.2,0.41,95.8,149.9,197.7,9.07,16.37,1156.0,128.8,842.0,1285.0
6427,4.87,66.84,124.39,0.16,14.18,28.32,51.26,0.45,3.69,182.28,27.3,1047.89,270.04
2304,20.6,102.0,190.0,2.1,34.0,37.6,60.1,3.4,15.4,62.4,35.6,133.3,313.0
1854,5.0,203.9,329.9,0.66,50.6,73.1,96.8,7.03,11.15,169.0,65.5,157.0,660.0
4561,8.65,5.22,4.51,0.53,3.37,1.39,1.49,1.05,1.11,44.96,0.83,21.13,7.08
5017,8.33,26.15,49.1,0.29,5.91,10.04,22.32,0.49,2.61,35.3,12.21,79.5,117.9
3755,32.2,113.6,186.5,2.77,34.0,39.8,65.5,5.64,5.67,111.0,35.4,136.0,349.0
6134,40.02,912.0,1639.0,0.01,143.5,352.0,698.0,9.83,20.29,3300.0,388.0,17127.0,3619.0
2396,31.01,79.92,157.0,1.32,18.6,32.63,81.59,1.01,2.69,470.0,39.49,647.0,436.0
2937,56.0,153.0,274.0,2.0,33.0,60.0,103.0,12.0,9.0,247.0,62.0,186.0,596.0
4829,25.3,180.0,173.0,5.01,41.4,48.8,55.6,6.51,8.48,68.78,34.7,586.96,345.0
2198,21.0,80.3,150.1,0.86,17.5,29.5,57.1,1.5,3.44,145.0,32.1,135.0,385.0
4616,2.36,13.0,26.6,0.13,2.26,5.12,12.05,0.12,0.31,2.82,6.41,8.02,69.5
3039,19.4,114.7,223.0,0.58,20.6,44.4,102.0,1.27,3.08,479.0,48.1,689.0,485.0
5847,3.5,149.0,293.0,2.86,27.6,60.9,220.0,0.51,3.03,58.0,75.6,315.0,897.0
2963,73.0,85.0,280.0,1.0,14.0,44.0,272.0,5.0,5.0,1368.0,96.0,1461.0,1357.0
6074,19.0,218.0,285.0,3.7,47.0,67.0,88.0,3.7,9.1,486.0,54.0,984.0,556.0
1239,17.09,76.09,163.92,0.2,12.33,23.74,52.76,4.82,2.6,128.32,26.21,228.62,436.92
6776,26.42,50.24,83.18,1.37,16.86,17.67,34.7,3.79,3.68,20.21,17.32,26.95,171.09
4610,26.87,30.13,23.47,2.47,23.74,7.47,5.04,7.13,9.75,96.62,3.62,59.8,27.03
3071,25.6,67.6,132.5,0.57,14.2,27.9,57.5,0.7,1.93,115.0,33.9,240.0,294.0
4660,25.5,420.0,561.0,0.53,110.5,137.0,140.0,16.51,29.5,107.93,112.0,257.11,994.0
36,27.04,68.54,165.33,0.4,13.52,31.6,85.21,1.03,1.49,148.0,42.28,349.0,391.79
2442,2.17,73.1,71.2,0.6,14.0,20.1,14.4,0.2,1.2,19.6,12.7,810.0,104.0
4879,8.25,107.8,183.4,0.28,25.6,39.5,56.5,1.38,3.97,91.85,39.0,194.01,375.0
2373,5.3,241.0,281.0,1.5,71.0,84.2,107.0,1.56,10.3,104.2,66.8,192.0,598.0
7115,7.97,79.0,144.0,0.19,15.0,32.0,58.0,0.7,2.45,115.0,32.0,479.0,292.0
5511,293.8,108.0,163.0,1.61,51.3,36.0,58.0,168.5,39.2,318.0,33.0,602.0,359.0
884,49.24,84.91,165.4,0.77,18.94,34.86,78.32,3.28,3.71,539.78,36.92,806.12,363.2
2446,2.39,81.5,81.4,0.61,16.8,23.1,17.0,0.24,1.95,21.4,14.6,832.0,117.0
1880,6.7,148.7,216.0,1.04,41.4,49.6,61.4,3.57,7.49,472.0,41.0,564.0,413.0
2416,2.52,115.0,118.0,0.79,21.2,32.2,23.0,0.53,1.56,20.8,19.5,1278.0,163.0
3882,5.74,75.5,140.0,0.35,16.7,29.1,53.5,0.45,1.79,107.0,31.0,237.0,284.0
297,27.6,160.03,302.7,2.3,28.79,66.67,215.41,1.78,4.05,70.01,79.27,154.49,996.35
5165,3.66,14.09,22.0,0.51,4.35,4.98,11.84,0.64,2.82,7.74,5.28,29.6,69.7
2269,3.3,65.0,174.0,0.59,12.3,29.1,62.2,3.1,3.63,40.6,35.9,315.0,336.0
4882,18.37,164.4,297.9,0.92,32.0,62.2,101.5,1.45,5.03,68.46,67.8,215.28,678.0
3487,2.29,73.0,132.0,0.07,15.6,29.9,55.6,0.74,2.07,122.0,28.6,358.0,271.0
3932,16.4,110.6,142.6,1.11,27.8,37.2,56.7,3.59,7.36,71.0,31.3,102.0,274.0
2119,0.1,10.2,73.6,0.01,19.9,7.8,91.2,0.08,0.07,1.0,25.5,234.0,377.0
4823,3.91,194.0,341.0,1.97,38.6,72.1,126.9,2.51,5.79,47.63,75.9,307.99,741.0
3845,5.22,371.0,622.0,1.92,67.6,134.0,228.0,2.7,8.8,60.0,133.5,90.0,1211.0
6372,23.15,93.12,159.64,5.9,18.3,41.18,75.58,4.78,7.55,106.86,34.18,604.82,406.43
1790,6.4,114.0,146.7,0.16,31.6,35.2,37.4,1.84,5.85,210.0,26.8,303.0,252.0
1444,19.1,99.6,200.1,0.17,18.0,39.8,76.4,0.84,2.73,222.0,40.3,333.0,449.0
2656,29.1,321.0,559.0,3.91,65.3,118.0,200.0,7.8,11.5,2230.0,115.5,4870.0,1017.0
7130,9.1,148.0,258.0,0.37,30.0,58.0,96.0,1.23,4.69,155.0,55.0,568.0,500.0
1855,40.2,111.8,224.3,1.08,21.5,44.3,94.8,1.34,3.84,195.0,51.8,157.0,597.0
4578,22.41,11.21,6.23,1.14,9.82,2.39,1.01,3.51,3.33,36.7,0.96,52.08,6.69
5220,7.85,63.9,150.4,0.58,9.82,26.4,93.7,0.55,3.19,23.79,41.1,70.0,373.0
4173,38.2,68.0,132.0,0.72,16.3,26.0,54.7,1.35,2.53,58.0,27.5,39.0,262.0
6196,54.78,832.0,1401.0,0.13,175.7,314.0,484.0,6.63,25.73,5272.0,286.0,10661.0,2454.0
6444,5.05,58.38,117.87,0.21,10.96,23.78,48.75,0.54,1.18,187.9,25.31,757.83,249.48
5746,30.4,76.6,127.0,0.17,20.8,30.9,63.0,1.67,3.98,254.0,33.3,363.0,269.0
5623,33.5,110.0,208.0,0.37,21.0,42.0,90.0,2.6,3.7,580.0,47.0,1366.0,519.0
248,0.8,202.0,345.0,0.16,36.5,79.0,113.0,1.33,2.56,55.8,71.8,260.0,621.0
3060,14.6,69.3,115.2,1.03,16.4,25.5,45.9,1.65,3.06,81.0,27.9,193.0,239.0
1420,28.2,92.3,185.8,0.34,16.7,36.4,76.1,1.16,2.18,204.0,39.4,209.0,433.0
2254,7.4,146.0,204.0,0.59,33.0,55.6,71.6,1.56,4.4,197.6,43.2,445.0,419.0
6274,19.13,105.0,171.0,1.78,33.2,40.0,70.0,4.22,7.3,225.0,36.0,186.0,337.0
4055,7.07,109.4,198.0,0.52,24.1,42.4,82.3,1.17,2.92,219.0,43.6,490.0,384.0
1718,22.7,134.6,222.9,2.39,37.3,47.7,83.3,4.06,8.02,140.0,46.3,75.0,498.0
1910,21.8,48.8,87.6,0.54,13.0,18.5,34.8,0.99,2.22,137.0,18.4,137.0,203.0
2924,67.0,179.0,288.0,1.0,34.0,65.0,102.0,17.0,10.0,393.0,76.0,336.0,891.0
3115,23.1,87.7,152.3,0.32,16.0,30.9,62.2,0.74,1.7,263.0,35.7,579.0,339.0
5837,8.74,187.0,295.0,0.41,46.1,71.8,102.0,9.83,11.0,269.95,61.0,446.51,467.0
6601,12.1,11.3,12.2,0.65,4.63,3.17,3.78,1.46,1.49,19.0,2.15,399.0,20.7
1482,11.5,64.6,112.5,0.34,14.0,24.1,41.1,1.12,2.37,102.0,24.1,117.0,255.0
2929,34.0,112.0,161.0,3.0,33.0,39.0,52.0,7.0,9.0,101.0,39.0,64.0,406.0
2153,9.5,82.5,139.2,1.31,22.1,28.6,48.5,3.02,5.66,78.0,28.4,78.0,336.0
1783,16.9,64.6,95.5,0.42,17.9,21.1,31.4,1.04,3.43,98.0,18.6,260.0,196.0
2514,1.81,193.0,345.0,0.56,23.6,69.9,119.0,0.54,1.53,36.1,74.4,622.0,780.0
5810,5.6,89.1,149.0,0.15,18.3,35.3,56.3,2.09,3.4,66.45,32.0,162.43,251.0
5132,7.51,67.9,152.3,0.55,10.36,30.0,99.8,0.5,3.22,49.7,43.3,174.6,413.0
3084,15.2,33.3,62.6,0.32,3.61,13.69,31.8,0.53,0.8,134.0,16.4,347.0,160.9
3407,61.1,129.0,255.0,1.08,27.1,55.5,117.0,1.67,4.63,219.0,59.0,285.0,555.0
5659,3.58,163.1,322.8,0.54,13.49,70.75,99.58,0.39,1.86,20.19,79.25,238.7,726.5
6741,63.69,87.38,155.76,0.65,26.11,31.31,63.05,1.66,2.84,264.29,35.57,207.05,319.29
6158,21.6,588.0,1070.0,0.01,98.65,235.0,377.0,3.36,10.8,2874.0,223.0,12660.0,2027.0
2413,0.9,129.0,189.0,0.49,16.3,42.7,62.2,0.56,1.45,9.67,37.3,1315.0,383.0
1200,14.13,44.79,92.18,0.33,9.17,13.69,31.0,0.76,1.59,59.47,15.26,74.93,254.34
7136,5.39,83.0,164.0,0.16,14.0,35.0,71.0,0.47,1.99,76.0,38.0,414.0,356.0
2754,16.8,117.1,192.0,2.08,33.9,42.8,78.1,4.89,7.37,293.0,40.2,644.0,370.0
6559,32.4,173.0,237.0,2.86,59.2,58.5,72.5,11.7,13.3,351.0,47.1,561.0,411.0
1928,10.3,141.1,220.2,0.43,34.9,47.8,63.8,3.14,6.68,227.0,42.5,168.0,421.0
6079,8.6,131.0,211.0,1.1,34.0,45.0,73.0,3.7,6.3,390.0,42.0,679.0,438.0
1346,16.21,138.6,334.41,1.13,28.1,50.26,157.5,1.83,3.83,202.45,66.51,239.96,1151.4
7211,563.0,216.0,143.0,1.0,149.0,44.0,15.0,683.0,191.0,8758.0,22.0,2329.0,137.0
7168,15.0,118.0,175.0,0.67,33.0,42.0,59.0,10.0,8.69,138.0,35.0,434.0,308.0
4719,9.26,46.0,77.6,0.16,9.85,16.74,25.11,0.71,1.98,92.89,17.01,199.78,171.6
814,45.23,107.0,231.0,0.84,20.04,46.2,129.0,1.97,3.29,492.0,55.7,976.0,570.0
5493,26.81,111.54,194.46,2.37,27.3,42.04,86.12,2.34,4.57,159.11,34.525000000000006,283.02,464.42
5830,4.63,88.1,161.0,0.16,16.8,36.7,63.4,1.52,2.74,114.7,34.6,243.87,275.0
3862,5.29,89.1,162.6,0.22,16.8,33.8,75.9,0.52,2.89,54.0,37.0,155.0,389.0
5025,13.92,71.3,134.5,0.76,15.82,26.8,55.8,1.16,6.69,94.1,31.5,149.5,252.8
6796,363.0,1052.0,728.0,20.0,675.0,241.0,106.0,474.0,425.0,2379.0,113.0,936.0,760.0
2399,0.76,23.3,9.09,0.62,7.33,3.69,1.12,1.56,0.62,19.7,1.17,1781.0,9.7
3851,4.7,46.6,102.0,0.28,10.0,21.4,40.5,0.59,1.27,45.0,23.4,118.0,200.0
5600,3.4,97.0,150.0,0.49,25.6,32.0,50.0,2.5,4.5,95.0,29.0,210.0,304.0
1778,10.4,128.2,178.2,0.42,40.0,41.8,48.1,3.61,7.54,389.0,32.1,245.0,316.0
2260,16.4,63.0,83.0,0.59,25.0,23.8,38.3,1.56,3.63,101.6,17.9,260.0,146.0
5989,30.0,51.0,107.0,0.5,10.0,21.0,61.0,1.3,2.3,228.0,27.0,385.0,302.0
1220,6.14,111.73,229.83,0.08,18.6,34.58,71.9,2.87,3.51,200.26,35.9,352.07,610.22
6758,17.42,73.35,127.97,0.79,23.19,27.31,53.45,1.61,2.88,78.36,28.36,98.8,273.71
4669,22.2,158.2,327.0,0.86,28.6,64.5,127.6,9.3,6.3,51.12,72.4,95.08,699.0
1784,14.4,62.7,106.8,0.35,14.4,23.0,34.6,1.03,2.58,98.0,21.3,270.0,225.0
4308,28.54,79.0,180.0,0.39,15.4,33.7,101.1,0.65,2.01,382.0,42.8,1250.0,437.0
1352,20.0,51.2,81.1,1.38,14.1,18.2,35.3,1.88,3.41,71.9,17.6,63.1,160.3
4921,10.93,109.47,200.4,0.32,21.74,44.24,86.48,1.21,2.02,151.49,45.43,429.07,437.99
1591,4.7,111.0,213.6,0.16,22.6,42.9,75.9,1.1,3.53,100.0,42.2,163.0,475.0
793,30.51,57.9,128.0,0.57,12.1,25.1,76.6,1.12,1.77,305.0,30.8,472.0,323.0
5447,48.1,145.0,202.0,5.0,51.5,48.1,69.4,11.9,15.7,107.0,34.525000000000006,84.3,403.0
3766,7.54,12.3,36.8,0.33,3.4,5.98,34.1,0.45,0.33,44.0,9.69,185.0,128.5
5449,121.0,1167.0,747.0,56.9,470.0,249.0,142.0,130.0,163.0,1680.0,34.525000000000006,789.0,1110.0
3947,12.4,58.2,87.6,0.29,10.7,22.1,42.2,0.62,2.01,63.0,21.1,203.0,226.0
5744,62.8,80.4,133.0,0.5,22.1,32.4,62.7,2.29,4.68,404.0,35.3,351.0,276.0
6020,1.8,236.0,469.0,0.5,33.0,94.0,177.0,2.2,4.1,134.0,103.0,1226.0,1045.0
3434,5.0,74.4,114.0,0.52,25.1,26.6,41.7,3.71,6.68,25.0,22.6,68.0,200.0
4209,2.42,28.0,18.0,0.29,18.4,6.0,2.9,2.15,5.22,79.0,2.6,179.0,18.0
3439,42.1,119.0,212.0,2.3,30.0,46.2,82.7,1.64,4.39,71.0,43.6,83.0,425.0
4054,8.42,84.9,129.9,1.04,27.3,30.7,52.7,2.39,4.23,217.0,27.2,482.0,258.0
1111,11.62,93.51,185.87,0.91,17.89,27.38,64.8,1.52,3.37,87.67,30.1,121.26,515.9
6181,19.65,396.0,728.0,0.09,81.58,159.0,278.0,3.33,10.64,2307.0,152.0,6598.0,1358.0
3242,6.65,63.8,113.4,0.18,14.44,24.3,44.8,1.12,2.09,60.0,25.0,119.0,216.0
2242,10.3,108.6,196.8,0.83,22.1,38.6,71.3,1.04,3.59,191.0,41.3,364.0,499.0
222,27.4,67.1,125.0,0.5,10.4,25.6,54.1,1.04,2.29,106.0,33.3,113.0,373.0
2200,24.3,35.7,61.9,0.57,9.1,12.1,22.8,0.94,1.95,108.0,13.3,141.0,161.0
6418,3.72,27.07,59.24,0.02,4.72,11.96,27.11,0.42,0.57,182.54,13.4,1226.06,137.08
731,20.43,71.5,146.0,0.78,14.3,29.7,75.5,0.91,1.95,209.0,33.6,378.0,338.0
5357,35.5,83.2,155.0,0.29,18.9,37.0,71.4,1.16,3.8,448.0,39.2,513.0,312.0
1470,36.1,78.1,134.5,0.9,19.5,27.6,53.5,2.19,3.89,67.0,28.8,100.0,313.0
3384,28.3,77.3,156.4,0.23,13.1,29.9,76.6,0.77,1.8,228.0,35.8,558.0,341.0
4608,26.72,16.94,12.92,1.35,12.9,4.0,2.52,4.16,5.49,27.85,1.83,27.17,14.18
698,28.32,84.2,173.0,0.8,16.4,35.0,88.0,0.85,2.44,311.0,41.2,465.0,425.0
1511,6.1,71.3,122.5,0.23,15.4,26.5,41.1,1.49,3.0,137.0,25.1,185.0,260.0
7111,10.0,100.0,192.0,0.24,18.0,41.0,80.0,2.63,3.04,105.0,43.0,506.0,402.0
5192,9.76,62.3,126.4,0.61,10.72,26.5,75.9,0.54,3.62,150.4,33.6,288.0,318.0
3365,17.54,134.3,258.8,0.82,32.4,52.8,94.3,3.15,5.69,150.0,51.4,307.0,463.0
7097,15.0,40.0,50.0,1.12,24.0,12.0,19.0,26.0,19.0,500.0,10.0,349.0,94.0
3837,4.24,94.0,168.0,1.62,23.0,39.7,56.8,0.97,3.64,67.0,36.1,65.0,296.0
1538,31.1,110.3,196.7,1.32,24.0,40.7,74.5,1.73,3.69,277.0,41.9,318.0,442.0
7069,21.9,221.49,307.13,3.77,71.04,72.61,95.87,9.66,15.02,167.76,63.01,66.92,544.49
3804,18.4,91.8,152.5,1.61,30.8,31.7,63.0,4.4,5.9,153.0,31.0,352.0,328.0
4742,0.56,79.1,191.0,0.09,8.05,34.8,99.8,0.18,0.8,38.11,51.9,86.76,597.0
860,244.21,424.6,650.3,15.61,143.39,148.73,267.51,26.6,38.38,6339.41,138.85,3324.25,1300.74
7092,4.09,33.0,50.0,0.09,8.0,12.0,20.0,0.66,1.69,131.0,11.0,384.0,100.0
5634,38.1,118.0,223.0,0.33,22.8,43.0,94.0,1.3,3.7,640.0,50.0,1408.0,555.0
6547,45.5,34.2,62.4,1.14,9.46,13.4,33.9,4.92,2.44,199.0,15.9,251.0,163.0
2196,14.2,88.2,130.4,2.1,28.6,27.9,42.3,5.96,8.65,58.0,25.7,134.0,301.0
3536,0.98,189.0,331.0,0.1,41.3,76.0,133.0,2.52,5.8,50.0,66.0,131.0,610.0
3159,1.69,49.4,85.5,0.1,10.9,19.1,34.9,0.82,1.63,37.0,19.6,109.0,163.0
2704,0.38,68.1,45.6,0.46,24.1,14.4,10.8,0.48,2.64,13.0,6.64,809.0,55.9
1814,41.1,108.3,179.8,1.45,25.8,37.3,65.4,3.35,5.55,91.0,38.1,52.0,430.0
1357,20.0,79.3,112.0,2.03,27.7,26.5,43.5,5.07,6.95,178.0,23.9,299.0,202.0
4573,19.38,21.11,49.7,0.31,4.25,9.18,31.73,0.3,0.58,52.9,12.37,123.97,135.04
275,25.8,383.0,595.0,3.67,101.0,139.0,190.0,12.1,20.2,661.0,127.0,586.0,1095.0
4155,20.6,103.0,185.0,0.55,24.8,44.3,79.1,5.9,5.7,247.0,42.3,395.0,377.0
5108,18.11,50.0,120.9,0.49,8.75,21.08,70.0,0.84,3.28,357.0,33.5,882.0,315.0
4441,7.12,76.48,146.78,0.45,16.06,30.81,68.28,1.09,2.56,122.04,33.6,310.43,325.62
5200,5.7,88.7,166.1,0.51,17.18,35.7,68.8,1.05,6.54,40.6,39.5,129.5,326.0
5581,20.8,83.0,157.0,0.14,16.8,31.0,67.0,1.4,2.7,671.0,36.0,1546.0,408.0
1273,21.78,143.38,345.15,1.19,28.28,52.17,163.99,2.22,4.85,375.53,66.61,389.75,1156.78
4662,16.28,56.8,92.5,0.28,12.46,20.48,28.9,1.18,2.6,105.87,20.52,373.56,197.8
4455,10.77,111.39,221.18,0.71,23.68,46.13,102.06,1.65,3.79,142.84,49.27,339.8,483.41
6814,29.04,115.73,174.23,3.0,32.41,38.64,60.64,4.4,7.26,89.96,38.73,75.0,383.6
6283,33.19,99.0,175.0,1.46,28.54,38.0,82.0,2.8,5.38,326.0,40.0,305.0,382.0
4073,9.6,49.3,112.4,0.48,9.9,19.9,77.2,0.97,1.52,345.0,28.0,770.0,307.0
4283,9.11,189.0,312.0,0.84,48.9,70.4,94.1,4.94,9.79,145.0,58.9,237.0,486.0
7187,518.0,192.0,105.0,0.3,137.0,33.0,18.0,681.0,235.0,7722.0,17.0,967.0,133.0
2170,20.7,77.5,168.4,0.36,13.6,31.1,70.8,0.71,2.11,118.0,37.3,103.0,471.0
1392,63.7,180.0,341.0,2.2,40.5,69.1,164.0,2.36,5.96,1626.0,76.5,4494.0,1028.0
6223,23.02,285.0,495.0,0.16,61.57,112.0,185.0,2.6,8.73,1357.0,106.0,3279.0,905.0
6445,6.18,39.72,74.82,0.2,9.19,14.93,31.21,0.17,0.69,285.27,16.65,1019.29,167.71
5438,13.4,119.0,89.9,2.56,49.8,28.2,20.0,15.8,17.4,1283.0,34.525000000000006,507.0,153.0
4814,12.67,43.0,88.4,0.57,8.29,17.66,45.4,0.7,1.35,46.89,22.76,136.6,252.0
4301,9.16,29.0,17.0,0.8,24.8,6.2,2.0,8.84,11.08,667.0,2.2,918.0,14.0
1120,1.84,219.99,265.33,2.38,53.68,50.06,50.36,3.6,9.17,169.37,34.77,499.27,494.75
2578,1.16,98.8,111.0,0.44,14.8,29.8,23.0,0.19,1.92,11.4,21.0,1122.0,176.0
4653,23.08,161.4,262.8,0.72,32.7,58.4,80.0,2.71,6.71,63.7,58.0,205.59,542.0
200,51.3,461.0,696.0,0.41,115.0,167.0,172.0,13.3,21.6,356.0,127.0,804.0,1024.0
3109,18.6,94.1,150.5,0.89,20.6,34.7,68.0,1.35,2.57,134.0,35.9,537.0,326.0
5626,35.4,134.0,223.0,0.26,28.5,48.0,78.0,2.1,5.0,701.0,46.0,1204.0,481.0
781,47.76,105.0,210.0,1.26,21.7,42.9,111.0,2.24,3.82,622.0,48.4,709.0,487.0
3273,10.77,121.3,242.0,0.48,24.3,51.1,102.7,1.37,3.14,287.0,51.1,551.0,463.0
2701,0.41,69.0,51.8,0.35,23.5,16.6,11.0,0.51,2.22,10.0,8.09,585.0,62.9
6234,22.37,249.0,403.0,0.17,57.75,93.0,144.0,5.47,9.2,1070.0,82.0,2209.0,738.0
1622,29.5,67.2,123.6,0.33,16.0,24.8,42.1,1.49,2.72,243.0,23.8,318.0,253.0
6140,15.89,308.0,520.0,0.02,61.51,110.0,257.0,6.97,12.38,635.0,125.0,5568.0,1309.0
1791,44.4,90.8,190.1,0.28,14.5,36.7,61.4,0.9,2.31,346.0,38.7,311.0,391.0
6163,39.36,619.0,1160.0,0.01,103.5,249.0,479.0,1.5,10.32,3074.0,262.0,16013.0,2463.0
5099,9.86,65.9,128.5,0.48,11.85,26.2,67.9,0.79,4.41,81.9,34.0,332.0,299.0
1501,18.8,61.7,112.2,0.42,13.0,22.2,44.3,0.99,2.72,149.0,24.0,146.0,272.0
5222,6.49,53.2,126.4,0.62,9.24,23.49,82.9,0.55,3.15,17.14,35.0,100.6,330.0
4899,6.24,28.26,51.06,0.25,7.31,10.79,22.99,0.92,1.12,55.62,11.07,87.36,108.92
5602,42.4,290.0,431.0,0.7,72.8,98.0,114.0,5.7,11.5,198.0,79.0,274.0,755.0
1531,28.9,86.5,150.9,0.35,18.6,31.4,55.2,1.65,2.91,272.0,32.4,273.0,347.0
2865,54.0,598.0,724.0,6.4,182.0,190.0,166.0,24.2,39.3,720.0,132.0,469.0,1147.0
1082,728.03,182.41,414.65,217.17,68.26,126.77,345.27,62.8,63.64,620.68,185.92,476.33,1181.14
323,12.78,76.63,154.92,1.31,15.0,32.24,122.95,1.09,2.92,27.81,41.99,75.72,528.57
785,39.24,55.0,113.0,0.76,13.3,22.9,63.3,9.44,3.68,321.0,26.5,432.0,273.0
4376,12.35,175.0,279.0,0.07,44.8,59.4,80.7,3.68,7.4,128.0,51.5,234.0,427.0
4302,34.52,35.0,41.0,1.09,17.4,9.9,11.8,3.98,5.28,194.0,7.0,194.0,61.0
1415,34.7,150.3,236.5,2.19,40.9,52.7,80.3,4.79,8.24,213.0,46.8,124.0,490.0
3975,17.9,80.6,131.0,0.69,14.5,26.6,60.4,1.09,3.49,223.0,22.0,387.0,269.0
1307,18.2,131.42,326.14,0.83,23.59,48.64,156.36,1.0,3.37,191.35,64.34,267.33,1102.55
7163,7.6,83.0,132.0,0.2,20.0,31.0,48.0,2.26,3.66,79.0,28.0,331.0,246.0
7045,101.72,540.13,741.51,1.22,163.49,179.8,209.68,20.88,32.23,471.63,146.3,278.7,1234.31
6094,25.0,128.0,262.0,0.3,22.0,50.0,112.0,1.0,3.5,450.0,58.0,819.0,644.0
6168,76.69,664.0,1308.0,0.02,112.4,260.0,611.0,42.68,32.1,2262.0,314.0,13781.0,3070.0
2789,4.38,75.3,126.0,0.4,19.9,27.4,46.7,0.71,3.28,102.0,25.9,926.0,238.0
3321,4.32,92.3,187.0,0.21,16.2,36.9,92.0,0.57,2.24,146.0,40.4,542.0,426.0
5969,14.0,32.0,65.0,0.4,6.0,12.0,34.0,0.4,0.7,77.0,15.0,154.0,177.0
2285,7.71,229.78,347.15,1.45,49.15,81.53,101.12,4.09,10.51,133.14,81.02,249.7,796.5
2340,22.6,29.8,62.0,0.59,5.6,12.5,37.1,1.56,3.63,47.7,16.5,201.4,150.0
799,32.05,109.0,217.0,0.99,22.0,45.0,105.0,0.93,3.23,520.0,49.1,679.0,485.0
3245,4.49,77.9,140.0,0.41,16.4,30.2,61.9,1.53,2.08,61.0,28.3,171.0,260.0
2338,56.4,64.0,78.0,0.59,19.9,18.3,60.0,1.56,3.63,207.0,26.1,290.0,301.0
2026,10.9,114.3,183.1,0.56,26.5,39.2,56.9,2.36,5.12,169.0,36.6,157.0,389.0
92,25.7,47.1,64.0,1.46,14.8,14.3,30.4,1.94,3.7,90.8,14.3,89.3,147.0
5092,13.37,85.5,141.7,1.45,23.54,29.94,61.1,3.33,13.76,80.4,34.5,136.2,301.8
4947,13.16,83.3,93.4,1.37,24.23,28.2,40.8,0.65,11.56,58.5,22.47,78.1,194.4
2218,17.4,81.5,160.1,0.12,15.6,30.8,58.8,0.84,2.6,184.0,34.3,213.0,401.0
5594,8.2,81.0,146.0,0.29,16.2,29.0,52.0,2.0,2.3,142.0,29.0,347.0,322.0
6176,88.03,167.0,405.0,0.96,38.89,73.0,273.0,56.79,19.57,1974.0,111.0,4953.0,1247.0
6886,48.12,127.08,229.19,2.14,30.95,48.54,89.65,2.83,6.22,154.56,51.19,121.84,485.57
2912,47.0,122.0,192.0,2.0,27.0,46.0,71.0,5.0,6.0,143.0,50.0,130.0,610.0
4713,7.2,58.9,106.2,0.44,12.2,22.7,39.1,0.67,2.06,52.32,24.63,158.78,253.5
3346,43.4,173.0,294.0,3.34,50.3,65.0,109.2,5.86,10.12,158.0,56.3,125.0,508.0
5607,10.4,140.0,220.0,0.19,29.5,48.0,71.0,4.2,5.3,365.0,43.0,844.0,433.0
852,16.54,21.7,52.5,0.14,4.07,9.78,32.87,0.32,0.59,120.8,12.75,305.27,138.69
2297,34.53,295.95,396.97,4.42,83.9,99.31,105.67,11.76,22.09,170.96,90.17,99.88,825.5
1984,30.1,73.3,143.8,1.15,15.0,28.2,66.7,1.52,2.91,86.0,32.8,66.0,392.0
6704,39.9,90.9,183.0,1.12,20.4,37.5,97.1,1.76,3.58,201.0,43.8,220.0,445.0
171,30.5,54.5,131.0,1.16,10.4,25.3,82.0,4.65,2.81,169.0,32.7,242.0,362.0
5801,7.55,69.7,129.0,0.15,13.8,29.0,55.0,1.69,2.37,409.64,28.7,644.59,234.0
256,12.6,221.0,344.0,1.32,51.9,80.3,104.0,4.11,9.83,317.0,75.6,343.0,686.0
2726,5.01,264.0,331.0,0.59,80.4,82.2,106.0,10.3,19.2,537.0,67.0,7480.0,602.0
3730,9.9,100.6,223.0,0.27,15.6,42.3,116.1,0.7,2.09,222.0,51.4,708.0,528.0
4665,18.15,59.5,108.6,0.26,12.65,22.83,39.9,1.24,2.12,42.68,24.29,59.01,245.0
1133,6.95,72.42,121.84,0.29,14.96,19.56,33.37,1.24,2.87,46.37,17.9,107.09,285.58
1465,10.1,47.0,81.9,0.11,11.5,17.3,28.5,0.84,1.88,76.0,16.4,88.0,173.0
6609,17.4,186.0,305.0,1.3,49.7,69.7,106.0,4.69,9.07,265.0,63.5,346.0,569.0
4288,4.74,82.0,114.0,0.63,28.6,26.9,35.5,1.83,6.0,139.0,21.1,519.0,181.0
3767,8.36,48.7,91.0,0.22,9.5,18.2,32.7,0.8,1.78,57.0,17.96,187.0,178.9
5320,3.51,15.56,41.04,0.32,3.6,7.05,33.48,0.44,3.63,31.26,11.32,835.64,134.01
2809,18.2,29.4,69.7,0.53,6.0,11.97,47.5,0.28,1.04,147.0,17.9,355.0,188.0
185,7.71,19.0,62.2,0.37,3.08,10.0,80.3,0.58,0.77,52.6,18.5,321.0,248.0
4751,17.22,123.3,191.4,1.73,30.3,43.9,57.0,2.02,5.37,48.46,40.63,131.3,387.9
5869,1.71,17.4,39.9,0.67,3.55,7.24,50.8,0.36,0.58,59.6,12.2,302.0,172.0
4942,6.7,228.35,424.15,0.59,32.8,85.62,245.9,3.45,6.44,159.75,114.62,5739.89,1289.63
903,21.56,55.64,115.86,0.54,12.38,23.1,64.38,1.0,2.07,223.3,27.14,430.48,281.37
4900,8.42,75.55,117.45,0.82,20.86,26.53,47.91,4.26,5.09,143.66,24.6,149.39,229.74
4939,11.47,227.01,434.34,0.21,37.46,91.26,186.58,3.6,5.25,257.0,100.1,1890.0,1009.64
6916,77.74,167.0,277.43,4.01,44.93,63.0,100.84,5.34,8.45,324.63,55.96,147.57,503.67
5699,1325.0,288.0,380.0,44.9,179.0,85.9,224.0,352.0,194.0,1544.0,110.0,4801.0,1217.0
4250,5.95,115.0,210.0,0.15,23.7,44.9,78.4,1.59,3.71,117.0,42.8,330.0,366.0
2916,49.0,178.0,248.0,3.0,44.0,60.0,83.0,7.0,11.0,228.0,65.0,174.0,775.0
887,41.36,105.19,184.45,2.0,28.62,39.31,84.9,3.22,6.46,406.43,40.35,557.66,397.3
4995,13.72,52.2,104.3,0.64,7.72,18.8,77.8,0.42,3.32,91.2,32.0,467.0,329.0
2023,7.9,128.7,220.5,0.22,28.5,47.1,66.5,1.75,4.53,96.0,43.9,153.0,452.0
2897,66.0,219.0,314.0,3.0,52.0,77.0,100.0,11.0,12.0,291.0,83.0,199.0,930.0
4615,25.41,12.36,9.65,1.35,9.28,3.14,2.15,3.16,3.74,83.98,1.57,48.46,11.4
2377,26.39,76.79,167.0,1.39,15.93,32.99,96.34,0.89,2.39,189.0,41.0,313.0,461.0
2182,6.8,93.3,158.1,0.16,18.6,32.9,50.2,1.17,3.11,73.0,32.2,115.0,367.0
3432,12.7,209.0,278.0,0.56,60.8,67.7,72.1,5.04,11.42,48.0,45.3,64.0,380.0
220,13.5,95.6,174.0,0.62,20.1,38.3,68.8,2.08,4.2,102.0,37.4,97.4,349.0
7188,606.0,208.0,111.0,0.8,160.0,38.0,18.0,605.0,208.0,4110.0,18.0,809.0,135.0
4447,6.35,54.32,103.65,0.3,11.83,21.66,47.85,0.89,1.64,71.1,23.19,172.53,225.69
1180,15.91,295.31,442.2,4.31,85.75,105.53,153.29,10.69,16.94,550.34,89.04,858.12,799.65
4493,1.96,15.39,32.97,0.06,3.15,6.74,19.27,0.06,0.35,30.75,7.95,290.85,82.96
4690,13.7,58.7,100.3,0.62,13.2,21.6,35.2,1.5,2.33,48.37,22.38,62.72,218.6
3874,2.89,78.7,155.5,0.18,14.7,32.9,50.7,0.61,1.77,76.0,30.5,200.0,284.0
5109,17.82,67.5,164.4,0.58,11.25,30.1,93.7,1.11,4.22,329.0,44.3,914.0,394.0
1704,7.9,112.9,218.3,0.09,20.8,44.7,76.0,0.95,2.59,230.0,45.5,392.0,473.0
2138,30.7,111.4,111.5,6.35,50.8,29.0,24.3,10.29,15.9,91.0,19.3,41.0,190.0
1084,20.96,332.58,664.94,1.11,52.79,100.18,174.17,3.64,7.57,258.77,97.29,336.81,1521.65
1430,34.3,47.3,86.4,0.68,11.1,17.4,35.5,1.68,2.86,307.0,17.8,233.0,199.0
216,14.6,168.0,247.0,1.06,50.9,60.0,81.2,8.29,13.0,74.0,51.3,62.8,459.0
1460,12.7,64.9,114.9,0.28,13.7,24.3,42.1,0.97,2.37,69.0,24.6,72.0,261.0
930,50.61,76.16,158.71,0.69,15.69,31.5,82.75,1.05,2.71,646.58,36.77,1009.64,375.4
5741,35.0,73.2,119.0,2.36,18.7,28.7,55.4,6.37,6.1,207.0,31.4,651.0,246.0
6879,22.83,45.56,65.56,1.78,14.32,15.45,27.13,2.97,3.58,27.94,14.82,14.35,148.25
5036,26.5,258.8,410.0,2.37,63.1,95.6,175.0,2.58,21.8,331.0,98.7,390.0,653.0
4116,19.46,152.0,294.0,0.98,30.5,63.7,136.1,2.46,5.19,608.0,68.5,1046.0,664.0
5064,5.24,27.1,48.5,0.78,6.85,10.32,28.2,0.71,3.65,11.54,11.87,47.0,131.2
5961,27.0,50.0,121.0,0.9,10.0,22.0,86.0,0.5,1.7,315.0,32.0,479.0,377.0
1919,0.3,17.8,61.0,0.11,0.9,9.9,22.6,0.05,0.08,1.0,13.8,160.0,145.0
2421,0.65,22.0,14.3,0.62,8.02,4.69,2.05,0.32,1.19,14.5,2.09,1120.0,16.7
7166,6.85,67.0,106.0,0.21,16.0,25.0,39.0,3.26,3.8,65.0,22.0,267.0,198.0
3739,10.17,58.9,102.2,1.04,16.5,21.6,46.0,1.09,1.94,36.0,23.0,86.0,233.4
3116,14.3,70.5,150.9,0.31,10.2,29.0,78.9,0.6,1.78,201.0,40.7,590.0,386.0
1532,33.6,202.0,278.6,4.94,66.2,64.2,84.8,8.88,16.5,621.0,56.1,276.0,557.0
5953,12.0,146.0,228.0,2.2,42.0,50.0,75.0,7.0,8.9,207.0,45.0,281.0,452.0
5215,8.7,53.2,112.4,0.57,9.55,22.88,66.7,1.77,4.32,20.2,29.6,53.0,298.6
5836,7.58,165.0,257.0,0.43,40.0,61.7,87.9,7.46,9.04,162.39,53.3,272.8,410.0
6883,57.3,103.04,172.01,1.14,24.0,36.34,62.62,1.9,4.26,133.2,38.71,104.54,378.06
1939,16.5,120.4,208.8,0.62,28.0,44.1,71.9,1.95,4.44,223.0,42.1,197.0,436.0
709,32.98,123.0,255.0,1.01,24.5,52.0,129.5,1.43,3.49,444.0,58.5,622.0,578.0
4972,6.67,70.1,147.1,0.43,11.02,30.17,90.3,0.66,3.62,28.51,39.8,116.4,396.0
4805,14.32,46.8,75.7,0.82,10.8,16.5,32.9,1.01,1.48,12.69,17.96,86.82,193.3
3903,46.4,427.0,1008.0,1.37,77.9,213.0,504.0,1.59,6.91,243.0,213.0,362.0,2090.0
5361,17.5,38.6,87.1,0.2,8.59,18.6,49.0,0.65,1.04,160.0,23.3,260.0,199.0
219,21.2,187.0,343.0,1.59,31.0,72.7,133.0,1.46,3.92,111.0,81.6,95.2,799.0
5552,243.4,2891.0,3877.0,4.74,711.1,789.0,2114.0,265.9,284.0,4614.0,997.0,6896.0,13045.0
6860,107.75,291.14,411.62,5.97,88.99,94.42,119.84,13.59,20.95,304.7,85.43,135.46,734.65
3969,13.3,96.0,144.0,1.36,23.4,35.8,51.9,2.13,5.6,222.0,28.0,347.0,247.0
4472,21.72,161.09,286.19,3.36,34.68,60.2,137.19,8.03,5.26,334.95,63.25,2461.76,637.75
1039,4066.0,54.52,54.77,1017.92,66.0,26.17,28.76,399.22,164.53,1173.81,22.47,187.28,97.2
6822,70.97,102.11,178.87,1.33,29.01,38.71,76.2,2.12,4.71,225.92,41.84,284.88,369.07
6885,52.88,133.37,230.3,1.83,34.5,48.34,83.5,3.71,6.79,150.91,49.42,104.09,456.85
1106,3.34,93.17,184.08,0.19,16.49,27.52,55.33,0.95,2.68,211.21,28.77,366.64,465.12
5301,34.3,100.6,194.2,2.29,25.07,41.7,116.2,1.84,10.66,521.0,51.9,594.0,416.0
3751,8.48,69.2,116.5,0.26,18.9,23.75,40.6,1.33,2.7,62.0,22.2,124.0,215.0
4227,30.0,23.0,31.0,0.72,8.62,7.2,11.3,2.04,2.05,64.0,6.4,40.0,58.0
6514,20.7,89.9,146.0,1.2,23.9,33.3,61.5,5.0,4.23,458.0,33.7,1302.0,323.0
2334,37.1,72.0,165.0,0.59,19.4,33.4,63.5,1.56,2.9,91.9,31.0,174.6,307.0
5299,30.6,98.0,206.0,1.67,22.1,42.2,123.1,0.99,7.63,284.0,53.9,382.0,420.0
4089,5.62,53.8,95.4,0.09,13.3,21.2,33.1,0.48,2.08,21.0,21.5,98.0,172.0
6177,1.5,307.0,278.0,0.07,84.72,73.0,125.0,4.63,20.4,257.0,69.0,9434.0,707.0
3662,6.0,101.9,202.9,0.54,18.9,42.9,78.9,0.58,2.67,22.0,43.1,39.0,432.0
3001,6.43,35.9,66.5,0.31,7.2,13.0,32.5,0.59,1.69,82.0,16.5,172.0,152.0
4526,11.83,3.95,2.79,0.71,3.31,0.92,0.78,1.99,1.27,33.78,0.49,16.08,3.37
5163,3.89,20.9,32.4,0.72,6.19,7.51,16.9,0.84,3.68,8.7,7.94,29.1,88.9
346,77.99,542.85,781.5,16.4,166.27,187.48,470.31,12.69,39.58,441.16,191.31,399.83,2094.61
878,56.98,71.66,149.57,0.74,16.11,29.69,82.96,10.04,3.57,375.71,35.46,662.25,373.87
4749,22.44,94.5,143.7,0.34,22.9,32.75,43.1,2.64,5.07,54.79,30.84,123.84,283.8
2723,1.97,110.0,134.0,0.1,33.0,31.5,43.6,3.12,7.6,218.0,28.3,3100.0,246.0
935,19.07,129.94,272.91,0.06,21.15,52.14,136.2,1.46,3.03,466.63,66.3,376.1,670.45
356,66.08,215.82,439.16,2.46,38.22,89.96,335.05,2.01,6.16,150.31,121.31,329.02,1523.45
4691,13.2,120.0,186.3,0.92,31.4,41.6,57.9,2.99,6.28,17.73,39.0,64.07,355.0
2698,6.01,87.3,169.0,0.11,14.9,35.0,72.5,0.75,2.42,165.0,38.2,1343.0,371.0
6209,19.68,400.0,685.0,0.23,91.69,156.0,242.0,4.17,15.27,1609.0,138.0,3676.0,1202.0
6909,24.98,53.43,88.76,2.0,16.56,20.22,37.37,2.66,3.27,31.83,18.22,22.94,170.49
824,21.05,53.5,120.0,0.51,9.68,23.1,70.7,0.51,1.61,231.0,28.9,422.0,303.0
6453,1.12,29.95,13.87,0.16,19.49,5.99,1.77,0.76,4.28,46.24,2.03,808.32,12.07
2063,16.0,112.5,197.1,0.19,21.2,41.7,65.4,1.25,3.41,313.0,41.9,297.0,442.0
2984,24.9,54.1,68.3,1.43,15.4,17.46,33.5,1.94,4.8,119.0,13.3,126.0,141.0
4962,21.52,261.0,197.9,15.09,174.5,65.7,71.3,2.09,127.4,353.0,43.6,124.0,345.0
3780,2.33,101.0,167.0,0.14,25.3,36.7,53.6,0.93,2.91,81.0,31.2,219.0,298.0
4723,22.67,401.0,763.0,3.61,62.3,159.8,240.6,1.57,6.32,173.37,169.1,222.97,1687.0
6939,32.39,90.94,132.47,3.28,29.17,30.87,47.16,4.71,7.05,51.02,29.0,27.28,267.89
4434,21.4,116.0,247.0,0.63,24.0,47.0,113.9,1.51,4.3,235.0,54.2,425.0,521.0
1251,45.78,64.92,119.45,0.2,13.94,18.68,34.75,16.82,4.86,179.95,18.34,137.09,292.94
4803,17.2,85.0,146.1,0.46,17.8,30.7,48.3,1.26,2.73,18.94,31.7,85.75,295.6
2910,49.0,121.0,195.0,2.0,28.0,44.0,66.0,11.0,7.0,160.0,48.0,128.0,546.0
804,19.32,32.0,73.0,0.35,6.33,14.2,45.2,0.47,0.97,175.0,17.9,327.0,189.0
6522,220.0,175.0,249.0,10.9,76.2,61.4,88.3,108.0,31.0,82.2,49.5,33.1,443.0
3637,3.71,118.1,201.9,0.14,23.9,40.8,77.2,1.62,3.7,187.0,37.7,442.0,386.0
3006,7.09,26.1,50.4,0.41,6.03,10.82,24.9,0.45,1.16,81.0,10.48,184.0,106.2
3789,3.86,55.0,124.6,0.68,12.4,22.6,72.3,0.72,1.69,57.0,28.5,252.0,331.0
4128,2.79,38.0,110.1,0.16,6.4,20.0,89.7,0.37,0.7,16.0,28.7,68.0,346.0
1225,6.53,59.31,133.76,0.37,9.21,19.16,50.0,0.6,1.25,75.38,21.62,95.68,385.8
3791,18.7,155.0,286.0,0.81,33.6,58.1,106.0,1.54,2.83,153.0,55.8,263.0,574.0
6192,20.64,403.0,749.0,0.06,71.91,160.0,288.0,1.67,7.48,2229.0,162.0,6564.0,1451.0
212,64.1,290.0,580.0,3.42,47.9,119.0,218.0,19.3,13.6,879.0,128.0,3041.0,1215.0
5097,10.44,54.5,104.2,0.34,9.92,21.62,46.9,0.69,3.54,73.8,25.75,259.0,225.4
1920,10.1,213.6,465.0,0.46,30.3,89.0,200.6,1.31,3.78,79.0,101.7,160.0,1119.0
3889,4.28,70.0,119.4,0.19,14.2,27.0,51.1,0.58,2.49,115.0,24.7,313.0,233.0
5632,144.5,383.0,665.0,1.94,86.5,134.0,270.0,9.9,17.0,4126.0,144.0,5156.0,1617.0
102,33.0,137.0,197.0,3.72,37.5,46.6,76.8,14.2,10.2,129.0,40.7,288.0,396.0
2574,0.57,96.8,87.4,0.33,14.5,26.5,14.6,0.21,1.4,7.27,14.4,481.0,112.0
1975,2.7,14.4,28.8,0.26,3.2,5.7,14.5,0.06,0.26,12.0,6.8,507.0,77.0
5410,130.4,487.3,437.1,107.96,168.8,122.8,225.5,135.9,97.0,136.0,101.3,3147.0,1175.0
1608,25.6,85.2,150.6,0.31,19.0,30.8,53.4,1.37,3.67,100.0,28.9,232.0,334.0
4397,23.7,60.0,69.0,2.5,28.1,17.2,18.7,7.7,9.9,139.0,11.9,94.0,101.0
960,12.5,68.6,143.0,1.44,14.1,28.7,79.1,0.84,2.44,80.5,33.8,383.0,366.0
893,58.21,95.48,201.66,0.72,21.18,39.98,103.16,8.15,4.63,496.54,46.31,899.76,462.74
4694,10.44,78.0,117.7,0.75,22.1,26.7,36.3,3.08,4.84,66.96,24.75,69.94,230.5
7143,11.0,76.0,141.0,0.18,14.0,31.0,57.0,2.67,2.48,96.0,31.0,378.0,287.0
5267,6.88,59.9,133.2,0.47,11.19,28.29,53.7,0.74,3.98,20.02,31.0,62.6,262.4
3660,32.5,318.0,542.0,0.98,66.8,112.9,191.7,3.32,10.31,1012.0,108.8,1759.0,1009.0
6472,1.68,18.22,7.21,0.4,14.46,2.92,1.41,0.69,3.22,26.37,0.91,244.68,8.97
4605,23.48,10.45,7.45,0.78,7.97,2.25,1.62,2.41,2.91,39.26,1.3,41.09,9.37
5904,34.8,19.4,22.7,0.23,8.93,6.16,9.59,1.59,2.52,124.0,4.74,26.0,45.8
5566,58.0,329.0,585.0,0.2,77.0,115.0,258.0,42.4,25.4,978.0,130.0,7092.0,1507.0
3261,92.0,94.4,170.0,0.9,29.0,38.57,75.4,51.6,12.9,176.0,35.2,326.0,339.0
2471,0.64,27.0,10.8,0.13,3.51,4.97,0.77,0.03,0.21,7.01,1.22,541.0,8.3
5254,13.8,35.8,65.1,0.49,8.16,13.44,32.8,2.43,4.18,23.8,15.82,66.0,161.8
2806,48.0,215.0,319.0,4.55,64.8,69.5,110.3,9.54,16.3,907.0,59.6,1174.0,543.0
3274,19.3,73.9,159.0,0.39,16.8,33.1,74.4,7.7,3.41,229.0,34.8,568.0,321.0
3405,16.1,176.0,304.0,0.91,47.6,66.7,118.9,4.77,10.67,145.0,62.6,253.0,572.0
5459,94.9,196.0,172.0,30.5,99.8,49.6,47.8,86.7,58.3,279.0,34.525000000000006,1396.0,304.0
3398,4.71,51.0,89.0,1.12,14.2,19.5,44.9,1.31,2.94,33.0,19.2,76.0,197.0
6428,3.72,46.05,91.09,0.0,8.75,17.89,39.97,0.33,1.28,124.51,18.77,1254.19,183.39
2497,2.37,169.0,283.0,0.68,24.7,58.4,101.0,0.47,2.72,42.4,59.7,583.0,652.0
5507,88.26,32.34,93.09,2.91,6.98,63.91,99.79,10.6,4.24,445.21,62.87,1466.82,82.59
1428,29.3,50.2,79.4,0.73,20.9,16.5,30.5,3.42,4.29,283.0,16.0,231.0,167.0
833,30.23,69.1,154.0,0.4,12.7,30.5,87.7,0.78,1.75,379.0,36.5,785.0,375.0
6836,90.47,114.81,194.06,1.92,32.77,43.93,80.23,3.95,4.95,257.73,45.56,287.54,395.08
4373,22.38,63.0,123.0,0.06,11.2,24.3,48.3,0.36,2.12,245.0,25.8,267.0,237.0
6785,18.02,54.18,90.64,0.52,17.3,20.21,37.77,1.3,2.45,44.31,19.66,61.29,180.92
5716,331.0,835.0,1017.0,2.7,263.0,263.0,274.0,300.0,141.0,3211.0,214.0,3723.0,1823.0
2911,40.0,130.0,224.0,1.0,27.0,51.0,84.0,2.0,5.0,167.0,54.0,128.0,566.0
6660,10.5,18.5,16.5,0.31,9.94,4.91,4.49,2.05,2.82,42.2,2.66,111.0,23.0
4033,5.38,70.1,156.5,0.52,14.1,29.95,80.0,0.89,1.77,38.0,34.1,100.0,343.0
4502,61.25,211.37,340.97,5.59,55.99,77.97,131.25,11.81,13.92,705.56,72.42,1088.91,667.5
1230,1.73,211.39,436.99,0.15,35.73,64.66,132.51,2.04,4.96,177.52,68.1,327.6,1120.89
3178,1.19,70.2,200.0,0.68,9.1,34.3,137.0,0.38,0.77,188.0,50.5,249.0,626.0
6824,101.02,163.78,295.22,3.09,47.53,63.3,122.51,6.09,10.34,283.59,67.38,312.33,583.91
4348,9.19,92.0,175.0,0.46,22.1,35.6,60.7,1.26,3.28,62.0,34.1,107.0,306.0
2575,1.72,121.0,129.0,0.65,19.2,35.6,26.3,0.35,1.84,16.1,23.2,1128.0,199.0
4506,80.62,156.45,220.73,5.96,57.78,53.09,84.31,11.85,16.51,938.25,46.24,519.04,425.76
6722,13.39,65.02,111.52,1.8,23.95,25.39,42.27,2.4,3.34,29.91,22.54,45.2,212.97
6123,18.83,32.0,65.0,0.42,7.6,13.0,32.0,0.4,1.08,112.0,14.0,212.0,146.0
5786,30.6,193.0,310.0,0.61,39.4,75.0,107.0,15.1,11.9,184.58,63.8,328.0,581.0
2042,27.0,84.0,195.4,1.14,15.0,35.6,100.8,1.4,2.4,238.0,46.8,181.0,567.0
3218,8.5,176.0,284.0,0.92,36.0,62.0,124.0,1.53,5.5,180.0,65.0,482.0,629.0
1135,10.27,113.07,222.84,0.25,18.57,33.32,69.32,1.51,3.45,188.1,35.98,175.99,597.44
3745,13.29,113.9,161.2,3.36,38.9,35.0,52.0,3.85,6.4,91.0,28.45,109.0,273.2
4930,1.44,229.08,561.88,0.17,21.31,101.93,336.93,0.51,2.36,102.78,149.9,4570.0,1690.0
165,35.6,109.0,200.0,1.39,23.9,42.8,97.6,2.1,4.18,182.0,44.8,213.0,475.0
5381,3.41,20.11,58.23,0.15,2.43,9.93,42.02,0.41,0.16,50.81,14.92,632.35,173.6
2567,1.52,103.0,106.0,0.53,16.0,29.1,22.6,0.23,1.73,13.5,19.9,1066.0,171.0
5754,85.8,114.0,202.0,1.13,23.8,49.1,97.2,1.45,3.3,203.0,53.5,325.0,419.0
3527,4.22,6.98,21.6,0.06,1.08,3.46,21.2,0.09,0.13,19.0,5.98,78.0,76.7
4404,80.5,144.0,173.0,5.65,64.9,44.1,47.7,16.0,18.2,872.0,30.3,228.0,250.0
3296,13.39,99.9,178.6,0.16,18.1,37.0,63.2,0.7,2.66,58.0,36.6,200.0,329.0
1393,8.25,65.1,98.5,0.22,19.9,23.1,8676.0,4.39,3.63,46.9,20.2,61.2,34.4
2510,2.14,258.0,462.0,0.88,30.0,95.5,161.0,0.6,2.82,34.8,97.7,708.0,994.0
3237,7.58,77.6,183.0,0.2,12.0,33.8,134.0,0.78,1.71,1072.0,46.9,3850.0,557.0
5748,2.83,212.0,409.0,0.16,24.9,93.0,204.0,1.37,3.36,128.0,118.0,2595.0,958.0
1074,712.29,41.74,65.52,122.24,27.39,23.96,43.51,265.1,49.58,479.76,27.77,187.27,154.08
6688,60.3,77.5,143.0,0.87,18.2,30.0,59.4,2.11,3.4,286.0,32.1,246.0,308.0
6304,0.11,0.19,1.29,0.06,19.9,0.22,6.76,0.03,3.63,0.06,0.62,17.94,9.83
6293,37.05,173.0,334.0,2.95,39.49,70.0,168.0,3.11,7.15,481.0,77.0,584.0,762.0
5280,7.19,82.2,193.1,0.79,16.73,37.9,82.4,1.74,6.79,28.02,44.6,95.1,369.0
5217,7.01,44.5,101.5,0.4,7.11,18.4,61.9,0.38,2.27,21.14,26.8,54.6,255.0
3627,4.88,99.3,191.0,0.09,14.8,34.7,76.5,0.44,1.72,56.0,38.3,284.0,382.0
12,28.5,127.04,280.41,1.58,28.94,56.0,119.38,1.17,2.79,196.0,64.12,260.0,593.8
4843,20.8,116.8,147.0,3.29,43.3,36.2,40.1,8.92,12.72,44.43,30.06,94.28,279.7
1344,29.5,248.43,576.31,2.01,49.29,87.47,255.74,3.2,7.47,565.28,108.38,509.48,1884.08
6338,2.15,17.95,43.07,0.5,3.21,9.02,41.74,0.12,0.48,6.42,13.73,359.05,140.17
3924,56.2,174.0,435.0,0.38,28.4,75.4,234.0,1.24,5.25,1674.0,105.6,3033.0,1030.0
3811,13.34,93.9,145.3,0.3,30.5,32.1,52.0,1.93,3.7,252.0,29.4,470.0,270.6
1988,5.2,68.2,122.7,0.26,14.2,25.9,39.9,0.85,2.11,77.0,25.3,84.0,269.0
5075,7.99,42.6,76.1,0.43,9.2,16.1,32.9,0.8,3.98,23.2,18.4,54.5,174.0
3776,1.04,12.2,58.5,0.18,0.92,7.52,53.9,0.26,0.24,2.0,17.7,210.0,241.0
2074,69.9,660.6,1091.6,5.11,126.8,242.3,204.5,7.67,20.87,322.0,203.8,656.0,1808.0
4908,12.95,164.78,246.01,1.79,48.56,58.19,92.9,7.44,11.41,382.38,50.31,327.78,468.02
5455,59.4,115.0,178.0,1.8,33.9,40.7,64.7,11.3,8.97,140.0,34.525000000000006,180.0,409.0
6031,2.2,260.0,338.0,0.1,51.0,83.0,87.0,2.2,5.9,180.0,63.0,870.0,571.0
2015,79.5,104.5,262.6,0.42,16.5,45.6,123.8,1.36,2.76,188.0,62.6,139.0,737.0
7048,51.7,88.81,129.48,0.78,28.92,30.13,46.01,3.54,6.66,43.5,28.79,27.72,270.6
5203,7.06,77.7,148.5,0.42,15.4,31.4,63.0,1.01,5.87,47.2,35.7,151.9,301.0
3671,4.4,94.3,159.1,0.06,16.2,34.9,63.2,0.58,2.17,99.0,35.4,283.0,322.0
3841,4.23,45.3,93.8,0.32,7.6,16.4,40.7,0.27,0.93,28.0,20.0,73.0,185.0
5541,62.3,247.0,476.0,0.32,41.5,93.0,191.0,10.1,8.5,1216.0,103.0,4219.0,1163.0
6781,29.32,135.37,236.96,1.67,40.55,51.94,82.3,5.64,5.49,157.72,48.3,273.62,426.81
5014,13.44,188.0,336.0,1.05,36.6,72.1,134.4,2.84,14.48,137.1,77.6,272.0,625.0
6065,12.0,172.0,238.0,0.2,48.0,57.0,65.0,7.7,16.0,155.0,42.0,255.0,413.0
6443,7.66,43.28,72.92,0.31,9.38,16.38,32.29,2.69,1.38,387.51,15.24,1349.67,156.04
1108,16.61,162.78,336.48,1.08,27.01,49.53,108.34,5.31,4.68,234.55,53.17,409.55,889.22
817,28.19,103.0,210.0,0.86,19.8,42.8,102.0,1.07,2.89,351.0,47.1,500.0,459.0
4433,13.1,107.0,188.0,1.1,25.8,38.4,74.2,1.85,5.8,89.0,37.8,115.0,345.0
224,7.11,50.5,63.0,0.44,15.7,16.8,22.6,2.56,3.94,56.5,16.5,121.0,164.0
2891,156.0,1306.0,1760.0,1.9,372.0,427.0,364.0,87.0,93.9,3597.0,330.0,2035.0,2912.0
6901,55.48,117.08,190.74,2.65,32.68,43.68,74.37,5.14,7.28,86.82,39.63,58.38,378.44
2884,27.0,318.0,639.0,0.4,54.3,123.0,173.0,9.5,12.3,872.0,133.0,1262.0,1341.0
94,11.1,128.0,191.0,1.19,38.4,45.2,56.7,8.53,10.2,60.3,36.0,97.3,314.0
2758,2.36,89.7,196.0,0.16,14.7,36.2,98.0,0.48,1.73,87.0,44.0,534.0,442.0
5434,17.2,20.4,31.0,0.77,6.6,6.96,13.4,1.33,1.88,4.5,34.525000000000006,7.3,74.1
6101,61.0,140.0,212.0,2.7,40.0,47.0,74.0,7.0,9.3,309.0,43.0,197.0,447.0
6497,3.29,62.78,85.15,0.69,24.43,19.99,33.78,0.84,3.1,106.09,17.96,461.78,179.86
6969,180.2,271.65,380.68,2.61,76.53,95.14,114.73,7.47,16.27,567.92,72.87,234.55,642.98
1490,9.5,72.8,101.0,0.4,24.7,23.5,30.9,4.0,6.81,234.0,19.4,125.0,203.0
2257,5.99,150.94,167.67,2.08,52.41,43.63,37.38,7.27,13.89,38.32,34.79,46.87,306.99
708,50.13,101.0,222.0,1.02,20.7,42.9,131.9,5.78,5.46,468.0,53.5,974.0,564.0
6965,90.55,152.28,265.66,3.37,39.78,59.8,101.76,4.88,8.53,209.38,54.99,120.47,532.59
4016,27.7,77.9,149.6,0.69,13.2,31.5,87.2,0.58,2.4,353.0,31.1,834.0,367.0
1478,25.4,115.5,145.7,2.23,42.8,35.4,41.1,9.8,12.8,170.0,26.7,106.0,261.0
2797,25.3,54.0,106.0,1.02,12.8,19.3,52.7,2.73,3.22,284.0,23.8,486.0,236.0
1363,23.8,120.0,233.0,0.85,23.3,48.3,125.0,1.59,4.1,662.0,56.2,3599.0,551.0
3861,4.28,26.2,53.8,0.12,4.5,11.08,31.1,0.32,1.08,40.0,12.4,155.0,134.0
2749,75.8,200.0,282.0,9.68,77.4,66.2,100.0,16.8,23.4,656.0,56.3,343.0,488.0
6865,65.33,130.87,241.91,1.25,28.83,50.36,88.7,3.03,5.66,186.03,53.23,162.8,492.55
161,15.2,695.0,429.0,34.6,298.0,151.0,107.0,19.9,59.2,121.0,68.9,194.0,573.0
7139,7.07,105.0,206.0,0.22,18.0,44.0,88.0,0.67,2.47,106.0,47.0,498.0,436.0
2148,15.3,75.1,135.9,0.46,17.3,27.1,47.5,2.13,3.17,81.0,28.2,62.0,330.0
5251,8.98,32.4,58.9,0.36,6.76,12.59,28.7,0.47,2.74,15.89,14.63,50.3,152.5
1851,61.3,206.9,349.6,2.56,51.9,74.0,119.8,5.65,11.02,245.0,74.2,155.0,793.0
6933,15.56,57.86,88.48,2.2,19.68,19.83,33.4,2.17,4.11,21.65,19.15,13.04,183.74
363,15.9,94.43,189.75,1.38,17.74,39.27,154.14,0.74,2.52,34.72,51.55,98.08,675.48
4300,15.11,42.0,51.0,0.55,16.0,12.9,12.1,1.87,4.23,51.0,8.9,52.0,67.0
4855,10.77,32.3,76.2,0.12,5.17,13.89,33.6,0.27,0.81,21.44,19.55,120.21,211.8
3702,9.7,68.3,135.7,0.34,10.2,27.5,64.4,0.82,1.51,208.0,31.5,524.0,307.0
1736,9.2,45.1,68.2,0.53,12.7,15.7,24.4,1.15,2.07,74.0,14.1,114.0,148.0
4145,9.6,73.6,129.6,0.25,15.3,27.0,53.1,0.5,2.35,84.0,27.2,222.0,284.0
1508,48.8,74.1,145.3,0.97,18.0,29.0,62.6,1.2,2.68,226.0,32.5,176.0,356.0
6144,15.4,311.0,602.0,0.03,52.29,123.0,316.0,7.7,12.45,1525.0,152.0,7790.0,1573.0
4001,9.88,72.3,175.6,0.46,14.7,32.1,106.3,0.5,1.74,177.0,49.7,607.0,518.0
4023,74.6,191.0,282.0,2.94,50.6,70.8,100.9,2.64,6.73,989.0,52.4,1037.0,510.0
3565,2.08,109.6,219.9,0.1,21.3,44.4,90.9,0.64,2.38,73.0,45.4,233.0,418.0
3598,6.6,73.8,132.8,0.44,15.2,29.2,50.6,0.87,2.4,54.0,29.8,129.0,257.0
6517,102.0,105.0,264.0,0.82,24.1,48.0,117.0,40.6,10.8,244.0,64.1,370.0,619.0
6518,31.8,40.5,49.1,1.92,17.0,12.9,16.7,4.15,5.44,63.4,9.81,31.5,88.8
6447,17.47,161.03,278.6,1.32,36.63,61.62,104.54,3.31,5.31,199.5,58.01,625.03,543.05
2060,14.6,81.4,139.7,0.17,17.2,29.4,44.7,1.0,2.69,234.0,28.2,281.0,304.0
6817,37.99,227.09,316.45,6.55,68.06,75.04,99.42,8.59,13.44,157.1,66.47,80.82,597.31
2440,3.23,27.4,16.9,0.64,10.0,5.63,2.78,0.16,0.98,41.3,2.71,2009.0,21.5
6345,1.12,5.7,16.23,0.31,1.13,2.78,20.26,0.04,0.04,1.56,4.94,178.31,62.86
1614,12.9,64.2,118.4,0.24,15.2,24.7,42.3,0.95,2.73,180.0,23.4,248.0,261.0
3630,9.96,124.0,233.0,0.7,22.3,44.1,100.6,1.56,3.88,160.0,47.0,299.0,466.0
7106,4.13,79.0,106.0,0.18,20.0,27.0,34.0,1.54,3.96,181.0,21.0,604.0,181.0
2810,21.4,17.0,35.3,0.41,4.98,6.83,25.1,0.44,0.83,502.0,8.8,1087.0,94.4
131,39.4,293.0,500.0,1.61,72.1,110.0,176.0,12.4,16.1,1061.0,103.0,1620.0,945.0
913,20.86,56.86,114.7,0.45,12.4,23.53,56.61,0.65,2.28,205.0,26.01,358.61,257.66
6485,1.26,15.0,7.28,0.31,11.1,3.03,1.38,0.78,2.51,46.26,1.1,416.17,8.37
2186,22.6,101.2,146.7,2.92,33.2,31.8,48.3,8.64,8.92,249.0,29.2,122.0,336.0
4144,8.71,45.9,107.0,0.28,9.37,19.6,65.4,0.48,1.46,75.0,25.2,183.0,271.0
2239,14.8,110.6,206.8,0.53,23.7,39.8,71.5,1.7,4.08,171.0,42.2,310.0,492.0
1904,20.9,69.9,131.4,0.33,13.2,27.3,55.0,0.65,2.09,119.0,29.1,123.0,314.0
16,8.88,26.14,53.64,0.38,4.66,9.61,29.13,0.12,0.53,32.0,13.51,67.0,138.13
7024,14.1,87.1,136.54,0.67,20.24,30.01,46.04,1.75,3.8,38.28,30.27,45.64,276.67
5358,22.3,43.4,99.0,0.23,9.72,21.0,54.0,0.78,1.39,114.0,25.3,177.0,222.0
765,31.07,61.0,124.0,0.72,13.1,25.2,69.4,1.34,2.2,434.0,29.2,509.0,301.0
4000,29.9,123.6,178.0,1.32,21.3,41.8,101.9,1.54,4.67,317.0,43.8,594.0,459.0
3018,19.7,145.1,211.0,1.12,45.8,50.3,72.2,7.32,9.65,272.0,43.9,263.0,383.0
2763,6.25,113.6,264.0,0.37,18.1,48.7,135.6,0.54,2.17,122.0,59.7,1353.0,592.0
850,71.11,154.05,272.26,5.0,45.54,57.68,133.17,8.98,10.73,1469.04,60.59,1258.64,604.37
5942,27.0,126.0,257.0,0.8,29.0,49.0,116.0,5.9,5.3,269.0,57.0,350.0,642.0
6571,21.8,90.8,161.0,1.94,24.4,36.2,66.7,4.01,4.71,46.0,33.5,54.0,320.0
3966,11.0,54.1,78.9,0.18,9.6,16.9,43.0,0.42,1.8,125.0,20.9,323.0,230.0
2404,1.23,112.0,150.0,0.43,16.0,35.7,45.7,0.26,1.47,17.5,30.0,1403.0,289.0
4446,31.62,66.35,126.91,0.58,16.13,27.2,59.12,9.17,4.17,98.94,28.1,248.34,271.64
6490,19.97,77.97,153.09,0.54,15.36,32.44,69.31,0.95,1.62,114.98,34.88,234.09,343.19
3197,6.26,189.0,375.0,1.06,38.2,72.2,135.9,2.07,5.2,145.0,77.3,356.0,710.0
1439,3.7,101.9,186.4,0.35,21.4,38.7,71.9,1.22,3.49,135.0,39.0,287.0,405.0
4629,9.05,48.3,84.2,0.15,10.07,17.79,28.3,0.86,2.04,45.66,18.47,73.79,182.3
6947,32.79,55.55,97.47,0.57,12.79,21.81,42.44,1.25,2.25,83.38,21.99,84.07,218.45
5277,8.0,113.4,233.1,1.02,22.68,52.0,81.0,2.5,9.35,37.2,51.9,87.0,403.0
1098,13.63,125.85,244.99,0.33,20.82,37.3,70.15,1.46,3.41,336.33,37.49,367.43,603.98
1396,8.2,29.2,55.5,0.36,6.7,11.2,23.3,0.98,1.53,47.0,11.9,65.0,135.0
1639,11.3,57.4,100.3,0.35,12.8,21.3,36.2,1.18,2.37,79.0,20.4,87.0,225.0
5076,6.58,20.31,40.6,0.19,3.79,7.96,23.13,0.3,1.53,18.37,11.12,56.7,129.1
1990,23.8,100.1,188.4,0.85,22.5,37.7,78.4,1.81,4.12,140.0,41.5,88.0,479.0
2387,40.52,73.22,149.0,1.41,16.86,30.13,81.28,1.15,2.86,446.0,36.97,422.0,409.0
1391,26.0,124.0,240.0,1.32,25.6,48.1,114.0,1.72,4.26,520.0,52.8,2033.0,723.0
1882,26.7,117.7,203.2,1.3,29.6,43.5,75.0,2.56,5.05,93.0,40.9,66.0,427.0
2518,1.44,133.0,183.0,0.37,13.2,42.4,39.4,0.12,1.32,9.5,34.0,541.0,308.0
5956,15.0,84.0,128.0,0.8,24.0,28.0,44.0,4.4,5.2,213.0,26.0,356.0,256.0
3735,5.09,25.7,56.3,1.02,6.8,10.32,35.3,0.65,1.58,26.0,12.27,81.0,150.0
7158,18.0,135.0,199.0,0.75,40.0,48.0,67.0,13.0,12.0,236.0,40.0,741.0,349.0
2310,54.6,139.0,230.0,2.8,67.0,41.6,64.2,34.0,21.2,408.4,39.3,413.0,364.0
6900,35.01,101.52,191.34,2.17,23.81,40.7,81.94,2.51,5.02,111.35,41.89,100.09,415.95
2825,6.09,119.0,222.0,0.49,23.5,44.9,84.3,1.09,3.55,154.0,46.6,1010.0,454.0
2622,0.89,171.0,261.0,0.4,16.1,61.9,79.5,1.56,1.49,8.39,54.3,674.0,505.0
1138,9.85,52.48,87.42,0.23,12.34,13.95,30.77,1.12,2.25,304.8,14.42,271.18,252.61
181,81.2,56.2,104.0,1.7,16.5,21.8,52.7,33.8,7.4,227.0,24.2,309.0,250.0
1992,40.5,93.8,175.7,0.82,19.3,35.3,69.1,1.42,3.49,101.0,38.5,94.0,441.0
1907,21.3,69.8,136.3,0.38,14.0,27.1,54.8,0.61,1.87,126.0,29.9,129.0,318.0
2632,0.8,235.0,474.0,0.62,20.5,93.4,224.0,0.31,1.77,11.8,117.0,1338.0,1273.0
5950,55.0,75.0,143.0,0.8,16.0,28.0,62.0,13.0,4.7,264.0,30.0,276.0,356.0
4910,53.95,192.39,306.94,1.67,51.23,70.08,119.63,8.18,11.27,927.3,64.7,1160.0,593.4
1819,22.6,145.0,222.7,2.31,41.1,50.8,70.0,4.16,8.21,144.0,44.0,66.0,460.0
2078,14.2,119.8,218.1,0.84,24.4,43.5,78.3,1.27,3.93,69.0,43.2,66.0,460.0
6850,80.96,158.91,278.09,2.78,49.66,61.37,112.41,6.72,11.83,354.4,63.96,308.18,562.07
4307,0.74,23.0,18.0,0.59,15.73,5.2,2.9,1.6,4.92,513.0,2.7,730.0,19.0
5599,10.9,234.0,423.0,0.05,38.1,88.0,148.0,1.7,6.1,655.0,87.0,3240.0,913.0
5554,17.9,226.0,440.0,0.08,35.3,86.0,186.0,1.8,5.3,1003.0,97.0,4771.0,1119.0
4426,5.76,193.0,309.0,0.78,53.7,69.2,94.1,3.53,7.9,136.0,56.9,223.0,494.0
6728,19.33,90.9,161.66,1.33,27.93,34.73,64.36,2.04,3.83,58.13,35.0,94.98,329.87
6363,0.94,17.96,9.76,0.01,9.14,3.67,1.37,0.21,2.12,48.97,1.35,823.72,8.7
3188,2.18,126.0,219.0,0.09,25.4,46.2,72.1,1.38,3.83,102.0,51.7,306.0,380.0
368,10.25,63.19,131.9,0.95,11.26,26.76,114.71,0.6,1.71,19.26,36.68,60.39,477.59
3617,21.3,31.4,72.9,0.12,5.82,12.99,44.6,0.5,1.0,158.0,17.4,211.0,197.0
2238,0.6,168.5,284.0,0.08,26.8,58.6,87.7,0.83,3.43,58.0,56.2,307.0,635.0
1338,43.53,261.93,581.91,2.29,50.55,91.91,240.48,3.88,7.8,695.63,107.06,544.42,1830.56
337,19.89,131.77,257.01,2.24,24.61,54.08,184.93,1.69,4.19,44.43,68.92,118.05,839.44
3779,8.53,52.3,104.8,0.35,13.1,19.5,54.3,0.76,1.95,89.0,24.2,215.0,262.0
1156,30.22,47.1,76.26,0.7,12.62,16.81,30.0,1.4,2.7,78.96,16.14,71.21,151.32
4010,29.7,156.0,318.0,1.37,37.8,59.4,121.6,2.59,4.98,292.0,76.5,674.0,698.0
2080,7.6,133.3,220.4,0.9,35.9,48.1,73.5,3.73,7.68,80.0,43.2,72.0,430.0
3537,39.7,56.5,95.8,0.91,19.6,23.24,37.6,2.49,4.56,186.0,21.1,139.0,185.0
2874,93.0,815.0,1301.0,1.9,178.0,287.0,276.0,38.5,42.0,3043.0,257.0,2737.0,2260.0
729,30.92,71.0,151.0,0.66,13.9,30.3,86.2,1.2,2.12,369.0,36.4,596.0,375.0
1009,110.57,92.32,166.19,66.88,32.16,34.9,51.6,39.01,30.04,97.08,33.49,91.14,406.01
2226,36.5,66.6,149.9,0.36,10.6,26.9,69.7,0.53,1.64,270.0,34.2,225.0,428.0
6695,42.8,182.0,304.0,4.44,50.7,68.9,116.0,6.69,11.5,134.0,63.3,169.0,590.0
5223,5.4,34.5,85.1,0.32,5.17,14.62,63.4,0.34,1.83,48.3,24.2,162.2,251.0
769,38.89,185.0,382.0,1.49,32.1,78.5,178.0,4.43,4.33,757.0,87.3,1569.0,835.0
864,89.94,223.79,375.07,7.81,70.83,83.39,172.51,12.32,16.67,2173.58,81.21,1566.67,789.76
6317,0.22,0.09,0.6,0.16,0.05,0.15,1.85,0.0,0.02,0.24,0.4,3.19,3.95
3781,7.95,48.4,79.9,0.09,12.5,17.1,31.5,0.59,1.38,46.0,17.01,222.0,178.2
6462,1.65,21.96,10.51,0.24,16.16,4.45,1.42,1.55,4.19,54.84,1.35,696.94,9.47
6680,44.9,382.0,577.0,2.0,94.5,142.0,155.0,4.4,12.6,139.0,106.0,222.0,875.0
1216,18.85,99.65,197.22,0.3,20.48,29.46,55.4,1.49,3.48,134.74,29.42,92.44,482.55
2628,1.05,141.0,181.0,0.51,16.4,46.8,37.3,0.18,1.55,7.02,33.6,427.0,288.0
1329,38.35,362.14,758.83,4.04,83.36,121.87,294.21,7.34,15.27,783.52,136.41,622.86,2302.45
6877,24.91,106.65,149.36,5.4,40.05,35.11,52.94,7.58,10.51,47.09,30.53,24.6,301.8
3414,26.9,86.0,165.0,0.53,17.6,34.6,81.0,0.92,2.83,265.0,36.8,355.0,365.0
4194,11.05,178.0,285.0,1.92,51.0,64.4,91.1,6.77,11.46,89.0,55.5,132.0,479.0
1136,5.87,138.85,110.14,0.68,47.31,26.23,13.27,8.02,11.98,150.79,12.29,178.6,146.95
3069,5.29,30.7,63.0,0.13,4.83,13.01,31.7,0.14,0.42,53.0,16.95,222.0,154.7
1426,26.2,73.7,144.3,0.29,12.8,28.6,61.9,2.07,2.19,187.0,31.2,227.0,357.0
5866,0.93,8.71,19.8,0.29,2.01,3.92,20.7,0.54,0.62,11.8,5.56,116.0,72.9
5060,3.66,14.09,22.0,0.51,4.34,4.98,11.84,0.64,2.43,7.75,5.28,29.6,69.7
3100,5.82,47.5,105.0,0.18,7.2,19.8,54.9,0.09,0.59,110.0,27.2,455.0,271.0
2591,2.25,40.9,17.8,0.5,8.75,7.27,2.05,0.09,0.74,14.1,2.09,1270.0,15.2
4700,21.3,63.1,97.5,0.58,14.6,22.2,31.0,1.42,2.92,65.03,20.64,97.5,203.4
6610,28.0,134.0,221.0,1.51,35.6,49.5,83.5,6.86,7.93,129.0,46.2,94.1,435.0
287,38.9,173.0,149.0,9.39,82.9,44.6,33.8,12.4,21.1,771.0,25.8,841.0,207.0
2585,0.63,228.0,423.0,0.42,22.4,86.5,173.0,0.29,2.29,16.2,106.0,8300.0,1147.0
3113,38.0,234.0,375.0,1.81,47.8,84.9,140.7,4.9,5.92,575.0,89.0,567.0,766.0
4868,19.8,192.7,262.9,1.14,56.7,63.9,64.7,8.68,14.45,58.26,52.6,178.1,464.0
103,24.9,57.8,127.0,0.57,10.6,24.6,63.6,0.63,1.8,150.0,28.7,294.0,300.0
3960,10.46,55.2,100.5,0.5,10.1,18.7,54.6,0.54,1.88,100.0,27.6,285.0,274.0
1644,16.1,71.3,126.0,0.54,14.8,26.1,46.6,0.69,2.17,95.0,26.6,95.0,283.0
3059,11.37,92.2,123.9,0.84,21.9,29.6,39.7,1.75,2.24,94.0,27.3,188.0,229.0
3633,7.17,133.1,255.0,0.38,24.5,52.9,103.8,1.07,3.11,130.0,56.3,328.0,507.0
1960,21.1,74.9,133.7,0.25,18.1,28.3,47.8,1.21,2.55,223.0,27.7,262.0,289.0
6103,3.7,152.0,261.0,0.5,36.0,56.0,94.0,3.5,7.0,203.0,51.0,267.0,544.0
3344,29.2,67.0,81.6,1.9,26.1,20.3,31.6,6.75,8.5,128.0,17.3,113.0,158.0
6302,2.59,8.23,21.52,0.44,1.33,3.78,20.99,0.05,0.19,21.44,5.46,96.25,67.91
6792,68.0,191.0,191.0,2.0,88.0,51.0,35.0,19.0,33.0,1785.0,32.0,714.0,236.0
2296,6.18,230.3,310.32,2.03,65.48,78.27,88.72,5.29,14.6,107.55,68.36,112.03,630.96
247,9.0,195.0,341.0,1.06,42.1,75.9,126.0,3.78,6.18,264.0,76.2,257.0,707.0
4163,19.96,162.3,282.0,0.75,38.2,57.1,97.3,1.45,5.52,447.0,56.7,574.0,511.0
5893,27.9,103.0,138.0,1.14,33.6,33.7,46.3,5.05,8.98,185.0,28.9,282.0,269.0
237,25.1,130.0,207.0,0.86,38.7,48.8,80.2,9.35,8.75,164.0,44.1,176.0,403.0
4624,18.33,135.9,198.3,1.6,32.0,45.6,62.5,5.3,8.87,38.59,41.73,62.09,402.0
1390,36.0,137.0,265.0,1.21,26.2,52.6,116.0,1.23,3.64,497.0,57.4,1849.0,762.0
2539,2.21,92.0,81.0,0.55,17.8,24.6,16.3,0.34,1.9,19.6,14.6,820.0,122.0
3338,8.59,42.1,77.0,0.9,12.6,16.0,41.5,1.12,2.06,47.0,17.1,85.0,176.0
204,971.0,200.0,231.0,15.5,87.4,58.1,73.5,327.0,66.9,1502.0,44.7,1089.0,400.0
5612,31.5,111.0,211.0,0.32,21.3,41.0,87.0,1.8,3.6,642.0,46.0,1619.0,508.0
291,32.5,196.0,385.0,1.27,37.8,81.3,165.0,16.7,8.5,632.0,84.6,1138.0,781.0
6848,45.9,75.25,131.84,1.35,20.32,28.32,57.81,2.15,3.89,184.69,31.27,186.77,268.85
1748,6.5,33.1,68.7,0.12,6.8,12.8,26.9,0.49,1.08,115.0,14.1,144.0,155.0
2040,19.4,97.5,192.5,0.35,18.9,37.6,73.7,1.16,2.67,198.0,41.6,175.0,462.0
5665,3.84,131.7,244.3,0.57,15.61,54.68,74.72,0.45,1.61,37.08,57.62,321.7,553.1
6975,19.26,54.88,90.44,2.27,16.46,20.64,38.38,2.38,4.06,25.34,19.12,18.8,186.97
885,88.35,159.12,290.0,1.91,40.21,61.27,133.83,15.38,9.36,1042.34,64.34,1352.13,624.14
105,2.51,163.0,306.0,0.25,33.7,66.3,115.0,1.81,5.27,95.0,64.1,308.0,600.0
6777,19.49,49.82,88.37,0.36,14.28,18.58,38.58,0.86,2.06,78.52,20.15,86.35,186.11
5560,51.1,719.0,1225.0,0.25,141.4,243.0,554.0,42.1,48.8,3056.0,285.0,20973.0,3388.0
4604,30.78,10.39,7.04,1.09,8.13,2.2,1.32,4.1,3.53,65.54,1.11,52.52,7.14
5577,22.9,94.0,173.0,0.18,20.7,35.0,63.0,5.6,3.2,327.0,35.0,871.0,390.0
4878,12.03,122.3,181.5,0.6,38.9,42.0,55.1,6.31,9.6,98.01,39.2,177.5,377.0
6519,1.02,8.26,6.7,0.51,2.63,2.23,1.67,0.41,0.47,2.03,1.15,182.0,9.97
3758,12.05,80.5,141.3,0.2,19.2,30.4,51.5,1.12,2.23,54.0,29.5,144.0,279.0
6114,10.68,97.0,206.0,0.5,19.4,41.0,125.0,2.83,3.71,363.0,51.0,815.0,543.0
7112,136.0,103.0,187.0,0.49,23.0,41.0,74.0,41.0,9.26,155.0,41.0,556.0,374.0
1081,3279.67,323.57,443.39,1040.84,226.87,197.72,286.07,345.43,304.6,3455.56,208.92,1592.82,841.94
4034,4.71,31.9,86.4,0.43,5.34,15.7,76.9,0.55,0.9,23.0,22.7,106.0,271.0
3825,4.07,266.0,500.0,2.53,54.7,104.4,151.0,2.06,7.79,18.0,94.9,25.0,769.0
3988,6.79,140.0,232.0,0.24,24.8,49.3,95.4,0.82,3.06,148.0,55.1,490.0,520.0
4927,1.71,195.59,452.0,0.08,20.11,85.68,263.61,0.49,2.05,134.62,120.24,3949.68,1260.0
4985,16.6,180.5,334.0,4.18,40.2,70.4,179.4,1.97,15.48,80.0,85.0,147.1,751.0
6090,1.9,27.0,53.0,0.1,14.0,9.0,42.0,1.4,3.2,139.0,15.0,431.0,204.0
2537,1.51,66.8,70.1,0.41,10.8,19.1,15.7,0.13,1.19,12.0,12.7,579.0,107.0
809,32.57,85.1,192.0,1.28,18.5,37.2,112.0,7.25,3.83,286.0,46.1,440.0,477.0
995,59.4,48.0,111.0,0.41,9.56,20.9,64.9,1.36,1.7,155.0,28.1,154.0,296.0
2935,42.0,146.0,213.0,4.0,46.0,54.0,66.0,10.0,11.0,130.0,50.0,86.0,539.0
5104,13.0,51.8,101.4,0.48,9.5,20.62,60.5,0.99,3.74,200.0,27.5,630.0,265.0
2328,24.3,168.0,218.0,19.5,34.0,55.7,75.0,1.56,37.0,97.2,42.3,144.8,374.0
3531,10.99,46.4,77.0,0.38,11.1,17.47,34.5,1.01,2.03,54.0,17.75,106.0,159.0
5931,19.0,175.0,281.0,0.3,42.0,63.0,91.0,6.1,6.9,478.0,55.0,848.0,551.0
1949,17.1,66.1,122.8,0.28,14.7,25.2,46.4,1.06,2.13,196.0,26.2,221.0,283.0
3208,14.9,255.0,364.0,1.03,55.1,86.5,143.0,2.92,10.51,245.0,81.6,418.0,738.0
5973,29.0,85.0,58.0,3.3,20.0,32.0,55.0,15.0,20.0,451.0,11.0,323.0,353.0
4379,19.2,100.0,191.0,0.63,21.7,38.1,77.9,1.3,3.74,146.0,38.4,147.0,359.0
1746,9.7,73.4,121.2,0.11,15.7,26.0,36.4,1.28,2.73,111.0,23.7,139.0,241.0
6404,0.56,17.82,9.1,0.21,9.55,3.32,1.55,0.67,1.8,24.9,1.4,749.67,10.53
6512,84.5,140.0,244.0,3.47,38.1,53.6,109.0,5.17,8.46,780.0,56.0,701.0,550.0
3985,27.7,97.0,182.0,0.53,19.6,42.8,88.0,0.74,2.48,265.0,39.5,467.0,358.0
5758,270.0,210.0,375.0,4.27,51.2,90.3,178.0,4.7,9.71,1029.0,100.0,844.0,776.0
5592,17.1,75.0,139.0,0.19,16.2,28.0,52.0,1.0,3.2,386.0,29.0,816.0,317.0
2572,1.92,110.0,109.0,0.65,18.1,31.1,22.1,0.22,2.12,16.6,20.6,1123.0,171.0
1568,12.4,76.8,157.3,0.43,14.6,29.6,62.2,0.53,2.1,72.0,32.1,103.0,376.0
2028,11.7,53.7,100.2,0.23,11.8,20.2,34.9,0.86,1.9,95.0,20.3,164.0,223.0
1974,7.0,15.0,31.2,0.12,3.1,5.8,17.2,0.44,0.77,70.0,7.2,468.0,91.0
3500,1.91,223.0,405.0,0.06,38.5,91.6,152.8,1.1,4.72,215.0,81.6,490.0,717.0
3429,4.25,68.5,156.0,0.53,11.9,30.8,90.0,0.43,1.44,10.0,35.3,24.0,364.0
2059,68.1,160.6,289.5,1.2,33.2,58.9,103.2,2.9,6.38,329.0,61.0,271.0,679.0
4568,9.92,10.89,8.6,0.97,6.56,2.76,1.55,0.73,1.98,106.94,1.26,56.91,9.07
2003,17.4,160.8,261.2,1.99,41.9,57.0,86.9,3.73,7.89,176.0,53.9,121.0,574.0
2733,2.86,47.8,83.8,0.16,11.37,16.71,32.8,0.57,1.68,96.0,17.1,521.0,151.0
4817,12.2,62.0,117.0,1.52,15.3,23.5,61.3,2.7,3.9,107.92,29.4,183.12,330.0
1237,2.34,117.19,185.42,0.14,22.37,31.24,45.02,1.83,3.81,167.74,26.79,393.87,404.95
3981,8.97,62.9,115.0,0.33,9.6,25.0,61.0,0.38,1.32,160.0,24.2,430.0,281.0
5038,6.5,42.2,69.8,1.04,10.1,15.4,32.4,0.66,4.12,38.0,17.3,161.0,169.0
6384,0.9,25.27,16.73,0.35,11.26,5.92,3.25,0.61,1.84,35.58,2.57,778.82,19.01
2472,0.76,23.0,5.97,0.26,4.54,2.97,0.53,0.03,0.16,6.65,0.69,747.0,4.23
6873,23.53,95.7,152.17,2.53,29.18,33.9,54.91,8.39,7.16,53.65,33.18,34.17,313.6
1181,2.56,171.81,177.76,1.58,50.6,50.15,46.14,3.83,10.03,84.83,32.42,344.23,262.1
2267,10.75,117.02,148.88,1.43,37.41,38.51,34.19,6.6,12.0,84.93,30.71,168.24,290.81
1382,43.9,176.0,268.0,2.78,45.9,60.2,98.0,5.18,9.54,439.0,53.8,782.0,685.0
6055,7.4,87.0,141.0,0.1,21.0,31.0,47.0,1.5,3.7,162.0,29.0,287.0,293.0
1832,79.6,132.5,193.4,3.76,46.6,43.3,62.7,8.68,12.98,324.0,38.8,109.0,408.0
5825,21.8,328.0,516.0,0.96,79.4,125.0,177.0,19.2,16.1,477.73,107.0,699.98,779.0
959,16.3,91.5,190.0,1.35,15.8,38.8,94.7,0.84,2.39,103.0,43.1,380.0,459.0
3623,10.62,204.0,365.0,0.77,38.5,72.9,136.0,1.58,5.6,82.0,71.3,233.0,698.0
4138,6.32,131.3,391.0,0.36,18.4,66.1,300.0,0.66,1.98,37.0,104.8,141.0,1119.0
6246,12.58,37.0,88.0,0.06,6.11,17.0,48.0,0.41,0.65,97.0,21.0,210.0,213.0
6011,18.0,90.0,172.0,0.2,18.0,36.0,67.0,1.1,3.7,529.0,37.0,1226.0,383.0
2489,2.41,89.2,83.3,0.52,13.0,23.9,15.8,0.16,1.01,14.4,13.5,549.0,113.0
4408,15.41,14.0,27.0,0.17,3.31,5.2,17.9,0.07,0.48,115.0,6.0,428.0,72.0
1488,27.7,81.8,155.2,0.45,17.1,31.5,61.3,1.31,2.91,102.0,34.0,125.0,370.0
2022,16.5,77.0,118.0,1.04,23.7,26.2,40.4,3.11,5.32,190.0,24.4,149.0,262.0
3457,12.2,70.0,145.6,0.35,14.3,29.9,62.1,0.5,1.76,136.0,30.2,181.0,268.0
1127,22.42,81.21,130.56,1.2,19.01,21.21,38.98,2.03,3.97,179.91,19.55,222.08,323.64
2736,2.51,47.5,88.3,0.19,9.6,18.0,37.3,0.41,1.57,77.0,19.7,626.0,178.0
1700,29.6,78.0,150.3,0.21,14.3,29.8,61.6,0.72,2.09,249.0,33.8,340.0,381.0
741,25.46,57.3,124.0,0.61,11.1,24.8,67.5,2.74,1.96,308.0,29.4,560.0,299.0
5643,30.8,222.0,341.0,0.72,47.1,74.0,112.0,5.0,11.2,549.0,67.0,908.0,705.0
4198,13.57,193.0,296.0,0.33,53.1,68.5,88.9,4.74,10.0,226.0,56.5,360.0,473.0
6029,11.0,137.0,253.0,1.9,29.0,51.0,102.0,2.1,4.3,303.0,54.0,1410.0,569.0
6599,8.65,52.4,92.7,0.72,12.3,20.0,34.7,1.32,2.21,36.1,19.2,97.3,181.0
2187,22.6,101.2,146.7,2.92,33.2,31.8,48.3,8.64,8.92,249.0,29.2,122.0,336.0
2349,48.29,150.9,182.38,6.25,62.59,47.8,55.81,12.38,17.52,118.76,42.18,133.83,403.38
4936,18.83,293.38,398.29,1.8,87.18,99.53,126.12,10.18,18.54,541.91,77.0,623.22,678.22
2392,44.45,81.66,159.0,1.74,19.19,32.76,83.64,1.19,3.4,464.0,40.21,497.0,457.0
2341,22.7,17.0,47.0,0.59,19.9,5.8,46.0,1.56,3.63,214.0,14.7,666.0,185.0
2821,4.19,78.5,120.3,0.38,21.0,26.9,43.8,0.96,3.37,132.0,24.5,855.0,211.0
2767,4.02,125.7,297.0,0.3,19.8,53.9,142.6,0.48,2.21,162.0,67.0,1656.0,680.0
882,15.62,52.61,93.26,0.52,13.05,20.3,42.07,1.02,2.44,133.2,20.08,202.31,194.78
2990,33.8,175.0,321.0,3.74,44.2,65.1,124.7,4.8,7.8,186.0,65.3,144.0,607.0
3151,63.9,126.9,239.0,1.26,29.1,49.7,136.1,1.69,2.59,535.0,63.4,1512.0,634.0
6286,15.03,73.0,132.0,1.18,21.69,30.0,61.0,1.99,3.25,163.0,29.0,167.0,281.0
1414,9.3,148.2,244.0,0.47,37.6,51.7,86.8,2.93,6.59,267.0,48.1,123.0,513.0
5772,10.9,64.9,118.0,0.58,13.3,26.2,49.4,5.48,3.01,207.67,25.9,611.47,208.0
3082,21.1,77.8,125.7,0.98,14.7,28.0,56.4,1.75,2.27,207.0,31.6,337.0,289.0
6732,7.97,49.3,79.87,0.31,13.76,17.87,30.98,0.77,1.86,91.08,18.31,191.51,166.34
3696,8.7,107.4,204.0,0.42,17.4,41.9,92.6,0.79,3.16,170.0,45.2,472.0,455.0
5766,33.0,378.0,617.0,1.11,86.3,148.0,205.0,26.5,17.4,1306.04,127.0,1707.55,906.0
2665,11.0,36.0,58.1,1.8,12.9,12.48,24.2,3.78,3.37,163.0,12.1,167.0,108.7
3695,10.4,69.6,145.0,0.23,9.79,28.8,67.8,0.46,1.26,167.0,32.6,464.0,334.0
5672,8.73,348.1,516.8,1.84,82.53,129.4,162.6,7.37,12.17,89.53,116.1,122.6,1025.0
6949,31.87,68.45,114.45,1.26,18.52,25.93,46.25,1.7,3.36,68.44,24.35,56.76,238.57
5079,8.5,48.5,87.4,0.59,11.69,18.8,41.7,1.07,5.82,27.41,21.49,71.3,195.6
5697,86.2,84.8,202.0,6.42,21.2,33.7,210.0,25.3,15.2,737.0,70.1,1822.0,922.0
2495,2.02,174.0,308.0,0.69,23.2,62.0,114.0,0.41,2.71,46.7,66.6,693.0,700.0
2147,10.2,78.8,132.7,1.41,20.0,27.4,47.3,2.31,4.63,69.0,27.3,57.0,319.0
1166,13.52,109.11,192.16,1.58,27.22,42.31,79.32,3.47,5.53,96.55,41.18,295.5,385.66
3435,5.76,80.0,102.9,0.75,26.9,26.4,32.2,3.28,6.7,36.0,20.0,74.0,177.3
5414,122.9,288.2,362.3,10.42,70.0,86.0,235.0,89.06,36.69,264.0,100.1,6039.0,1237.0
3839,22.6,317.0,638.0,1.44,63.2,125.7,213.7,2.14,7.0,31.0,146.3,68.0,1214.0
3497,38.6,48.0,104.0,0.62,11.9,20.9,60.2,0.85,2.29,200.0,25.2,454.0,272.0
5006,30.3,83.1,178.3,1.51,17.9,34.9,105.9,0.93,5.88,341.0,48.0,891.0,437.0
1308,22.88,184.27,450.59,1.42,34.71,67.56,204.34,2.29,5.47,298.88,84.82,330.86,1443.2
3591,3.42,158.3,226.7,1.53,43.1,54.3,73.9,4.47,10.68,20.0,42.0,51.0,375.0
2142,39.9,81.7,154.5,0.68,17.1,30.3,57.5,1.32,2.64,80.0,32.4,55.0,392.0
3846,11.0,54.5,109.5,0.22,10.9,21.4,55.4,0.39,1.52,115.0,27.8,100.0,290.0
5616,34.3,154.0,258.0,0.38,31.2,53.0,102.0,2.0,5.1,706.0,55.0,1534.0,610.0
5879,15.7,19.1,49.5,0.42,3.96,8.56,41.4,0.96,1.14,64.6,13.1,112.0,164.0
6896,38.75,100.49,177.46,1.99,23.83,39.21,71.55,2.5,4.27,108.36,37.64,96.57,372.14
4819,21.1,72.0,134.0,1.3,18.2,26.6,63.6,2.01,3.35,92.21,32.0,202.32,350.0
1935,10.9,91.0,159.1,0.33,20.4,32.8,49.8,1.28,2.62,164.0,31.1,191.0,324.0
254,6.88,75.4,149.0,0.69,14.8,31.4,60.3,1.02,3.86,162.0,35.5,336.0,351.0
5608,5.1,92.0,150.0,0.22,20.6,33.0,51.0,1.2,3.0,162.0,29.0,405.0,305.0
5010,23.8,101.0,192.2,1.93,17.9,36.1,123.4,1.09,8.03,229.0,54.4,1180.0,519.0
3349,31.5,79.7,152.4,0.42,16.1,31.3,69.4,0.74,2.25,97.0,33.3,174.0,315.0
3679,7.7,82.0,155.9,0.46,12.1,31.1,69.4,0.76,2.3,129.0,34.3,328.0,334.0
6508,19.2,55.4,103.0,0.33,11.1,22.5,43.7,1.06,1.96,90.1,24.0,186.0,228.0
6087,9.9,244.0,428.0,2.4,54.0,88.0,142.0,3.9,11.0,681.0,87.0,1085.0,905.0
5291,17.82,41.6,81.1,0.53,8.14,16.18,48.8,0.37,2.68,69.8,21.61,144.5,215.4
6494,0.95,14.72,7.06,0.19,11.64,3.05,0.82,0.72,3.63,55.09,0.74,525.22,6.66
5674,3.61,151.7,283.0,0.62,15.01,64.46,82.29,0.37,1.91,42.71,68.4,274.9,625.2
6075,46.0,96.0,168.0,0.6,24.0,35.0,67.0,2.8,4.0,534.0,35.0,541.0,393.0
6894,14.29,42.76,66.45,1.68,12.54,15.29,26.46,1.5,2.65,18.54,14.62,10.72,138.41
1607,27.7,134.6,244.3,0.61,28.0,48.4,89.1,2.5,5.53,343.0,50.0,230.0,570.0
4078,17.16,87.5,179.3,0.44,17.3,36.2,90.0,1.64,2.84,527.0,39.3,956.0,407.0
2216,11.4,105.0,178.8,1.4,29.0,36.5,64.0,3.22,6.64,80.0,36.8,211.0,428.0
5642,35.9,236.0,373.0,0.1,46.8,79.0,126.0,6.3,9.8,1102.0,76.0,2846.0,802.0
2646,24.4,77.4,133.0,1.91,21.8,27.8,46.9,1.12,3.23,281.0,26.2,274.0,226.0
1823,5.1,97.9,134.5,0.27,32.4,31.4,38.6,4.44,8.54,81.0,26.6,72.0,266.0
1953,13.4,75.7,97.3,0.36,25.2,23.5,29.4,2.11,5.11,601.0,18.4,227.0,183.0
3847,7.02,88.8,158.0,0.15,18.1,33.5,54.5,1.1,2.93,42.0,33.7,103.0,298.0
4049,10.37,61.4,111.3,0.36,13.2,25.18,52.9,0.6,1.66,196.0,24.4,415.0,233.0
1327,18.89,266.89,623.37,2.58,51.05,97.31,267.28,4.83,9.4,452.53,113.97,426.83,1970.71
6779,41.67,63.65,116.14,0.63,19.46,24.7,50.25,0.93,2.42,73.27,25.61,69.43,248.05
320,6.89,27.41,57.66,0.58,5.38,11.48,52.97,0.65,0.9,12.52,16.86,47.85,221.33
1709,21.0,72.8,143.6,0.48,13.7,27.8,66.9,0.85,2.42,366.0,32.8,691.0,381.0
6113,62.4,191.0,251.0,5.34,70.73,63.0,85.0,35.33,26.1,410.0,52.0,361.0,445.0
246,47.8,322.0,503.0,4.16,76.7,117.0,160.0,5.27,14.2,321.0,113.0,237.0,1020.0
268,1.15,290.0,496.0,0.28,46.3,111.0,161.0,1.2,4.48,105.0,100.0,453.0,851.0
361,48.78,221.85,428.29,2.84,41.19,90.52,311.24,2.22,6.01,124.15,116.55,252.28,1450.74
4940,4.99,217.83,445.13,0.34,30.47,91.02,193.39,2.64,4.3,229.16,106.78,2520.0,1020.0
1719,10.4,21.6,39.8,0.87,6.5,7.7,22.5,1.32,1.74,55.0,9.4,80.0,119.0
2010,23.2,98.9,155.7,1.29,28.1,34.2,54.3,3.92,6.41,236.0,32.8,131.0,349.0
1762,17.8,44.4,56.3,0.58,15.8,13.8,17.6,2.5,4.01,142.0,10.9,182.0,110.0
3458,10.07,133.0,292.0,0.44,19.7,59.0,161.0,0.77,2.53,50.0,71.9,188.0,756.0
3865,11.7,109.0,178.0,0.91,25.1,44.0,77.0,2.37,5.5,115.0,39.9,162.0,391.0
2368,9.4,270.0,270.0,3.5,84.0,76.0,71.3,1.56,17.0,74.8,57.0,117.9,483.0
6773,18.3,86.39,145.85,1.25,27.71,32.44,57.88,1.74,3.46,47.99,30.75,57.44,284.3
6968,65.85,105.82,173.55,1.54,25.14,39.74,64.42,2.45,5.02,178.23,35.97,139.11,352.66
4267,8.11,125.0,243.0,1.19,26.6,48.7,92.3,1.53,4.25,41.0,47.4,102.0,438.0
3098,24.8,78.8,85.5,3.14,18.2,22.1,32.6,3.83,5.78,134.0,19.15,434.0,172.8
3327,23.9,31.9,57.5,0.46,7.0,12.5,27.0,0.82,1.65,123.0,13.4,582.0,142.0
4214,7.58,57.0,44.0,0.17,31.2,13.5,8.0,3.36,8.22,501.0,6.9,345.0,50.0
1662,28.0,49.6,99.3,0.12,8.7,19.6,44.2,0.6,1.08,109.0,22.9,128.0,250.0
1161,210.01,109.23,168.44,0.84,37.93,39.41,54.9,98.45,22.91,126.36,33.58,222.35,286.36
203,143.0,440.0,539.0,14.5,125.0,136.0,150.0,69.9,51.3,938.0,102.0,940.0,890.0
4080,5.72,18.5,55.5,0.23,2.95,9.22,52.9,0.22,0.49,390.0,16.09,1041.0,197.1
2369,5.0,257.0,214.0,4.1,56.0,52.0,53.0,1.56,7.0,147.0,48.0,220.3,366.0
1201,9.85,37.61,75.49,0.26,7.18,11.45,23.8,0.46,1.1,57.14,11.97,83.5,196.48
5914,13.0,183.0,301.0,1.1,49.0,65.0,90.0,9.3,16.0,229.0,62.0,569.0,588.0
1627,93.7,150.9,280.8,2.26,35.5,55.1,107.0,2.57,5.68,457.0,58.2,378.0,664.0
2670,11.5,31.6,74.7,1.02,7.85,13.06,39.4,1.44,1.91,132.0,15.8,239.0,162.0
4474,6.7,168.58,301.6,0.41,34.06,63.73,147.94,1.15,3.55,291.96,68.25,2282.59,683.51
1287,15.98,82.15,204.57,0.65,15.39,30.69,101.19,1.1,2.57,227.02,40.43,227.73,714.2
5902,16.8,50.6,104.0,0.68,9.47,20.6,50.3,1.76,1.29,285.0,24.3,521.0,260.0
2782,4.1,155.0,360.0,0.39,29.2,64.9,174.0,0.96,3.8,239.0,84.6,2430.0,815.0
3216,0.43,42.9,32.1,0.15,10.7,10.32,10.0,0.38,1.23,29.0,5.7,469.0,45.2
6326,5.0,49.18,92.73,0.38,11.62,19.49,36.81,0.97,2.33,290.74,19.53,2563.02,173.72
759,26.84,51.4,108.0,0.5,11.8,21.7,57.4,1.84,2.04,243.0,25.2,414.0,255.0
7124,32.0,118.0,198.0,0.57,29.0,45.0,74.0,12.0,7.95,141.0,42.0,462.0,375.0
1016,62.18,62.84,135.18,10.21,11.43,16.98,35.56,4.85,4.86,66.21,17.77,81.19,398.9
1282,22.32,127.47,325.79,1.0,23.24,48.52,158.5,1.55,3.55,348.5,63.0,475.07,1141.15
3958,3.18,150.0,277.0,2.14,42.2,57.4,101.7,2.28,5.33,45.0,56.4,274.0,513.0
4103,9.35,70.5,148.1,0.37,14.5,28.3,75.7,0.74,2.32,292.0,35.8,689.0,342.0
3067,11.27,64.8,102.9,0.47,11.7,22.7,38.0,1.33,1.31,79.0,24.49,210.0,196.0
1034,7.24,33.55,34.7,28.08,11.78,5.96,6.68,18.96,8.93,14.12,4.14,235.74,84.26
176,9.57,55.3,91.8,0.13,11.7,21.6,33.1,1.24,2.26,177.0,18.9,264.0,171.0
5505,143.33,23.47,85.28,1.88,5.17,51.69,91.08,13.45,3.31,1057.72,60.06,1338.28,82.31
1602,26.8,110.5,226.6,0.37,22.6,43.5,93.1,1.26,3.7,154.0,47.3,207.0,529.0
6203,13.13,214.0,404.0,0.1,42.23,86.0,161.0,1.5,6.21,1026.0,86.0,3078.0,786.0
1922,10.6,45.7,96.8,1.28,11.2,18.7,57.5,2.97,3.56,198.0,22.6,160.0,276.0
13,57.84,235.25,441.49,4.88,63.92,92.54,174.16,4.83,8.2,487.0,98.97,478.0,890.14
6708,44.6,67.5,93.6,0.59,23.1,22.8,30.8,2.97,4.84,334.0,19.0,205.0,169.0
2562,1.42,97.7,107.0,0.48,17.1,29.1,23.2,0.29,1.57,14.1,19.7,1017.0,161.0
5828,6.15,77.6,139.0,0.11,15.1,31.7,54.5,1.68,2.84,119.42,29.7,220.59,238.0
3162,3.03,22.7,43.2,0.1,4.61,10.6,24.4,0.27,0.94,27.0,11.6,120.0,107.7
2183,6.8,93.3,158.1,0.16,18.6,32.9,50.2,1.17,3.11,73.0,32.2,115.0,367.0
3935,10.99,84.9,141.0,0.86,23.9,31.4,44.8,1.33,2.9,92.0,29.1,133.0,244.0
4587,7.81,58.51,34.51,1.17,40.82,12.38,6.75,2.3,9.09,153.24,5.15,1325.72,39.08
5336,11.1,63.5,137.0,0.27,10.7,26.7,74.7,0.29,1.08,275.0,33.0,1442.0,344.0
2450,2.9,112.0,112.0,0.82,22.1,31.7,24.7,0.39,2.37,30.3,19.6,1032.0,158.0
1492,29.0,93.7,159.0,0.54,20.4,33.7,58.3,1.65,3.59,101.0,32.9,127.0,355.0
6148,33.7,751.0,1388.0,0.06,123.3,296.0,582.0,9.7,21.02,3863.0,312.0,16557.0,2934.0
2845,130.0,935.0,1149.0,5.6,270.0,293.0,233.0,20.8,49.1,2291.0,211.0,1248.0,1836.0
3440,10.57,138.6,240.0,0.3,31.7,53.0,93.5,1.72,5.29,114.0,50.7,84.0,467.0
5039,5.77,20.2,36.5,0.52,5.33,7.17,17.4,0.41,2.25,43.8,8.46,162.0,102.2
4322,2.27,185.0,424.0,0.17,17.58,75.0,163.0,0.36,1.37,176.4,88.5,3734.0,1066.0
37,24.58,54.06,131.35,0.47,10.47,25.04,71.72,0.73,0.99,158.0,34.44,361.0,331.3
6473,1.63,17.24,9.63,0.11,9.43,3.27,1.21,1.83,1.77,145.55,1.33,253.22,7.69
6920,31.1,69.02,115.49,2.13,18.98,25.51,47.64,2.76,4.68,48.11,24.81,34.61,232.12
5440,38.6,107.0,152.0,3.45,36.1,35.9,53.5,8.9,11.1,109.0,34.525000000000006,93.6,329.0
2354,28.2,117.0,211.0,1.15,41.0,39.9,77.0,11.9,12.3,134.0,43.0,177.0,408.0
4857,11.36,97.5,146.4,0.79,26.1,33.9,44.0,2.95,5.57,72.64,31.3,136.09,298.0
6596,11.3,27.2,49.3,0.29,6.2,10.2,21.0,0.74,1.16,2.18,11.3,11.4,110.0
1516,43.4,66.0,126.8,0.52,13.4,25.3,51.9,1.03,2.55,214.0,27.5,195.0,310.0
6093,0.6,154.0,223.0,0.05,27.0,51.0,65.0,0.7,2.6,77.0,42.0,461.0,418.0
5112,4.44,29.0,56.5,0.45,5.98,11.51,32.3,0.41,2.41,14.6,14.9,48.0,148.7
5066,5.6,31.2,53.6,0.81,7.71,11.94,28.6,0.82,3.64,14.19,13.17,48.1,134.9
6928,36.31,145.81,263.95,1.4,29.35,55.77,109.37,2.08,4.85,113.63,62.0,281.29,572.23
5303,33.7,118.7,224.0,2.13,27.9,49.0,124.3,2.93,11.16,271.0,57.9,610.0,439.0
3341,2.75,94.8,186.0,0.25,12.66,37.3,74.5,0.53,1.7,16.0,40.9,101.0,379.0
5639,30.4,167.0,275.0,0.28,36.1,57.0,99.0,3.1,7.5,610.0,56.0,1287.0,607.0
1165,5.43,191.19,312.99,1.56,50.12,70.37,116.18,3.38,7.6,114.75,66.24,759.74,603.3
6957,48.86,175.05,262.1,3.42,49.8,62.39,91.89,6.47,11.21,201.44,52.46,140.51,477.05
1321,33.71,222.69,507.07,2.24,44.82,78.56,220.26,3.16,7.01,840.63,94.67,564.7,1613.43
5898,40.7,121.0,218.0,1.74,34.2,45.3,103.0,23.8,11.6,574.0,49.4,1626.0,510.0
7160,8.53,112.0,155.0,0.42,33.0,39.0,50.0,4.3,7.72,119.0,31.0,371.0,264.0
5764,48.8,615.0,1124.0,2.84,97.9,255.0,433.0,20.1,23.2,1790.28,249.0,4132.92,2437.0
108,6.43,124.0,165.0,1.54,34.5,40.5,52.0,4.15,6.36,202.0,31.2,319.0,276.0
3369,24.69,114.0,236.3,0.5,24.4,47.1,114.5,1.59,3.42,125.0,54.8,352.0,530.0
4711,7.46,87.4,117.7,0.44,25.2,28.2,32.0,3.68,5.93,40.57,24.5,148.43,226.0
3752,5.27,29.4,78.1,0.44,6.6,13.0,58.7,0.33,1.01,36.0,20.06,126.0,240.3
3105,17.5,55.3,91.1,0.93,11.4,19.0,55.0,0.74,1.63,270.0,22.9,525.0,239.0
4809,18.1,184.0,281.0,1.74,42.6,63.6,80.1,3.52,6.93,44.92,58.2,103.95,541.0
6070,30.0,94.0,152.0,0.9,22.0,33.0,53.0,1.7,3.5,351.0,31.0,463.0,319.0
5761,69.2,344.0,676.0,8.66,60.9,146.0,317.0,51.6,27.2,1695.48,157.0,5127.39,1579.0
2954,53.0,153.0,255.0,2.0,34.0,57.0,92.0,11.0,9.0,211.0,63.0,171.0,649.0
3174,4.94,32.7,100.2,0.09,4.3,16.9,53.0,0.21,0.33,54.0,25.0,231.0,255.0
3594,11.38,55.6,91.5,0.48,13.05,20.6,35.0,1.06,2.52,27.0,18.4,86.0,172.3
4110,15.65,84.0,164.3,0.35,16.8,33.2,85.7,0.8,2.74,436.0,39.4,849.0,386.0
1820,13.6,85.4,143.5,1.28,21.2,30.5,50.1,1.96,4.25,80.0,29.6,69.0,314.0
950,23.93,194.25,325.21,0.33,41.71,70.53,111.92,7.83,7.9,795.31,66.86,170.11,589.02
1853,6.6,48.4,89.5,0.22,10.4,18.6,31.7,0.82,1.63,75.0,19.1,157.0,205.0
4753,16.01,146.8,261.9,0.35,28.4,56.7,76.4,1.2,3.78,46.69,56.7,134.59,522.0
2715,0.51,105.0,70.5,0.55,32.7,23.7,12.6,0.69,3.64,18.0,10.2,637.0,70.2
314,18.67,109.68,231.64,1.64,19.56,46.9,187.53,1.13,3.47,37.22,63.81,119.85,813.94
3484,56.3,106.6,216.0,3.02,25.5,45.5,102.5,9.9,7.11,247.0,50.2,336.0,483.0
4029,21.4,246.0,415.0,0.17,47.3,96.4,137.0,0.87,5.29,442.0,86.1,1513.0,763.0
724,90.46,81.5,168.0,1.35,18.7,33.8,85.7,34.91,6.16,440.0,38.8,656.0,386.0
1703,18.2,154.1,244.4,0.68,38.5,54.4,78.7,4.49,7.64,325.0,47.3,348.0,485.0
6861,73.16,141.5,226.79,1.52,38.01,50.68,76.39,3.17,7.04,156.98,48.53,109.06,431.66
1483,12.1,52.7,93.8,0.27,10.9,20.0,34.3,1.28,2.01,97.0,19.5,118.0,201.0
5050,12.19,69.5,140.7,1.24,14.54,27.0,66.2,0.72,5.25,234.0,33.6,881.0,317.0
775,36.26,115.0,240.0,1.29,23.2,48.3,123.2,6.67,4.46,384.0,55.7,777.0,561.0
6760,16.22,57.92,100.52,0.75,18.44,21.34,39.34,1.28,2.8,40.95,21.69,68.43,203.76
4296,12.49,33.0,26.0,0.21,16.5,7.9,4.3,3.07,5.07,493.0,3.8,214.0,26.0
969,48.1,107.0,209.0,2.72,24.5,43.4,98.7,20.0,7.26,209.0,47.3,593.0,486.0
4541,5.89,76.59,125.92,0.35,19.8,29.75,44.83,1.8,3.55,118.48,25.17,165.98,222.77
1411,19.5,91.2,176.6,0.39,17.0,35.5,69.8,0.9,3.3,127.0,36.7,119.0,408.0
3256,7.95,67.6,142.0,0.4,13.4,29.8,76.2,0.95,1.79,119.0,31.7,301.0,315.0
1549,3.9,62.8,92.4,0.23,14.4,21.1,27.0,0.35,1.83,182.0,17.6,532.0,174.0
4991,28.7,249.0,494.0,6.03,57.2,100.0,300.0,5.79,27.7,150.0,134.0,311.0,1190.0
242,56.9,279.0,419.0,0.48,71.2,102.0,127.0,28.0,17.0,250.0,82.4,227.0,714.0
1828,10.9,61.8,100.8,1.22,15.3,21.4,34.9,1.67,3.16,90.0,20.6,93.0,226.0
3983,17.6,44.8,66.9,0.59,9.73,17.6,32.6,0.7,2.29,207.0,13.9,453.0,162.0
5533,51.7,173.0,263.0,1.44,47.2,59.0,91.0,16.3,10.6,351.0,52.0,302.0,543.0
1095,232.38,106.07,183.93,1.88,31.79,28.41,59.16,96.05,19.83,249.19,28.77,138.79,487.44
766,50.31,72.9,148.0,0.91,17.1,30.3,76.9,10.29,4.3,325.0,34.2,441.0,340.0
7108,5.2,98.0,144.0,0.19,23.0,35.0,48.0,1.17,3.73,136.0,29.0,493.0,253.0
4101,9.26,41.6,86.5,0.48,8.8,17.9,51.3,0.69,1.44,229.0,20.4,600.0,216.0
3091,46.6,129.2,202.0,0.69,20.4,46.3,82.6,0.79,2.43,160.0,49.3,377.0,429.0
4529,4.4,23.93,43.75,0.23,5.21,9.73,18.65,0.64,0.49,22.6,9.52,37.84,89.91
1089,15.55,68.27,163.4,0.77,11.88,22.18,74.93,1.4,2.34,191.17,28.75,328.14,532.7
2107,17.7,76.9,136.4,0.28,17.3,28.8,49.7,1.28,3.03,204.0,28.1,192.0,297.0
6477,5.77,40.39,62.02,0.56,17.73,12.74,33.86,2.45,5.04,63.73,14.84,396.69,170.43
2055,38.9,68.9,127.8,0.55,14.9,25.4,53.1,1.24,2.83,155.0,29.2,241.0,336.0
2934,74.0,116.0,189.0,2.0,30.0,43.0,64.0,18.0,10.0,165.0,47.0,135.0,483.0
3809,10.07,103.7,206.6,0.15,21.2,41.2,74.2,0.75,1.74,170.0,41.2,462.0,423.0
2956,56.0,153.0,274.0,2.0,33.0,60.0,103.0,12.0,9.0,247.0,62.0,186.0,596.0
4469,0.38,8.9,17.92,0.2,1.93,3.65,12.03,0.13,0.21,28.71,4.54,82.62,50.35
3618,5.04,75.0,132.2,0.36,15.8,28.8,54.0,0.84,2.18,82.0,25.2,215.0,259.0
6291,25.13,118.0,249.0,1.78,25.95,49.0,132.0,2.41,4.21,313.0,60.0,534.0,588.0
5081,11.63,91.7,141.1,1.5,26.19,32.9,52.0,3.53,15.65,54.7,32.5,88.7,263.5
5538,76.3,594.0,1387.0,0.75,91.9,241.0,713.0,20.2,19.4,3586.0,335.0,20641.0,4055.0
6982,23.11,253.01,376.4,0.27,63.6,87.3,99.99,5.59,12.72,158.02,76.4,223.36,704.86
6661,19.1,98.6,181.0,0.11,21.2,39.3,61.4,1.72,3.78,90.1,38.3,152.0,346.0
2526,0.44,25.1,16.7,0.31,5.8,5.57,3.28,1.56,0.48,10.4,2.71,1475.0,22.7
1673,27.1,63.0,121.5,0.5,14.5,23.9,50.8,0.9,2.56,171.0,26.0,179.0,298.0
866,40.72,102.08,184.93,3.26,29.48,38.91,89.44,4.27,6.69,776.26,41.4,759.98,404.56
6923,24.68,78.0,127.46,3.13,25.09,28.43,50.61,4.6,6.1,50.1,26.16,26.97,239.12
4421,2.12,66.0,55.0,0.12,32.8,15.6,11.7,2.03,5.6,82.0,8.6,609.0,66.0
5005,20.7,194.8,289.0,0.77,34.7,61.4,117.6,7.3,22.1,135.3,73.1,759.0,590.0
3639,14.4,141.9,271.0,0.3,27.5,59.1,130.3,1.44,5.15,117.0,60.8,527.0,648.0
2302,14.8,90.9,158.0,0.59,19.9,33.7,64.8,1.56,3.63,59.3,34.525000000000006,222.8,342.54
2277,9.3,91.0,152.0,0.59,21.0,31.7,53.4,10.0,7.5,62.6,34.5,168.4,296.0
1422,19.8,101.4,198.7,0.09,20.5,39.3,74.6,0.95,3.16,142.0,40.8,212.0,437.0
7094,13.0,124.0,170.0,0.41,33.0,43.0,52.0,2.23,6.32,290.0,33.0,496.0,277.0
4859,16.07,90.1,142.2,0.46,22.26,32.2,42.7,2.71,4.89,47.44,30.15,146.03,285.6
3968,24.6,93.6,168.0,0.83,24.3,31.4,69.2,1.38,2.97,185.0,38.3,335.0,386.0
2491,1.92,92.5,141.0,0.4,12.3,30.6,52.0,0.17,1.08,12.0,29.3,403.0,320.0
5965,0.9,111.0,135.0,0.1,21.0,33.0,29.0,0.8,3.4,594.0,24.0,1134.0,207.0
4822,27.1,108.9,176.1,0.29,28.7,37.7,55.5,4.53,7.79,48.34,38.2,240.62,360.0
4851,14.88,84.4,135.5,0.44,19.08,30.18,44.3,2.23,4.19,40.07,29.96,112.06,288.8
4714,11.65,212.0,335.9,0.93,54.2,76.6,100.1,8.54,12.33,66.45,69.9,159.67,671.0
4257,8.59,51.0,103.0,0.73,13.1,20.4,55.7,1.83,2.42,103.0,23.1,246.0,234.0
6201,13.19,276.0,457.0,0.24,67.37,104.0,160.0,3.84,11.79,753.0,93.0,1542.0,803.0
4865,13.47,30.8,49.7,0.32,7.63,10.77,17.39,0.65,1.59,40.33,11.39,166.55,115.3
2066,7.2,29.8,65.9,0.19,5.5,12.0,34.1,0.32,0.8,38.0,15.1,323.0,190.0
4798,6.03,51.4,91.8,0.33,11.61,18.99,33.4,0.84,2.01,17.13,20.8,58.25,205.5
4897,38.2,151.8,226.0,4.84,41.1,49.2,73.3,20.7,16.4,349.79,51.1,644.21,486.0
274,32.6,191.0,342.0,0.33,41.8,74.3,119.0,13.2,8.56,771.0,71.1,581.0,632.0
3574,2.26,102.0,175.0,0.24,19.1,40.4,73.2,0.98,2.26,51.0,40.6,624.0,357.0
2688,3.28,35.4,82.0,0.3,5.8,14.3,38.4,0.39,0.64,35.0,16.8,277.0,182.0
2234,38.7,604.6,728.4,6.39,185.0,180.1,153.6,34.11,51.69,213.0,127.7,240.0,1283.0
5998,50.0,71.0,147.0,0.9,15.0,28.0,74.0,1.1,2.3,258.0,33.0,198.0,381.0
811,26.57,65.3,134.0,0.62,14.4,26.7,69.3,1.5,2.32,240.0,30.7,365.0,313.0
1466,17.7,59.7,105.2,0.18,13.6,22.5,39.9,1.36,2.45,93.0,22.8,88.0,252.0
6335,3.56,29.56,53.44,0.47,7.1,12.75,26.33,0.72,1.7,172.93,13.29,1595.07,115.35
5590,15.6,80.0,161.0,0.33,15.4,31.0,72.0,3.2,3.2,544.0,36.0,2226.0,412.0
6838,62.85,141.53,221.5,3.42,48.49,52.22,89.91,5.77,10.0,221.52,50.03,198.59,438.93
6719,34.4,50.4,96.6,0.73,13.0,20.6,45.8,1.1,2.63,122.0,22.8,194.0,223.0
4949,13.83,70.6,94.6,0.93,15.43,27.31,41.0,0.71,6.75,39.9,23.5,83.9,201.5
1408,17.2,58.1,115.2,0.18,11.2,22.3,50.2,0.43,2.02,91.0,25.8,108.0,287.0
3777,14.0,337.0,487.0,0.51,84.8,112.4,125.2,5.6,9.8,121.0,90.2,210.0,738.0
1918,18.6,48.4,99.8,0.15,9.0,19.5,44.8,0.89,1.37,144.0,22.5,157.0,258.0
6222,19.96,203.0,364.0,0.13,45.46,80.0,134.0,4.93,7.46,800.0,75.0,2158.0,663.0
7063,20.37,116.98,169.13,1.91,35.48,39.21,57.8,6.13,8.31,75.99,37.07,43.37,320.7
4269,10.83,126.0,208.0,0.79,34.1,46.8,67.3,4.18,7.41,191.0,38.6,284.0,336.0
3009,2.39,91.9,180.0,0.46,16.0,35.0,107.8,0.62,2.03,52.0,40.7,189.0,459.0
2601,1.56,103.0,110.0,0.56,13.5,31.4,22.9,0.26,1.39,9.06,20.4,435.0,170.0
3135,14.94,48.2,88.2,0.23,5.22,18.5,47.5,0.36,1.08,134.0,24.5,930.0,239.0
3877,9.9,72.3,158.0,0.32,10.8,32.7,74.0,0.58,1.53,103.0,35.8,215.0,357.0
6399,1.58,9.49,5.44,0.69,5.48,2.68,0.86,0.75,1.74,38.37,1.13,497.48,6.91
6545,275.0,196.0,309.0,3.55,64.6,72.2,108.0,127.0,33.4,156.0,64.5,120.0,600.0
2390,46.62,103.0,212.0,2.08,20.93,42.81,116.0,1.88,3.8,365.0,53.32,470.0,594.0
4022,0.79,87.0,214.0,0.12,10.1,39.9,129.0,0.35,0.81,39.0,56.8,941.0,609.0
2998,5.39,39.5,73.6,0.46,10.8,15.58,44.1,0.96,2.17,91.0,16.5,160.0,194.0
0,8.45,31.79,58.36,0.49,5.73,12.14,28.29,0.3,0.85,32.0,14.37,65.0,139.69
1341,41.19,220.0,495.92,1.92,43.6,77.49,209.58,3.2,7.33,776.08,91.66,603.38,1585.03
6249,19.52,148.0,251.0,0.1,33.61,56.0,98.0,1.7,5.44,591.0,53.0,1279.0,488.0
4718,24.8,219.3,326.4,0.84,55.0,75.9,85.9,5.8,11.93,94.15,68.0,183.93,618.0
1765,20.5,41.6,81.6,0.46,9.7,16.2,36.5,0.92,1.65,96.0,17.9,195.0,208.0
6573,25.0,21.9,43.7,0.6,5.53,9.16,28.9,0.7,1.13,219.0,11.0,296.0,121.0
1798,13.6,39.6,64.3,0.44,11.5,12.9,26.4,1.02,2.48,345.0,13.4,432.0,152.0
1297,22.9,302.94,639.08,3.15,67.12,104.33,256.66,5.21,12.04,425.82,115.93,359.85,1896.05
2582,1.01,367.0,637.0,0.7,35.7,134.0,233.0,0.56,4.91,21.8,154.0,11428.0,1578.0
6565,80.6,54.3,58.9,3.51,23.0,16.1,16.1,6.14,6.83,392.0,11.6,620.0,97.4
2594,3.12,88.3,53.6,0.62,15.1,21.5,5.02,0.34,1.32,17.1,7.15,461.0,47.6
330,12.83,79.12,169.16,1.3,13.38,34.03,142.1,1.12,2.48,22.15,47.66,83.29,615.75
5708,119.0,537.0,745.0,1.2,129.0,182.0,222.0,92.0,53.0,2012.0,164.0,2946.0,1439.0
2013,3.1,147.3,256.6,0.47,29.5,54.3,85.3,1.56,4.6,104.0,52.4,137.0,570.0
1146,12.79,107.1,157.74,0.63,32.05,37.61,54.06,2.91,6.14,109.58,32.02,164.22,277.33
3131,25.7,215.0,360.0,0.27,30.9,82.9,113.0,1.03,2.69,302.0,82.0,854.0,638.0
4294,19.13,79.0,89.0,2.56,37.3,23.7,21.6,9.39,11.62,163.0,14.9,102.0,116.0
7202,173.0,1220.0,831.0,13.0,581.0,268.0,121.0,151.0,198.0,2629.0,140.0,1128.0,917.0
1445,23.0,84.7,161.4,0.19,15.8,31.6,62.3,1.02,3.27,301.0,34.3,334.0,375.0
2641,1.05,17.3,34.5,0.22,3.21,6.5,15.3,0.13,0.45,49.0,7.25,169.0,68.1
6100,7.0,178.0,235.0,0.2,48.0,56.0,62.0,4.3,10.0,488.0,43.0,793.0,414.0
3381,2.22,281.0,490.0,0.08,62.4,107.0,170.0,3.73,9.9,242.0,99.0,486.0,825.0
5628,41.6,92.0,150.0,0.54,22.5,32.0,55.0,9.1,4.8,274.0,31.0,484.0,328.0
6212,39.79,245.0,428.0,0.16,57.12,94.0,153.0,25.0,13.29,888.0,87.0,2261.0,763.0
1773,7.8,94.8,109.0,0.55,39.5,28.0,27.6,5.44,10.12,166.0,19.4,227.0,182.0
5259,7.57,15.39,33.8,0.21,3.15,6.55,28.4,0.23,1.3,24.29,9.78,101.6,131.2
6262,32.71,97.0,192.0,1.69,28.11,39.0,110.0,16.74,9.7,731.0,46.0,2809.0,493.0
1129,2.13,134.48,296.36,0.28,20.23,42.8,99.8,1.18,3.0,97.67,47.67,263.11,811.38
2151,9.2,75.2,123.7,0.6,17.5,26.5,43.0,1.62,3.41,42.0,25.4,77.0,301.0
4418,29.7,27.0,41.0,0.76,8.4,9.3,13.8,1.04,2.1,77.0,7.7,64.0,64.0
4420,14.9,133.0,214.0,1.18,34.0,44.6,77.1,2.4,4.5,166.0,41.2,250.0,367.0
3473,10.0,36.7,81.9,0.6,7.7,15.4,54.2,0.5,1.3,94.0,18.3,269.0,203.0
6556,9.74,43.3,62.6,0.55,13.5,15.0,21.0,1.65,2.63,20.0,12.9,29.2,118.0
3806,8.17,75.6,121.8,0.33,24.0,24.04,57.7,1.44,2.89,80.0,26.6,404.0,291.0
6089,1.9,147.0,68.0,0.7,49.0,27.0,8.0,1.9,6.7,215.0,9.0,1938.0,63.0
4721,41.9,71.9,85.0,2.24,31.7,21.1,23.6,9.23,11.9,262.95,17.06,215.48,168.2
5678,897.0,625.0,677.0,39.0,331.0,177.0,188.0,958.0,330.0,1293.0,143.0,1865.0,1261.0
3144,11.0,99.0,215.0,0.7,17.6,43.1,130.0,1.29,2.64,522.0,61.2,1095.0,591.0
4086,10.57,34.0,64.7,0.6,8.1,13.5,31.0,0.87,2.04,40.0,14.7,69.0,146.0
5338,35.0,162.0,319.0,1.93,35.9,66.2,151.0,3.55,6.68,927.0,71.6,1810.0,710.0
2335,26.6,176.0,311.0,2.0,71.0,62.3,87.4,16.0,21.0,111.8,53.7,217.6,483.0
1781,22.0,95.4,161.6,0.37,20.9,34.5,53.1,1.02,3.39,257.0,32.5,251.0,333.0
1930,20.1,85.3,177.4,0.21,14.9,34.8,80.8,0.71,2.07,109.0,39.4,177.0,439.0
2400,0.68,40.8,42.5,0.48,10.2,10.8,16.4,1.56,0.83,19.3,8.65,2284.0,100.0
1462,21.9,44.8,83.6,0.37,10.4,17.0,34.9,1.09,1.57,85.0,18.3,77.0,204.0
5503,16.41,8.26,47.31,1.23,1.53,23.25,91.11,0.97,0.58,723.52,40.3,1558.2,62.17
1507,21.7,63.8,145.8,1.21,15.3,26.7,79.7,1.15,2.72,96.0,34.4,173.0,423.0
6922,23.0,91.74,140.17,3.18,28.43,32.82,51.89,4.19,6.83,54.79,28.48,32.95,257.26
1817,23.2,81.9,143.2,1.13,19.5,30.6,52.9,1.41,3.69,88.0,31.0,62.0,331.0
4876,32.7,102.2,155.6,3.1,32.6,34.7,53.5,6.1,10.6,266.72,33.8,154.92,350.0
4488,20.71,102.22,185.33,2.6,22.79,38.96,92.72,9.67,3.92,198.31,41.9,1695.97,421.86
3769,12.64,69.3,146.2,0.92,17.9,26.6,81.0,0.56,1.8,79.0,30.9,194.0,370.0
3907,34.2,73.9,162.0,0.87,14.9,29.8,90.5,0.85,2.92,256.0,39.7,417.0,426.0
3532,2.84,20.6,44.8,0.46,5.2,8.1,35.3,0.86,0.74,27.0,12.4,107.0,141.0
6437,4.65,52.29,106.27,0.04,11.63,21.64,42.72,0.39,1.64,199.59,22.37,538.78,218.04
5310,4.09,8.02,18.57,0.27,1.73,3.52,15.93,0.06,0.43,31.86,4.84,383.83,60.9
6141,28.22,396.0,661.0,0.02,80.68,144.0,335.0,15.29,23.86,1860.0,162.0,7986.0,1635.0
3918,12.3,104.0,208.0,0.15,16.5,42.6,113.9,0.59,2.23,332.0,49.5,1161.0,505.0
4969,4.11,55.1,116.9,0.44,8.82,22.77,71.3,0.56,3.03,19.29,31.2,79.6,312.0
6395,0.88,19.08,12.28,0.14,10.9,4.06,1.86,0.77,1.79,53.31,2.19,940.88,13.89
2561,1.48,114.0,109.0,0.71,20.3,31.1,22.1,0.25,1.89,15.7,19.3,954.0,160.0
1056,455.74,23.02,38.49,52.32,12.57,10.42,16.46,297.09,30.16,80.23,10.88,55.46,94.35
7021,19.71,100.36,160.24,1.08,23.93,35.81,54.63,1.94,3.57,51.52,34.93,50.52,316.34
4686,15.43,56.3,74.1,1.84,16.8,17.6,21.8,2.52,4.2,30.3,15.17,31.21,147.8
6169,45.39,491.0,973.0,0.01,85.03,187.0,481.0,25.47,25.08,2262.0,241.0,10883.0,2408.0
5040,8.56,33.3,53.7,0.94,8.84,12.19,23.86,0.6,3.81,74.7,12.61,246.3,132.8
1080,729.6,72.09,166.65,40.37,22.12,36.3,87.09,20.92,20.58,689.96,47.28,678.73,511.79
7128,7.9,105.0,205.0,0.23,19.0,43.0,87.0,1.67,2.91,107.0,46.0,514.0,431.0
2462,2.69,94.7,88.5,0.57,19.7,25.7,17.7,0.26,1.71,28.1,15.3,1096.0,122.0
6699,50.8,55.9,116.0,1.17,13.2,23.7,67.1,1.91,2.47,424.0,28.1,462.0,298.0
2273,12.5,53.0,81.0,2.8,17.4,19.0,25.9,1.56,4.1,57.4,16.2,112.9,183.0
3857,6.17,139.0,368.0,0.8,20.4,63.7,197.0,0.59,1.4,62.0,85.8,147.0,880.0
2995,9.1,149.7,239.0,0.7,25.0,60.0,91.4,1.59,3.97,65.0,50.1,155.0,493.0
3418,21.4,49.2,146.0,0.5,8.6,24.8,131.0,0.38,1.04,173.0,40.1,408.0,472.0
4586,25.5,23.03,17.67,1.54,16.09,5.7,3.79,4.06,6.44,51.5,2.81,45.67,21.5
6241,10.98,214.0,344.0,0.22,52.69,80.0,120.0,2.76,8.1,520.0,69.0,1215.0,621.0
2909,45.0,193.0,261.0,4.0,48.0,66.0,85.0,11.0,13.0,194.0,65.0,125.0,725.0
1215,3.77,117.36,253.81,0.09,18.12,37.05,78.68,1.0,2.42,95.65,40.36,210.58,660.2
1203,14.26,32.65,56.24,0.42,8.13,9.1,16.23,1.18,1.65,18.21,8.52,18.18,142.66
3083,23.8,147.0,237.0,2.08,23.0,54.2,90.5,2.32,4.4,134.0,56.1,346.0,483.0
1579,54.5,70.6,130.6,0.7,18.7,26.7,50.7,1.51,3.15,177.0,27.5,138.0,314.0
304,8.27,61.76,121.46,1.13,11.99,24.48,96.8,0.97,2.59,17.69,33.32,54.23,429.15
2278,22.4,148.0,227.0,1.46,61.0,44.9,60.1,16.0,13.0,58.3,36.4,51.4,309.0
1317,28.18,470.11,1041.31,4.36,94.58,164.89,420.27,6.35,14.28,950.59,186.0,639.39,3122.82
776,19.57,33.6,75.7,0.38,6.93,14.5,46.2,0.4,0.97,193.0,18.4,313.0,194.0
5723,32.8,47.2,76.0,1.23,14.4,16.9,37.7,3.3,4.02,571.0,19.2,712.0,206.0
844,211.48,196.24,313.53,6.83,63.79,70.71,136.87,7.15,14.31,8229.34,67.44,4119.79,652.72
4442,7.78,58.0,107.33,0.37,13.95,23.12,47.44,0.89,2.26,103.78,23.27,252.8,227.35
1223,21.98,194.98,329.39,1.53,41.76,53.89,87.72,4.99,8.84,351.14,48.93,351.62,773.21
6867,43.1,111.42,190.04,1.85,28.32,40.76,69.97,2.79,5.44,142.2,42.85,109.39,419.27
5572,2.1,120.0,214.0,0.28,26.2,44.0,76.0,2.2,4.7,88.0,43.0,198.0,457.0
2496,2.38,202.0,331.0,0.77,32.1,68.9,113.0,0.54,3.82,51.0,68.3,671.0,719.0
1118,1.87,146.39,333.55,0.17,20.53,47.63,109.96,0.8,2.66,76.84,53.09,218.62,897.74
4113,13.5,151.0,292.0,0.54,32.2,62.5,109.7,1.43,4.6,394.0,61.9,914.0,563.0
2385,33.53,60.87,114.0,1.26,14.24,23.8,61.56,1.01,2.49,386.0,29.02,418.0,318.0
7153,3.33,34.0,55.0,0.08,7.76,13.0,21.0,0.52,1.47,38.0,12.0,164.0,107.0
2359,6.28,142.81,150.14,1.72,46.35,43.88,37.7,9.03,12.84,56.01,32.37,74.72,320.96
3590,3.23,118.5,261.0,0.9,21.6,52.8,137.7,0.93,3.41,16.0,56.8,41.0,595.0
1707,15.6,121.5,230.5,0.37,22.2,46.4,78.1,1.4,2.99,354.0,48.3,583.0,502.0
4651,4.83,117.0,231.0,1.27,24.2,46.5,93.6,3.05,5.08,57.31,54.4,177.9,565.0
1253,28.93,106.34,242.86,0.34,17.49,34.09,89.42,1.17,2.82,104.37,40.97,220.52,710.36
1659,14.5,52.0,102.5,0.14,10.0,20.7,41.7,1.22,1.81,77.0,23.2,122.0,250.0
5212,4.58,38.6,86.6,0.59,7.22,17.0,63.0,0.62,3.16,10.2,25.0,38.7,261.0
1585,18.5,56.9,108.4,0.45,12.5,20.6,39.0,1.09,2.11,162.0,22.4,150.0,252.0
2030,27.7,129.6,247.8,0.46,23.1,49.9,94.8,1.23,3.77,179.0,54.4,165.0,605.0
6315,2.48,14.9,46.65,0.55,2.43,8.28,44.82,0.36,0.35,8.29,13.05,49.68,152.7
1291,32.51,266.92,590.89,2.15,55.53,92.54,249.45,4.56,10.31,604.11,112.45,534.5,1867.51
4353,12.94,57.0,96.0,0.19,14.3,20.4,33.8,0.97,3.02,143.0,19.0,135.0,168.0
1961,16.7,103.5,182.6,0.41,24.9,38.3,64.8,2.73,5.01,296.0,37.3,274.0,369.0
6808,26.17,112.45,186.75,1.98,28.9,40.3,67.72,3.44,6.13,89.48,40.75,62.71,378.05
2453,2.37,89.7,85.5,0.64,17.0,24.6,16.2,0.34,1.62,22.8,14.4,910.0,115.0
2867,74.0,796.0,944.0,9.0,248.0,249.0,211.0,31.6,55.6,1005.0,170.0,594.0,1441.0
257,43.0,166.0,300.0,0.9,37.5,65.0,113.0,3.49,6.22,338.0,62.6,343.0,566.0
1078,1607.87,248.89,372.19,603.89,141.03,134.02,187.62,293.22,175.59,928.38,133.67,423.82,789.01
1715,16.3,39.0,62.2,0.2,10.2,13.6,20.7,0.82,1.75,139.0,12.3,53.0,130.0
5844,3.35,162.0,328.0,2.91,28.2,68.4,245.0,0.53,2.97,52.0,84.5,333.0,1006.0
6682,2.94,12.0,23.9,0.34,2.61,4.94,12.5,0.42,0.59,13.0,5.61,42.7,59.5
2706,0.48,131.4,99.9,0.57,31.1,32.8,18.2,0.56,3.29,11.0,14.6,960.0,101.7
2483,1.86,64.6,50.5,0.59,13.3,14.3,14.8,0.22,0.44,12.2,9.62,933.0,91.2
1551,17.8,75.4,137.1,0.15,14.7,28.0,48.5,1.11,2.5,410.0,29.0,621.0,309.0
981,23.1,69.9,151.0,1.11,13.7,29.6,82.7,4.0,2.49,75.3,36.3,388.0,386.0
2676,2.47,3.88,8.76,0.06,0.89,1.48,5.97,0.07,0.13,90.0,2.11,292.0,20.8
3354,1.91,69.5,121.0,0.04,13.7,25.0,45.7,0.58,1.94,70.0,25.0,205.0,214.0
31,14.51,97.31,184.31,0.33,11.49,34.29,85.84,0.19,1.0,90.0,46.04,205.0,425.38
236,69.3,118.0,198.0,0.52,32.0,44.2,69.5,52.9,14.4,84.8,43.2,176.0,393.0
5804,11.6,425.0,632.0,0.8,104.0,158.0,201.0,13.4,19.3,584.11,129.0,751.04,927.0
2875,80.0,800.0,1213.0,1.1,194.0,277.0,274.0,38.9,47.8,2120.0,239.0,1736.0,2161.0
6725,19.11,101.69,131.78,1.11,42.17,32.44,39.62,8.65,10.59,151.32,26.62,202.94,226.32
198,58.3,87.9,166.0,0.82,22.8,35.0,77.6,27.2,8.99,365.0,39.0,743.0,394.0
3470,1.06,227.0,422.0,0.11,41.4,89.6,155.0,1.46,5.19,68.0,83.5,241.0,755.0
6411,4.56,32.26,55.82,0.0,7.49,12.35,24.73,0.68,0.53,217.8,13.28,823.96,145.5
2552,2.27,117.0,104.0,0.79,21.9,30.7,19.1,0.67,2.5,24.4,18.0,1156.0,145.0
2834,54.0,701.0,827.0,7.7,209.0,213.0,170.0,22.6,47.2,764.0,153.0,499.0,1381.0
5562,71.1,420.0,740.0,0.23,90.4,147.0,287.0,50.7,30.2,3424.0,159.0,10322.0,1759.0
3508,3.44,326.0,576.0,0.29,72.3,135.5,179.0,5.77,11.27,393.0,107.8,695.0,946.0
1275,20.24,213.51,450.58,2.64,50.14,72.72,182.95,6.92,10.79,297.66,82.07,275.69,1376.3
4789,4.61,63.9,105.2,0.48,16.1,22.65,36.8,1.62,2.87,10.45,23.12,18.77,223.9
989,13.7,78.8,178.0,1.46,13.8,34.8,103.0,0.6,2.12,98.7,43.5,591.0,479.0
1735,26.8,90.6,133.9,1.99,31.1,30.1,46.3,6.56,9.12,212.0,26.7,111.0,277.0
2568,1.58,91.2,95.8,0.44,14.9,26.5,20.4,0.24,1.76,13.7,17.6,1133.0,147.0
6448,8.11,32.1,58.49,0.12,8.64,11.49,24.8,2.37,1.89,287.76,12.91,1056.88,119.69
2019,2.8,120.2,223.7,0.23,22.5,46.4,79.7,1.1,3.2,72.0,47.3,145.0,523.0
5238,7.77,67.6,161.1,0.7,10.92,27.9,104.6,0.65,4.23,22.98,43.2,68.1,406.0
5001,27.1,106.1,164.0,1.5,15.9,31.6,100.3,1.34,11.0,175.0,46.4,627.0,447.0
6962,48.68,90.75,154.72,1.61,22.1,34.37,60.69,1.71,4.76,77.96,32.44,65.47,318.99
5107,18.6,60.3,146.8,0.51,9.71,27.1,89.8,1.8,3.84,204.7,40.0,713.0,368.0
1021,1665.84,333.73,452.49,2356.71,256.45,164.69,269.46,1059.97,495.83,813.57,178.67,664.82,1040.68
806,52.11,166.0,338.0,1.47,33.0,69.1,168.0,4.5,6.24,666.0,77.1,1179.0,763.0
5068,6.85,44.0,58.6,1.93,15.7,14.9,25.2,3.01,9.29,31.1,13.18,57.3,130.7
2832,90.0,62.1,143.0,0.29,12.2,26.0,89.0,43.0,8.0,140.0,37.8,2720.0,397.0
2981,5.1,35.7,70.5,0.23,6.65,15.2,29.0,0.45,1.11,58.0,14.7,123.0,138.0
2776,5.64,146.8,239.0,0.67,38.0,51.7,84.3,1.59,5.62,294.0,47.1,1024.0,410.0
5729,267.0,68.8,70.2,7.54,51.9,18.3,33.3,45.2,32.1,717.0,16.7,1283.0,172.0
1587,33.2,150.1,250.2,1.95,39.1,51.5,84.7,4.3,8.54,309.0,47.7,153.0,529.0
5387,4.29,24.41,68.13,0.32,3.21,11.38,46.21,0.21,0.29,56.11,17.9,671.82,196.93
3342,3.09,15.6,35.2,0.19,2.45,6.08,25.8,0.13,0.37,29.0,8.84,103.0,101.9
3045,8.86,32.0,60.8,0.29,6.94,12.7,34.8,0.59,1.13,303.0,13.8,874.0,139.0
6018,13.0,67.0,115.0,0.1,16.0,24.0,38.0,1.4,2.8,192.0,23.0,262.0,227.0
796,28.84,104.0,225.0,0.78,18.4,44.9,114.2,0.85,2.21,389.0,52.2,734.0,515.0
5471,49.85,104.59,139.95,9.24,42.16,33.48,48.09,48.89,19.95,120.09,34.525000000000006,256.92,289.37
2702,0.52,101.9,75.0,0.44,26.8,23.5,13.2,0.42,2.8,11.0,10.6,713.0,76.9
807,25.92,50.9,111.0,0.51,10.24,21.6,64.0,0.61,1.7,279.0,26.5,404.0,275.0
1090,8.29,51.16,111.32,0.29,8.27,16.58,37.73,0.71,1.49,76.9,18.26,125.02,319.74
974,28.6,104.0,184.0,2.35,24.0,40.0,82.9,1.52,3.78,440.0,40.8,947.0,415.0
4485,4.57,126.54,229.53,0.29,24.0,48.61,114.78,0.43,2.69,202.51,52.1,1839.09,524.24
3502,1.82,237.0,471.0,0.15,49.9,98.0,159.0,1.65,5.8,155.0,93.0,495.0,850.0
3337,7.78,78.2,159.5,0.57,13.8,30.3,86.8,0.46,1.7,24.0,34.71,84.0,366.0
4659,19.02,212.2,303.0,0.45,59.7,70.7,79.0,10.96,17.22,146.05,60.9,241.24,553.0
5461,2240.0,378.0,333.0,138.0,541.0,91.4,92.4,1890.0,642.0,772.0,34.525000000000006,2204.0,631.0
5878,10.6,21.6,57.5,0.59,5.14,10.3,45.9,0.47,0.78,35.2,14.9,84.7,182.0
5486,20.39,48.23,60.1,1.65,19.84,14.84,20.28,3.9,5.81,103.65,34.525000000000006,102.49,124.14
1431,23.7,91.6,171.3,0.36,22.6,35.0,59.4,5.32,3.82,257.0,32.8,241.0,353.0
5812,8.32,165.0,261.0,0.27,39.8,63.3,92.0,5.69,7.5,328.76,53.9,477.02,405.0
5663,28.06,448.4,695.3,2.2,114.2,169.3,208.2,7.94,20.4,44.2,152.1,362.1,1381.0
1355,32.1,111.0,143.0,2.58,38.6,35.4,47.7,7.2,10.1,308.0,27.9,201.0,233.0
2974,9.69,49.7,89.7,0.23,10.1,19.8,38.7,0.92,1.98,71.0,19.4,102.0,192.0
1582,34.3,77.3,155.8,0.5,14.6,29.9,62.5,1.45,2.29,174.0,32.6,148.0,378.0
6048,2.8,18.0,33.0,0.1,3.0,6.0,20.0,0.1,0.6,31.0,7.0,421.0,93.0
2571,1.97,125.0,131.0,0.51,21.2,36.5,26.4,0.39,2.11,19.7,23.1,1329.0,190.0
4223,14.71,25.0,47.0,0.2,6.25,9.4,23.2,0.45,1.09,156.0,10.6,354.0,106.0
2502,2.36,211.0,347.0,0.79,29.2,73.2,121.0,0.75,2.87,54.0,72.6,826.0,765.0
6255,24.84,128.0,253.0,1.4,30.9,52.0,139.0,2.99,5.27,728.0,60.0,2650.0,616.0
2120,15.3,67.7,121.4,0.08,14.7,24.8,44.8,0.52,2.05,182.0,25.1,235.0,262.0
3014,23.6,91.0,149.8,0.41,22.6,33.1,62.4,2.74,4.14,226.0,32.4,232.0,308.0
3578,0.32,113.2,183.0,0.09,18.8,43.3,56.5,0.5,2.05,31.0,37.7,702.0,303.0
1424,27.6,92.7,174.7,0.3,19.2,36.2,67.5,1.6,3.64,233.0,37.0,220.0,408.0
6797,169.0,751.0,529.0,7.0,405.0,167.0,71.0,113.0,155.0,2504.0,82.0,1104.0,526.0
3339,16.0,60.0,102.0,0.9,14.6,20.9,56.5,0.99,2.56,49.0,25.5,90.0,226.0
6060,2.5,72.0,117.0,0.2,18.0,26.0,40.0,0.9,3.1,233.0,23.0,776.0,240.0
2710,0.55,154.0,123.0,0.51,34.5,39.0,23.4,0.69,4.13,12.0,18.6,1320.0,129.0
6254,42.18,127.0,255.0,1.59,27.28,51.0,152.0,3.47,5.78,1057.0,62.0,3048.0,652.0
1228,9.09,88.74,182.38,0.21,14.97,27.72,55.11,0.79,2.15,106.94,28.19,165.57,464.04
3675,9.0,67.0,127.5,0.33,12.3,26.4,56.3,0.44,1.86,131.0,27.6,307.0,273.7
4172,14.89,53.0,102.0,0.17,10.8,20.1,39.9,0.64,1.88,94.0,20.9,63.0,195.0
4658,9.74,84.6,140.1,0.18,17.54,31.11,43.7,1.1,3.09,56.71,30.44,225.63,295.2
4741,28.9,384.0,553.0,2.34,102.6,130.6,146.8,11.83,22.3,29.77,112.4,71.66,1024.0
2493,2.87,101.0,98.2,0.26,13.9,27.7,18.6,0.27,1.68,14.9,16.1,623.0,136.0
4729,6.42,43.8,86.0,0.11,7.11,17.3,34.6,0.31,0.88,120.42,20.53,438.71,217.8
5367,18.0,52.6,95.4,0.4,12.0,22.2,41.2,0.8,2.14,150.0,23.8,165.0,191.0
6667,1.1,96.3,130.0,0.05,29.2,32.8,41.1,1.15,4.32,124.0,25.7,1212.0,227.0
1221,5.21,80.63,159.5,0.24,15.0,24.46,46.66,1.23,2.57,63.46,24.81,45.85,396.44
5417,10.9,198.4,208.9,2.83,48.8,53.7,99.8,14.69,28.13,544.0,49.8,2347.0,553.0
5261,27.6,115.2,196.0,1.34,26.12,43.8,76.7,2.11,11.65,92.4,45.3,176.0,378.0
5910,18.0,223.0,314.0,2.0,57.0,72.0,108.0,12.0,12.0,1231.0,88.0,1477.0,760.0
2088,6.7,33.9,57.6,0.08,7.0,11.8,19.7,0.62,1.2,83.0,11.9,96.0,120.0
5823,7.78,218.0,341.0,0.49,51.1,82.2,123.0,8.46,10.9,240.66,70.4,368.04,531.0
4841,14.6,74.5,128.7,0.88,18.58,26.92,47.7,2.29,4.11,42.2,30.19,86.06,313.2
1915,18.4,70.6,139.3,0.24,13.3,27.1,52.4,0.7,2.29,133.0,28.5,149.0,314.0
3538,23.0,69.6,116.5,0.2,25.9,25.5,49.6,22.0,13.3,79.0,26.3,141.0,238.0
4439,0.3,54.0,126.0,0.03,5.57,22.1,65.0,0.09,0.16,17.2,30.2,1353.0,392.0
5233,7.34,50.4,105.3,0.52,8.49,21.7,60.9,0.61,3.02,22.2,27.7,53.3,276.0
4784,27.2,512.0,726.0,1.73,121.7,174.1,161.0,10.74,21.3,280.03,138.0,491.81,1159.0
5907,40.0,198.0,455.0,1.8,65.0,70.0,152.0,8.7,15.0,909.0,83.0,1019.0,696.0
6488,1.91,33.57,15.06,0.48,18.78,6.36,2.07,0.9,3.52,37.61,2.11,364.32,15.07
4917,10.0,237.4,517.96,0.34,32.27,97.85,303.36,8.52,8.14,540.0,136.28,5800.0,1450.0
5473,47.56,91.71,128.21,9.51,35.17,30.37,48.55,21.09,11.68,157.92,34.525000000000006,322.28,278.1
1702,11.0,34.1,71.4,0.26,6.6,13.8,35.4,0.8,1.44,172.0,17.6,343.0,204.0
15,19.79,43.93,108.28,0.3,8.76,20.05,61.0,0.61,0.84,128.0,28.18,286.0,283.82
109,39.0,177.0,270.0,1.56,40.0,63.3,56.4,2.75,6.58,465.0,49.3,320.0,380.0
4966,2.62,47.7,101.7,0.42,7.65,19.01,67.0,0.36,2.43,9.77,28.27,52.6,288.0
2161,20.6,25.0,42.2,0.38,7.4,8.8,16.9,0.73,1.76,52.0,9.0,94.0,113.0
3853,6.67,58.2,107.6,0.19,9.4,23.2,49.9,0.44,1.39,52.0,24.1,126.0,231.0
3743,13.67,59.9,109.6,0.4,14.7,22.4,43.8,1.19,2.02,49.0,21.4,103.0,228.6
6537,84.1,59.5,122.0,1.21,19.2,24.8,63.8,30.7,7.86,145.0,29.2,130.0,308.0
2389,40.1,96.34,197.0,1.88,20.31,39.95,106.0,1.25,3.2,307.0,51.19,458.0,579.0
4628,13.37,76.7,128.2,0.32,15.36,28.23,42.0,1.59,3.5,19.59,28.47,73.15,280.4
2948,69.0,125.0,193.0,3.0,32.0,44.0,63.0,27.0,13.0,134.0,47.0,104.0,512.0
6441,4.55,52.66,98.11,0.06,9.12,20.73,42.61,0.0,0.95,255.87,21.99,1525.6,223.03
1733,17.1,42.5,76.2,0.75,12.3,15.3,37.0,1.0,2.47,42.0,17.0,110.0,200.0
1464,12.6,117.0,218.1,0.76,21.9,44.2,82.3,1.73,3.7,70.0,49.1,86.0,539.0
3157,15.89,129.0,235.2,0.26,15.7,49.4,102.1,0.73,2.76,507.0,57.3,1979.0,527.0
2452,2.62,117.0,109.0,0.94,23.5,32.5,20.6,0.46,2.07,25.0,18.4,925.0,147.0
6751,78.95,124.25,161.18,3.19,55.51,39.04,45.89,7.78,13.21,167.95,31.9,101.23,256.08
3888,3.26,73.6,136.1,0.09,13.1,29.2,56.5,0.39,1.82,100.0,32.4,305.0,279.0
4509,47.24,115.66,192.98,3.0,33.76,43.28,80.55,2.74,6.71,378.25,41.55,451.06,391.55
143,6.58,66.7,124.0,0.84,14.5,27.3,50.3,0.88,2.52,52.1,27.2,76.7,249.0
1689,19.3,90.4,174.2,0.21,18.2,34.5,62.1,1.0,2.83,174.0,36.8,262.0,379.0
2674,16.7,67.5,132.2,1.53,14.8,26.1,55.6,1.84,2.75,247.0,27.7,282.0,244.0
193,3.06,67.9,121.0,0.32,13.4,27.2,52.7,1.19,2.16,68.8,27.2,452.0,264.0
2725,5.08,227.0,276.0,0.55,74.4,66.9,91.9,12.1,22.8,980.0,55.9,5130.0,485.0
4494,3.41,49.41,93.57,0.1,9.53,18.96,45.73,0.3,1.18,95.31,20.31,667.05,207.91
6480,0.99,12.9,3.57,0.39,15.89,1.91,0.48,0.68,2.25,28.4,0.43,415.69,3.79
2460,2.66,93.2,96.8,0.63,19.0,26.5,22.8,0.25,2.03,27.8,17.1,1019.0,145.0
5630,23.5,78.0,132.0,0.96,18.5,27.0,52.0,1.7,3.9,154.0,27.0,217.0,301.0
1970,8.4,178.8,340.0,1.09,35.7,69.6,116.3,3.68,6.51,355.0,69.0,365.0,711.0
3976,13.6,63.0,92.0,0.25,11.5,21.7,38.4,0.74,1.77,146.0,21.3,388.0,214.0
358,11.02,70.61,147.75,1.18,12.3,29.3,129.93,0.7,2.27,19.25,42.58,77.12,558.52
3763,13.39,59.9,117.2,1.2,16.7,22.3,57.9,1.44,3.17,96.0,24.3,156.0,278.5
1833,31.5,74.9,141.8,0.55,15.2,28.6,57.9,1.06,2.36,127.0,31.9,111.0,353.0
33,45.09,129.82,244.08,1.17,29.6,50.81,104.56,1.82,4.16,335.0,54.04,430.0,528.93
6125,14.07,111.0,183.0,0.97,28.7,41.0,70.0,3.85,5.46,235.0,39.0,269.0,340.0
228,5.01,123.0,192.0,0.54,26.4,47.1,57.3,1.95,5.23,97.6,44.0,142.0,404.0
3842,2.66,35.6,136.2,0.51,5.7,19.4,134.0,0.39,0.97,16.0,42.1,84.0,482.0
2534,1.8,76.5,67.4,0.55,15.2,20.3,14.4,0.12,1.24,15.2,12.0,543.0,102.0
6787,1289.0,246.0,141.0,0.2,178.0,44.0,29.0,1025.0,274.0,2797.0,28.0,957.0,215.0
4678,13.87,73.6,132.7,0.52,16.4,26.9,46.7,1.87,3.79,35.81,29.27,139.16,294.9
5668,16.26,475.1,711.6,3.29,113.0,171.9,230.6,9.22,18.07,155.1,160.9,194.1,1481.0
2515,1.05,227.0,507.0,0.6,19.8,91.5,219.0,0.25,1.73,12.4,122.0,681.0,1349.0
6307,0.63,4.68,10.02,0.12,0.65,1.9,5.73,0.02,0.1,19.67,2.41,262.3,23.26
2005,21.3,129.3,236.2,1.27,26.8,48.1,86.1,1.91,4.88,137.0,50.5,124.0,548.0
3790,39.2,109.0,197.6,0.62,26.8,40.3,81.6,1.5,2.63,166.0,41.4,260.0,435.0
7046,40.9,145.04,216.46,0.32,38.04,49.84,67.73,4.19,7.7,135.0,48.24,152.01,452.88
4825,330.0,92.0,178.0,3.2,41.0,34.9,84.7,168.0,37.0,184.29,44.0,368.95,471.0
1965,52.0,57.1,123.1,0.38,10.3,22.7,63.3,1.21,2.15,489.0,29.4,331.0,353.0
6626,73.0,107.0,194.0,1.36,24.9,42.4,79.6,4.93,4.28,246.0,43.7,224.0,419.0
3257,12.7,76.2,150.1,0.07,13.6,31.8,63.8,0.72,2.01,70.0,33.0,303.0,289.0
5987,1.6,135.0,237.0,0.2,29.0,51.0,93.0,1.8,5.2,133.0,51.0,264.0,512.0
2642,0.7,9.5,22.6,0.13,1.94,3.88,14.1,1.56,3.63,44.0,5.13,345.0,58.8
5516,25.9,746.0,1304.0,0.15,133.6,265.0,510.0,12.7,25.4,2511.0,291.0,8116.0,3305.0
3873,2.81,113.3,197.0,0.23,26.6,41.2,59.3,1.36,4.24,87.0,38.2,197.0,343.0
5221,8.6,78.5,178.8,0.81,13.3,33.7,108.7,0.87,4.57,26.6,48.1,75.4,432.0
2180,4.3,72.9,129.9,0.2,14.9,26.0,41.5,0.74,2.14,51.0,25.6,114.0,291.0
3756,15.21,179.0,280.0,0.66,51.8,61.1,72.8,4.06,7.1,113.0,48.9,142.0,440.0
1682,14.5,96.0,186.1,0.2,16.1,37.6,69.3,0.95,2.22,156.0,39.1,215.0,418.0
2997,19.1,73.5,155.0,0.74,14.2,28.4,71.4,1.62,2.7,103.0,33.7,159.0,344.0
1145,4.27,118.3,227.8,0.2,24.09,48.51,86.57,1.26,3.87,130.57,48.64,594.95,441.27
2448,2.66,98.0,97.8,0.72,19.7,28.3,21.4,0.2,2.08,25.2,17.8,836.0,149.0
5821,35.1,282.0,439.0,0.8,64.5,107.0,145.0,24.8,14.9,298.28,90.7,500.1,675.0
1895,19.1,59.6,114.3,1.03,17.2,23.1,49.3,2.23,3.83,108.0,24.7,105.0,272.0
4546,13.25,19.37,12.81,2.62,15.95,4.35,2.42,6.18,5.9,218.16,1.96,48.9,13.75
5497,36.07,12.9,62.73,2.17,2.44,34.91,91.92,4.21,1.7,929.31,48.41,1477.37,72.34
6023,10.0,203.0,392.0,1.0,36.0,81.0,150.0,3.2,5.4,318.0,84.0,1144.0,887.0
7058,29.78,129.44,199.43,1.77,33.81,44.35,74.64,4.83,7.7,260.09,46.39,139.71,450.2
3713,11.9,157.6,287.0,0.57,29.5,62.1,115.2,1.54,5.5,308.0,62.2,564.0,561.0
336,16.09,105.54,223.1,1.4,16.71,45.63,169.07,0.94,2.84,30.55,61.0,100.53,755.78
6951,54.41,146.9,224.75,3.18,42.75,53.56,80.28,6.18,9.6,134.88,46.05,91.16,425.93
1367,38.3,302.0,562.0,1.08,53.6,119.0,258.0,3.49,6.91,986.0,128.0,6340.0,1247.0
2660,11.07,41.6,67.8,1.98,14.2,14.4,29.3,4.24,4.17,144.0,14.0,130.0,128.0
1104,17.15,149.74,267.19,1.45,30.37,40.82,86.45,2.27,5.19,348.28,42.33,736.88,708.38
1209,28.93,199.18,365.54,2.31,43.18,58.02,104.72,6.01,8.92,237.49,54.39,125.14,881.71
2822,4.98,77.4,118.8,0.45,21.2,26.7,45.5,1.1,3.71,142.0,25.9,857.0,217.0
362,30.92,149.7,299.02,2.24,27.06,62.13,230.25,1.69,4.17,68.53,80.74,182.46,1038.91
4005,18.0,61.8,116.0,0.34,13.2,21.3,52.5,0.69,1.22,230.0,27.5,616.0,275.0
123,67.7,157.0,197.0,7.35,57.5,49.0,70.1,41.2,22.7,210.0,39.8,590.0,357.0
1940,29.5,60.2,141.6,0.52,11.5,24.9,72.9,0.77,1.62,202.0,32.3,201.0,380.0
2636,1.2,12.9,24.9,0.26,3.01,5.49,10.2,0.32,0.43,26.0,4.95,93.3,46.9
1362,33.3,165.0,318.0,1.8,37.1,65.7,172.0,2.54,6.21,884.0,76.4,3288.0,759.0
7183,4.73,61.0,99.0,0.16,14.0,23.0,37.0,0.94,2.57,57.0,21.0,247.0,189.0
2959,56.0,164.0,377.0,1.0,27.0,73.0,202.0,2.0,4.0,744.0,99.0,729.0,1151.0
1369,36.0,221.0,417.0,0.68,39.2,87.8,198.0,1.01,4.72,1056.0,98.1,7636.0,933.0
4041,7.13,36.7,66.3,0.33,10.12,13.88,33.5,0.71,1.33,92.0,15.04,235.0,149.5
6388,1.22,13.91,5.55,0.06,8.87,2.38,0.65,0.55,2.31,59.03,0.67,634.01,4.62
2633,0.73,181.0,378.0,0.55,17.3,74.7,184.0,0.23,1.3,10.2,91.7,1177.0,1007.0
56,42.58,104.69,249.98,1.01,28.28,50.67,101.52,0.89,3.1,306.0,56.94,418.0,523.27
4229,15.33,74.0,129.0,0.44,16.4,26.7,49.3,1.18,2.79,146.0,26.5,237.0,242.0
5467,5.09,217.57,333.55,1.45,36.56,78.66,98.6,1.47,3.9,51.81,34.525000000000006,344.79,633.8
3950,19.67,57.7,114.2,0.32,12.9,23.0,49.4,0.7,1.9,135.0,25.0,228.0,248.0
6225,31.12,308.0,525.0,0.17,70.78,118.0,186.0,13.62,13.73,1101.0,107.0,2659.0,924.0
6296,18.19,96.0,209.0,1.35,18.63,42.0,115.0,1.68,3.48,217.0,49.0,386.0,505.0
3422,45.6,98.9,219.0,0.57,17.9,42.8,108.0,0.69,2.96,388.0,50.5,675.0,502.0
4255,5.64,144.0,230.0,0.1,39.6,52.2,66.2,2.27,6.48,256.0,41.7,305.0,339.0
167,7.15,104.0,137.0,0.67,28.8,35.2,37.1,2.94,6.29,308.0,25.2,217.0,217.0
1506,11.0,89.3,161.1,0.37,18.1,33.5,56.2,0.94,2.88,135.0,33.5,169.0,345.0
6697,10.6,35.3,66.1,0.22,9.02,14.0,28.5,0.77,1.56,144.0,14.9,451.0,141.0
2409,1.67,111.0,125.0,0.65,18.9,34.2,26.1,0.33,1.79,14.1,21.2,1334.0,170.0
4405,26.4,11.0,8.0,0.45,7.8,2.5,1.4,2.02,2.92,288.0,1.2,500.0,10.0
1500,14.3,148.9,203.4,0.87,32.5,49.0,53.2,1.72,4.7,133.0,37.2,142.0,353.0
1564,13.1,83.8,153.6,0.28,16.8,31.4,53.7,1.23,2.67,97.0,30.7,97.0,347.0
6683,11.6,46.8,81.5,0.7,13.3,17.9,33.5,1.59,2.65,106.0,17.5,143.0,168.0
2103,39.1,83.1,152.7,0.51,18.1,30.7,60.2,1.46,3.48,158.0,32.3,117.0,352.0
232,33.4,133.0,274.0,1.33,27.1,56.5,127.0,2.5,4.23,94.2,64.5,171.0,632.0
849,40.21,78.9,136.76,2.44,22.91,28.83,82.75,4.16,5.3,911.09,31.18,2133.09,324.35
5936,75.0,242.0,336.0,0.4,79.0,79.0,101.0,45.0,21.0,576.0,61.0,497.0,601.0
966,20.0,109.0,231.0,1.71,18.5,46.3,113.0,0.63,2.1,103.0,53.4,467.0,548.0
1617,27.0,61.9,116.9,0.18,13.2,23.0,42.6,1.06,2.78,250.0,23.5,280.0,272.0
5924,587.0,145.0,226.0,2.4,65.0,51.0,88.0,294.0,52.0,803.0,48.0,929.0,488.0
6405,0.91,34.61,15.11,0.32,21.18,6.45,1.72,1.14,3.64,50.21,1.82,597.57,12.61
5407,326.9,642.0,427.1,31.13,244.1,132.4,172.2,288.35,171.96,1922.0,95.6,4713.0,1029.0
4071,15.7,140.6,284.0,0.69,27.1,57.3,122.9,2.99,3.24,382.0,61.7,687.0,585.0
4791,36.2,30.2,35.1,0.98,10.7,8.4,11.14,3.6,2.99,28.84,7.06,38.6,71.4
3383,57.2,404.0,541.0,1.27,117.2,132.2,154.0,11.59,24.1,529.0,102.8,536.0,818.0
1169,11.69,63.23,133.6,0.8,13.67,26.62,71.16,1.1,2.4,59.01,31.21,158.87,316.16
6367,0.88,33.25,16.77,0.62,18.32,6.67,3.97,0.64,2.27,22.92,2.57,300.76,27.23
1058,270.32,55.71,127.14,52.5,19.91,29.24,76.77,33.92,19.59,211.42,39.47,198.06,406.26
1808,21.5,90.5,188.5,0.05,15.0,36.2,79.6,0.83,2.51,362.0,42.9,712.0,476.0
5171,5.6,31.2,53.6,0.82,7.72,11.94,28.6,0.82,3.94,14.19,13.17,48.1,134.9
6092,12.0,106.0,187.0,0.2,19.0,39.0,66.0,1.0,2.9,183.0,38.0,332.0,396.0
848,44.88,93.44,165.26,2.6,27.83,35.35,83.54,3.91,6.93,812.85,37.22,722.17,377.0
3490,7.61,114.0,181.0,0.53,37.7,40.8,64.7,5.03,7.41,207.0,35.9,378.0,321.0
1705,19.1,85.5,160.6,0.18,17.5,33.1,57.9,1.1,2.94,332.0,34.7,556.0,367.0
1665,15.1,62.3,102.7,0.32,16.4,22.2,36.2,1.17,2.3,123.0,22.3,134.0,231.0
917,49.69,66.96,145.19,0.58,14.28,28.57,80.51,3.48,2.54,487.42,34.33,842.23,354.11
1455,12.1,74.4,139.5,0.5,17.5,28.9,53.1,1.08,2.92,65.0,29.6,58.0,328.0
3879,21.6,79.1,150.8,0.49,16.4,33.4,65.8,0.61,2.78,134.0,33.5,220.0,330.0
5532,37.6,116.0,216.0,0.53,26.0,43.0,87.0,12.8,5.0,272.0,46.0,663.0,507.0
2366,26.2,277.0,253.0,6.7,66.0,71.0,77.6,1.56,31.0,62.1,55.4,96.0,501.0
3740,4.23,89.6,155.6,0.52,19.4,32.8,55.4,0.86,1.63,34.0,30.2,94.0,293.0
757,33.12,105.0,204.0,1.15,24.9,42.7,98.2,2.45,4.49,421.0,46.0,496.0,446.0
3884,2.92,175.0,275.0,0.24,48.2,57.9,80.3,3.12,9.2,150.0,55.2,282.0,431.0
4139,7.27,89.5,172.4,0.66,22.9,39.6,69.8,1.47,3.49,77.0,35.5,143.0,365.0
4343,0.96,100.0,228.0,0.08,8.55,40.9,109.0,0.2,0.69,98.5,53.0,3461.0,668.0
5768,64.6,439.0,745.0,2.69,96.4,177.0,240.0,25.0,21.4,4555.04,155.0,3187.01,1182.0
6511,4.41,9.57,10.5,0.14,2.61,2.6,2.72,0.16,0.36,9.9,1.81,177.0,14.2
5952,43.0,144.0,224.0,1.7,40.0,49.0,75.0,7.7,7.9,822.0,44.0,393.0,464.0
2424,0.65,21.3,12.0,0.54,10.9,4.33,1.67,0.38,1.48,15.0,1.67,1095.0,12.6
5366,22.8,72.8,124.0,0.6,19.4,31.1,53.3,1.91,3.24,300.0,30.4,273.0,244.0
2224,49.7,69.4,136.3,0.42,12.8,25.7,53.1,1.16,2.39,160.0,30.2,225.0,368.0
896,19.12,54.19,103.36,0.6,13.43,21.67,49.06,0.98,2.25,159.36,22.43,263.4,224.46
6474,1.76,12.74,7.69,0.21,10.16,2.52,1.06,0.55,2.25,48.83,1.09,568.19,6.53
3748,6.15,28.1,59.0,0.8,5.7,11.01,38.4,0.68,1.03,37.0,13.91,117.0,163.1
6998,26.59,123.67,189.25,0.16,30.53,44.95,55.91,2.48,6.0,114.61,41.58,233.11,393.61
3165,4.74,65.4,112.0,0.44,13.9,23.7,47.6,0.38,1.85,60.0,23.3,167.0,232.0
2281,35.9,121.0,184.0,4.2,63.0,38.5,53.2,15.7,15.2,64.2,34.7,42.0,281.0
5872,17.9,30.4,69.0,0.86,7.55,13.2,50.0,1.04,1.53,126.0,17.7,209.0,205.0
1054,365.7,156.65,262.75,361.56,68.08,62.52,99.86,114.89,81.81,247.7,65.2,331.95,670.57
4904,11.38,134.37,201.42,1.62,36.62,48.24,77.2,6.83,9.54,279.87,42.33,251.4,387.83
5240,8.6,78.5,178.4,0.81,13.33,33.7,108.7,0.87,5.35,26.6,48.1,75.4,432.0
6068,11.0,79.0,133.0,0.2,13.0,26.0,47.0,0.3,3.4,280.0,28.0,671.0,288.0
6025,43.0,73.0,112.0,1.0,22.0,25.0,40.0,3.2,4.3,127.0,23.0,95.0,232.0
2858,84.0,800.0,963.0,8.8,249.0,252.0,218.0,28.9,52.0,1220.0,174.0,681.0,1478.0
2614,1.61,95.5,115.0,0.38,12.1,30.6,25.0,0.15,1.64,9.34,20.3,440.0,166.0
1647,4.3,126.9,223.6,0.15,28.7,47.0,79.5,2.07,3.83,63.0,45.5,100.0,477.0
6706,39.4,221.0,334.0,4.13,67.2,77.8,116.0,11.0,13.8,219.0,67.9,93.1,613.0
6681,30.8,161.0,255.0,0.09,43.2,59.8,75.4,4.26,7.75,119.0,49.2,156.0,420.0
1898,6.3,116.6,187.8,0.51,30.9,41.3,62.7,2.06,4.83,143.0,37.3,112.0,384.0
4292,9.51,48.0,80.0,1.93,14.5,17.4,32.7,2.1,2.86,288.0,15.8,412.0,148.0
4484,5.92,167.42,304.05,0.42,31.66,64.36,148.56,0.73,3.5,287.42,68.73,2236.36,686.96
6374,0.89,32.75,19.05,0.05,16.5,6.87,2.49,0.72,3.79,61.41,2.53,697.24,16.66
288,27.8,358.0,512.0,0.41,81.4,129.0,130.0,13.5,15.7,1033.0,105.0,858.0,897.0
6279,26.27,60.0,140.0,0.86,12.77,27.0,94.0,0.62,1.7,165.0,36.0,460.0,387.0
6425,3.37,40.21,49.47,0.07,12.78,13.01,13.28,1.26,2.39,130.61,9.05,116.4,79.05
823,30.4,69.0,145.0,0.9,15.1,26.6,77.7,1.91,2.73,449.0,32.3,564.0,388.0
3747,33.0,81.1,162.5,0.56,16.3,32.5,72.4,0.86,1.85,69.0,35.7,114.0,374.0
265,55.9,191.0,386.0,1.64,41.3,84.2,190.0,3.45,6.06,977.0,93.3,420.0,921.0
5462,76.2,514.0,452.0,30.3,215.0,130.0,98.9,74.0,86.2,210.0,34.525000000000006,1045.0,682.0
1753,19.0,98.2,155.5,2.15,27.7,33.7,56.0,5.9,8.34,257.0,32.3,152.0,346.0
2829,2.7,55.7,110.0,1.29,8.5,22.2,51.1,0.74,1.22,90.0,25.3,2130.0,252.0
1906,12.9,60.9,75.9,0.56,18.9,18.6,19.9,1.6,3.71,76.0,13.2,129.0,126.0
4125,14.41,171.4,353.0,0.8,29.7,72.6,163.8,0.91,4.43,28.0,81.2,50.0,776.0
5863,4.03,141.0,265.0,2.4,26.4,56.1,198.0,0.38,2.26,34.9,61.9,204.0,633.0
3683,9.1,110.4,193.0,0.43,21.5,42.5,79.8,1.0,2.96,175.0,42.4,340.0,412.0
4221,22.64,128.0,168.0,1.19,45.4,39.1,46.8,8.87,11.46,411.0,30.8,485.0,261.0
4045,24.8,152.9,255.0,1.53,37.6,55.5,107.8,4.39,6.77,252.0,51.2,374.0,494.0
5738,182.0,192.0,363.0,2.49,41.3,84.7,165.0,2.07,6.35,361.0,94.1,480.0,722.0
1407,45.2,153.8,203.6,4.27,56.1,48.8,58.5,12.13,15.3,267.0,36.3,107.0,361.0
3025,7.62,30.8,60.0,0.28,7.1,12.93,35.6,0.6,1.53,117.0,15.2,317.0,152.1
3802,1.59,23.8,58.3,0.29,4.1,10.62,34.8,0.08,0.58,3.0,13.73,351.0,156.2
3070,8.56,68.8,127.0,0.33,12.3,26.0,57.3,0.66,1.14,59.0,30.8,230.0,284.0
5494,50.69,63.18,103.44,6.41,23.95,22.58,52.48,12.13,7.35,123.67,34.525000000000006,201.0,277.03
1695,3.0,171.0,309.4,0.9,32.1,64.7,107.2,1.88,5.04,145.0,65.0,291.0,674.0
3971,14.4,59.4,106.0,0.6,14.6,21.6,49.8,1.13,2.06,185.0,25.3,357.0,266.0
5349,2.73,2.89,7.45,0.06,0.46,1.39,6.11,1.56,0.16,24.26,1.91,372.29,26.92
303,22.93,226.66,380.34,5.57,53.72,85.16,256.1,5.91,11.5,78.32,98.78,147.85,1173.53
4430,12.07,188.0,309.0,0.73,47.6,68.2,105.3,2.96,7.4,288.0,61.2,530.0,537.0
965,26.5,112.0,232.0,1.88,20.0,47.5,113.0,3.58,3.31,150.0,53.2,461.0,550.0
4776,13.07,53.7,107.5,0.32,10.19,21.48,42.4,0.7,1.88,71.84,25.66,389.43,265.7
6730,10.55,142.87,287.05,0.37,37.4,58.61,115.17,1.58,3.81,107.89,66.33,478.47,618.96
3179,4.8,69.0,154.0,0.29,13.2,31.8,62.0,0.85,2.11,84.0,33.5,254.0,331.0
5992,15.0,36.0,66.0,0.5,9.0,14.0,33.0,0.8,1.3,130.0,15.0,180.0,168.0
3732,3.35,45.3,79.9,0.25,10.7,16.89,28.4,0.6,1.68,21.0,15.94,75.0,157.6
1100,63.88,593.15,456.53,19.02,244.11,103.14,76.96,25.55,44.36,276.66,53.24,298.14,732.27
4968,4.56,44.8,94.3,0.35,7.34,18.9,57.1,1.1,2.93,16.6,25.4,68.0,266.0
958,19.8,101.0,219.0,1.59,17.8,43.0,109.0,0.81,2.22,85.0,50.6,351.0,527.0
6080,44.0,67.0,150.0,1.0,15.0,28.0,80.0,1.4,2.9,357.0,35.0,647.0,420.0
2156,2.4,66.5,123.9,0.33,12.7,24.5,47.1,0.64,2.2,31.0,26.3,82.0,311.0
3920,10.96,132.1,266.0,0.28,21.5,52.6,121.0,0.62,3.08,338.0,61.5,1220.0,600.0
2309,17.0,72.0,123.0,0.89,24.1,22.3,44.9,4.6,3.2,33.4,21.7,71.0,211.0
5635,25.4,92.0,154.0,0.22,18.5,31.0,56.0,1.3,3.2,295.0,32.0,661.0,353.0
3997,4.83,77.8,153.0,0.93,17.7,28.9,101.7,1.7,2.62,256.0,38.8,573.0,447.0
128,59.8,116.0,166.0,3.54,32.8,39.4,66.1,29.8,15.0,295.0,35.1,921.0,338.0
3028,20.4,41.3,72.1,0.61,8.0,15.5,47.0,0.64,2.17,185.0,17.1,360.0,196.0
5900,46.4,87.5,212.0,1.68,20.7,39.2,175.0,1.42,4.09,18.0,57.4,489.0,728.0
5925,11.0,74.0,131.0,0.1,15.0,29.0,49.0,2.6,2.4,323.0,28.0,1066.0,277.0
2964,1.65,33.9,78.7,0.47,5.53,14.2,61.2,0.32,0.77,4.0,20.0,21.0,224.0
5897,6.45,85.7,161.0,0.32,15.6,33.8,68.3,0.96,3.13,127.0,34.5,570.0,354.0
136,80.2,123.0,190.0,2.69,37.8,45.4,79.0,16.6,11.3,86.6,38.8,55.1,376.0
3519,7.45,32.7,54.0,0.08,7.52,12.57,20.0,0.47,1.31,13.0,11.2,48.0,103.1
2668,11.09,31.6,69.2,1.03,7.8,12.86,35.2,1.3,1.97,143.0,15.24,226.0,152.0
5845,1.74,98.0,211.0,1.52,15.4,42.3,178.0,0.21,1.23,17.6,58.2,160.0,702.0
17,22.56,41.88,90.04,0.24,5.89,16.91,45.73,0.12,0.67,74.0,22.66,168.0,222.26
1267,7.39,143.58,216.48,1.44,38.7,37.3,54.36,8.05,9.68,78.72,30.63,50.33,476.15
106,9.58,158.0,271.0,0.88,37.2,57.9,101.0,3.2,6.45,151.0,54.6,312.0,500.0
3693,64.1,72.4,129.1,0.77,19.7,27.3,63.4,32.6,12.8,188.0,30.0,456.0,303.0
3239,4.87,81.0,155.0,0.38,15.5,32.8,64.7,0.77,2.26,34.0,31.7,70.0,295.0
4895,116.0,94.7,154.0,2.57,26.9,32.8,57.7,7.8,7.5,222.06,35.5,438.64,365.0
3854,7.91,28.2,41.9,0.27,9.0,9.61,11.9,0.73,2.01,79.0,7.42,127.0,63.9
6430,2.57,32.06,71.81,0.0,4.36,13.51,36.74,0.71,0.0,55.81,16.65,1256.78,175.49
1222,15.19,73.6,142.46,0.26,13.02,21.58,43.64,0.96,2.37,186.49,22.48,221.51,370.03
5883,8.91,12.2,29.2,0.3,2.75,5.37,24.2,0.3,0.59,33.6,7.79,81.6,96.1
5374,3.14,14.02,42.03,0.25,1.73,7.24,28.27,1.56,0.87,54.07,10.7,704.69,118.79
4140,48.1,65.8,136.0,0.62,17.0,27.7,68.5,1.01,2.78,111.0,30.7,150.0,303.0
2827,1.96,45.0,99.0,0.34,6.94,16.8,45.7,0.45,0.99,63.0,23.5,1580.0,245.0
5245,27.8,146.0,372.0,0.61,19.2,66.0,245.0,0.87,6.07,249.0,103.0,730.0,850.0
3403,26.4,57.6,116.3,0.32,12.51,22.8,55.3,0.83,2.3,72.0,27.6,112.0,253.0
4338,1.36,120.0,253.0,0.08,12.0,46.5,97.0,0.25,0.84,82.4,54.2,1691.0,630.0
4563,13.91,5.43,4.11,0.65,3.53,1.35,1.1,2.05,1.51,82.42,0.73,31.41,6.12
3459,4.18,96.0,198.0,0.12,17.1,40.8,80.8,0.63,2.1,63.0,42.2,191.0,399.0
5314,4.37,8.35,18.81,0.3,2.07,3.87,16.33,0.18,0.46,33.41,4.92,387.35,62.26
1674,3.7,54.9,106.4,0.1,11.5,21.6,44.3,0.62,1.83,56.0,23.5,183.0,257.0
3835,3.2,43.0,93.0,0.49,8.5,18.1,41.6,0.41,1.61,22.0,23.0,61.0,205.0
6538,95.2,106.0,196.0,1.96,25.7,40.4,95.8,7.48,6.4,487.0,48.2,1956.0,498.0
4666,30.4,66.0,101.4,1.25,15.7,22.4,33.1,1.94,3.42,47.79,21.37,61.23,213.8
4321,2.47,184.0,409.0,0.03,18.36,74.0,138.0,0.23,1.83,146.5,82.4,3063.0,942.0
4583,11.37,112.77,233.07,0.75,18.83,48.47,104.39,2.23,3.52,150.31,52.57,324.4,502.58
191,4.52,7.81,5.99,0.33,4.2,1.69,2.93,1.14,1.09,161.0,0.99,397.0,8.65
3610,6.88,11.0,31.6,0.13,1.76,4.99,32.1,0.04,0.33,44.0,9.62,202.0,117.0
2344,21.0,110.0,117.0,6.4,27.1,30.8,46.5,1.56,4.6,37.1,27.3,67.6,259.0
2522,1.59,198.0,382.0,0.55,20.1,76.5,132.0,0.33,2.41,19.4,83.5,640.0,843.0
4341,2.82,211.0,445.0,0.09,22.1,83.4,146.0,0.36,1.94,173.3,92.5,2998.0,989.0
3315,5.6,65.2,148.0,0.16,11.5,30.0,76.0,0.39,1.52,115.0,34.0,422.0,381.0
3691,4.8,99.9,202.3,0.62,15.9,42.3,93.5,0.82,2.55,146.0,46.4,436.0,453.0
1024,45.26,57.62,115.2,14.4,12.9,16.72,26.6,32.39,8.78,36.07,15.37,83.54,295.54
5815,7.89,190.0,293.0,0.36,45.8,71.5,98.5,7.98,10.0,188.69,60.5,309.68,438.0
6416,8.01,96.92,163.92,0.11,18.85,36.33,61.97,1.18,3.5,275.43,34.63,723.08,324.3
6532,8.42,87.2,148.0,1.56,22.8,32.6,64.9,2.96,4.65,158.0,32.9,394.0,333.0
5190,8.85,61.0,135.3,0.5,9.87,26.93,84.8,0.49,3.2,97.1,36.5,242.0,347.9
3615,5.33,107.7,205.0,0.32,19.4,44.0,87.4,0.92,2.45,70.0,45.2,210.0,415.0
1105,4.81,168.43,336.41,0.04,21.93,50.8,93.01,1.42,3.05,193.3,51.71,299.71,828.34
7041,65.82,177.01,256.52,1.54,54.3,60.36,80.88,8.18,11.43,106.04,53.77,57.11,500.71
2722,0.33,147.0,292.0,0.29,13.4,58.0,124.0,0.11,1.3,16.0,62.3,2300.0,591.0
6236,17.36,170.0,294.0,0.12,35.17,66.0,107.0,1.48,5.17,850.0,60.0,1854.0,545.0
5534,46.8,128.0,256.0,0.48,24.9,49.0,113.0,15.3,6.3,632.0,58.0,1844.0,654.0
4979,9.6,115.0,236.0,2.13,23.1,46.1,142.0,1.55,9.4,35.2,62.5,86.7,555.0
1468,8.3,71.8,129.2,0.14,16.4,27.2,44.4,1.46,3.0,112.0,25.8,92.0,272.0
5913,612.0,787.0,943.0,0.8,233.0,236.0,262.0,202.0,112.0,1666.0,168.0,2267.0,1658.0
5028,14.14,60.2,121.1,0.5,11.72,23.56,56.5,0.82,4.95,87.3,30.4,210.0,266.0
3053,8.08,99.3,177.0,0.93,22.6,41.6,72.0,1.34,3.36,57.0,42.6,147.0,387.0
1144,16.22,54.96,87.93,0.37,17.09,20.54,33.05,1.99,3.66,94.55,17.93,118.8,163.28
1086,8.63,143.38,291.37,3.25,28.58,41.55,123.75,2.08,5.03,130.49,50.2,593.19,926.46
5266,6.89,49.4,102.7,0.39,9.22,20.06,40.9,0.6,3.24,21.41,24.02,62.2,210.4
7103,5.81,41.0,58.0,0.14,11.0,14.0,22.0,0.79,2.25,194.0,12.0,504.0,109.0
978,15.2,85.3,193.0,1.46,13.8,38.0,105.0,1.55,1.96,74.2,46.4,363.0,494.0
4050,7.53,43.1,88.9,0.42,8.3,19.2,60.0,0.62,1.21,175.0,22.46,459.0,250.5
294,15.68,124.11,209.25,3.24,29.02,46.87,151.58,2.68,6.67,49.68,55.15,106.76,680.55
2092,27.0,71.0,135.9,0.43,14.2,27.7,56.3,0.87,2.32,111.0,29.3,100.0,313.0
4889,1.01,261.0,394.0,0.1,48.3,91.5,104.4,1.58,6.81,41.78,82.0,260.76,740.0
3460,0.66,129.0,94.0,0.12,55.6,32.2,18.5,2.86,9.3,78.0,14.7,191.0,107.0
5470,47.09,208.25,438.46,21.5,49.0,81.83,230.19,36.96,19.67,248.62,34.525000000000006,646.57,1311.48
3123,11.4,148.2,274.0,0.21,26.8,58.3,116.5,0.5,2.52,219.0,66.7,698.0,631.0
5667,2.74,149.4,275.7,0.54,12.88,62.25,89.34,0.12,0.57,17.57,67.41,287.2,629.1
5755,85.9,115.0,206.0,2.47,26.3,49.3,101.0,9.65,6.99,306.0,55.4,875.0,440.0
4216,89.4,91.0,115.0,2.8,40.4,27.3,33.5,9.72,12.0,463.0,21.3,162.0,179.0
722,24.76,64.7,132.0,0.65,12.4,27.0,69.4,0.68,2.0,336.0,30.6,524.0,307.0
4774,16.66,162.5,247.4,0.23,35.7,57.4,65.2,2.57,6.45,114.67,50.5,297.53,460.0
3566,5.76,102.0,175.0,0.99,21.1,37.8,78.0,1.58,3.41,81.0,37.5,239.0,360.0
2247,31.85,106.37,101.21,3.35,46.05,28.47,26.76,15.68,18.38,151.7,22.76,156.82,209.26
6685,2.94,26.3,52.5,0.46,6.69,10.6,26.2,0.34,0.86,24.1,11.6,98.2,121.0
6204,18.19,289.0,487.0,0.13,66.74,109.0,177.0,5.76,11.12,952.0,99.0,2336.0,870.0
2206,14.5,99.6,159.0,0.5,25.7,33.1,49.6,2.78,5.31,152.0,32.0,144.0,359.0
3269,8.57,82.0,170.0,0.3,16.2,34.2,85.7,0.87,1.95,216.0,39.0,526.0,362.0
3320,5.4,95.0,173.0,0.58,24.0,39.0,84.0,1.7,4.0,84.0,38.0,497.0,359.0
5544,18.6,390.0,696.0,0.27,82.9,127.0,502.0,16.4,25.8,777.0,190.0,5550.0,2740.0
4925,9.34,217.95,438.39,0.39,35.55,90.08,209.66,2.46,4.7,275.89,106.96,2570.0,1070.0
2219,16.4,147.2,255.5,4.29,39.2,50.3,104.0,4.76,8.0,672.0,54.9,213.0,678.0
1147,14.26,89.74,157.35,0.88,21.11,34.34,63.14,1.46,3.02,77.11,33.36,126.67,316.12
5569,25.1,482.0,977.0,0.06,63.6,186.0,415.0,7.1,9.1,1425.0,220.0,10699.0,2554.0
3526,26.18,60.5,121.0,0.58,12.52,25.1,55.4,0.67,2.26,61.0,26.5,76.0,260.0
2760,2.68,91.7,240.0,0.16,12.4,41.8,125.7,0.22,1.31,99.0,57.2,1286.0,561.0
3419,13.8,91.0,175.6,0.35,21.8,37.7,72.5,1.55,3.44,174.0,39.2,501.0,369.0
6159,136.0,956.0,1706.0,0.04,198.1,372.0,699.0,70.83,50.67,7223.0,384.0,23079.0,3649.0
47,24.36,41.03,125.86,0.37,8.68,23.83,66.22,0.21,0.99,113.0,32.28,242.0,321.63
2852,140.0,1226.0,1342.0,17.9,414.0,367.0,274.0,68.1,96.2,1518.0,235.0,762.0,1939.0
1739,3.5,210.0,322.9,0.69,50.3,71.9,101.4,3.95,8.65,105.0,63.6,122.0,646.0
215,4.33,79.3,136.0,0.67,15.5,31.0,48.0,1.07,2.77,22.4,35.0,62.5,392.0
1537,19.8,77.5,134.2,0.16,16.1,27.9,48.9,1.06,2.67,118.0,27.8,314.0,304.0
1101,1.67,259.72,554.61,0.3,32.67,80.51,166.87,1.06,3.98,64.92,88.04,330.97,1411.73
1328,27.49,302.86,638.83,3.67,68.08,102.76,263.54,7.77,12.34,588.51,116.37,564.27,1980.15
1249,5.52,52.47,82.07,0.25,13.69,13.68,21.52,1.36,2.82,210.3,11.86,306.27,186.53
4621,13.39,35.8,67.5,0.23,6.8,13.87,30.17,0.75,1.66,26.37,16.36,51.53,178.2
1655,12.3,75.6,124.3,0.42,16.9,26.5,43.7,1.72,3.88,100.0,26.5,116.0,285.0
3263,7.58,71.2,149.0,0.23,12.6,30.1,73.6,0.52,1.78,140.0,31.5,389.0,320.0
3856,5.75,29.8,67.5,0.25,5.3,13.06,40.1,0.17,0.62,50.0,15.97,129.0,176.0
949,17.35,172.25,343.81,0.06,27.85,68.4,143.44,2.48,3.8,424.64,77.09,65.68,739.37
3603,3.63,78.0,147.1,0.41,14.8,30.3,57.2,0.73,2.11,48.0,30.9,155.0,289.0
1099,5.53,179.29,294.8,0.45,39.25,48.5,75.82,4.3,7.65,141.85,41.8,228.27,648.5
158,20.4,280.0,392.0,0.42,75.6,97.4,108.0,8.69,15.1,84.5,75.2,155.0,616.0
2953,56.0,162.0,252.0,2.0,37.0,60.0,85.0,5.0,9.0,204.0,61.0,162.0,660.0
2347,64.2,93.0,107.0,6.4,28.0,23.8,36.7,1.56,15.0,44.2,17.0,90.7,206.0
6297,0.53,2.07,3.65,0.35,0.31,0.86,4.81,0.0,0.05,1.05,0.89,10.03,16.6
2500,1.52,210.0,350.0,0.57,29.1,72.7,113.0,0.42,2.33,41.5,72.1,602.0,714.0
3101,2.57,85.1,166.6,0.12,15.2,34.9,64.1,0.68,2.12,81.0,40.2,457.0,336.0
4551,17.35,5.83,3.55,0.95,4.67,1.34,0.7,2.62,1.93,129.5,0.53,29.58,4.0
3990,6.83,63.5,134.0,0.15,8.9,27.9,83.0,0.27,0.9,137.0,33.9,497.0,379.0
5344,2.78,3.82,10.09,0.11,0.6,1.79,9.21,1.56,0.16,23.35,2.83,315.19,37.15
1858,16.3,160.9,267.8,0.91,36.7,58.2,87.5,3.19,6.66,149.0,55.1,163.0,578.0
6854,26.74,70.46,133.11,1.96,20.84,27.79,62.75,2.12,4.58,87.71,31.03,109.77,286.76
5283,10.86,159.5,253.0,1.6,33.9,67.0,90.4,3.19,15.7,53.7,55.7,110.3,425.0
1991,29.3,82.0,156.9,0.65,16.4,31.3,63.4,1.14,2.95,98.0,35.0,94.0,397.0
2686,13.9,99.9,169.0,0.71,25.1,34.8,64.9,1.17,3.89,216.0,33.9,1386.0,323.0
3340,23.5,89.4,197.0,1.17,18.4,37.4,120.1,1.13,3.13,76.0,49.0,93.0,503.0
7145,12.0,119.0,225.0,0.49,21.0,48.0,94.0,2.86,3.63,114.0,50.0,528.0,471.0
3697,4.2,76.0,150.6,0.22,12.3,31.7,75.5,0.49,1.31,162.0,36.4,478.0,362.0
3722,10.2,160.9,284.0,0.59,27.0,59.4,120.8,1.03,4.65,325.0,61.9,616.0,597.0
2969,3.17,47.3,85.0,0.18,8.4,18.8,36.6,0.32,1.21,31.0,17.7,79.0,181.0
4355,30.9,102.0,177.0,1.44,28.1,37.0,65.3,3.16,5.85,187.0,33.8,222.0,311.0
5339,3.96,21.82,64.79,0.26,3.28,10.87,51.78,1.56,0.29,52.6,17.7,1764.74,214.51
3050,15.4,41.2,75.8,0.21,8.2,16.43,35.7,0.34,1.14,44.0,19.8,100.0,179.8
3550,14.53,54.7,108.0,0.63,13.0,23.1,61.0,0.88,2.36,84.0,25.5,189.0,267.0
2233,38.7,604.6,728.4,6.39,185.0,180.1,153.6,34.11,51.69,213.0,127.7,240.0,1283.0
3510,60.4,150.0,280.0,1.54,34.9,61.6,134.8,2.25,5.58,866.0,62.9,738.0,594.0
4122,4.24,39.1,84.5,0.29,6.9,15.2,47.3,0.23,1.04,13.0,21.81,31.0,213.0
6714,8.73,22.0,32.8,0.75,7.28,7.74,12.1,0.93,1.57,18.1,6.5,44.5,60.9
4866,50.5,141.0,227.0,2.29,36.3,50.7,74.2,12.1,8.92,136.37,50.0,170.83,490.0
5940,33.0,129.0,225.0,0.1,28.0,49.0,72.0,10.0,5.2,297.0,45.0,553.0,447.0
3061,29.1,85.5,130.9,0.68,13.8,29.3,58.1,0.94,2.53,134.0,31.1,193.0,299.0
5236,6.25,30.3,53.0,0.83,7.66,11.7,27.02,0.92,3.67,17.61,12.92,58.1,134.6
6834,67.7,102.62,169.78,2.23,31.58,38.75,68.75,4.49,7.34,380.14,37.91,286.74,340.32
5488,8.89,23.16,45.23,1.31,6.28,9.13,24.17,4.56,2.29,35.29,34.525000000000006,132.72,126.42
3209,5.69,66.8,140.0,0.2,10.3,23.2,77.5,0.44,1.22,105.0,34.5,422.0,356.0
6438,7.51,90.74,160.79,0.16,19.41,34.09,62.03,1.18,3.1,273.26,32.58,842.57,315.17
4246,0.31,308.0,242.0,0.69,53.2,74.5,45.6,0.89,4.95,32.0,37.2,1716.0,258.0
1842,9.6,114.3,204.8,0.26,24.2,42.3,70.1,1.46,3.62,133.0,43.3,135.0,465.0
6370,2.28,89.7,165.82,0.31,13.83,32.96,72.73,1.34,1.91,63.65,37.49,600.9,383.23
4416,11.35,73.0,127.0,0.52,23.5,26.2,49.6,2.42,5.88,454.0,25.2,979.0,237.0
1654,22.1,51.9,104.8,0.53,11.5,20.4,48.6,1.4,2.38,121.0,24.0,114.0,280.0
4162,8.41,93.1,185.0,0.42,19.5,38.1,93.3,0.89,2.3,224.0,44.7,561.0,417.0
6766,37.25,59.95,114.26,0.48,17.89,22.98,49.98,1.09,1.98,87.63,25.63,74.19,242.62
822,38.59,112.0,241.0,0.91,22.3,47.9,125.0,1.23,3.07,428.0,55.5,570.0,562.0
1958,30.7,122.1,212.8,2.07,33.5,43.9,82.5,3.56,7.06,246.0,44.0,239.0,473.0
5935,269.0,645.0,838.0,2.9,214.0,170.0,539.0,380.0,239.0,1949.0,245.0,1992.0,3284.0
2718,1.49,72.1,91.9,0.41,20.0,21.3,44.6,0.71,2.23,36.0,19.6,689.0,196.0
6868,44.26,109.08,187.73,1.69,26.49,39.51,75.49,2.1,4.82,123.24,43.8,111.48,426.28
3929,25.8,62.4,90.1,0.73,11.4,20.7,36.8,1.22,2.64,30.0,20.3,81.0,200.0
3994,49.0,40.3,85.4,0.65,10.7,16.4,52.0,12.1,4.05,206.0,19.1,541.0,215.0
4663,15.3,85.7,157.0,0.26,13.88,33.0,49.6,0.88,2.35,63.55,35.5,461.18,348.0
2823,6.61,98.5,141.3,0.72,30.6,31.1,52.6,2.14,6.06,177.0,28.4,945.0,251.0
6238,27.54,70.0,147.0,0.28,14.87,29.0,72.0,4.31,3.03,413.0,33.0,878.0,332.0
1514,22.5,79.4,154.0,0.2,16.3,30.5,56.7,1.26,2.34,160.0,32.3,190.0,351.0
6670,27.5,44.7,87.5,1.08,11.5,17.6,45.8,0.63,1.75,267.0,20.4,405.0,208.0
6131,71.75,699.0,1343.0,0.01,125.2,281.0,559.0,29.64,21.58,3121.0,305.0,17629.0,2855.0
1529,0.9,11.7,35.1,0.1,0.9,5.7,26.6,0.05,0.09,2.0,9.3,266.0,129.0
6723,22.29,82.91,141.24,1.67,32.22,28.2,56.95,2.76,5.57,56.13,31.39,87.1,306.63
4231,14.13,56.0,90.0,0.11,14.1,19.8,26.8,1.12,2.98,254.0,17.0,148.0,145.0
4596,13.41,7.79,11.33,0.54,3.53,2.65,5.38,1.59,1.5,169.48,2.33,119.14,22.59
1248,5.35,6.02,10.02,0.2,1.06,1.82,2.76,0.19,0.2,88.06,1.66,171.89,21.56
2691,3.98,41.5,85.3,0.25,8.4,17.2,36.0,0.41,1.66,57.0,18.0,552.0,166.0
2579,0.62,216.0,387.0,0.42,21.2,80.3,153.0,0.33,1.42,13.5,94.3,6429.0,994.0
3433,5.69,171.0,255.0,1.1,48.1,59.0,80.6,5.14,10.0,59.0,45.8,67.0,453.0
3498,3.43,110.0,189.0,0.12,23.4,42.7,76.1,0.97,3.39,185.0,41.5,465.0,392.0
4261,4.06,207.0,364.0,0.2,47.5,76.5,115.4,2.85,7.07,146.0,68.5,410.0,583.0
3677,9.1,68.2,130.1,0.23,10.4,24.9,53.4,0.52,1.59,140.0,27.0,321.0,262.0
5492,1.2,55.29,158.72,0.39,6.09,27.68,90.77,0.13,0.47,2.48,34.525000000000006,53.42,474.58
3717,14.4,98.2,194.2,0.55,16.1,39.0,104.6,0.72,2.37,189.0,46.9,586.0,480.0
5835,17.0,373.0,558.0,1.4,73.5,140.0,172.0,14.0,22.6,134.0,110.0,292.0,960.0
1065,135.19,37.88,76.96,52.3,11.79,13.08,29.52,9.05,9.68,151.85,14.27,124.38,239.59
7125,13.0,125.0,220.0,0.32,27.0,49.0,83.0,1.37,4.49,214.0,47.0,777.0,423.0
718,29.99,66.1,136.0,0.72,14.0,27.8,68.4,4.02,2.38,337.0,31.0,460.0,306.0
345,75.26,199.09,416.16,1.97,33.03,83.86,338.47,1.61,5.7,159.47,119.76,356.5,1531.93
4201,15.56,135.0,272.0,0.64,29.9,53.0,113.3,2.46,4.79,156.0,57.4,634.0,549.0
6152,39.0,883.0,1575.0,0.03,155.9,339.0,708.0,19.71,32.52,3115.0,377.0,16599.0,3661.0
2190,20.0,48.6,108.7,0.44,7.4,19.7,52.3,0.45,1.27,92.0,25.4,129.0,338.0
2581,0.58,249.0,416.0,0.48,25.5,89.0,149.0,0.51,2.16,14.0,96.9,4614.0,986.0
789,23.11,89.3,192.0,0.79,17.4,38.6,96.7,2.39,2.72,395.0,45.0,838.0,458.0
3057,11.28,147.6,231.3,0.94,21.3,52.8,84.3,1.66,3.09,134.0,51.2,180.0,455.0
2778,1.48,77.6,134.3,0.28,10.2,28.7,38.3,0.43,1.43,45.0,26.3,1690.0,224.0
1406,2.2,8.1,25.3,0.59,1.2,3.9,21.4,0.07,0.34,14.0,6.4,102.0,90.0
4860,19.47,153.0,217.5,1.75,46.4,50.6,69.2,7.43,12.25,72.21,47.0,146.23,457.0
3347,12.66,51.5,105.2,0.43,11.08,20.5,56.6,0.47,1.46,65.0,24.3,130.0,239.0
5377,3.52,21.64,59.15,0.21,3.89,10.26,43.73,0.17,0.12,56.28,15.4,678.44,180.23
6553,23.6,57.3,77.3,1.02,20.9,18.5,27.8,3.99,6.02,187.0,16.2,202.0,153.0
5707,112.0,736.0,1030.0,0.44,161.0,258.0,289.0,22.0,32.0,4511.0,220.0,5221.0,1887.0
2256,2.1,140.0,247.0,0.7,41.0,44.8,49.9,1.56,7.9,54.8,37.3,510.0,279.0
3930,9.98,54.0,105.0,0.57,13.1,21.3,39.6,0.64,2.19,54.0,21.9,91.0,178.0
263,2.82,111.0,87.1,0.47,44.8,27.8,17.4,4.48,8.86,121.0,15.0,417.0,116.0
3681,6.6,119.4,207.6,0.5,22.9,43.4,80.1,0.64,3.33,180.0,42.9,335.0,413.0
2835,34.0,583.0,718.0,6.8,181.0,179.0,160.0,18.5,36.3,595.0,132.0,369.0,1151.0
5213,11.2,73.3,132.5,1.11,15.9,29.6,69.7,3.87,8.54,23.7,33.8,49.9,327.0
1941,17.0,88.9,151.3,0.36,18.5,32.2,54.4,1.63,3.45,213.0,31.3,202.0,331.0
6229,42.62,95.0,205.0,1.69,20.23,39.0,111.0,1.25,3.3,744.0,47.0,847.0,472.0
187,81.2,68.6,110.0,3.25,23.4,24.8,51.4,31.6,10.5,252.0,24.8,355.0,244.0
3836,6.14,125.5,248.0,1.74,30.7,51.9,98.4,1.75,4.69,59.0,56.3,61.0,497.0
1394,8.6,36.5,81.4,0.8,8.4,14.4,45.5,0.58,1.53,47.0,17.6,60.0,221.0
1509,9.5,144.6,300.7,0.37,23.5,58.9,126.7,1.35,3.67,116.0,67.6,182.0,746.0
4764,18.88,84.0,177.3,2.03,18.2,33.6,92.1,1.72,4.03,113.53,45.5,207.63,523.0
1266,14.84,31.5,44.23,1.36,10.15,7.41,11.91,3.0,3.6,288.62,6.71,170.92,112.0
5526,28.0,1021.0,1491.0,0.13,205.7,333.0,442.0,16.9,37.6,2854.0,290.0,12458.0,2970.0
5047,18.37,78.0,188.7,0.65,14.63,32.7,97.3,0.98,5.36,297.0,47.4,562.0,443.0
2966,2.07,48.6,86.2,0.18,9.32,17.9,38.8,0.38,1.53,14.0,19.5,48.0,172.0
5939,23.0,95.0,156.0,0.1,24.0,34.0,51.0,3.0,4.7,433.0,32.0,547.0,314.0
6495,1.3,15.48,6.07,0.01,12.84,2.59,0.68,0.77,3.72,62.24,0.83,519.99,4.5
4181,44.6,251.0,391.0,2.32,74.6,87.2,126.9,9.56,15.0,735.0,77.9,481.0,653.0
5792,12.9,41.3,80.4,0.33,7.41,17.5,34.9,7.01,2.22,87.76,17.7,260.43,150.0
719,48.82,263.0,528.0,2.18,47.0,110.0,221.0,11.13,7.94,981.0,115.0,2443.0,1076.0
1066,27.62,28.08,64.76,9.28,5.31,7.85,22.01,6.53,3.02,33.53,9.21,43.71,220.7
4014,5.98,31.7,70.3,0.33,5.8,12.93,57.3,0.35,0.85,234.0,17.78,777.0,220.0
6709,9.22,30.4,66.1,0.18,6.18,13.5,30.6,0.45,0.99,55.7,15.5,77.3,149.0
4043,5.3,39.7,94.0,0.33,7.5,18.9,59.9,0.6,0.79,135.0,23.6,321.0,261.0
3249,4.64,66.3,121.0,0.28,13.4,27.4,48.2,0.63,2.19,72.0,25.6,185.0,223.0
862,44.38,96.26,175.61,2.9,28.17,36.65,87.21,4.53,6.6,715.34,39.66,764.43,390.57
3821,1.27,38.4,57.2,0.08,14.0,13.19,19.3,0.66,1.4,38.0,11.22,1124.0,104.0
4681,12.61,40.3,87.5,0.45,9.2,16.5,46.7,0.61,1.93,152.2,21.7,260.43,244.0
2253,6.4,84.0,156.0,0.59,26.0,31.7,47.2,1.56,3.9,89.0,27.9,243.8,226.0
4592,8.52,14.05,13.83,0.71,6.19,4.07,3.28,0.92,1.3,432.74,2.31,600.72,18.35
7005,20.2,197.71,284.97,0.24,46.5,67.06,78.62,5.15,9.62,133.7,61.1,240.88,558.95
339,12.83,97.45,203.4,1.79,18.76,41.08,163.27,1.65,4.01,29.66,56.92,89.53,707.98
4715,25.42,52.8,91.5,0.42,11.71,19.91,31.8,1.17,2.47,110.07,20.65,166.04,207.7
3624,11.7,134.2,207.0,0.71,33.2,43.8,75.9,3.17,5.75,166.0,37.4,263.0,395.0
1646,11.3,51.4,100.4,0.4,11.6,20.6,39.4,0.46,1.66,87.0,21.4,98.0,233.0
5033,17.12,52.9,101.1,0.42,10.88,20.77,47.7,0.68,4.52,120.4,25.22,255.0,231.4
342,11.47,62.25,139.06,0.98,10.63,27.28,115.55,0.65,1.87,23.78,39.69,83.32,519.19
4801,61.2,350.0,271.0,20.2,189.0,83.0,58.5,10.1,26.5,48.62,50.4,75.5,428.0
4417,5.44,95.0,169.0,0.52,24.1,34.1,69.7,1.95,4.75,356.0,34.6,950.0,309.0
2770,7.76,111.5,162.7,1.03,36.2,37.4,58.0,2.59,7.25,208.0,32.4,499.0,279.0
138,4.19,58.7,60.3,3.25,21.3,16.4,21.3,2.04,5.95,22.9,12.3,55.8,118.0
2158,28.3,105.1,200.2,1.06,21.9,39.2,71.5,1.45,3.81,104.0,42.1,91.0,501.0
4423,18.6,86.0,174.0,0.41,21.2,32.7,78.0,1.2,1.25,147.0,36.1,264.0,378.0
1052,364.42,75.62,100.93,314.5,52.17,29.99,40.87,102.77,65.16,160.81,27.01,153.42,233.03
4655,14.91,78.8,155.6,0.66,15.16,31.3,64.3,1.1,2.73,107.81,36.86,217.28,386.0
986,16.9,104.0,230.0,1.65,17.4,45.9,114.0,0.75,2.32,97.8,53.3,507.0,557.0
7066,28.08,214.76,311.55,3.39,66.2,72.97,97.52,12.87,15.51,184.45,63.34,94.46,552.94
7154,6.07,85.0,133.0,0.22,21.0,31.0,48.0,1.47,4.04,90.0,28.0,332.0,244.0
1751,26.3,29.2,51.0,0.35,7.2,10.3,21.6,0.73,1.46,103.0,11.2,151.0,126.0
2988,3.91,38.1,75.8,0.2,5.78,15.52,35.0,0.64,1.43,54.0,16.6,141.0,161.9
5241,6.49,53.2,126.1,0.62,9.26,23.49,82.9,0.55,3.62,17.15,35.0,100.6,330.0
4412,12.49,31.0,63.0,0.74,8.0,12.0,39.8,0.43,1.45,188.0,14.8,944.0,155.0
1827,6.7,80.5,149.6,0.21,16.5,30.4,50.9,1.0,2.43,60.0,31.2,92.0,329.0
4026,26.1,105.4,209.8,1.13,26.4,45.4,89.5,1.2,3.59,545.0,47.4,1183.0,414.0
2680,8.86,72.2,118.1,0.48,17.9,24.8,45.9,0.76,2.79,135.0,23.8,403.0,216.0
2707,0.57,88.2,65.0,0.32,19.2,22.2,13.8,0.24,2.27,11.0,10.8,1060.0,77.0
3283,10.0,164.0,325.0,0.87,31.5,69.2,142.0,1.93,4.33,322.0,64.8,671.0,631.0
4614,11.18,25.49,52.22,0.36,6.39,10.3,24.62,0.53,1.13,76.62,11.2,158.36,109.28
3560,9.6,41.2,104.0,0.74,8.69,18.6,66.5,0.41,1.53,84.0,26.4,212.0,267.0
5263,39.2,302.0,436.0,5.15,92.3,102.8,147.4,9.39,46.6,177.0,93.0,220.0,713.0
7017,60.26,132.91,203.79,1.1,36.23,45.47,69.99,26.73,11.65,112.03,44.18,120.05,402.96
5737,40.0,672.0,1007.0,0.14,132.0,242.0,282.0,7.0,23.0,2499.0,215.0,3735.0,1849.0
3472,1.84,95.7,173.0,0.04,18.5,38.6,62.6,0.79,2.19,104.0,33.0,251.0,287.0
957,17.5,71.5,138.0,1.28,14.7,28.2,68.4,0.58,2.32,117.0,31.7,346.0,329.0
4356,4.79,157.0,310.0,0.27,30.0,61.4,111.0,0.77,3.8,106.0,61.8,247.0,528.0
5803,96.0,258.0,364.0,12.3,99.3,91.0,119.0,112.0,47.7,489.6,73.5,946.15,528.0
6607,7.93,142.0,182.0,0.85,53.1,46.5,53.9,9.26,13.7,186.0,34.5,234.0,302.0
6237,63.35,99.0,80.0,11.28,66.71,25.0,26.0,23.86,24.42,228.0,14.0,314.0,120.0
5474,19.99,34.15,43.89,3.86,17.74,10.52,21.08,9.35,7.55,56.61,34.525000000000006,226.23,108.86
7157,18.0,135.0,199.0,0.75,40.0,48.0,67.0,13.0,12.0,236.0,40.0,741.0,349.0
3718,11.2,90.6,177.0,0.35,13.8,35.9,79.3,0.55,1.93,223.0,40.6,586.0,389.0
2262,10.5,172.0,185.0,5.4,44.0,57.0,74.0,1.56,20.0,251.0,40.2,256.0,397.0
4021,12.9,141.0,274.0,0.36,23.5,55.7,144.0,0.98,2.73,373.0,62.4,928.0,668.0
717,221.8,147.0,472.0,12.17,84.3,67.2,664.0,158.67,87.81,1288.0,163.0,5272.0,2249.0
869,17.17,67.58,115.65,0.79,18.98,25.67,49.16,1.58,3.34,171.62,24.35,216.64,230.14
1518,46.7,15.4,38.8,0.31,3.0,6.4,27.9,0.41,0.8,146.0,10.6,223.0,144.0
4736,22.77,72.2,111.3,1.56,19.7,25.4,37.9,1.54,3.62,33.65,24.61,53.97,240.0
1217,12.48,55.3,111.74,0.24,10.54,16.85,35.11,1.01,1.9,93.07,17.24,125.83,288.15
6835,51.23,83.06,147.47,1.61,24.05,31.28,64.55,2.03,4.94,146.66,34.07,162.14,301.0
3655,25.8,184.1,332.0,0.64,38.3,73.4,120.2,5.12,5.99,522.0,64.7,1065.0,602.0
6476,4.59,54.56,67.39,0.58,16.32,16.07,25.48,2.78,2.68,47.86,13.35,302.47,132.26
7055,23.69,73.95,103.48,1.71,23.23,24.88,35.2,3.68,5.61,24.18,22.66,13.2,223.93
88,12.2,69.8,117.0,1.6,17.4,25.8,42.8,2.7,3.7,46.2,24.4,75.3,222.0
312,10.1,63.19,137.0,1.1,11.76,26.45,121.28,1.08,2.36,17.0,38.82,62.24,512.12
5718,89.0,416.0,643.0,0.4,90.0,151.0,199.0,51.0,30.0,2648.0,144.0,3572.0,1274.0
2299,14.8,90.9,158.0,0.59,19.9,33.7,64.8,1.56,3.63,65.9,34.525000000000006,292.0,342.54
292,36.9,152.0,285.0,0.73,26.9,60.7,111.0,6.1,7.11,1736.0,82.4,1358.0,953.0
2140,11.8,132.9,230.0,1.38,33.2,47.4,76.1,4.17,7.76,65.0,46.0,54.0,531.0
1524,6.0,258.4,447.6,0.57,62.0,97.8,133.8,7.56,11.94,284.0,89.8,241.0,895.0
3788,15.98,98.8,170.7,0.25,22.1,35.9,60.4,1.15,3.6,94.0,34.0,249.0,331.0
6859,76.4,175.26,265.68,3.62,51.24,60.19,86.48,6.5,11.44,315.83,56.5,147.05,522.32
4643,12.83,42.8,74.2,0.43,10.34,15.81,29.34,1.07,2.18,71.01,17.34,123.36,178.2
7190,959.0,217.0,128.0,0.7,144.0,40.0,29.0,853.0,221.0,1911.0,39.0,975.0,198.0
6956,16.34,30.32,56.53,0.34,8.24,11.88,26.04,0.25,1.19,93.21,12.57,147.77,123.26
4126,4.57,20.0,43.9,0.31,4.69,9.44,29.0,0.27,0.85,17.0,10.99,57.0,117.6
5690,536.0,360.0,535.0,25.5,142.0,115.0,327.0,129.0,75.1,746.0,152.0,3444.0,1735.0
3912,7.47,68.8,122.0,0.12,14.9,27.7,47.6,0.81,2.39,209.0,25.4,563.0,231.0
3015,10.2,144.5,242.0,1.02,33.6,57.5,85.5,3.1,7.4,192.0,44.9,235.0,396.0
1417,19.8,82.3,150.3,0.51,15.5,31.4,62.1,0.63,1.92,137.0,33.1,129.0,357.0
3286,4.66,62.7,121.0,0.24,13.2,24.7,47.0,0.47,1.66,44.0,23.4,134.0,242.0
4861,55.1,88.5,168.7,1.25,20.9,34.4,74.2,11.7,5.8,122.29,41.1,150.63,447.0
2235,4.4,9.5,18.9,0.32,2.2,3.5,12.1,0.39,0.63,144.0,4.8,259.0,67.0
1926,20.7,87.9,134.7,0.25,22.7,30.5,43.7,2.24,4.82,286.0,26.2,166.0,269.0
4253,8.92,91.0,157.0,0.41,21.1,33.6,51.0,1.73,3.71,102.0,29.3,77.0,248.0
6529,30.2,73.7,165.0,0.17,12.5,32.2,80.8,0.71,2.16,213.0,40.4,430.0,413.0
6407,1.06,39.54,38.84,0.86,15.57,10.44,13.86,0.96,3.38,42.85,7.48,737.32,71.01
701,20.99,49.4,120.0,0.45,9.54,21.9,74.7,0.84,1.47,201.0,28.6,407.0,310.0
30,86.62,158.12,301.39,1.17,30.62,58.07,127.02,0.85,3.03,1498.0,69.58,1204.0,660.99
4732,31.22,55.9,68.5,2.02,20.7,17.2,20.6,5.43,7.48,12.23,14.31,29.44,134.7
5491,13.67,37.4,67.02,1.38,10.79,13.98,34.61,2.17,2.53,35.96,34.525000000000006,81.91,177.96
3728,9.9,89.7,179.0,0.4,15.2,36.2,80.9,0.7,1.97,270.0,40.1,674.0,404.0
5687,85.3,43.5,168.0,3.17,11.3,22.1,176.0,18.3,7.35,1237.0,65.8,2277.0,878.0
4102,32.0,91.5,178.0,0.45,20.3,37.9,79.3,15.0,6.3,213.0,38.8,611.0,335.0
3319,8.01,82.4,180.0,0.33,14.9,34.7,88.7,1.11,1.88,154.0,40.2,481.0,396.0
4731,13.37,74.8,127.4,0.32,18.2,26.8,49.0,1.96,3.93,304.47,29.36,1250.33,301.0
3815,4.81,279.0,435.0,0.22,78.6,97.9,122.7,5.04,10.2,321.0,76.8,611.0,709.0
1226,13.32,299.92,843.54,0.48,27.39,108.55,313.76,0.64,2.82,45.25,149.78,467.29,2641.39
262,23.4,244.0,411.0,0.51,48.7,93.4,135.0,4.24,7.75,280.0,82.7,395.0,712.0
6736,46.05,97.8,148.76,0.94,31.7,34.05,51.39,21.99,8.2,67.69,32.15,104.45,277.67
782,27.66,129.1,272.0,1.09,22.9,54.6,132.0,1.03,3.1,344.0,62.1,655.0,627.0
6774,10.36,33.0,67.54,0.11,8.71,13.56,28.11,0.46,1.1,89.32,15.29,202.52,144.51
6412,4.69,40.29,78.91,0.3,6.69,16.28,35.96,0.51,1.4,289.21,17.2,913.95,177.8
3324,8.1,153.0,277.0,0.88,32.7,57.8,116.0,1.89,4.99,263.0,52.9,556.0,570.0
5116,5.04,35.2,71.1,0.56,7.32,13.74,43.3,0.49,3.0,20.22,18.5,70.4,186.7
4952,13.11,73.0,110.4,0.77,15.44,31.7,48.8,0.64,6.15,39.7,27.1,88.5,224.3
4755,10.91,54.8,95.0,0.35,12.1,20.5,33.5,1.11,2.34,39.64,21.3,140.14,215.0
4722,1.99,13.4,11.91,0.22,6.33,3.17,2.43,0.7,1.39,41.93,2.12,215.66,18.58
1400,8.2,64.9,104.8,0.09,17.3,23.7,34.7,1.31,2.76,115.0,20.6,86.0,212.0
3933,4.68,46.3,86.2,1.05,9.3,17.8,54.6,0.96,2.32,50.0,18.7,120.0,210.0
4915,8.61,169.51,363.67,0.27,23.16,69.76,206.51,3.6,4.16,408.4,92.72,5100.0,992.06
5938,5.7,173.0,287.0,0.3,34.0,63.0,95.0,3.4,4.1,111.0,59.0,262.0,579.0
3736,40.3,82.6,169.7,0.7,17.8,32.9,75.8,1.4,2.47,47.0,36.8,82.0,384.0
3448,13.4,118.0,191.0,1.15,32.8,46.4,74.0,2.38,6.1,74.0,39.9,102.0,341.0
5084,12.32,99.0,154.3,1.63,28.2,35.1,54.6,4.18,16.52,58.3,35.6,91.8,288.1
5418,86.9,187.3,246.6,8.43,42.9,57.5,157.8,48.99,23.31,118.0,64.4,4128.0,807.0
3729,9.9,115.2,247.0,0.4,16.7,47.6,117.1,0.61,2.92,234.0,57.7,682.0,584.0
3656,12.41,343.0,593.0,0.16,73.0,125.9,206.0,3.0,9.1,494.0,111.5,1106.0,1061.0
5617,27.2,89.0,176.0,0.28,16.1,34.0,80.0,0.9,2.4,548.0,40.0,1322.0,454.0
5043,10.7,29.3,53.8,0.95,8.02,10.51,30.1,0.94,4.17,54.3,13.88,339.0,151.1
3032,11.6,109.6,234.0,0.43,19.0,47.7,113.8,1.52,2.65,160.0,53.0,390.0,534.0
3515,15.7,228.0,372.0,0.31,59.1,81.8,134.0,5.5,12.8,717.0,73.1,1129.0,630.0
4727,137.0,191.3,273.2,0.5,52.8,63.9,71.0,70.0,24.8,144.69,55.6,270.24,518.0
897,14.73,55.65,99.28,0.65,14.31,21.3,44.07,1.34,2.62,119.41,21.42,183.13,207.81
1743,25.0,97.6,176.4,0.68,22.1,37.4,61.4,1.43,3.88,72.0,35.5,130.0,382.0
4193,10.22,86.0,150.0,0.19,18.8,31.4,53.3,1.19,2.63,121.0,31.1,221.0,279.0
5117,5.05,34.4,71.3,0.58,7.57,13.95,46.7,0.52,3.13,19.45,19.48,72.8,196.4
1002,61.0,65.1,127.0,0.56,14.7,26.4,55.0,1.48,2.96,150.0,28.4,136.0,273.0
1684,29.2,83.7,161.0,0.41,16.6,32.1,62.8,0.94,2.48,177.0,35.2,237.0,383.0
6611,20.3,29.3,71.6,0.63,6.84,13.0,51.5,0.95,1.43,122.0,17.7,262.0,214.0
4537,6.56,47.05,83.04,0.45,10.29,18.65,31.93,0.75,1.87,47.31,17.57,65.99,158.0
1353,21.7,70.8,112.0,1.76,20.3,25.5,46.5,3.47,4.94,83.2,23.9,83.2,216.0
2225,49.7,69.4,136.3,0.42,12.8,25.7,53.1,1.16,2.39,160.0,30.2,225.0,368.0
1289,23.69,141.84,336.72,1.28,28.17,51.64,151.76,3.25,4.7,406.39,64.21,320.74,1109.56
4135,4.41,87.1,163.0,0.58,22.1,38.5,60.7,1.75,3.34,65.0,31.6,115.0,292.0
3058,25.8,59.9,96.0,0.51,11.9,21.2,40.4,0.94,1.67,88.0,23.6,184.0,206.0
2364,31.23,639.29,786.68,4.0,185.83,204.44,181.28,20.54,39.37,285.3,161.4,208.27,1350.08
1210,1.83,92.46,183.75,0.5,15.11,28.29,57.86,1.11,2.5,77.15,29.08,168.65,491.29
1459,38.6,71.3,105.0,0.22,21.3,24.3,30.2,1.23,3.58,295.0,20.1,71.0,203.0
5406,107.2,289.2,361.1,64.76,95.7,84.4,260.7,104.09,60.25,50.0,93.1,3021.0,1239.0
5891,3.22,43.0,90.0,0.24,7.88,18.0,46.3,1.13,1.51,81.0,21.4,215.0,232.0
6857,47.54,72.15,123.84,1.48,21.52,26.81,53.32,1.7,3.44,191.73,28.35,184.12,249.75
4922,11.32,109.13,216.46,0.43,20.54,44.35,102.04,1.2,3.39,186.5,50.35,1300.0,506.79
4265,12.67,125.0,251.0,0.38,25.9,50.8,93.6,1.29,3.49,498.0,50.7,1284.0,454.0
166,31.6,223.0,284.0,2.26,69.5,74.4,90.8,19.9,18.1,158.0,52.6,217.0,484.0
3517,49.1,118.0,253.0,0.8,26.8,49.4,133.0,1.59,3.89,1205.0,64.6,2205.0,636.0
163,18.0,60.9,94.8,1.73,18.2,21.0,42.4,3.81,4.23,157.0,20.5,198.0,204.0
6983,26.38,206.97,313.05,0.23,46.76,71.79,86.78,3.68,8.55,138.89,66.17,214.57,584.56
5570,69.6,122.0,192.0,0.36,33.7,41.0,66.0,27.3,10.5,431.0,38.0,775.0,409.0
4787,54.1,238.0,430.0,4.77,46.7,89.0,168.7,5.86,10.92,418.17,104.6,1001.36,1083.0
6064,1.8,181.0,295.0,0.2,35.0,65.0,86.0,1.9,5.6,154.0,56.0,393.0,554.0
3108,20.5,184.0,297.0,0.42,30.9,68.7,99.0,1.15,2.4,194.0,68.3,537.0,549.0
4883,15.8,40.7,66.7,0.94,10.65,14.43,35.4,1.13,2.07,135.82,17.16,221.26,203.2
6218,20.21,449.0,765.0,0.24,96.5,174.0,264.0,4.61,14.27,1738.0,155.0,3679.0,1338.0
6597,10.8,25.7,48.5,0.29,5.59,10.0,21.7,0.54,1.04,105.0,11.1,257.0,112.0
2024,9.2,155.2,343.2,0.46,24.7,64.8,143.8,0.99,3.13,70.0,80.1,154.0,912.0
4826,30.4,171.0,189.6,7.53,59.6,48.3,49.7,9.4,15.8,63.9,38.2,387.69,346.0
5604,15.2,422.0,758.0,0.09,67.1,160.0,251.0,2.7,8.7,2110.0,154.0,8463.0,1599.0
5287,32.0,232.0,406.0,4.7,56.8,94.8,175.0,3.53,24.4,76.6,96.7,107.3,606.0
4983,19.06,181.8,365.0,2.8,33.4,73.2,195.0,1.79,11.57,40.9,94.0,130.0,825.0
3953,6.74,41.9,97.6,0.32,8.34,18.6,43.5,0.35,1.12,91.0,21.5,249.0,216.0
6167,42.38,678.0,1235.0,0.03,125.1,256.0,539.0,8.68,21.17,2689.0,295.0,15835.0,2726.0
231,103.0,142.0,226.0,1.16,44.4,53.4,83.6,66.6,20.2,148.0,47.6,163.0,417.0
873,23.34,73.54,136.92,0.92,18.82,29.46,60.16,1.34,3.73,276.34,29.02,335.39,282.15
3901,11.8,86.0,146.0,0.54,16.6,30.5,60.7,2.09,3.8,130.0,34.3,355.0,296.0
7178,7.07,81.0,127.0,0.28,20.0,30.0,45.0,3.11,4.57,79.0,26.0,322.0,232.0
2505,2.21,154.0,215.0,0.63,17.6,50.1,52.6,0.31,1.53,13.5,41.4,829.0,385.0
7212,334.0,380.0,258.0,1.0,265.0,78.0,42.0,510.0,248.0,17835.0,42.0,4363.0,321.0
5383,3.44,15.86,46.66,0.1,2.0,7.82,29.77,0.36,0.72,54.95,12.61,852.77,130.95
6019,13.0,79.0,152.0,0.4,16.0,30.0,65.0,1.2,2.2,247.0,34.0,583.0,359.0
1502,10.1,111.1,169.8,0.26,29.5,37.7,48.3,1.76,5.26,187.0,32.8,146.0,324.0
6712,17.8,33.7,48.3,0.48,11.6,11.9,17.6,2.46,3.6,188.0,10.1,205.0,94.3
1561,17.4,98.6,189.2,0.58,21.0,37.6,67.9,1.53,3.45,133.0,37.5,95.0,417.0
3351,11.9,77.2,128.1,1.54,20.0,26.8,71.6,2.15,3.92,89.0,29.3,182.0,291.0
4634,16.28,78.3,129.4,0.21,15.71,28.9,38.9,1.13,3.02,34.44,27.69,108.35,258.5
1878,12.9,304.3,458.8,1.53,76.2,105.2,130.5,8.2,14.64,501.0,90.2,536.0,927.0
46,23.41,55.45,125.17,0.34,10.98,24.24,60.87,0.28,0.92,117.0,31.82,234.0,304.82
3915,8.3,74.1,189.0,0.07,11.0,33.8,108.0,0.41,1.75,180.0,43.8,918.0,450.0
6006,17.0,62.0,104.0,0.8,18.0,21.0,45.0,2.6,3.8,205.0,22.0,224.0,243.0
5717,57.0,2350.0,1742.0,4.7,829.0,563.0,311.0,87.0,221.0,1803.0,313.0,2209.0,2375.0
2052,14.2,131.8,280.8,0.36,19.2,53.6,103.2,0.82,2.52,131.0,61.4,202.0,673.0
5335,7.68,71.04,127.88,0.64,17.37,27.8,61.45,1.03,2.96,121.13,28.4,388.19,283.21
1499,15.2,38.4,66.6,0.58,12.2,14.2,26.6,1.48,2.58,72.0,14.9,140.0,155.0
221,11.4,291.0,408.0,1.38,82.7,103.0,122.0,11.1,16.0,200.0,81.5,99.9,716.0
6721,9.59,57.46,107.45,0.11,14.47,22.41,39.6,0.7,1.5,126.9,23.78,315.25,223.83
6516,30.4,29.4,42.2,0.42,9.88,10.3,13.9,0.89,1.97,90.5,8.83,68.4,76.5
2960,84.0,189.0,407.0,0.59,31.0,81.0,164.0,5.0,6.0,1067.0,98.0,840.0,1007.0
4918,13.98,336.59,701.88,0.57,45.31,138.6,360.31,4.42,8.22,225.96,177.56,5900.0,1780.0
2487,3.12,123.0,113.0,0.68,19.4,33.4,20.9,0.44,1.69,18.9,18.2,691.0,149.0
5347,3.84,10.69,25.85,0.2,2.2,4.95,20.53,0.27,0.26,46.06,7.55,553.93,95.32
1235,3.89,79.18,155.86,0.14,13.81,23.88,44.05,0.72,2.03,81.08,23.43,235.57,382.89
3468,11.4,61.1,114.6,1.04,15.9,24.6,65.8,1.46,3.08,119.0,27.0,229.0,269.0
1755,3.1,23.1,56.3,0.19,3.1,9.9,32.0,0.15,0.3,26.0,13.5,159.0,171.0
5732,15.2,9.08,14.5,0.61,4.26,3.16,12.5,1.74,1.74,57.5,4.22,125.0,51.6
5955,110.0,186.0,281.0,0.1,49.0,62.0,92.0,60.0,18.0,165.0,55.0,679.0,570.0
4213,49.8,156.0,204.0,1.67,64.1,47.3,60.9,27.0,24.6,750.0,38.8,514.0,325.0
3409,2.92,150.0,259.0,0.15,37.6,56.9,86.8,1.85,6.23,131.0,51.6,296.0,464.0
1749,21.1,77.2,119.2,0.72,18.2,26.8,38.1,1.19,3.03,202.0,22.7,150.0,234.0
2050,15.5,116.5,199.6,0.15,22.1,43.0,53.5,1.58,3.88,76.0,39.8,200.0,397.0
6036,2.6,146.0,239.0,0.2,31.0,52.0,77.0,1.7,4.6,181.0,48.0,408.0,470.0
1612,4.1,204.3,335.5,0.33,45.7,71.3,101.5,3.5,7.96,174.0,62.3,246.0,658.0
1825,22.0,178.1,214.7,2.32,52.8,55.0,43.0,6.71,10.98,73.0,37.1,86.0,334.0
5585,14.1,82.0,138.0,0.2,17.8,29.0,48.0,1.1,3.5,197.0,28.0,350.0,292.0
932,38.33,74.37,142.32,0.58,16.97,30.15,69.63,1.41,3.02,532.55,32.49,835.27,318.37
3252,4.13,89.8,162.0,0.32,20.1,35.7,63.1,0.88,2.53,80.0,33.6,209.0,293.0
4754,21.41,128.2,220.7,0.4,24.91,48.3,61.8,1.72,4.62,25.96,46.3,137.83,432.0
2034,0.1,10.8,60.6,0.06,0.4,6.7,79.9,0.04,0.03,1.0,21.8,171.0,372.0
3066,6.1,74.4,141.3,0.38,10.1,28.8,64.4,0.66,1.03,60.0,35.0,205.0,323.0
5609,30.4,94.0,186.0,0.14,18.1,37.0,79.0,1.3,2.8,585.0,41.0,1284.0,454.0
2513,1.46,188.0,263.0,0.65,20.8,61.4,59.0,0.47,2.0,13.2,47.8,639.0,424.0
2314,34.0,80.0,155.0,1.14,9.9,33.6,54.5,2.2,6.4,77.8,35.3,192.1,294.0
6825,55.07,112.83,190.41,2.22,33.84,41.63,77.55,4.01,7.93,144.76,42.81,164.36,381.65
5480,24.2,53.21,93.69,1.33,15.29,20.13,43.79,2.87,3.48,90.3,34.525000000000006,75.13,194.06
5722,59.3,38.0,47.8,3.32,22.0,11.2,27.5,19.8,13.5,138.0,12.0,361.0,136.0
329,14.9,89.16,188.58,1.45,15.55,38.34,152.98,1.05,2.77,27.16,53.58,88.56,675.05
3479,12.03,30.9,72.6,0.37,5.75,13.48,53.7,0.25,0.89,127.0,18.5,322.0,209.3
2051,13.1,124.2,226.7,0.47,26.4,46.9,82.7,1.69,4.14,116.0,49.1,200.0,538.0
5446,34.0,89.2,124.0,2.63,30.3,29.5,42.9,5.33,8.08,81.4,34.525000000000006,60.5,257.0
4445,8.52,119.9,212.31,0.89,29.07,47.61,89.58,2.09,4.41,171.8,45.4,293.28,428.62
6953,86.23,149.63,256.8,2.3,37.19,58.4,99.84,4.51,7.87,148.87,54.06,120.46,513.34
5753,10.2,282.0,456.0,0.2,51.7,115.0,181.0,5.66,8.85,340.0,117.0,1510.0,864.0
188,6.26,53.8,75.6,1.33,23.1,18.0,25.2,5.52,7.14,53.0,15.3,356.0,137.0
7109,14.0,222.0,270.0,0.69,68.0,71.0,77.0,4.68,15.0,402.0,51.0,819.0,414.0
2474,1.07,31.5,10.7,0.37,5.95,4.84,1.21,0.02,0.37,6.42,1.23,676.0,10.1
2266,11.51,151.61,206.43,1.05,39.55,53.04,57.16,3.37,9.4,169.42,45.23,247.92,411.15
810,56.27,132.0,269.0,1.63,29.4,54.7,146.2,3.34,5.39,1003.0,63.2,1156.0,640.0
1648,46.5,62.5,113.1,0.57,14.6,22.8,45.1,1.03,2.94,190.0,24.9,105.0,279.0
787,40.35,100.0,205.0,0.95,21.4,41.5,104.7,1.68,3.3,547.0,46.5,747.0,468.0
3520,5.52,58.7,102.0,0.34,11.1,22.3,43.0,0.73,1.55,32.0,22.9,50.0,208.0
5399,565.5,1171.9,814.8,146.98,521.2,260.3,280.2,637.71,384.13,292.0,162.7,3719.0,1612.0
727,23.62,43.3,93.5,0.46,9.01,18.2,55.9,2.01,1.76,235.0,22.7,327.0,238.0
4738,13.29,66.1,106.5,0.26,14.2,24.1,33.4,1.22,2.41,23.3,23.04,66.53,224.2
1450,13.5,52.4,101.4,0.17,8.1,19.7,41.5,0.85,1.91,304.0,21.7,407.0,235.0
6410,5.23,56.12,100.26,0.14,11.63,21.32,38.86,0.85,1.25,168.47,21.56,766.86,205.86
1077,1056.6,149.83,153.19,1111.38,116.21,83.52,109.44,153.34,201.79,819.86,78.49,399.77,310.79
1091,7.31,43.26,101.96,0.5,6.92,13.71,44.31,0.67,1.19,76.75,17.77,146.77,328.11
5489,49.37,102.6,173.25,3.14,27.95,37.56,74.95,10.19,6.9,166.41,34.525000000000006,295.44,426.45
2679,14.6,63.1,98.8,1.01,19.0,21.3,33.6,1.73,3.79,178.0,19.0,361.0,168.0
2133,6.3,82.5,135.4,0.14,19.4,29.4,44.5,1.19,3.63,191.0,26.7,340.0,271.0
6749,19.78,79.94,116.96,0.75,30.4,26.19,42.1,4.89,6.45,213.05,23.99,479.78,213.46
7064,25.62,265.86,371.42,4.36,85.8,87.68,113.83,13.61,18.19,182.06,74.47,84.49,651.08
2109,16.8,84.7,144.1,0.69,20.5,30.8,51.3,2.39,3.87,211.0,29.0,194.0,294.0
4013,26.9,101.8,179.0,0.94,23.9,34.7,83.0,1.85,3.8,467.0,42.4,775.0,420.0
95,123.0,172.0,264.0,5.28,52.6,60.2,118.0,38.6,17.9,433.0,55.6,246.0,564.0
6971,49.37,91.95,148.15,3.56,28.37,34.2,54.77,4.4,6.05,186.48,28.92,69.85,266.16
4785,38.3,210.3,368.0,0.6,40.6,79.4,96.1,2.77,7.13,151.0,77.9,561.47,697.0
6671,10.0,112.0,175.0,2.95,32.8,41.6,59.8,3.08,7.05,34.1,34.4,45.5,307.0
3796,36.2,77.9,175.2,1.07,20.1,31.9,95.4,1.24,2.15,178.0,40.9,293.0,473.0
3121,40.2,497.0,739.0,2.54,98.9,180.0,239.0,6.3,10.3,570.0,162.5,673.0,1334.0
6580,25.7,37.3,62.7,0.49,10.3,13.9,25.8,1.27,2.2,83.4,13.6,70.2,131.0
7071,13.0,142.0,189.0,0.42,40.0,48.0,56.0,2.47,7.53,311.0,36.0,518.0,302.0
1309,28.3,315.72,672.9,3.26,73.5,107.35,264.38,5.43,11.61,588.69,119.43,409.21,1969.26
2433,0.77,23.4,9.44,0.3,4.55,3.9,1.27,0.03,0.29,10.0,1.52,1215.0,11.5
338,9.57,59.29,122.69,1.23,12.49,24.75,106.71,3.44,3.43,14.11,34.36,60.6,431.26
774,23.71,111.0,226.0,1.4,24.0,46.5,119.7,1.62,3.88,302.0,52.1,408.0,528.0
5080,7.4,25.4,54.6,0.26,4.79,10.29,32.7,0.4,1.96,28.37,15.15,88.5,169.3
4739,11.09,66.5,104.7,0.35,15.84,23.49,32.7,1.78,3.86,23.33,22.59,68.17,219.3
3991,15.4,68.4,128.5,0.36,12.7,26.8,65.4,0.51,1.86,157.0,30.1,497.0,343.0
3233,21.0,94.0,202.0,0.26,18.1,37.6,100.0,5.6,2.5,322.0,50.2,1100.0,601.0
7001,21.17,132.86,208.02,0.07,27.39,45.91,65.89,1.63,4.87,85.33,44.63,193.9,406.39
6856,29.9,54.76,95.03,1.05,16.62,21.31,44.08,1.39,2.48,108.93,22.99,119.48,204.37
1672,2.6,137.9,227.1,0.29,31.1,49.7,72.3,2.1,5.05,79.0,46.1,148.0,467.0
2261,4.0,131.0,236.0,0.83,52.0,47.1,67.0,8.6,10.7,114.3,43.2,331.0,391.0
2113,8.8,34.0,66.5,0.06,9.5,13.3,25.2,0.63,0.97,155.0,14.0,211.0,144.0
4821,11.29,60.0,140.6,0.39,9.69,25.6,76.2,0.64,1.58,72.15,36.6,217.91,421.0
1258,7.04,104.57,178.37,0.67,24.81,28.82,48.98,2.2,4.77,190.69,25.86,144.27,412.2
2673,15.1,80.5,140.4,2.78,23.0,30.1,52.3,4.86,5.76,351.0,28.4,280.0,243.0
6530,29.2,101.0,164.0,0.65,25.8,36.8,61.4,2.38,4.15,543.0,35.7,1123.0,333.0
1418,14.1,12.7,24.3,0.22,2.8,5.0,14.8,0.46,0.69,99.0,5.8,131.0,70.0
2499,2.61,248.0,440.0,0.89,34.9,89.0,160.0,0.89,4.0,47.0,94.9,811.0,1063.0
6353,1.32,16.3,5.46,0.27,15.83,2.23,0.52,0.47,2.79,43.65,0.74,380.12,3.63
6513,3.9,65.4,115.0,0.47,14.8,23.8,58.1,2.36,2.66,67.0,27.9,1175.0,291.0
758,40.29,114.0,240.0,1.01,21.7,47.8,127.5,1.72,3.43,451.0,55.8,732.0,565.0
2724,3.53,103.0,162.0,0.11,26.2,36.4,72.4,5.4,8.5,631.0,38.1,4330.0,383.0
2255,6.9,96.0,115.0,0.59,11.4,26.4,50.8,1.56,3.63,150.2,28.3,319.0,236.0
2437,3.17,50.0,41.0,0.79,15.6,12.2,6.58,0.21,1.39,43.4,6.63,3552.0,51.2
834,43.03,126.0,257.0,1.44,25.4,52.4,129.6,4.74,4.49,433.0,58.6,513.0,580.0
1069,772.84,300.89,285.55,2901.58,324.96,139.4,137.15,712.25,572.31,602.63,114.22,608.02,496.5
2348,20.5,144.0,216.0,2.0,50.0,47.8,73.8,29.0,16.0,95.3,42.0,160.9,378.0
7075,6.92,88.0,125.0,0.23,22.0,31.0,40.0,1.3,4.12,166.0,25.0,442.0,213.0
5253,7.79,28.1,56.4,0.38,5.92,11.41,33.1,0.42,2.39,20.22,15.03,59.5,160.1
1284,19.22,118.11,270.82,0.99,22.97,42.44,122.08,1.6,3.83,334.67,50.44,246.08,861.03
4038,8.98,27.4,51.1,0.25,4.86,10.73,28.4,0.5,0.83,76.0,11.86,209.0,128.0
3005,3.52,39.9,94.0,0.38,7.2,17.3,68.1,0.64,1.38,47.0,23.1,181.0,271.0
2609,1.78,102.0,113.0,0.42,13.3,31.2,24.3,0.31,1.57,10.4,20.7,462.0,173.0
1629,4.6,122.5,228.7,0.08,22.9,46.8,80.2,0.96,2.96,157.0,46.3,406.0,512.0
1624,15.3,81.7,161.3,0.31,15.6,31.1,71.0,1.18,3.0,216.0,33.7,349.0,405.0
2570,1.49,113.0,115.0,0.51,17.5,31.8,24.3,0.3,1.82,17.0,20.8,1305.0,170.0
2756,115.0,174.0,298.0,6.8,60.0,64.6,121.0,14.9,18.8,800.0,64.0,1170.0,578.0
3887,7.49,105.0,259.0,0.86,23.2,47.0,130.0,1.64,4.5,172.0,63.1,302.0,629.0
4260,3.27,98.0,163.0,0.37,28.9,36.5,54.5,3.15,5.49,149.0,30.6,329.0,256.0
4957,16.89,103.8,83.0,6.15,68.5,25.55,35.5,0.6,46.1,248.5,19.83,111.0,181.2
4512,88.47,195.03,264.63,7.91,78.13,64.95,98.93,18.22,26.16,852.85,53.36,426.44,481.61
4588,17.13,52.02,34.92,1.86,38.9,12.41,6.23,4.12,11.57,488.14,5.14,378.87,35.39
5457,62.2,70.9,118.0,3.87,20.6,25.9,45.1,22.5,7.77,155.0,34.525000000000006,230.0,271.0
5692,1436.0,1549.0,1869.0,111.0,594.0,474.0,502.0,448.0,257.0,1108.0,433.0,2524.0,3882.0
6594,43.0,48.5,71.9,1.16,15.9,16.5,28.9,2.98,3.76,166.0,15.7,186.0,148.0
6339,7.62,46.16,91.68,1.48,10.88,20.25,56.93,0.29,1.71,103.6,22.78,2343.93,210.62
805,19.87,48.1,101.0,0.51,10.2,20.0,57.4,0.75,1.61,221.0,23.6,398.0,246.0
4555,6.21,34.57,66.35,0.23,6.65,14.0,28.56,0.53,1.06,36.06,14.44,55.33,136.44
5829,14.1,90.6,160.0,0.71,19.6,36.7,63.0,9.74,4.99,92.77,34.4,238.1,272.0
2659,10.13,33.3,52.8,1.75,11.2,11.36,22.8,2.92,4.06,113.0,11.2,112.0,104.0
5827,6.22,146.0,238.0,0.23,32.7,56.3,81.5,3.27,6.02,146.64,48.8,257.38,362.0
6588,28.6,21.9,39.7,0.41,6.66,8.35,18.8,1.33,1.77,227.0,8.97,39.2,90.5
3106,26.6,74.4,138.0,0.56,15.6,29.6,63.3,0.64,1.09,179.0,34.8,529.0,325.0
5181,7.7,63.8,142.0,0.5,9.78,28.0,92.4,0.46,3.12,47.6,39.4,171.0,389.0
2768,4.13,73.8,118.0,0.53,22.1,25.8,44.1,1.37,3.5,119.0,23.5,476.0,204.0
6803,32.14,152.5,248.7,2.36,42.75,54.38,88.91,5.82,9.18,142.8,54.22,92.87,505.24
3329,9.32,187.0,329.0,1.05,41.0,72.0,121.0,2.18,5.8,299.0,63.0,620.0,630.0
6665,8.76,26.9,36.4,0.42,9.24,8.69,12.5,2.56,2.71,64.2,7.29,55.7,68.0
1008,76.1,125.0,210.0,0.67,27.3,47.4,71.7,2.21,4.31,257.0,43.3,224.0,394.0
1487,7.2,69.4,128.9,1.53,16.7,26.7,61.3,1.63,2.83,59.0,28.3,123.0,332.0
5888,77.4,115.0,176.0,6.71,44.4,41.0,84.9,8.75,10.5,320.0,40.0,396.0,421.0
5971,11.0,103.0,194.0,2.1,30.0,41.0,66.0,5.7,9.7,212.0,33.0,126.0,359.0
6698,22.0,35.7,66.4,0.57,8.85,14.1,29.2,0.78,1.44,80.1,14.5,81.3,144.0
4215,1.45,42.0,43.0,0.13,18.0,11.3,19.6,0.83,2.86,65.0,9.4,403.0,92.0
1049,1128.23,320.23,430.39,1624.89,214.77,184.73,285.12,635.42,345.22,1231.77,200.01,1098.59,881.12
3431,13.4,21.8,45.0,0.29,4.5,9.6,24.9,0.39,0.76,34.0,10.3,45.0,106.1
3963,5.95,60.8,107.0,0.69,11.0,23.3,68.5,0.59,1.81,98.0,25.5,302.0,300.0
4093,3.35,75.6,128.1,0.1,18.6,29.1,45.8,1.1,2.68,72.0,26.0,167.0,231.0
6211,9.22,143.0,267.0,0.08,29.31,58.0,108.0,1.71,3.79,532.0,57.0,1694.0,525.0
279,62.2,190.0,300.0,1.49,49.9,70.9,100.0,40.2,16.5,421.0,70.0,660.0,655.0
5833,15.0,293.0,470.0,0.36,60.7,114.0,162.0,11.9,18.3,351.82,94.2,586.28,856.0
5698,72.7,89.8,167.0,9.76,33.1,30.4,183.0,39.6,23.4,592.0,57.3,2319.0,766.0
7051,43.57,89.79,129.23,0.9,31.99,29.82,47.29,5.18,7.64,34.09,27.98,17.2,253.08
2353,40.0,227.0,332.0,6.1,105.0,66.4,101.4,49.0,26.2,136.9,61.2,218.7,522.0
3926,20.8,74.3,83.4,2.93,41.9,17.6,36.6,10.7,33.9,254.0,20.2,38.0,207.0
3916,12.26,102.4,212.0,0.44,16.4,40.8,97.0,0.94,2.89,403.0,47.7,955.0,459.0
4248,15.06,66.0,105.0,0.33,20.5,23.5,34.1,1.56,3.68,209.0,20.2,297.0,172.0
2783,3.34,63.8,104.7,0.24,15.8,22.9,38.4,0.59,1.94,75.0,21.3,679.0,193.0
5615,35.2,104.0,170.0,0.27,24.1,37.0,60.0,2.2,5.1,404.0,35.0,650.0,362.0
2728,8.8,147.0,313.0,0.56,28.3,58.5,146.0,12.9,10.8,3070.0,76.1,7600.0,762.0
764,15.49,28.8,66.5,0.33,5.98,12.8,42.7,0.45,0.85,155.0,16.5,302.0,178.0
74,24.58,62.99,161.53,0.42,11.89,29.9,80.31,0.38,1.0,154.0,40.31,326.0,373.09
6088,3.4,138.0,234.0,0.1,28.0,52.0,76.0,1.9,4.5,121.0,48.0,155.0,481.0
5706,45.0,393.0,602.0,0.4,77.0,142.0,190.0,23.0,17.0,1490.0,135.0,2803.0,1212.0
1891,6.2,79.6,146.2,0.4,15.6,30.0,57.1,1.15,2.23,83.0,30.3,97.0,335.0
4759,19.74,152.9,265.1,0.66,30.9,57.9,81.3,2.04,4.83,62.9,57.9,170.32,547.0
4479,6.52,160.43,287.91,1.27,31.97,61.89,140.14,2.1,4.07,275.58,63.8,2198.6,646.27
6615,49.0,43.9,77.2,0.45,11.1,16.8,32.7,1.34,2.74,188.0,16.8,204.0,170.0
3464,43.7,50.2,68.5,0.76,16.4,17.31,26.6,1.37,3.58,187.0,13.97,222.0,144.0
4620,40.5,136.6,190.9,3.2,40.2,45.6,55.6,4.88,9.46,25.68,38.8,46.69,366.0
4262,16.34,168.0,288.0,4.61,46.6,60.0,117.2,8.4,11.3,140.0,61.8,238.0,563.0
132,2.01,39.1,65.2,1.51,11.0,14.8,33.1,2.01,2.73,10.0,14.3,15.3,149.0
5861,2.75,97.4,188.0,1.85,17.0,39.1,141.0,0.62,1.98,36.2,48.4,326.0,568.0
5906,21.0,236.0,421.0,0.7,45.0,63.0,161.0,14.0,11.0,718.0,105.0,1111.0,854.0
1255,5.02,221.96,426.12,0.22,39.56,66.38,122.64,1.31,5.08,95.12,64.68,212.1,1043.18
1003,52.6,36.1,97.6,0.36,7.44,17.2,63.8,0.88,1.28,150.0,25.5,153.0,288.0
1155,5.86,104.51,194.26,0.32,22.09,41.29,83.92,1.22,3.46,75.95,42.88,118.95,413.1
7014,31.63,138.66,215.92,1.14,37.27,49.65,72.12,10.95,9.7,94.02,47.04,93.13,419.8
6898,48.03,151.77,248.88,3.43,41.05,56.45,91.41,5.93,9.62,139.16,51.14,91.96,482.82
4775,49.4,120.1,218.9,1.17,26.0,45.8,87.7,2.4,4.95,128.11,52.3,361.47,547.0
973,26.7,100.0,195.0,1.92,21.3,40.3,89.4,0.9,2.99,299.0,43.5,807.0,447.0
3478,35.3,110.0,197.0,0.69,24.3,44.5,86.9,1.34,3.84,258.0,46.2,312.0,418.0
6210,17.22,369.0,623.0,0.15,88.02,146.0,216.0,5.21,14.06,1351.0,128.0,2941.0,1112.0
2772,9.7,153.0,229.0,1.16,45.6,51.4,79.0,2.51,8.0,339.0,46.4,776.0,405.0
5083,9.98,37.5,68.7,0.51,8.8,14.28,34.3,0.83,4.34,40.0,17.9,90.5,174.3
4734,15.27,78.4,113.7,0.21,23.2,26.44,38.2,4.29,6.22,21.05,24.5,44.29,239.4
779,26.63,76.2,168.0,0.69,14.7,33.1,94.7,0.8,2.13,264.0,39.8,400.0,410.0
4099,8.74,53.5,127.0,0.34,10.3,22.7,77.8,0.41,1.65,237.0,31.6,513.0,325.0
2410,1.5,89.6,105.0,0.49,15.3,27.6,21.3,0.61,1.79,12.5,17.2,1413.0,149.0
2887,143.0,1119.0,1738.0,2.4,262.0,385.0,379.0,73.1,69.9,3830.0,352.0,3069.0,3180.0
4619,11.39,79.4,111.5,0.93,21.7,26.57,32.2,3.8,5.91,21.86,22.18,34.47,209.5
4906,12.07,155.1,238.9,1.62,44.36,55.45,91.55,7.9,9.9,344.43,49.12,301.09,454.16
961,14.4,90.7,204.0,1.23,15.6,40.2,106.0,0.57,2.15,87.6,48.1,429.0,509.0
3750,15.3,120.7,181.4,1.35,33.2,40.0,64.0,2.41,4.76,86.0,36.4,122.0,335.0
3401,4.85,26.0,61.2,0.62,5.7,11.0,45.0,0.47,1.08,25.0,14.9,95.0,173.0
5649,8.2,92.33,207.4,0.47,13.37,40.55,106.6,0.38,1.62,68.63,54.97,608.9,586.7
4562,13.6,8.65,6.9,1.11,6.37,2.15,1.53,1.72,2.29,105.03,1.06,32.99,8.51
5422,2.6,216.4,349.6,8.99,31.6,76.6,184.8,3.3,7.73,86.0,88.2,4392.0,1000.0
5932,568.0,62.0,74.0,3.1,59.0,18.0,26.0,336.0,60.0,646.0,14.0,640.0,148.0
6798,173.0,1220.0,831.0,13.0,581.0,268.0,121.0,151.0,198.0,2629.0,140.0,1128.0,917.0
4531,4.42,30.55,54.58,0.29,6.05,12.15,22.96,0.38,3.63,21.84,11.67,36.5,107.83
3521,5.89,66.8,124.0,0.3,18.6,25.7,44.4,1.26,3.64,26.0,23.5,56.0,202.0
7107,7.47,90.0,118.0,0.21,25.0,30.0,37.0,1.45,4.75,238.0,23.0,729.0,197.0
6130,409.5,1411.0,2283.0,0.11,269.3,499.0,917.0,212.8,102.6,5353.0,525.0,15992.0,4980.0
6875,39.61,63.6,93.92,2.22,20.32,21.65,33.75,3.31,4.47,66.92,20.94,42.25,212.53
4894,34.3,78.1,166.6,0.62,16.5,32.2,84.7,1.06,2.78,384.62,41.7,396.6,473.0
1377,20.9,105.0,185.0,1.73,31.3,37.8,84.6,5.72,8.02,103.0,39.9,340.0,537.0
2191,20.0,48.6,108.7,0.44,7.4,19.7,52.3,0.45,1.27,92.0,25.4,129.0,338.0
3864,5.72,67.0,132.0,0.41,16.3,28.2,46.8,0.73,1.99,77.0,28.7,158.0,231.0
2631,0.97,199.0,343.0,0.59,18.8,74.4,127.0,0.28,1.52,9.71,77.1,831.0,786.0
5460,91.2,187.0,272.0,8.02,61.1,64.7,88.9,31.4,19.0,263.0,34.525000000000006,227.0,556.0
1653,20.0,124.4,172.8,1.0,43.4,40.5,45.0,9.9,11.42,191.0,32.4,112.0,313.0
4186,6.26,124.0,192.0,1.31,34.9,40.8,64.2,6.09,8.18,486.0,39.3,571.0,334.0
5188,12.6,139.0,264.0,1.9,30.2,54.0,152.0,4.3,12.7,100.0,69.7,231.0,612.0
4085,11.97,278.0,525.0,0.28,47.7,112.0,189.0,2.16,5.06,653.0,105.0,2030.0,958.0
2152,9.2,75.2,123.7,0.6,17.5,26.5,43.0,1.62,3.41,42.0,25.4,77.0,301.0
6742,128.89,128.38,223.9,2.47,39.14,45.75,94.14,5.26,8.03,65.78,51.62,130.89,504.87
6186,31.69,679.0,1135.0,0.15,146.3,259.0,383.0,6.85,21.91,3325.0,232.0,7080.0,1980.0
2081,16.9,51.2,83.0,0.56,12.8,18.6,30.1,1.37,2.49,102.0,16.6,72.0,175.0
1848,90.8,202.5,333.6,3.81,56.3,70.8,114.6,7.22,12.49,260.0,68.1,151.0,739.0
3922,37.0,101.4,224.5,0.21,18.4,45.7,125.9,11.6,5.7,404.0,54.9,1328.0,564.0
5947,43.0,192.0,351.0,2.1,43.0,72.0,128.0,4.4,7.5,450.0,70.0,767.0,757.0
2352,24.5,154.68,230.27,3.11,43.82,56.86,74.73,5.19,8.37,107.22,53.15,140.49,557.52
1911,7.0,62.5,113.4,0.3,13.6,23.3,41.2,0.7,1.79,94.0,22.9,141.0,248.0
5279,5.41,42.9,103.1,0.47,8.35,18.49,53.5,0.65,3.06,26.98,26.0,87.2,250.3
5237,7.76,62.3,134.1,0.67,10.13,27.2,77.4,0.73,3.7,23.23,35.1,58.1,349.0
2339,20.0,123.0,151.0,7.2,32.0,39.1,50.6,1.56,9.5,42.2,29.2,65.0,312.0
5395,258.6,1477.4,1217.3,214.73,442.0,366.0,483.0,253.57,223.67,214.0,265.9,6327.0,2704.0
5640,24.6,138.0,229.0,0.5,32.2,50.0,77.0,2.3,5.9,405.0,45.0,822.0,481.0
1776,11.5,53.4,97.8,0.31,12.0,20.1,35.7,1.08,2.08,142.0,20.1,234.0,211.0
2316,58.8,185.0,316.0,4.4,42.0,62.0,108.0,31.0,13.6,158.0,53.5,285.0,498.0
5520,26.6,354.0,623.0,0.03,64.9,127.0,208.0,9.0,13.2,1212.0,126.0,5918.0,1319.0
4863,37.8,156.0,219.5,1.73,44.3,50.5,66.8,7.9,12.19,65.77,46.8,163.88,440.0
1604,8.0,68.9,130.5,0.24,14.7,26.4,45.6,0.95,1.83,148.0,27.2,215.0,295.0
5848,15.9,145.0,176.0,6.46,44.8,46.0,89.2,2.54,8.26,650.0,39.6,1617.0,416.0
5789,16.9,121.0,206.0,0.77,27.8,47.3,77.6,9.41,6.7,281.81,43.5,497.48,346.0
5208,9.64,88.2,168.4,0.46,16.57,35.2,73.5,1.02,6.46,69.2,40.9,244.0,352.0
1303,21.45,265.54,546.29,2.84,62.89,89.27,218.41,4.63,11.06,385.47,97.47,296.38,1603.42
3287,8.03,140.0,205.0,0.63,31.2,48.8,79.4,0.99,4.36,94.0,44.2,146.0,419.0
6046,65.0,203.0,293.0,3.7,67.0,66.0,94.0,10.0,15.0,429.0,55.0,211.0,570.0
5452,148.0,102.0,152.0,8.88,38.7,35.2,53.3,81.1,22.0,146.0,34.525000000000006,189.0,335.0
6991,27.81,183.27,282.6,0.13,40.48,64.0,84.28,2.58,7.28,128.35,59.81,193.08,528.94
3914,22.9,107.3,209.0,0.26,15.8,41.0,115.5,4.8,4.18,262.0,52.5,804.0,539.0
1971,7.0,54.0,112.5,0.04,9.5,21.8,44.3,0.41,1.08,132.0,24.6,386.0,267.0
2294,4.89,206.21,294.95,1.97,56.34,69.59,91.18,5.67,12.3,71.46,66.19,66.52,628.51
3797,17.49,36.7,78.4,0.55,9.2,15.39,46.3,0.54,1.42,156.0,18.3,321.0,215.0
4184,1.76,107.0,144.0,0.13,29.6,33.5,41.2,1.37,4.46,78.0,26.9,280.0,219.0
6654,13.1,41.3,88.1,1.23,11.2,17.1,55.8,1.7,1.76,76.7,22.1,128.0,250.0
2154,13.2,31.3,42.2,0.38,10.9,9.3,12.2,1.36,2.54,77.0,8.1,80.0,85.0
2457,1.51,86.7,134.0,0.32,11.6,30.6,39.1,0.24,1.14,15.3,28.1,651.0,267.0
4560,12.86,5.24,3.4,0.7,4.02,1.12,0.74,1.75,1.88,69.78,0.52,23.47,3.62
6007,14.0,54.0,117.0,0.8,13.0,22.0,71.0,1.1,1.7,228.0,28.0,385.0,333.0
886,37.15,72.37,145.83,0.63,15.58,29.99,75.8,1.24,2.64,399.45,33.85,683.07,342.81
3844,4.84,51.4,97.1,0.3,7.74,19.6,44.2,0.42,1.26,33.0,20.6,86.0,198.0
5042,5.82,42.7,82.1,0.7,9.34,16.3,36.7,0.55,3.45,64.7,19.3,314.0,189.4
4042,8.54,69.8,124.8,0.31,15.7,28.16,51.0,0.84,2.03,109.0,26.8,254.0,243.0
1433,16.6,40.9,87.2,0.12,7.6,16.1,41.2,0.65,0.99,220.0,20.3,255.0,232.0
1843,12.4,93.5,157.5,0.47,21.4,33.4,54.6,1.7,3.67,142.0,33.5,135.0,363.0
3089,9.5,263.0,372.0,0.39,65.7,87.1,118.1,2.82,4.04,258.0,86.3,372.0,672.0
6067,42.0,81.0,135.0,0.6,21.0,29.0,48.0,2.0,4.4,329.0,27.0,351.0,287.0
5197,5.42,80.4,140.1,0.66,18.17,30.4,54.1,1.65,8.08,29.6,31.8,79.2,263.0
5691,307.0,89.7,175.0,8.97,34.9,33.2,135.0,108.0,35.6,990.0,54.2,1619.0,655.0
7217,1366.0,285.0,209.0,10.0,188.0,61.0,36.0,1338.0,293.0,3116.0,35.0,962.0,262.0
2611,1.7,142.0,167.0,0.59,18.7,44.6,34.4,0.18,1.53,10.7,29.1,492.0,237.0
3828,4.8,75.0,114.0,0.73,18.2,26.6,39.0,1.6,3.32,23.0,24.8,40.0,264.0
253,17.3,89.7,153.0,1.43,23.0,34.0,65.6,2.65,4.4,227.0,35.3,328.0,352.0
4535,6.38,41.14,75.05,0.39,9.35,16.33,30.67,0.87,1.7,46.37,15.84,65.66,147.41
6976,18.44,60.8,88.15,3.33,20.76,20.89,34.65,3.83,4.32,25.58,17.39,14.97,162.95
6259,34.09,151.0,272.0,1.83,42.94,57.0,137.0,6.74,7.37,851.0,60.0,2632.0,614.0
1875,61.6,146.7,293.0,2.21,29.1,56.6,125.0,2.8,5.86,331.0,66.1,213.0,783.0
3008,10.79,63.1,139.2,0.37,14.2,29.3,58.4,1.04,2.0,87.0,28.6,188.0,276.0
4580,23.49,9.6,8.2,0.8,6.02,2.64,1.83,2.49,2.77,45.31,1.45,24.43,10.25
1214,8.37,106.17,201.85,0.74,22.2,31.49,60.34,2.14,4.04,119.0,30.7,145.43,498.81
1764,13.4,112.5,152.8,0.45,34.2,36.1,40.0,5.92,8.33,143.0,27.8,194.0,267.0
7079,3.03,86.0,107.0,0.15,22.0,28.0,32.0,1.08,3.68,172.0,21.0,609.0,169.0
5228,3.59,36.6,89.5,0.57,6.18,15.45,66.1,0.46,2.55,10.25,26.0,37.8,255.0
134,15.4,23.4,37.5,0.33,7.05,8.35,14.9,0.84,1.36,33.3,7.98,26.9,75.1
1272,34.12,331.09,734.69,2.97,69.18,118.27,287.95,9.51,11.61,726.72,130.29,450.9,2131.46
2095,81.7,203.2,304.7,3.45,64.1,68.5,96.1,12.14,16.34,323.0,57.8,104.0,561.0
5130,4.99,60.2,141.3,0.52,10.13,25.2,91.6,0.53,3.55,48.0,38.9,153.1,366.0
6764,225.55,144.36,268.14,3.26,44.74,55.03,116.03,2.46,6.41,89.98,61.84,20.98,594.08
3417,12.0,90.0,173.9,0.16,17.5,35.3,76.7,0.63,2.6,158.0,36.4,393.0,335.0
5087,8.37,32.4,67.1,0.33,6.11,12.91,40.9,0.51,2.51,34.0,18.7,103.2,198.5
4902,10.1,119.52,180.3,1.41,34.31,42.56,69.52,6.12,8.35,234.7,37.28,216.92,346.79
4328,1.61,173.0,344.0,0.08,16.58,66.4,98.0,0.22,1.51,121.0,68.8,3329.0,702.0
4179,16.64,77.0,136.0,0.63,21.1,30.0,54.4,5.73,4.75,218.0,28.8,440.0,259.0
4154,6.26,90.3,180.0,0.47,15.6,36.4,95.0,0.73,2.43,133.0,41.5,379.0,430.0
3621,10.0,365.0,606.0,1.91,76.0,124.1,208.0,3.38,9.6,109.0,106.9,222.0,1058.0
6349,7.63,46.5,114.09,0.65,11.8,21.14,96.16,1.45,1.77,206.03,31.95,242.0,335.63
5019,10.16,35.1,58.9,0.41,8.7,13.7,32.4,0.82,3.7,43.8,15.4,96.8,149.0
3013,7.12,83.3,168.0,0.74,18.3,36.5,75.9,1.76,3.36,112.0,36.1,224.0,353.0
2194,19.0,73.6,142.7,0.37,13.8,27.8,54.7,0.88,2.15,104.0,30.4,132.0,371.0
3670,7.42,49.6,95.7,0.2,8.17,20.29,43.4,0.43,1.43,99.0,22.0,266.0,214.4
7134,13.0,105.0,188.0,0.29,22.0,42.0,73.0,1.54,3.62,162.0,41.0,577.0,369.0
4549,11.56,36.65,69.34,0.28,8.07,15.03,28.65,0.83,1.61,73.01,14.69,67.95,137.23
6910,23.86,59.1,108.11,1.24,15.9,23.71,42.77,1.5,2.82,61.01,23.34,51.72,209.19
6643,34.1,58.7,108.0,0.84,13.8,22.5,49.6,1.26,3.13,208.0,24.3,173.0,250.0
3021,9.55,89.7,147.0,0.96,22.4,32.5,58.5,1.17,3.07,214.0,29.2,304.0,262.0
6733,12.37,144.99,199.5,1.35,46.72,47.92,57.42,3.69,6.86,58.44,40.2,51.82,336.02
4993,35.8,242.0,469.0,1.78,40.7,98.5,227.0,1.62,12.68,479.0,122.4,1336.0,1025.0
5689,39.9,133.0,263.0,11.3,37.0,48.1,188.0,44.8,23.8,1526.0,84.5,2612.0,988.0
2321,46.2,158.0,243.0,0.56,45.0,43.6,92.0,1.56,7.8,122.1,44.1,209.0,462.0
6215,31.84,246.0,418.0,0.26,55.3,94.0,149.0,4.74,8.44,1414.0,87.0,3008.0,766.0
5118,4.92,43.6,81.0,0.93,10.58,16.6,43.9,1.08,5.08,28.0,20.2,74.8,189.5
6346,4.18,26.45,63.87,0.39,5.78,12.32,50.18,0.21,0.96,127.84,17.11,165.88,174.56
5826,6.33,110.0,184.0,0.23,24.8,43.0,72.3,4.06,5.58,71.88,39.7,161.68,318.0
2228,18.8,130.7,244.7,0.16,25.3,48.9,79.2,1.77,4.09,105.0,50.2,233.0,563.0
5360,29.2,116.0,191.0,0.88,31.4,47.4,76.2,1.9,5.62,324.0,43.5,238.0,345.0
1371,41.4,262.0,454.0,1.65,54.8,98.7,213.0,5.61,10.1,1492.0,106.0,8568.0,1002.0
4270,8.46,42.0,75.0,0.09,9.6,15.4,27.3,0.72,1.64,29.0,14.5,104.0,136.0
2220,16.4,147.2,255.5,4.29,39.2,50.3,104.0,4.76,8.0,672.0,54.9,213.0,678.0
6207,16.33,342.0,564.0,0.2,75.06,128.0,187.0,4.03,11.2,1034.0,113.0,2511.0,946.0
6142,22.07,434.0,807.0,0.0,70.73,169.0,348.0,6.98,13.8,1806.0,191.0,7631.0,1804.0
5655,1.51,113.6,237.6,0.29,11.14,46.74,152.9,0.19,0.75,4.59,75.03,561.7,934.3
3715,11.9,190.0,324.0,1.07,37.0,70.9,128.1,2.04,6.1,294.0,71.0,579.0,673.0
1087,53.16,90.38,159.38,1.47,18.05,24.55,53.27,1.5,3.53,583.92,26.16,643.59,452.64
5408,210.0,803.7,640.9,232.58,318.2,190.1,336.6,245.69,199.85,478.0,153.5,4050.0,1733.0
208,221.0,194.0,322.0,7.4,43.9,68.8,133.0,80.1,27.2,418.0,73.0,1754.0,714.0
4365,23.1,64.0,113.0,1.04,17.6,22.7,45.1,2.53,3.8,301.0,23.9,388.0,217.0
4048,4.08,21.2,52.4,0.07,3.36,9.6,37.1,0.07,0.27,84.0,14.6,405.0,152.0
938,128.5,197.46,146.14,33.83,150.4,42.33,48.8,80.91,82.95,242.96,27.97,563.15,249.79
1887,11.8,60.2,116.8,0.35,12.2,24.2,44.2,0.77,1.78,80.0,24.9,86.0,273.0
5537,84.3,782.0,1231.0,1.25,173.5,240.0,793.0,69.2,66.9,2221.0,322.0,7105.0,4503.0
2195,19.0,73.6,142.7,0.37,13.8,27.8,54.7,0.88,2.15,104.0,30.4,132.0,371.0
3227,11.37,188.6,355.0,0.47,41.6,73.7,134.7,1.72,5.05,298.0,76.0,769.0,670.0
3389,53.6,672.0,1033.0,0.14,153.0,240.0,292.2,7.76,22.2,628.0,202.0,1182.0,1570.0
6935,16.4,94.97,127.64,4.9,31.7,30.49,43.75,6.7,8.32,32.84,27.08,16.38,236.64
4452,7.79,65.74,126.8,0.38,15.11,26.59,57.16,0.85,2.31,115.1,27.77,271.38,273.75
4762,29.9,183.8,287.9,0.43,40.3,64.3,76.7,3.6,7.5,60.19,59.8,182.92,533.0
4874,17.7,53.9,112.0,0.4,11.25,21.7,52.6,1.16,2.03,52.71,28.2,150.72,306.8
6439,2.95,31.13,67.57,0.23,5.91,12.12,32.47,0.46,0.99,310.39,15.12,802.04,161.43
5660,4.39,161.5,269.4,0.87,34.75,61.71,92.63,1.35,3.81,56.12,60.59,117.5,595.3
7189,829.0,209.0,114.0,0.5,161.0,41.0,18.0,1107.0,240.0,2197.0,18.0,574.0,139.0
2508,1.56,233.0,420.0,0.88,26.6,84.9,136.0,0.69,2.79,26.5,86.6,522.0,843.0
4854,8.37,54.9,95.8,0.29,13.19,20.74,33.49,1.29,2.53,44.76,21.62,117.9,215.6
2538,1.7,87.6,86.0,0.52,14.7,24.1,16.8,0.29,1.54,15.1,15.1,753.0,127.0
3037,22.2,190.0,360.0,1.15,27.0,76.0,191.0,1.06,4.25,245.0,89.2,611.0,880.0
2293,18.2,196.0,229.0,5.8,89.0,50.5,61.0,15.0,18.5,131.3,38.5,609.0,313.0
225,2.08,124.0,196.0,0.25,27.9,46.7,60.6,2.36,3.98,119.0,39.7,126.0,341.0
6343,2.33,9.73,24.63,0.31,1.87,4.52,22.39,0.04,0.14,15.6,6.42,741.28,66.6
4790,16.67,113.5,181.3,1.72,28.1,40.4,64.8,2.67,4.85,18.55,39.4,28.3,381.0
2805,26.5,58.0,108.0,0.97,14.0,21.2,62.9,1.45,2.66,415.0,25.4,779.0,273.0
4192,2.27,126.0,207.0,0.2,29.5,44.3,68.5,2.45,5.66,121.0,41.1,263.0,355.0
4716,13.02,66.6,114.0,0.66,15.4,24.5,40.8,2.57,3.19,93.04,26.1,173.46,268.3
861,15.52,17.42,45.14,0.11,3.31,7.96,32.4,0.1,0.41,124.08,11.56,326.04,129.87
3931,3.47,73.9,125.1,0.36,17.1,27.1,39.1,1.12,2.23,20.0,26.4,97.0,219.0
2928,56.0,164.0,377.0,1.0,27.0,73.0,202.0,2.0,4.0,744.0,99.0,729.0,1151.0
6945,60.46,103.58,184.5,1.13,21.98,41.24,73.06,1.77,3.93,180.58,39.49,157.11,377.9
1862,20.4,101.5,186.6,0.94,22.2,37.9,70.1,1.66,3.86,161.0,40.3,169.0,445.0
4309,30.24,18.0,28.0,0.71,7.19,6.2,11.4,0.89,1.71,67.0,5.7,148.0,53.0
4295,54.4,49.0,82.0,1.33,14.5,18.0,27.9,2.24,3.29,274.0,16.4,258.0,142.0
6598,17.6,20.4,33.2,0.61,6.16,7.42,14.9,1.15,1.41,54.4,7.24,71.4,71.6
3619,6.03,77.2,139.5,0.28,16.4,30.7,51.8,0.89,2.27,95.0,30.1,218.0,275.0
3248,7.9,120.0,185.0,0.55,30.6,45.2,73.0,4.0,4.82,89.0,38.6,180.0,337.0
988,15.5,108.0,243.0,1.29,17.2,47.2,128.0,0.56,2.45,79.7,57.8,574.0,617.0
3506,9.3,66.5,143.0,0.13,12.2,28.9,70.4,0.47,1.41,80.0,34.3,656.0,341.0
1233,9.78,137.04,263.07,0.16,25.55,41.36,70.42,1.9,4.34,177.62,39.16,316.51,625.89
4371,19.58,57.0,106.0,0.64,11.5,22.2,43.0,0.95,2.59,67.0,22.0,26.0,206.0
1669,6.4,48.8,88.6,0.31,10.7,18.8,32.2,0.68,1.51,81.0,18.2,143.0,195.0
3299,6.1,99.0,183.0,0.5,24.2,39.0,65.5,1.06,3.82,99.0,35.3,231.0,326.0
5551,768.5,914.0,1210.0,1.99,363.7,250.0,621.0,591.8,311.7,4139.0,292.0,7936.0,3700.0
3982,23.9,31.2,59.5,0.65,6.0,12.3,43.1,0.55,1.3,213.0,15.3,448.0,183.0
2536,2.41,91.2,85.3,0.62,17.2,24.4,17.4,0.34,2.08,19.8,15.0,785.0,128.0
1368,36.8,252.0,503.0,0.82,42.3,103.0,250.0,1.8,5.18,851.0,117.0,7551.0,1159.0
3764,34.9,97.8,192.4,1.47,28.8,37.3,91.2,2.13,4.19,113.0,41.2,158.0,446.0
54,40.37,86.8,199.81,0.49,14.04,39.31,99.32,0.46,1.62,202.0,50.26,403.0,480.38
1263,14.77,107.64,197.52,0.35,21.3,30.91,55.58,1.9,4.2,208.95,30.29,157.23,489.33
3042,12.5,91.2,183.0,0.64,14.0,37.3,121.0,1.15,2.34,272.0,44.8,757.0,480.0
3130,15.6,102.6,202.7,0.31,14.0,43.3,109.9,1.96,2.26,327.0,56.5,831.0,538.0
4852,14.99,196.7,273.4,1.7,59.1,65.5,73.6,10.31,16.17,34.06,55.5,113.68,521.0
740,17.1,107.2,186.0,1.24,24.6,37.8,73.2,1.24,3.56,274.0,37.1,513.0,404.0
6219,16.13,195.0,336.0,0.11,40.67,75.0,126.0,2.73,6.55,761.0,70.0,2096.0,635.0
4276,67.1,415.0,640.0,0.81,104.3,148.3,169.6,8.26,16.3,311.0,115.4,667.0,879.0
1867,11.9,35.0,59.6,0.16,7.8,12.1,23.7,0.8,1.67,214.0,13.1,183.0,154.0
4765,20.08,147.0,252.0,0.65,31.5,54.7,82.9,2.41,5.9,88.83,56.3,209.74,551.0
821,23.58,41.8,91.2,0.5,8.85,18.0,56.3,1.61,1.68,261.0,22.2,364.0,234.0
4869,11.06,46.9,87.1,0.68,10.26,17.46,39.9,1.12,1.98,124.26,20.63,189.47,227.6
307,8.11,59.01,116.05,1.17,11.89,23.76,100.54,1.02,2.06,15.44,32.37,52.37,428.18
2123,29.1,72.9,135.1,1.32,19.6,26.4,57.3,1.79,3.63,258.0,28.2,239.0,319.0
4652,52.3,274.0,396.0,6.4,63.6,91.4,112.7,21.3,25.3,87.31,83.8,187.53,772.0
5415,36.7,235.9,309.2,13.23,60.6,76.9,161.7,40.2,26.72,57.0,76.3,3404.0,863.0
2001,17.1,48.2,100.2,0.17,8.9,19.3,42.4,0.47,1.14,91.0,23.1,115.0,263.0
3514,28.8,39.0,63.5,1.73,11.5,13.4,38.5,2.5,3.49,249.0,14.2,1095.0,191.0
3461,8.86,118.0,159.0,0.85,38.2,37.8,56.7,6.4,10.2,139.0,30.4,197.0,272.0
5037,4.39,19.41,31.7,0.52,5.1,7.03,14.38,0.44,2.13,11.29,7.52,80.4,91.3
2828,0.74,36.9,113.0,0.02,3.24,17.5,67.3,0.05,0.3,39.0,30.2,1790.0,341.0
7200,363.0,1052.0,728.0,20.0,675.0,241.0,106.0,474.0,425.0,2379.0,113.0,936.0,760.0
4901,11.4,109.7,169.82,1.26,33.86,39.29,65.19,7.06,8.49,206.4,34.22,196.35,330.99
4816,13.44,78.6,144.3,0.12,13.1,29.9,46.2,0.81,2.13,22.22,33.2,151.02,307.0
7039,18.21,81.01,123.66,1.22,21.02,27.14,42.28,2.62,5.2,37.5,26.6,40.74,255.32
1896,9.7,73.5,137.4,0.34,14.9,28.8,51.9,0.67,2.17,88.0,28.7,107.0,307.0
5030,17.19,84.9,162.1,0.8,17.73,31.9,69.4,1.07,7.25,125.2,38.9,217.0,295.0
3425,0.38,73.1,191.0,0.28,6.13,33.6,147.0,0.18,0.6,9.0,55.1,1059.0,630.0
742,27.07,81.2,175.0,0.7,15.4,35.0,96.1,0.75,2.18,335.0,41.2,639.0,421.0
6851,38.77,86.82,147.51,1.29,25.72,32.26,68.32,2.77,5.0,155.87,34.79,164.74,310.95
5475,131.5,188.03,302.35,13.49,72.75,66.92,125.33,93.5,40.72,192.99,34.525000000000006,332.36,659.32
6917,45.39,133.16,212.98,3.29,40.28,48.8,79.68,15.54,8.91,121.66,42.79,92.21,399.03
1903,15.1,104.0,168.7,1.31,30.0,37.2,54.5,3.56,6.28,125.0,32.3,120.0,328.0
2455,1.6,71.4,103.0,0.36,11.9,24.3,30.9,0.13,0.95,14.9,21.0,617.0,201.0
6690,7.98,39.0,59.3,0.65,13.2,13.9,23.0,1.35,2.78,122.0,12.4,150.0,117.0
6008,25.0,62.0,107.0,0.2,14.0,23.0,41.0,1.1,2.6,338.0,23.0,414.0,236.0
3254,6.03,43.2,90.8,0.15,8.06,19.0,41.4,0.38,1.1,110.0,19.17,256.0,183.0
5669,1.44,125.5,276.2,0.3,12.94,51.66,162.9,0.3,0.71,50.0,78.79,337.6,926.7
6673,42.2,80.4,163.0,1.41,17.9,33.4,87.7,1.15,3.03,180.0,38.0,302.0,397.0
2859,59.0,737.0,817.0,12.4,254.0,223.0,168.0,39.9,56.8,694.0,145.0,424.0,1201.0
6,31.07,28.53,131.72,0.29,9.14,24.36,61.59,0.3,1.12,170.0,32.11,318.0,312.55
6109,26.44,191.0,330.0,0.84,44.75,74.0,124.0,4.69,8.08,336.0,70.0,500.0,626.0
5378,4.52,28.01,73.03,0.24,3.5,12.39,42.85,1.56,0.47,74.39,18.38,783.65,191.32
4565,9.0,6.16,5.65,0.73,3.87,1.77,1.5,0.99,0.81,76.05,0.87,33.16,7.48
6239,13.15,223.0,370.0,0.15,50.39,85.0,134.0,2.81,8.8,736.0,76.0,1779.0,683.0
3125,3.8,74.0,115.0,0.38,15.9,25.7,58.0,0.64,1.21,145.0,27.0,736.0,266.0
3668,7.5,89.0,162.5,0.36,15.4,33.8,64.1,0.79,2.83,128.0,33.4,257.0,326.0
2375,26.61,50.16,103.0,1.09,11.53,20.35,57.94,1.01,2.0,256.0,24.72,299.0,279.0
4427,8.77,108.0,179.0,0.47,26.2,37.8,58.6,1.56,4.15,78.0,34.1,161.0,303.0
124,3.73,24.8,52.4,0.1,4.37,10.3,30.5,0.47,0.7,61.5,11.9,696.0,130.0
770,40.58,156.0,315.0,1.14,29.3,65.0,148.0,1.24,3.62,593.0,70.4,872.0,687.0
6986,27.58,179.18,276.65,0.18,40.8,62.11,83.9,2.86,6.38,120.66,59.06,187.08,513.79
2816,4.14,72.9,115.2,0.37,18.8,25.4,44.3,0.94,2.98,107.0,23.7,617.0,209.0
4324,1.52,164.0,342.0,0.06,16.86,64.9,115.0,0.26,1.62,130.1,71.2,3317.0,784.0
3182,15.9,85.1,172.0,0.41,18.2,33.0,70.8,1.35,2.9,108.0,37.5,264.0,386.0
832,17.11,130.0,285.0,0.64,19.5,55.7,136.0,0.52,2.21,447.0,68.2,1439.0,677.0
1236,12.52,13.19,27.49,0.14,2.58,3.96,15.38,0.24,0.51,338.35,5.07,107.38,103.15
4575,16.54,52.07,70.82,1.2,22.63,16.74,29.74,2.3,6.0,315.1,14.8,790.03,140.27
1280,51.23,180.97,433.52,1.83,37.71,66.08,193.75,18.24,9.21,397.69,80.12,322.49,1373.56
5613,25.3,93.0,153.0,0.19,20.8,33.0,57.0,1.6,3.5,339.0,32.0,624.0,336.0
5564,32.0,376.0,566.0,0.35,73.6,124.0,193.0,9.5,17.8,960.0,117.0,3685.0,1270.0
5983,28.0,55.0,101.0,0.4,14.0,21.0,44.0,1.2,2.1,1413.0,22.0,1126.0,230.0
6872,23.57,49.35,77.24,2.05,15.3,17.07,28.55,2.21,3.68,28.06,16.64,17.65,168.07
2394,47.05,90.01,167.0,1.81,19.04,34.85,83.55,1.53,3.69,627.0,42.63,613.0,494.0
3946,27.7,134.7,244.0,1.83,37.9,54.1,85.8,2.5,5.73,184.0,55.0,199.0,472.0
1315,45.06,268.93,620.6,2.16,51.64,96.33,262.67,3.36,7.86,848.34,114.65,642.14,1956.83
4272,5.91,49.0,90.0,0.14,11.06,19.6,32.3,1.13,2.0,63.0,18.6,152.0,163.0
6810,27.65,99.94,164.52,1.63,25.99,35.74,62.67,2.67,5.69,100.65,36.51,75.44,356.75
2940,85.0,133.0,216.0,2.0,32.0,50.0,71.0,29.0,11.0,192.0,54.0,201.0,599.0
4205,22.2,92.0,182.0,0.12,17.7,36.3,74.5,0.99,2.8,200.0,39.1,713.0,351.0
152,15.0,101.0,184.0,1.2,20.1,39.5,76.9,2.49,3.62,106.0,39.2,136.0,372.0
5535,67.8,373.0,744.0,0.76,69.4,141.0,326.0,13.0,13.7,1618.0,166.0,5408.0,1925.0
3486,2.06,77.8,152.0,0.06,17.4,32.7,63.4,0.81,1.86,88.0,32.8,347.0,326.0
1410,10.9,108.0,195.8,0.35,20.6,41.5,69.9,1.02,2.9,107.0,39.1,118.0,414.0
711,16.65,44.0,97.2,0.49,9.09,18.8,55.6,1.31,1.6,159.0,23.3,332.0,252.0
1481,18.1,58.6,110.7,0.42,13.5,21.9,45.4,1.03,2.45,131.0,24.2,113.0,272.0
964,12.6,57.7,122.0,1.13,11.8,23.9,76.6,0.7,2.22,74.3,29.6,461.0,332.0
324,19.73,117.32,231.82,2.0,22.05,48.71,175.13,1.59,3.59,46.28,62.34,111.87,766.65
5184,6.12,48.3,108.6,0.45,8.12,20.24,66.5,0.48,2.57,60.3,29.65,185.8,282.2
5368,25.0,106.0,173.0,1.09,31.8,44.2,65.8,1.85,5.37,249.0,41.7,190.0,322.0
6841,37.81,82.4,163.19,1.67,23.44,33.61,75.58,6.4,6.21,117.17,38.85,145.17,353.91
6340,1.63,12.88,51.7,2.23,1.77,7.74,75.09,0.17,0.24,9.9,16.53,1019.79,208.47
111,6.53,100.0,198.0,1.19,22.7,42.7,76.0,3.16,4.61,335.0,40.8,358.0,382.0
5724,43.8,87.1,158.0,9.35,36.3,30.6,88.5,47.9,28.2,868.0,45.0,1742.0,509.0
4402,7.35,62.0,136.0,0.3,7.2,26.4,65.3,1.56,0.83,18.0,30.2,354.0,299.0
5756,52.7,85.7,145.0,1.55,20.0,36.0,66.0,7.59,4.22,340.0,38.0,911.0,291.0
6586,40.3,77.6,147.0,1.81,20.3,30.4,76.8,3.18,5.17,220.0,34.9,220.0,364.0
5563,1699.0,393.0,723.0,0.29,110.3,134.0,406.0,696.5,134.1,1083.0,182.0,7568.0,2378.0
6042,17.0,95.0,168.0,0.2,19.0,34.0,59.0,1.5,3.5,262.0,34.0,506.0,363.0
2011,15.2,70.7,121.3,0.38,14.9,25.6,42.3,1.4,2.94,136.0,25.7,135.0,280.0
1013,29.93,84.36,176.81,14.86,22.07,34.07,60.65,10.91,17.17,46.68,37.51,168.12,472.49
3085,23.8,62.5,103.3,0.51,10.5,21.57,41.3,0.87,1.35,148.0,27.0,350.0,231.0
4996,21.9,80.6,126.9,1.27,13.1,24.8,81.3,1.31,8.9,153.0,37.1,474.0,358.0
2111,23.6,123.5,210.6,0.25,24.6,44.8,60.0,2.1,4.55,124.0,41.6,207.0,407.0
5962,5.8,142.0,213.0,4.1,42.0,50.0,79.0,6.2,9.4,51.0,44.0,101.0,422.0
4118,34.0,55.0,114.0,0.86,12.1,24.0,82.0,11.0,4.0,801.0,29.2,1370.0,314.0
4810,21.57,211.0,282.0,0.53,65.9,67.7,74.7,11.43,18.1,55.71,57.0,106.72,516.0
2221,15.6,101.7,159.1,1.43,29.4,33.5,50.9,4.57,7.55,253.0,31.4,219.0,374.0
5026,13.64,84.0,132.9,1.43,24.73,29.6,49.9,4.21,15.55,102.0,30.67,153.7,249.6
2481,1.33,30.4,11.2,0.26,5.23,5.4,1.11,0.07,0.48,7.71,1.43,796.0,10.1
5046,19.6,134.0,207.0,2.55,31.2,48.3,75.2,2.34,10.9,175.0,45.6,549.0,363.0
5670,5.3,156.6,292.8,0.23,17.59,65.66,81.83,0.3,1.08,34.38,68.01,147.9,598.8
2620,1.61,112.0,129.0,0.54,14.2,34.9,26.3,0.32,1.58,9.17,23.2,496.0,193.0
7030,18.0,107.02,142.36,2.31,29.57,33.95,43.97,3.9,6.59,39.3,30.06,39.3,284.98
1782,30.8,132.6,208.3,1.92,44.9,44.6,77.8,7.66,11.95,229.0,42.7,258.0,460.0
1137,6.11,145.79,206.35,0.71,37.97,36.13,47.16,4.85,8.27,90.89,28.66,146.22,423.97
4342,1.57,116.0,232.0,0.06,10.78,43.7,78.0,0.12,1.28,66.9,46.7,1524.0,515.0
267,19.8,80.3,151.0,0.66,16.7,31.0,65.2,2.16,3.07,352.0,34.5,433.0,331.0
7122,6.46,112.0,220.0,0.22,20.0,46.0,91.0,0.69,2.65,118.0,49.0,537.0,455.0
6584,8.43,23.3,39.9,0.48,6.33,8.91,20.0,0.81,1.35,121.0,9.4,180.0,93.9
5995,15.0,130.0,208.0,0.5,36.0,47.0,71.0,6.3,7.7,281.0,40.0,293.0,408.0
5353,3.58,10.7,30.05,0.21,2.25,4.89,28.8,0.14,0.17,33.3,9.11,483.12,126.3
5332,20.58,98.98,191.93,0.88,23.08,39.92,83.44,2.51,3.09,322.48,42.02,975.09,407.11
2528,1.68,31.7,19.0,0.28,6.25,6.5,3.03,0.22,0.71,9.7,3.17,1234.0,23.5
699,10.59,17.0,40.5,0.18,3.26,7.4,26.7,0.29,0.41,85.0,10.4,196.0,117.0
4052,15.5,69.1,133.0,0.59,14.4,28.0,66.9,4.1,3.6,233.0,29.4,471.0,298.0
5528,12.8,303.0,565.0,0.01,44.4,115.0,190.0,3.8,6.7,866.0,115.0,5413.0,1212.0
980,12.1,62.3,148.0,0.98,10.9,28.2,88.3,0.53,1.51,72.8,36.4,385.0,404.0
3356,79.2,159.8,269.0,2.48,39.7,62.6,112.0,3.04,6.44,376.0,59.2,222.0,522.0
347,19.83,109.17,213.53,1.82,22.6,44.36,171.52,1.18,3.6,43.51,58.82,109.2,749.86
3810,25.3,41.9,99.6,0.93,8.3,17.84,64.5,0.79,1.14,162.0,22.65,463.0,285.7
6789,21.0,205.0,393.0,0.9,34.0,87.0,157.0,4.0,7.0,472.0,83.0,1046.0,721.0
1959,27.4,83.8,161.7,0.27,16.6,33.2,62.8,2.1,2.4,227.0,34.2,259.0,369.0
5173,6.85,44.0,58.7,1.93,15.8,14.9,25.2,3.01,10.89,31.1,13.18,57.3,130.7
2840,38.0,586.0,706.0,5.9,174.0,181.0,152.0,15.6,35.4,659.0,131.0,447.0,1196.0
3620,14.32,232.0,334.0,0.69,63.1,80.4,107.7,11.05,14.4,122.0,70.9,220.0,563.0
3427,16.6,163.0,330.0,1.55,27.7,65.4,175.0,2.6,6.3,278.0,76.2,1639.0,807.0
3297,6.47,52.6,91.1,0.18,12.4,19.6,34.9,0.61,1.87,64.0,18.8,201.0,169.0
1757,7.1,39.9,67.6,0.1,9.9,13.9,22.5,0.95,1.93,135.0,13.5,161.0,143.0
1234,6.9,161.78,288.3,1.36,31.21,46.32,72.59,2.96,5.72,132.8,42.68,275.7,644.44
5451,230.0,71.0,95.0,58.6,61.5,22.3,36.7,303.0,77.0,146.0,34.525000000000006,527.0,216.0
1142,11.65,126.07,270.38,0.17,17.92,39.6,81.79,1.03,2.54,243.98,42.86,362.63,694.92
4381,1.91,149.0,273.0,0.59,29.4,55.3,95.8,0.91,3.78,93.0,54.2,294.0,479.0
5614,28.5,84.0,161.0,0.26,15.9,31.0,71.0,0.9,2.5,441.0,36.0,1103.0,409.0
3625,9.09,129.9,236.0,0.29,25.5,50.0,95.2,1.27,2.81,128.0,50.6,264.0,475.0
6321,1.04,7.11,16.03,0.17,2.09,3.36,8.6,0.2,0.35,7.56,3.73,24.84,29.69
4558,16.74,5.17,3.41,1.07,5.42,1.22,0.62,2.88,2.68,78.96,0.5,23.65,3.54
6021,12.0,93.0,174.0,0.7,21.0,36.0,68.0,1.7,2.5,247.0,37.0,747.0,385.0
6327,14.97,113.94,199.61,0.51,24.59,45.32,78.68,2.14,4.58,518.27,47.55,4444.38,392.13
340,11.11,62.78,148.94,1.0,11.06,28.05,135.04,0.97,2.08,16.46,42.7,74.54,558.18
5142,12.37,90.9,196.0,0.65,14.22,38.6,120.5,0.62,4.21,90.3,54.4,306.0,512.0
5775,35.1,243.0,451.0,1.31,49.9,98.9,193.0,14.0,10.6,2262.85,99.5,2401.16,825.0
6012,16.0,72.0,128.0,0.03,15.0,26.0,47.0,1.3,2.0,587.0,28.0,1227.0,281.0
4305,61.5,69.0,90.0,2.94,30.3,21.7,27.1,6.37,8.28,183.0,15.6,70.0,137.0
4487,4.87,142.58,260.54,0.27,27.6,55.43,131.3,0.59,2.92,223.56,58.4,2015.94,595.03
1651,10.2,46.6,86.7,0.25,9.4,17.8,33.6,0.77,1.6,81.0,18.9,110.0,204.0
6716,13.7,57.4,93.7,0.78,16.6,21.5,36.0,1.59,3.25,75.1,19.8,133.0,183.0
6266,17.98,151.0,246.0,2.13,37.21,55.0,114.0,7.74,7.76,310.0,55.0,708.0,519.0
4129,4.06,84.9,224.0,0.63,12.1,41.5,175.1,0.35,1.59,34.0,61.3,83.0,637.0
2666,12.49,47.7,80.7,2.12,15.5,17.0,33.2,4.39,4.45,185.0,15.8,185.0,151.0
6061,28.0,69.0,109.0,1.6,22.0,24.0,44.0,3.5,5.9,395.0,23.0,605.0,252.0
359,45.18,289.19,444.3,8.31,81.04,101.12,299.02,9.03,19.88,177.78,114.37,249.43,1388.55
4395,14.57,49.0,88.0,0.04,9.6,17.4,35.0,0.13,1.35,223.0,19.4,738.0,182.0
3181,8.38,127.4,218.0,0.18,27.1,44.6,84.8,1.94,3.72,105.0,45.2,264.0,436.0
4943,5.09,422.43,934.36,0.69,54.39,180.16,473.83,3.23,7.22,349.01,231.09,6430.0,2410.0
5996,15.0,37.0,66.0,0.5,9.0,14.0,31.0,0.9,1.2,127.0,15.0,174.0,165.0
2125,20.2,104.0,183.4,0.46,25.8,38.2,68.6,2.15,4.01,284.0,38.1,244.0,411.0
4504,44.35,125.86,202.71,3.92,38.08,45.71,82.97,5.94,9.4,401.04,43.52,488.74,404.2
6356,3.64,61.49,104.29,0.46,13.7,23.16,51.49,0.61,2.36,59.52,23.23,454.28,261.16
4965,2.36,19.5,43.5,0.16,3.13,8.11,27.9,0.24,1.02,10.2,11.78,36.2,136.7
922,56.44,109.7,214.52,1.09,26.4,44.29,104.66,2.16,4.33,822.5,48.97,1123.29,484.54
1134,10.47,36.37,86.8,0.32,5.82,11.69,37.71,0.58,1.03,172.21,15.47,154.28,286.92
4067,7.89,42.7,81.8,0.29,8.7,16.57,33.5,0.57,1.19,169.0,17.63,649.0,173.3
5500,18.43,9.33,48.04,0.64,1.43,24.26,77.49,3.57,1.14,1300.36,38.73,1241.52,59.02
5305,41.73,118.59,179.6,1.66,34.95,46.0,64.6,3.61,6.06,258.62,42.51,228.17,359.42
5093,8.66,18.9,39.4,0.26,3.76,7.6,26.5,0.31,1.64,48.8,11.28,141.4,133.4
4516,16.04,63.11,124.62,1.03,13.42,26.27,58.86,0.66,1.7,131.37,29.03,352.25,279.5
4191,9.03,140.0,109.0,0.59,47.0,34.7,15.3,2.18,8.03,487.0,15.1,520.0,94.0
7193,288.0,1077.0,749.0,18.0,669.0,242.0,87.0,294.0,346.0,3860.0,109.0,1656.0,692.0
6311,1.69,4.85,9.83,0.29,0.61,1.86,10.09,0.05,0.13,9.75,2.96,39.73,30.69
2716,0.38,33.5,32.8,0.12,8.57,9.43,8.11,0.31,0.9,13.0,5.41,672.0,40.0
3416,24.8,57.7,122.0,0.06,10.2,25.4,64.6,0.36,1.46,136.0,31.0,379.0,308.0
5007,38.4,109.7,251.7,2.55,29.8,47.7,143.0,2.16,9.41,487.0,66.2,937.0,580.0
6110,1.87,53.0,84.0,0.6,12.45,20.0,31.0,0.92,1.52,42.0,17.0,688.0,157.0
2461,2.88,126.0,124.0,1.08,24.9,35.1,26.1,0.64,2.9,31.0,21.7,1018.0,175.0
751,34.63,68.3,134.0,0.79,15.7,27.9,69.0,5.94,3.54,299.0,31.1,385.0,313.0
1822,13.5,46.6,82.1,0.45,13.0,17.6,33.7,1.12,2.63,54.0,18.1,72.0,212.0
3669,11.0,58.2,103.6,0.23,8.9,21.7,47.1,0.58,1.35,111.0,23.2,258.0,231.0
40,22.58,58.69,142.43,0.39,10.47,27.14,74.15,0.26,0.88,135.0,37.07,299.0,348.29
1046,949.28,45.99,96.2,105.76,19.12,22.36,51.78,26.51,20.05,426.5,28.2,400.94,284.08
3063,5.8,65.3,102.0,0.43,12.8,23.6,39.8,0.95,1.27,61.0,24.4,195.0,217.0
5769,231.0,497.0,775.0,32.9,135.0,188.0,247.0,188.0,55.3,6033.57,163.0,3794.7,1240.0
1902,16.4,59.3,125.9,0.37,12.2,25.1,54.6,0.77,1.62,103.0,27.0,117.0,299.0
5946,18.0,101.0,162.0,1.6,29.0,34.0,60.0,13.0,10.0,139.0,32.0,543.0,347.0
3890,9.2,140.0,367.0,0.62,18.6,63.0,217.0,0.51,2.77,89.0,85.7,205.0,816.0
5871,19.1,38.1,82.2,1.19,9.77,15.9,58.9,2.06,2.36,94.9,20.9,147.0,245.0
4096,19.78,62.8,105.2,0.22,16.6,22.3,42.5,0.91,2.27,231.0,24.4,502.0,209.0
4637,27.97,65.5,76.8,4.14,27.3,19.31,27.1,6.65,8.92,64.16,16.34,110.34,164.5
6164,65.84,1162.0,2197.0,0.04,197.8,453.0,1053.0,27.22,38.43,4164.0,546.0,22811.0,5486.0
3474,116.2,492.0,774.0,8.32,125.1,180.0,261.0,10.94,22.5,521.0,151.0,269.0,1270.0
1033,948.44,456.75,458.18,3701.01,391.84,206.19,201.22,1264.06,697.54,630.93,168.79,896.77,796.03
5125,6.94,54.4,109.9,0.95,11.58,22.1,61.0,1.03,5.29,35.0,28.6,103.5,260.7
934,21.73,763.82,698.02,1.35,268.36,195.64,163.92,29.5,68.5,362.9,121.23,156.09,956.3
6799,29.6,135.71,215.79,2.0,35.64,47.72,77.93,4.87,8.29,119.08,48.25,75.01,481.14
2841,51.0,801.0,945.0,8.1,249.0,247.0,195.0,23.4,48.4,840.0,176.0,548.0,1602.0
5154,6.3,108.5,228.1,0.94,18.1,44.0,134.1,0.84,5.3,30.72,62.1,118.1,554.0
2384,37.36,70.53,137.0,1.56,15.79,28.06,73.09,1.59,2.77,405.0,35.03,417.0,400.0
5421,321.9,1292.9,1057.8,271.16,477.3,309.2,381.0,351.99,276.83,195.0,217.1,6547.0,2164.0
6650,343.0,170.0,232.0,2.1,67.9,56.9,72.7,145.0,37.4,223.0,46.0,152.0,403.0
2130,24.4,117.6,242.0,0.76,23.3,46.5,102.5,2.89,3.82,561.0,50.7,292.0,567.0
3800,2.26,195.9,345.0,0.3,43.6,69.9,126.7,2.05,4.14,135.0,68.1,335.0,672.0
6843,52.47,131.42,211.72,2.73,42.61,47.02,82.15,13.18,10.99,247.77,47.46,230.09,402.1
6043,5.9,82.0,174.0,1.2,13.0,32.0,77.0,2.0,2.7,230.0,38.0,1422.0,432.0
6765,13.61,48.27,84.88,0.42,13.93,17.77,34.45,0.98,2.14,48.22,18.47,66.18,173.53
856,17.17,23.81,56.09,0.39,5.15,10.52,34.48,0.51,0.91,149.36,13.47,291.77,146.14
3443,10.35,127.0,105.1,1.47,51.7,29.0,31.3,2.54,11.66,50.0,19.1,94.0,206.0
7199,292.0,1214.0,869.0,15.0,822.0,280.0,115.0,335.0,410.0,2830.0,121.0,1104.0,800.0
5774,37.7,433.0,830.0,0.32,80.0,182.0,341.0,12.6,14.8,5773.7,180.0,6204.42,1488.0
1496,8.2,50.4,94.5,0.11,10.0,19.0,37.1,0.93,1.53,84.0,20.5,137.0,225.0
145,63.8,81.8,114.0,1.98,28.5,28.6,40.5,6.24,8.61,108.0,23.0,94.3,213.0
2612,3.01,123.0,112.0,0.76,18.3,34.6,20.7,0.3,2.01,15.2,19.6,582.0,153.0
6563,25.2,12.7,34.6,0.22,2.88,6.12,30.4,0.37,0.66,71.0,10.1,138.0,128.0
3073,16.1,48.0,75.0,0.97,11.5,16.4,35.8,1.18,1.18,158.0,18.6,254.0,176.0
4932,6.76,249.21,529.7,0.54,34.03,102.27,282.75,1.68,4.1,183.38,135.07,5350.35,1430.0
6026,4.1,99.0,78.0,1.0,40.0,24.0,18.0,4.9,7.2,85.0,13.0,216.0,115.0
1379,37.4,118.0,179.0,1.78,32.7,40.2,68.3,5.52,7.55,337.0,35.9,683.0,452.0
5052,9.98,86.8,178.5,1.25,14.37,35.4,84.3,0.4,4.07,190.0,44.8,1042.0,399.0
7162,644.0,140.0,196.0,0.82,45.0,49.0,63.0,179.0,24.0,167.0,39.0,469.0,331.0
5656,1.21,117.1,259.3,0.29,11.01,50.25,145.5,0.11,0.82,4.32,75.71,244.2,863.5
3277,9.5,101.4,212.0,0.36,17.7,41.9,99.2,1.01,2.75,267.0,46.4,616.0,416.0
702,30.43,85.9,169.0,1.07,20.4,34.7,83.8,3.17,3.87,322.0,38.3,387.0,378.0
3799,17.6,81.7,166.2,0.35,17.9,32.8,70.1,0.73,1.78,122.0,35.5,334.0,368.0
875,61.7,100.52,201.81,0.83,22.37,41.43,98.14,1.7,3.56,761.87,45.37,1167.88,455.34
2615,1.88,133.0,151.0,0.67,17.9,41.1,32.8,0.21,1.39,12.2,26.9,510.0,220.0
5580,21.6,95.0,182.0,0.16,18.7,36.0,75.0,1.6,3.4,906.0,40.0,1951.0,454.0
1175,1.19,155.87,208.16,0.34,38.26,52.97,58.48,1.85,5.71,69.91,38.91,269.91,326.45
3977,18.0,49.1,104.0,0.55,9.41,19.9,48.8,0.5,1.37,145.0,23.7,395.0,240.0
3928,2.2,135.9,206.0,2.72,39.0,43.4,75.2,2.75,6.37,38.0,45.0,64.0,386.0
2690,5.42,58.2,117.7,0.34,10.2,22.1,48.7,0.49,1.56,78.0,25.5,506.0,238.0
2798,65.0,56.7,105.3,1.71,18.9,20.6,48.7,23.7,6.6,248.0,22.9,491.0,219.0
3878,9.0,107.0,182.0,0.79,23.6,42.0,73.0,1.36,4.8,140.0,35.9,218.0,342.0
6195,21.22,397.0,727.0,0.09,74.19,158.0,270.0,1.79,9.43,2471.0,154.0,7167.0,1380.0
4982,22.0,160.0,318.0,2.53,29.4,65.3,167.0,1.44,9.9,42.5,83.0,120.0,780.0
5797,14.8,247.0,390.0,0.67,59.1,93.7,132.0,12.8,12.4,567.26,80.1,826.51,594.0
3908,8.86,346.0,509.0,2.03,65.6,119.0,175.0,4.16,13.8,190.0,104.2,465.0,898.0
6662,37.3,37.0,89.6,0.78,8.46,16.6,61.0,3.11,2.02,173.0,21.9,271.0,253.0
50,31.27,55.99,154.71,0.33,10.08,27.37,79.52,0.3,1.07,149.0,38.7,314.0,377.41
6981,20.93,152.62,233.01,0.09,31.13,54.15,71.41,2.48,4.96,100.94,52.82,164.28,483.46
1,46.28,66.46,189.8,0.51,14.86,37.68,88.34,0.57,1.69,314.0,46.54,511.0,436.0
5151,4.21,80.6,151.8,1.0,16.6,31.3,84.7,1.37,7.55,23.59,39.9,80.5,375.0
6150,41.94,909.0,1532.0,0.02,179.4,338.0,612.0,26.54,41.25,3206.0,343.0,16657.0,3224.0
2007,26.2,122.2,224.6,1.23,27.4,45.6,89.2,2.81,5.82,184.0,49.4,125.0,569.0
6801,21.47,81.16,137.39,1.22,19.73,28.68,52.7,1.71,3.46,58.19,31.48,48.45,300.9
2605,1.93,119.0,127.0,0.61,17.3,36.2,26.7,0.28,1.8,10.9,23.8,511.0,200.0
2386,33.2,80.57,171.0,1.24,16.57,34.03,94.82,1.32,2.72,285.0,43.37,419.0,488.0
712,64.66,27.2,59.1,0.67,7.6,11.4,38.1,21.85,4.19,123.0,14.7,261.0,158.0
3832,2.2,29.3,59.1,0.29,6.8,12.7,23.9,0.44,1.08,51.0,11.4,50.0,105.8
5495,94.68,253.85,450.24,21.28,101.63,93.53,141.26,38.35,39.41,777.4,34.525000000000006,1095.3,1034.74
5565,52.2,320.0,574.0,0.11,77.8,101.0,402.0,35.3,30.7,394.0,158.0,5268.0,2220.0
3685,7.1,73.1,149.0,0.19,11.9,28.0,69.1,0.43,1.8,152.0,31.0,388.0,323.0
4157,8.61,36.1,86.0,0.15,6.5,15.9,50.7,0.23,1.06,162.0,22.8,460.0,229.0
874,23.15,65.24,126.35,0.65,14.44,26.38,61.8,0.95,2.45,199.61,27.63,325.54,279.88
41,45.28,148.25,276.35,1.34,33.07,58.15,112.38,1.64,3.97,316.0,66.12,431.0,571.52
283,0.82,281.0,383.0,0.41,49.3,97.3,97.2,2.1,5.83,82.7,77.3,773.0,636.0
4907,12.69,148.37,229.09,1.38,39.91,51.87,86.29,7.21,9.66,342.08,46.47,302.69,436.08
2116,10.0,69.6,129.4,0.09,14.7,26.5,45.4,0.87,2.42,138.0,26.4,224.0,274.0
5341,3.39,7.14,17.4,0.13,1.32,3.03,13.66,0.1,0.23,30.12,4.73,511.06,61.28
4219,11.49,86.0,103.0,1.82,33.8,25.8,28.7,6.37,8.64,94.0,19.1,143.0,157.0
4598,10.35,9.04,6.23,0.88,8.3,1.94,1.26,1.42,2.04,35.86,0.91,72.77,7.12
2560,1.85,107.0,99.2,0.71,19.8,28.8,20.2,0.39,2.0,17.7,17.4,834.0,147.0
4794,24.4,42.7,58.3,1.01,13.2,13.59,20.5,2.5,3.84,16.74,12.83,44.88,128.8
1160,12.31,155.27,246.24,0.9,39.9,57.22,85.32,6.47,7.83,93.26,49.16,280.18,432.91
853,30.67,61.7,115.44,1.6,16.93,24.06,62.44,2.72,4.1,430.18,26.35,482.75,275.21
5373,17.5,55.3,98.3,0.4,12.7,23.0,41.7,1.38,2.25,163.0,23.6,176.0,192.0
4612,23.39,27.31,20.26,2.56,19.55,6.58,4.15,9.15,8.77,105.82,3.18,62.21,23.53
6504,7.16,39.38,65.11,0.66,16.15,14.98,30.7,1.39,2.45,65.43,14.53,366.17,155.47
3701,14.2,107.3,194.0,0.36,20.2,43.8,75.5,0.55,2.96,264.0,42.4,505.0,403.0
6999,21.72,229.08,329.57,0.25,56.23,78.22,93.06,4.82,11.09,141.43,69.24,245.71,631.01
6268,45.08,96.0,212.0,0.52,17.59,40.0,125.0,1.18,2.82,502.0,51.0,581.0,539.0
3937,5.73,129.4,218.0,0.87,29.4,50.9,83.2,1.93,5.43,86.0,40.0,143.0,410.0
2363,10.31,234.08,307.13,3.85,68.15,76.38,77.82,12.57,16.52,66.27,65.85,71.88,554.76
3855,5.82,46.7,83.0,0.19,8.2,18.5,39.4,0.28,1.21,51.0,17.2,128.0,174.0
4206,2.51,62.0,114.0,0.04,13.03,23.6,42.0,0.85,1.86,37.0,22.9,213.0,211.0
6762,11.1,85.58,126.05,1.98,31.76,30.61,48.02,3.58,6.54,70.06,28.48,117.05,275.75
3469,6.73,15.2,45.5,0.17,2.37,8.11,44.6,0.07,0.32,18.0,12.9,234.0,162.8
4689,31.1,165.0,184.3,4.33,62.6,48.8,43.4,27.7,19.3,20.91,36.0,49.07,314.0
5089,11.79,100.0,159.0,1.39,25.5,37.4,59.0,3.28,14.0,73.0,37.2,108.0,293.0
3913,14.7,130.0,253.0,0.47,22.4,53.4,105.0,0.86,4.06,308.0,49.5,801.0,487.0
5929,32.0,52.0,106.0,0.5,12.0,21.0,59.0,2.5,2.2,876.0,26.0,751.0,291.0
6253,26.96,72.0,144.0,0.87,15.61,30.0,85.0,1.18,3.04,675.0,35.0,1889.0,375.0
2745,0.62,46.6,134.0,0.04,4.96,21.5,84.3,0.07,0.74,38.0,36.4,2010.0,368.0
5292,16.9,47.8,104.0,0.62,8.7,20.2,69.3,0.52,2.99,63.7,29.6,158.0,281.0
1493,17.6,40.0,60.9,0.45,11.2,13.3,20.7,0.93,2.4,64.0,12.4,128.0,130.0
3586,85.0,122.0,270.0,1.43,24.2,53.0,150.0,1.73,4.3,966.0,66.0,1280.0,650.0
6398,5.17,37.77,44.18,1.49,13.92,10.64,16.07,1.99,2.74,124.43,8.94,617.41,95.17
6906,34.92,82.53,137.91,2.93,24.58,31.19,56.91,3.29,5.34,65.79,28.51,39.65,282.61
4828,10.17,83.4,135.1,1.21,19.3,29.7,50.0,1.24,3.34,122.55,30.7,584.39,299.0
5527,16.1,643.0,718.0,0.25,131.5,176.0,244.0,10.2,20.8,954.0,150.0,5337.0,1632.0
6735,11.54,47.53,93.5,0.15,12.72,18.59,38.87,0.81,1.59,175.63,22.82,285.06,216.35
1197,29.36,452.69,877.8,2.56,70.34,139.78,212.28,3.54,8.84,204.85,126.33,310.94,1938.47
3885,3.45,86.0,126.0,0.03,15.7,31.8,50.1,0.55,2.13,101.0,27.9,288.0,258.0
6707,13.6,54.7,103.0,0.41,12.1,21.4,50.1,0.85,2.37,160.0,23.8,294.0,239.0
4218,9.86,52.0,48.0,0.65,23.4,14.0,9.4,3.45,5.89,316.0,7.9,484.0,58.0
1678,25.9,60.9,97.3,0.83,17.5,20.9,34.4,1.76,3.42,119.0,19.3,204.0,204.0
5293,24.1,353.0,604.0,6.83,79.9,141.0,272.0,2.45,25.6,121.0,140.0,164.0,997.0
1205,30.77,90.35,181.68,0.31,14.65,27.64,53.56,0.79,1.98,288.6,27.73,251.39,447.87
2441,2.2,75.3,92.5,0.44,13.8,23.6,23.2,0.33,1.31,19.5,17.4,690.0,151.0
3148,20.5,122.3,206.0,0.83,20.4,43.0,82.1,1.31,3.35,491.0,49.6,1344.0,447.0
6548,41.8,35.8,64.5,1.49,11.0,13.6,32.6,2.13,2.59,307.0,15.4,301.0,164.0
3152,24.6,158.0,306.0,0.93,25.3,62.9,128.6,1.75,2.58,649.0,75.6,1618.0,672.0
3541,8.76,38.0,69.3,0.16,8.6,14.8,28.5,0.92,1.92,95.0,14.4,144.0,129.4
1741,32.8,81.8,157.4,0.25,15.4,31.5,63.7,1.1,2.46,159.0,35.2,128.0,384.0
3830,5.37,341.0,646.0,3.68,86.5,139.2,185.0,3.43,11.8,32.0,120.4,41.0,973.0
6166,24.45,436.0,843.0,0.02,77.17,174.0,388.0,11.55,15.61,1496.0,200.0,6945.0,1922.0
1879,49.3,138.4,249.8,1.56,30.2,51.5,89.3,3.48,6.35,765.0,52.8,539.0,591.0
3114,21.3,379.0,502.0,2.81,46.4,119.9,148.2,5.11,10.9,134.0,105.7,572.0,858.0
2038,3.4,161.5,300.1,0.43,28.8,61.5,97.0,1.71,4.57,102.0,63.6,173.0,676.0
2596,2.29,107.0,111.0,0.55,15.2,30.7,23.5,0.25,0.89,11.7,19.2,475.0,155.0
1188,2.32,54.83,66.8,0.66,18.28,16.52,30.1,1.07,3.09,59.27,14.55,579.91,144.53
4887,7.13,24.7,44.6,0.22,5.39,9.3,19.58,0.32,0.76,67.52,11.34,245.42,122.6
1093,3.34,231.11,642.88,0.16,19.54,82.69,245.16,0.53,2.1,52.17,111.63,343.69,1986.79
4632,13.38,169.6,250.5,0.42,38.2,58.8,67.5,3.38,8.68,39.59,50.9,104.0,462.0
3910,14.9,110.1,254.0,0.38,21.0,53.6,127.2,0.67,2.72,130.0,61.9,523.0,574.0
4183,9.52,169.0,321.0,0.16,34.2,64.9,112.6,5.1,6.45,189.0,66.9,704.0,579.0
5705,80.0,746.0,1048.0,0.8,157.0,258.0,293.0,33.0,39.0,3674.0,226.0,4796.0,1937.0
57,52.72,153.48,292.89,1.31,32.41,61.23,116.14,1.49,4.14,382.0,67.81,458.0,605.36
3224,10.48,95.9,192.0,0.46,15.9,38.2,87.6,0.98,2.12,355.0,43.4,678.0,418.0
2752,18.0,75.7,153.2,0.79,17.2,30.5,68.8,1.92,3.11,204.0,33.4,594.0,302.0
5139,8.85,61.0,135.6,0.5,9.87,26.93,84.8,0.49,3.09,97.1,36.5,242.0,347.9
2931,27.0,83.0,135.0,1.0,21.0,31.0,48.0,2.0,5.0,70.0,32.0,58.0,328.0
5896,5.75,99.5,179.0,0.41,21.3,39.4,72.2,1.75,3.69,121.0,39.6,266.0,394.0
113,5.74,169.0,306.0,0.31,35.0,68.1,109.0,3.22,5.62,151.0,62.5,382.0,575.0
4415,22.7,47.0,58.0,1.91,21.9,13.3,19.3,5.9,5.7,199.0,10.9,174.0,96.0
1121,3.7,127.69,197.06,0.25,21.15,33.7,45.7,1.49,3.39,114.65,26.65,311.37,405.09
5731,18.1,10.5,17.0,0.57,4.32,3.48,13.7,1.35,1.64,70.0,4.77,136.0,57.6
4411,20.68,17.0,30.0,0.29,6.01,5.9,11.4,1.54,1.37,161.0,5.9,113.0,55.0
3308,17.1,212.0,318.0,0.52,55.1,73.2,105.0,7.34,10.95,214.0,61.2,320.0,578.0
4740,12.82,32.0,51.2,0.52,8.27,11.27,19.32,0.91,1.8,30.41,11.66,71.0,118.9
6455,1.15,39.36,39.07,0.23,18.34,11.1,10.2,0.94,3.54,38.95,6.69,521.74,57.63
6535,30.4,154.0,257.0,2.79,42.3,57.0,106.0,6.8,9.54,316.0,56.4,230.0,548.0
121,11.1,56.6,109.0,2.43,13.7,21.4,62.9,3.02,3.91,137.0,25.6,557.0,274.0
1694,10.8,66.5,109.5,1.13,16.8,23.2,40.4,0.76,2.7,124.0,23.1,280.0,241.0
6396,1.76,57.88,88.91,0.32,15.49,19.73,35.46,0.69,2.48,50.6,18.43,590.09,189.13
4153,6.44,76.4,171.4,0.44,14.7,35.1,100.1,0.47,2.0,108.0,38.5,355.0,413.0
6612,14.7,39.1,67.1,1.12,11.7,14.4,35.0,1.39,3.29,76.5,15.8,127.0,167.0
2908,46.0,148.0,224.0,2.0,37.0,53.0,73.0,6.0,9.0,146.0,57.0,124.0,663.0
5808,7.36,184.0,284.0,0.3,43.4,69.3,92.5,5.69,8.88,186.29,58.2,300.22,420.0
293,14.9,99.2,222.0,0.54,12.4,42.3,116.0,1.33,3.02,94.0,68.4,1928.0,879.0
5556,23.1,536.0,1092.0,0.33,67.2,193.0,629.0,5.9,13.2,697.0,282.0,7109.0,3760.0
714,27.98,156.0,287.0,2.42,37.2,61.2,137.0,3.28,6.56,349.0,63.2,291.0,620.0
4953,11.84,65.2,114.1,0.76,13.93,29.1,46.5,1.36,6.43,31.2,27.5,91.1,221.1
6775,35.7,137.08,201.42,2.07,53.79,46.52,65.58,6.31,11.43,53.51,40.82,30.27,351.27
4271,1.81,21.0,37.0,0.06,6.06,7.8,13.6,0.32,0.84,16.0,7.4,76.0,64.0
6768,9.12,89.75,159.92,0.26,28.33,34.32,60.59,1.69,3.59,39.62,34.13,65.02,335.92
6034,14.0,619.0,876.0,4.7,162.0,207.0,242.0,13.0,28.0,356.0,162.0,558.0,1504.0
4818,10.84,47.4,110.1,0.91,10.38,20.08,75.0,0.83,1.84,62.98,30.72,200.36,389.0
6482,1.42,22.79,10.03,0.12,17.08,4.37,1.17,1.09,3.47,60.81,1.38,730.48,9.87
3463,8.88,34.1,71.3,0.83,7.2,13.8,51.0,0.68,1.58,107.0,17.34,213.0,180.7
5198,6.71,74.6,137.1,0.43,14.72,29.81,58.3,0.83,5.58,31.7,32.7,94.1,274.1
1779,18.3,82.0,150.0,0.31,17.9,31.0,55.1,1.38,3.35,119.0,31.1,247.0,343.0
1759,32.3,68.5,122.4,1.0,17.3,24.7,49.3,1.35,3.3,143.0,26.8,165.0,292.0
2204,19.8,100.1,180.9,0.4,20.4,36.0,60.7,1.3,3.24,75.0,36.4,144.0,422.0
2920,112.0,259.0,366.0,6.0,70.0,90.0,111.0,27.0,20.0,410.0,94.0,206.0,1030.0
1360,26.4,109.0,214.0,0.94,22.1,43.5,115.0,3.31,3.87,609.0,50.0,2552.0,509.0
4464,0.35,6.08,14.77,0.05,0.94,2.71,10.09,0.04,0.19,34.74,3.6,317.48,40.92
3046,27.0,149.9,247.0,0.36,27.1,60.2,128.0,2.17,3.87,344.0,59.0,935.0,607.0
6028,5.3,143.0,242.0,0.4,30.0,52.0,85.0,1.4,4.2,151.0,50.0,496.0,505.0
6408,1.49,25.56,14.98,1.94,12.69,5.78,2.22,1.39,2.77,48.79,2.42,967.23,15.59
3863,1.05,195.1,376.0,0.22,34.8,80.4,134.0,1.14,4.57,49.0,79.0,158.0,653.0
5191,10.21,62.2,130.6,0.65,11.17,26.64,78.3,1.65,4.86,119.1,34.8,250.1,331.0
4730,4.25,39.8,54.1,0.19,10.6,13.31,15.01,0.67,1.61,128.26,10.93,583.72,96.1
6988,26.59,159.89,245.29,0.16,35.3,55.54,73.31,2.56,6.08,146.61,51.88,205.65,454.95
6870,60.1,87.29,133.76,1.52,26.39,30.22,49.4,3.74,5.25,66.91,28.8,42.61,280.55
1978,2.9,21.3,16.5,0.8,9.8,5.0,3.4,0.11,1.45,9.0,2.5,1034.0,24.0
4679,30.01,72.3,134.7,0.37,15.62,27.53,51.7,0.96,2.54,166.98,30.76,248.46,315.6
6300,3.09,11.76,35.46,0.59,1.76,6.19,34.43,0.1,0.41,17.29,9.21,82.64,108.0
2667,9.4,23.2,55.5,0.86,5.53,9.72,30.5,1.04,1.51,105.0,13.02,216.0,127.0
3198,1.22,179.0,346.0,0.06,26.3,70.8,149.9,0.79,3.19,83.0,68.1,375.0,746.0
968,24.9,103.0,204.0,1.69,19.3,42.3,97.1,0.76,2.75,226.0,46.4,575.0,477.0
1609,17.5,70.3,137.6,0.2,14.1,26.8,50.2,0.68,2.16,216.0,27.0,233.0,307.0
4331,1.15,122.0,251.0,0.07,13.11,48.2,84.0,0.05,0.86,68.9,50.9,1468.0,561.0
5582,20.3,87.0,172.0,0.28,17.8,33.0,73.0,1.3,2.9,884.0,37.0,2034.0,439.0
310,15.81,110.1,213.28,2.26,24.15,44.42,173.29,2.18,5.21,42.88,59.89,125.14,774.87
2900,45.0,171.0,280.0,2.0,36.0,65.0,106.0,3.0,7.0,317.0,75.0,236.0,837.0
6755,34.08,146.92,224.32,5.23,54.98,49.14,89.51,16.46,15.27,308.88,48.67,523.03,447.0
3373,16.3,118.0,235.0,0.23,24.1,48.1,93.2,1.5,3.62,230.0,50.3,393.0,455.0
2550,1.8,104.0,105.0,0.58,17.9,30.0,21.7,0.32,2.04,17.8,18.4,1093.0,149.0
3564,8.14,34.3,71.0,0.58,8.3,14.8,42.9,1.07,1.67,121.0,16.4,231.0,178.0
2245,15.1,174.0,145.0,25.0,40.0,39.8,58.8,1.56,9.0,94.9,33.5,258.0,290.0
2425,0.33,26.9,16.0,0.33,7.33,5.67,2.12,1.56,0.41,13.0,2.34,1309.0,18.2
32,25.45,68.35,143.34,0.49,12.97,26.72,63.31,0.34,1.11,164.0,34.94,250.0,316.93
3765,9.07,65.6,121.5,1.03,20.3,23.5,47.3,1.97,2.9,71.0,24.44,177.0,238.8
1543,20.5,73.4,135.1,0.24,15.8,27.5,54.4,1.29,2.68,163.0,29.6,374.0,329.0
301,4.55,32.28,64.4,0.59,6.19,12.79,59.39,0.4,1.35,6.85,18.89,28.69,253.41
3993,8.95,62.5,135.0,0.27,11.2,24.8,67.2,0.63,1.29,185.0,32.9,536.0,322.0
5601,13.7,330.0,518.0,0.36,79.2,115.0,152.0,7.1,16.0,1010.0,98.0,2013.0,987.0
6638,11.8,68.5,108.0,0.13,15.6,25.2,35.1,0.64,2.45,190.0,22.1,386.0,195.0
6847,53.8,109.25,195.96,1.99,29.99,41.19,88.14,3.13,6.06,282.32,46.8,282.54,411.76
1172,41.43,245.76,353.1,5.56,75.49,83.24,118.54,24.45,18.55,235.53,73.28,744.92,644.59
